{
"type": "cdl",
  "source": "http://oracc.org/saao/saa06",
  "license": "This data is released under the CC0 license",
  "license-url": "https://creativecommons.org/publicdomain/zero/1.0/",
  "more-info": "http://oracc.org/doc/opendata/",
  "UTC-timestamp": "2017-05-19T11:31:15",
"project": "saao/saa06",
"textid": "P335325",
"cdl": [
{
"node": "c",
"type": "text",
"id": "P335325.U0",
"cdl": [
{
"node": "d",
"type": "object",
"ref": ""}
,
{
"node": "d",
"subtype": "obverse",
"type": "surface",
"ref": "P335325.o.1",
"type": "obverse",
"label": "o"}
,
{
"node": "c",
"type": "discourse",
"subtype": "body",
"id": "P335325.U1",
"cdl": [
{
"node": "c",
"type": "sentence",
"id": "P335325.U2",
"label": "o 1 - r.e. 14",
"cdl": [
{
"node": "d",
"type": "line-start",
"ref": "P335325.2",
"n": "1",
"label": "o 1"}
,
{
"node": "l",
"frag": "{[na₄]}⸢KIŠIB⸣",
"id": "P335325.l02d84",
"ref": "P335325.2.1",
"inst": "kunukku[seal]N",
"sig": "@saao/saa06%akk-x-neoass:{NA₄}KIŠIB=kunukku[seal//seal]N'N$kunuk",
"f": {"lang": "akk-x-neoass",
"form": "{NA₄}KIŠIB",
"cf": "kunukku",
"gw": "seal",
"sense": "seal",
"norm": "kunuk",
"pos": "N",
"epos": "N"}
}
,
{
"node": "l",
"frag": "{1}na-[x",
"id": "P335325.l02d85",
"ref": "P335325.2.2",
"inst": "u",
"f": {"lang": "akk-x-neoass",
"form": "{1}na-x",
"pos": "u"}
}
,
{
"node": "l",
"frag": "x",
"id": "P335325.l02d86",
"ref": "P335325.2.3",
"inst": "u",
"f": {"lang": "akk-x-neoass",
"form": "x",
"pos": "u"}
}
,
{
"node": "l",
"frag": "x",
"id": "P335325.l02d87",
"ref": "P335325.2.4",
"inst": "u",
"f": {"lang": "akk-x-neoass",
"form": "x",
"pos": "u"}
}
,
{
"node": "l",
"frag": "x]",
"id": "P335325.l02d88",
"ref": "P335325.2.5",
"inst": "u",
"f": {"lang": "akk-x-neoass",
"form": "x",
"pos": "u"}
}
,
{
"node": "d",
"type": "line-start",
"ref": "P335325.3",
"n": "2",
"label": "o 2"}
,
{
"node": "l",
"frag": "{⸢na₄⸣}KIŠIB",
"id": "P335325.l02d89",
"ref": "P335325.3.1",
"inst": "kunukku[seal]N",
"sig": "@saao/saa06%akk-x-neoass:{NA₄}KIŠIB=kunukku[seal//seal]N'N$kunuk",
"f": {"lang": "akk-x-neoass",
"form": "{NA₄}KIŠIB",
"cf": "kunukku",
"gw": "seal",
"sense": "seal",
"norm": "kunuk",
"pos": "N",
"epos": "N"}
}
,
{
"node": "l",
"frag": "{1}⸢ki⸣-[x",
"id": "P335325.l02d8a",
"ref": "P335325.3.2",
"inst": "u",
"f": {"lang": "akk-x-neoass",
"form": "{1}ki-x",
"pos": "u"}
}
,
{
"node": "l",
"frag": "x",
"id": "P335325.l02d8b",
"ref": "P335325.3.3",
"inst": "u",
"f": {"lang": "akk-x-neoass",
"form": "x",
"pos": "u"}
}
,
{
"node": "l",
"frag": "x",
"id": "P335325.l02d8c",
"ref": "P335325.3.4",
"inst": "u",
"f": {"lang": "akk-x-neoass",
"form": "x",
"pos": "u"}
}
,
{
"node": "l",
"frag": "x]",
"id": "P335325.l02d8d",
"ref": "P335325.3.5",
"inst": "u",
"f": {"lang": "akk-x-neoass",
"form": "x",
"pos": "u"}
}
,
{
"node": "d",
"type": "line-start",
"ref": "P335325.4",
"n": "3",
"label": "o 3"}
,
{
"node": "l",
"frag": "⸢EN⸣",
"id": "P335325.l02d8e",
"ref": "P335325.4.1",
"inst": "bēl[owner]N",
"exosig": "@saao/saa06%akk-x-neoass:EN=bēlu[lord//owner]N'N$bēl",
"f": {"lang": "akk-x-neoass",
"form": "EN",
"cf": "bēlu",
"gw": "lord",
"sense": "owner",
"norm": "bēl",
"pos": "N",
"epos": "N"}
}
,
{
"node": "l",
"frag": "A.ŠA₃",
"id": "P335325.l02d8f",
"ref": "P335325.4.2",
"inst": "eqli[land]N",
"exosig": "@saao/saa06%akk-x-neoass:A.ŠA₃=eqlu[field//land]N'N$eqli",
"f": {"lang": "akk-x-neoass",
"form": "A.ŠA₃",
"cf": "eqlu",
"gw": "field",
"sense": "land",
"norm": "eqli",
"pos": "N",
"epos": "N"}
}
,
{
"node": "l",
"frag": "ta-⸢da⸣-[ni]",
"id": "P335325.l02d90",
"ref": "P335325.4.3",
"inst": "tadāni[sold]AJ",
"exosig": "@saao/saa06%akk-x-neoass:ta-da-ni=tadnu[given//sold]AJ'AJ$tadāni",
"f": {"lang": "akk-x-neoass",
"form": "ta-da-ni",
"cf": "tadnu",
"gw": "given",
"sense": "sold",
"norm": "tadāni",
"pos": "AJ",
"epos": "AJ"}
}
,
{
"node": "d",
"type": "line-start",
"ref": "P335325.5",
"n": "4",
"label": "o 4"}
,
{
"node": "l",
"frag": "⸢E₂⸣",
"id": "P335325.l02d91",
"ref": "P335325.5.1",
"inst": "bētu[plot of land]N",
"exosig": "@saao/saa06%akk-x-neoass:E₂=bītu[house//plot of land]N'N$bētu",
"f": {"lang": "akk-x-neoass",
"form": "E₂",
"cf": "bītu",
"gw": "house",
"sense": "plot of land",
"norm": "bētu",
"pos": "N",
"epos": "N"}
}
,
{
"node": "l",
"frag": "10",
"id": "P335325.l02d92",
"ref": "P335325.5.2",
"inst": "n",
"f": {"lang": "akk-x-neoass",
"form": "10",
"pos": "n"}
}
,
{
"node": "l",
"frag": "A.ŠA₃",
"id": "P335325.l02d93",
"ref": "P335325.5.3",
"inst": "eqlu[land]N",
"exosig": "@saao/saa06%akk-x-neoass:A.ŠA₃=eqlu[field//land]N'N$eqlu",
"f": {"lang": "akk-x-neoass",
"form": "A.ŠA₃",
"cf": "eqlu",
"gw": "field",
"sense": "land",
"norm": "eqlu",
"pos": "N",
"epos": "N"}
}
,
{
"node": "l",
"frag": "{uru}[x",
"id": "P335325.l02d94",
"ref": "P335325.5.4",
"inst": "u",
"f": {"lang": "akk-x-neoass",
"form": "{URU}x",
"pos": "u"}
}
,
{
"node": "l",
"frag": "x",
"id": "P335325.l02d95",
"ref": "P335325.5.5",
"inst": "u",
"f": {"lang": "akk-x-neoass",
"form": "x",
"pos": "u"}
}
,
{
"node": "l",
"frag": "x]",
"id": "P335325.l02d96",
"ref": "P335325.5.6",
"inst": "u",
"f": {"lang": "akk-x-neoass",
"form": "x",
"pos": "u"}
}
,
{
"node": "d",
"type": "nonx",
"ref": "P335325.6",
"strict": "1",
"extent": "n",
"scope": "line",
"state": "ruling"}
,
{
"node": "d",
"type": "nonx",
"ref": "P335325.7",
"strict": "0",
"extent": "3",
"scope": "impression",
"state": "other"}
,
{
"node": "d",
"type": "nonx",
"ref": "P335325.8",
"strict": "1",
"extent": "n",
"scope": "line",
"state": "ruling"}
,
{
"node": "d",
"type": "line-start",
"ref": "P335325.9",
"n": "5",
"label": "o 5"}
,
{
"node": "l",
"frag": "[SUHUR",
"id": "P335325.l02d97",
"ref": "P335325.9.1",
"inst": "ṭēhi[adjacent to]PRP",
"exosig": "@saao/saa06%akk-x-neoass:SUHUR=ṭāhu[adjacent to//adjacent to]PRP'PRP$ṭēhi",
"f": {"lang": "akk-x-neoass",
"form": "SUHUR",
"cf": "ṭāhu",
"gw": "adjacent to",
"sense": "adjacent to",
"norm": "ṭēhi",
"pos": "PRP",
"epos": "PRP"}
}
,
{
"node": "l",
"frag": "{1}⸢da⸣-a.a-⸢ni⸣",
"id": "P335325.l02d98",
"ref": "P335325.9.2",
"inst": "Dayanu[1]PN$Dayani",
"exosig": "@saao/saa06%akk-x-neoass:{1}da-a.a-ni=Dayanu[1//1]PN'PN$Dayani",
"f": {"lang": "akk-x-neoass",
"form": "{1}da-a.a-ni",
"cf": "Dayanu",
"gw": "1",
"sense": "1",
"norm": "Dayani",
"pos": "PN",
"epos": "PN"}
}
,
{
"node": "l",
"frag": "[x",
"id": "P335325.l02d99",
"ref": "P335325.9.3",
"inst": "u",
"f": {"lang": "akk-x-neoass",
"form": "x",
"pos": "u"}
}
,
{
"node": "l",
"frag": "x",
"id": "P335325.l02d9a",
"ref": "P335325.9.4",
"inst": "u",
"f": {"lang": "akk-x-neoass",
"form": "x",
"pos": "u"}
}
,
{
"node": "l",
"frag": "x]",
"id": "P335325.l02d9b",
"ref": "P335325.9.5",
"inst": "u",
"f": {"lang": "akk-x-neoass",
"form": "x",
"pos": "u"}
}
,
{
"node": "d",
"type": "line-start",
"ref": "P335325.10",
"n": "6",
"label": "o 6"}
,
{
"node": "l",
"frag": "[x",
"id": "P335325.l02d9c",
"ref": "P335325.10.1",
"inst": "u",
"f": {"lang": "akk-x-neoass",
"form": "x",
"pos": "u"}
}
,
{
"node": "l",
"frag": "x]",
"id": "P335325.l02d9d",
"ref": "P335325.10.2",
"inst": "u",
"f": {"lang": "akk-x-neoass",
"form": "x",
"pos": "u"}
}
,
{
"node": "l",
"frag": "⸢SUHUR⸣",
"id": "P335325.l02d9e",
"ref": "P335325.10.3",
"inst": "ṭēhi[adjacent to]PRP",
"exosig": "@saao/saa06%akk-x-neoass:SUHUR=ṭāhu[adjacent to//adjacent to]PRP'PRP$ṭēhi",
"f": {"lang": "akk-x-neoass",
"form": "SUHUR",
"cf": "ṭāhu",
"gw": "adjacent to",
"sense": "adjacent to",
"norm": "ṭēhi",
"pos": "PRP",
"epos": "PRP"}
}
,
{
"node": "l",
"frag": "{1}ra-an-⸢qi⸣-ra-[x]",
"id": "P335325.l02d9f",
"ref": "P335325.10.4",
"inst": "u",
"f": {"lang": "akk-x-neoass",
"form": "{1}ra-an-qi-ra-x",
"pos": "u"}
}
,
{
"node": "d",
"type": "line-start",
"ref": "P335325.11",
"n": "7",
"label": "o 7"}
,
{
"node": "l",
"frag": "[SUHUR",
"id": "P335325.l02da0",
"ref": "P335325.11.1",
"inst": "ṭēhi[adjacent to]PRP",
"exosig": "@saao/saa06%akk-x-neoass:SUHUR=ṭāhu[adjacent to//adjacent to]PRP'PRP$ṭēhi",
"f": {"lang": "akk-x-neoass",
"form": "SUHUR",
"cf": "ṭāhu",
"gw": "adjacent to",
"sense": "adjacent to",
"norm": "ṭēhi",
"pos": "PRP",
"epos": "PRP"}
}
,
{
"node": "l",
"frag": "{1}x]-⸢ma⸣-nu-ru-⸢E⸣",
"id": "P335325.l02da1",
"ref": "P335325.11.2",
"inst": "u",
"f": {"lang": "akk-x-neoass",
"form": "{1}x-ma-nu-ru-E",
"pos": "u"}
}
,
{
"node": "l",
"frag": "[o]",
"id": "P335325.l02da2",
"ref": "P335325.11.3",
"inst": "u",
"f": {"lang": "akk-x-neoass",
"form": "o",
"pos": "u"}
}
,
{
"node": "d",
"type": "line-start",
"ref": "P335325.12",
"n": "8",
"label": "o 8"}
,
{
"node": "l",
"frag": "[u₂]-⸢piš⸣-ma",
"id": "P335325.l02da3",
"ref": "P335325.12.1",
"inst": "uppišma[contract]V",
"exosig": "@saao/saa06%akk-x-neoass:u₂-piš-ma=epēšu[do//contract]V'V$uppišma",
"f": {"lang": "akk-x-neoass",
"form": "u₂-piš-ma",
"cf": "epēšu",
"gw": "do",
"sense": "contract",
"norm": "uppišma",
"pos": "V",
"epos": "V"}
}
,
{
"node": "l",
"frag": "{1}⸢še⸣-ma-⸢hu⸣",
"id": "P335325.l02da4",
"ref": "P335325.12.2",
"inst": "Šemahu[1]PN$",
"exosig": "@saao/saa06%akk-x-neoass:{1}še-ma-hu=Šemahu[1//1]PN'PN$Šemahu",
"f": {"lang": "akk-x-neoass",
"form": "{1}še-ma-hu",
"cf": "Šemahu",
"gw": "1",
"sense": "1",
"norm": "Šemahu",
"pos": "PN",
"epos": "PN"}
}
,
{
"node": "l",
"frag": "[o]",
"id": "P335325.l02da5",
"ref": "P335325.12.3",
"inst": "u",
"f": {"lang": "akk-x-neoass",
"form": "o",
"pos": "u"}
}
,
{
"node": "d",
"type": "line-start",
"ref": "P335325.13",
"n": "9",
"label": "o 9"}
,
{
"node": "l",
"frag": "{⸢lu₂v⸣}A.ZU",
"id": "P335325.l02da6",
"ref": "P335325.13.1",
"inst": "asû[physician]N",
"exosig": "@saao/saa06%akk-x-neoass:{LU₂}A.ZU=asû[physician//physician]N'N$asû",
"f": {"lang": "akk-x-neoass",
"form": "{LU₂}A.ZU",
"cf": "asû",
"gw": "physician",
"sense": "physician",
"norm": "asû",
"pos": "N",
"epos": "N"}
}
,
{
"node": "l",
"frag": "{1}⸢aš-šur⸣-PAB-SUM-⸢na⸣",
"id": "P335325.l02da7",
"ref": "P335325.13.2",
"inst": "Aššur-ahu-iddina[1]PN$",
"exosig": "@saao/saa06%akk-x-neoass:{1}aš-šur-PAB-SUM-na=Aššur-ahu-iddina[1//1]PN'PN$Aššur-ahu-iddina",
"f": {"lang": "akk-x-neoass",
"form": "{1}aš-šur-PAB-SUM-na",
"cf": "Aššur-ahu-iddina",
"gw": "1",
"sense": "1",
"norm": "Aššur-ahu-iddina",
"pos": "PN",
"epos": "PN"}
}
,
{
"node": "d",
"type": "line-start",
"ref": "P335325.14",
"n": "10",
"label": "o 10"}
,
{
"node": "c",
"type": "phrase",
"tag": "phr",
"id": "P335325.U4",
"ref": "P335325.ls00000",
"cdl": [
{
"node": "l",
"frag": "[ina",
"id": "P335325.l02da8",
"ref": "P335325.14.1",
"inst": "ina[in+=for]PRP",
"exosig": "@saao/saa06%akk-x-neoass:ina=ina[in//in]PRP'PRP$ina",
"f": {"lang": "akk-x-neoass",
"form": "ina",
"cf": "ina",
"gw": "in",
"sense": "in",
"norm": "ina",
"pos": "PRP",
"epos": "PRP"}
}
,
{
"node": "l",
"frag": "ŠA₃]",
"id": "P335325.l02da9",
"ref": "P335325.14.2",
"inst": "libbi[interior]N",
"exosig": "@saao/saa06%akk-x-neoass:ŠA₃=libbu[interior//interior]N'N$libbi",
"f": {"lang": "akk-x-neoass",
"form": "ŠA₃",
"cf": "libbu",
"gw": "interior",
"sense": "interior",
"norm": "libbi",
"pos": "N",
"epos": "N"}
}
]}
,
{
"node": "l",
"frag": "1/2",
"id": "P335325.l02daa",
"ref": "P335325.14.3",
"inst": "n",
"f": {"lang": "akk-x-neoass",
"form": "1/2",
"pos": "n"}
}
,
{
"node": "l",
"frag": "MA.NA",
"id": "P335325.l02dab",
"ref": "P335325.14.4",
"inst": "manû[a unit of weight]N",
"exosig": "@saao/saa06%akk-x-neoass:MA.NA=manû[unit//a unit of weight]N'N$manû",
"f": {"lang": "akk-x-neoass",
"form": "MA.NA",
"cf": "manû",
"gw": "unit",
"sense": "a unit of weight",
"norm": "manû",
"pos": "N",
"epos": "N"}
}
,
{
"node": "l",
"frag": "KUG.UD",
"id": "P335325.l02dac",
"ref": "P335325.14.5",
"inst": "ṣarpi[silver]N",
"exosig": "@saao/saa06%akk-x-neoass:KUG.UD=ṣarpu[silver//silver]N'N$ṣarpi",
"f": {"lang": "akk-x-neoass",
"form": "KUG.UD",
"cf": "ṣarpu",
"gw": "silver",
"sense": "silver",
"norm": "ṣarpi",
"pos": "N",
"epos": "N"}
}
,
{
"node": "l",
"frag": "il-[qi]",
"id": "P335325.l02dad",
"ref": "P335325.14.6",
"inst": "ilqi[purchase]V",
"exosig": "@saao/saa06%akk-x-neoass:il-qi=leqû[take//purchase]V'V$ilqi",
"f": {"lang": "akk-x-neoass",
"form": "il-qi",
"cf": "leqû",
"gw": "take",
"sense": "purchase",
"norm": "ilqi",
"pos": "V",
"epos": "V"}
}
,
{
"node": "d",
"subtype": "bottom",
"type": "surface",
"ref": "P335325.b.e..15",
"type": "bottom",
"label": "b.e."}
,
{
"node": "d",
"type": "line-start",
"ref": "P335325.16",
"n": "11",
"label": "b.e. 11"}
,
{
"node": "l",
"frag": "[o",
"id": "P335325.l02dae",
"ref": "P335325.16.1",
"inst": "u",
"f": {"lang": "akk-x-neoass",
"form": "o",
"pos": "u"}
}
,
{
"node": "l",
"frag": "gam]-⸢mur",
"id": "P335325.l02daf",
"ref": "P335325.16.2",
"inst": "gammur[completed]AJ",
"exosig": "@saao/saa06%akk-x-neoass:gam-mur=gammuru[finished//completed]AJ'AJ$gammur",
"f": {"lang": "akk-x-neoass",
"form": "gam-mur",
"cf": "gammuru",
"gw": "finished",
"sense": "completed",
"norm": "gammur",
"pos": "AJ",
"epos": "AJ"}
}
,
{
"node": "l",
"frag": "ta⸣-di-ni",
"id": "P335325.l02db0",
"ref": "P335325.16.3",
"inst": "tadīni[paid]AJ",
"exosig": "@saao/saa06%akk-x-neoass:ta-di-ni=tadnu[given//paid]AJ'AJ$tadīni",
"f": {"lang": "akk-x-neoass",
"form": "ta-di-ni",
"cf": "tadnu",
"gw": "given",
"sense": "paid",
"norm": "tadīni",
"pos": "AJ",
"epos": "AJ"}
}
,
{
"node": "d",
"type": "line-start",
"ref": "P335325.17",
"n": "12",
"label": "b.e. 12"}
,
{
"node": "l",
"frag": "[A.ŠA₃]",
"id": "P335325.l02db1",
"ref": "P335325.17.1",
"inst": "eqlu[field]N",
"exosig": "@saao/saa06%akk-x-neoass:A.ŠA₃=eqlu[field//field]N'N$eqlu",
"f": {"lang": "akk-x-neoass",
"form": "A.ŠA₃",
"cf": "eqlu",
"gw": "field",
"sense": "field",
"norm": "eqlu",
"pos": "N",
"epos": "N"}
}
,
{
"node": "l",
"frag": "šu₂-a-⸢tu₂",
"id": "P335325.l02db2",
"ref": "P335325.17.2",
"inst": "šuātu[that]'DP",
"exosig": "@saao/saa06%akk-x-neoass:šu₂-a-tu₂=šuāti[him//that]IP'DP$šuātu",
"f": {"lang": "akk-x-neoass",
"form": "šu₂-a-tu₂",
"cf": "šuāti",
"gw": "him",
"sense": "that",
"norm": "šuātu",
"pos": "IP",
"epos": "DP"}
}
,
{
"node": "l",
"frag": "za-rip⸣",
"id": "P335325.l02db3",
"ref": "P335325.17.3",
"inst": "zarip[purchased]AJ",
"exosig": "@saao/saa06%akk-x-neoass:za-rip=zarpu[purchased//purchased]AJ'AJ$zarip",
"f": {"lang": "akk-x-neoass",
"form": "za-rip",
"cf": "zarpu",
"gw": "purchased",
"sense": "purchased",
"norm": "zarip",
"pos": "AJ",
"epos": "AJ"}
}
,
{
"node": "l",
"frag": "[o]",
"id": "P335325.l02db4",
"ref": "P335325.17.4",
"inst": "u",
"f": {"lang": "akk-x-neoass",
"form": "o",
"pos": "u"}
}
,
{
"node": "d",
"subtype": "reverse",
"type": "surface",
"ref": "P335325.r.18",
"type": "reverse",
"label": "r"}
,
{
"node": "d",
"type": "line-start",
"ref": "P335325.19",
"n": "1'",
"label": "r 1'"}
,
{
"node": "l",
"frag": "[laq-qi]",
"id": "P335325.l02db5",
"ref": "P335325.19.1",
"inst": "laqqi[acquired]AJ",
"exosig": "@saao/saa06%akk-x-neoass:laq-qi=leqû[taken//acquired]AJ'AJ$laqqi",
"f": {"lang": "akk-x-neoass",
"form": "laq-qi",
"cf": "leqû",
"gw": "taken",
"sense": "acquired",
"norm": "laqqi",
"pos": "AJ",
"epos": "AJ"}
}
,
{
"node": "l",
"frag": "tu-⸢a⸣-[ru]",
"id": "P335325.l02db6",
"ref": "P335325.19.2",
"inst": "tuāru[revocation]'N",
"exosig": "@saao/saa06%akk-x-neoass:tu-a-ru=târu[turn//revocation]V'N$tuāru",
"f": {"lang": "akk-x-neoass",
"form": "tu-a-ru",
"cf": "târu",
"gw": "turn",
"sense": "revocation",
"norm": "tuāru",
"pos": "V",
"epos": "N"}
}
,
{
"node": "d",
"type": "line-start",
"ref": "P335325.20",
"n": "2'",
"label": "r 2'"}
,
{
"node": "l",
"frag": "[de-e-nu]",
"id": "P335325.l02db7",
"ref": "P335325.20.1",
"inst": "dēnu[lawsuit]N",
"exosig": "@saao/saa06%akk-x-neoass:de-e-nu=dīnu[legal decision//lawsuit]N'N$dēnu",
"f": {"lang": "akk-x-neoass",
"form": "de-e-nu",
"cf": "dīnu",
"gw": "legal decision",
"sense": "lawsuit",
"norm": "dēnu",
"pos": "N",
"epos": "N"}
}
,
{
"node": "l",
"frag": "DUG₄.⸢DUG₄⸣",
"id": "P335325.l02db8",
"ref": "P335325.20.2",
"inst": "dabābu[litigation]'N",
"exosig": "@saao/saa06%akk-x-neoass:DUG₄.DUG₄=dabābu[speak//litigation]V'N$dabābu",
"f": {"lang": "akk-x-neoass",
"form": "DUG₄.DUG₄",
"cf": "dabābu",
"gw": "speak",
"sense": "litigation",
"norm": "dabābu",
"pos": "V",
"epos": "N"}
}
,
{
"node": "l",
"frag": "[la-aš₂-šu₂]",
"id": "P335325.l02db9",
"ref": "P335325.20.3",
"inst": "laššu[(there) is not]V",
"exosig": "@saao/saa06%akk-x-neoass:la-aš₂-šu₂=laššu[(there) is not//(there) is not]V'V$laššu",
"f": {"lang": "akk-x-neoass",
"form": "la-aš₂-šu₂",
"cf": "laššu",
"gw": "(there) is not",
"sense": "(there) is not",
"norm": "laššu",
"pos": "V",
"epos": "V"}
}
,
{
"node": "d",
"type": "line-start",
"ref": "P335325.21",
"n": "3'",
"label": "r 3'"}
,
{
"node": "l",
"frag": "[ša",
"id": "P335325.l02dba",
"ref": "P335325.21.1",
"inst": "ša[who]REL",
"exosig": "@saao/saa06%akk-x-neoass:ša=ša[that//who]REL'REL$ša",
"f": {"lang": "akk-x-neoass",
"form": "ša",
"cf": "ša",
"gw": "that",
"sense": "who",
"norm": "ša",
"pos": "REL",
"epos": "REL"}
}
,
{
"node": "l",
"frag": "GIL-u]-ni",
"id": "P335325.l02dbb",
"ref": "P335325.21.2",
"inst": "iparrakūni[contravene]V",
"exosig": "@saao/saa06%akk-x-neoass:GIL-u-ni=parāku[lie across//contravene]V'V$iparrakūni",
"f": {"lang": "akk-x-neoass",
"form": "GIL-u-ni",
"cf": "parāku",
"gw": "lie across",
"sense": "contravene",
"norm": "iparrakūni",
"pos": "V",
"epos": "V"}
}
,
{
"node": "l",
"frag": "02",
"id": "P335325.l02dbc",
"ref": "P335325.21.3",
"inst": "n",
"f": {"lang": "akk-x-neoass",
"form": "02",
"pos": "n"}
}
,
{
"node": "l",
"frag": "⸢MA⸣.[NA",
"id": "P335325.l02dbd",
"ref": "P335325.21.4",
"inst": "manê[a unit of weight]N",
"exosig": "@saao/saa06%akk-x-neoass:MA.NA=manû[unit//a unit of weight]N'N$manê",
"f": {"lang": "akk-x-neoass",
"form": "MA.NA",
"cf": "manû",
"gw": "unit",
"sense": "a unit of weight",
"norm": "manê",
"pos": "N",
"epos": "N"}
}
,
{
"node": "l",
"frag": "KUG.UD]",
"id": "P335325.l02dbe",
"ref": "P335325.21.5",
"inst": "ṣarpi[silver]N",
"exosig": "@saao/saa06%akk-x-neoass:KUG.UD=ṣarpu[silver//silver]N'N$ṣarpi",
"f": {"lang": "akk-x-neoass",
"form": "KUG.UD",
"cf": "ṣarpu",
"gw": "silver",
"sense": "silver",
"norm": "ṣarpi",
"pos": "N",
"epos": "N"}
}
,
{
"node": "d",
"type": "line-start",
"ref": "P335325.22",
"n": "4'",
"label": "r 4'"}
,
{
"node": "l",
"frag": "[ina",
"id": "P335325.l02dbf",
"ref": "P335325.22.1",
"inst": "ina[in]PRP",
"exosig": "@saao/saa06%akk-x-neoass:ina=ina[in//in]PRP'PRP$ina",
"f": {"lang": "akk-x-neoass",
"form": "ina",
"cf": "ina",
"gw": "in",
"sense": "in",
"norm": "ina",
"pos": "PRP",
"epos": "PRP"}
}
,
{
"node": "l",
"frag": "bur-ki]",
"id": "P335325.l02dc0",
"ref": "P335325.22.2",
"inst": "burki[lap]N",
"exosig": "@saao/saa06%akk-x-neoass:bur-ki=burku[knee//lap]N'N$burki",
"f": {"lang": "akk-x-neoass",
"form": "bur-ki",
"cf": "burku",
"gw": "knee",
"sense": "lap",
"norm": "burki",
"pos": "N",
"epos": "N"}
}
,
{
"node": "l",
"frag": "{d}10",
"id": "P335325.l02dc1",
"ref": "P335325.22.3",
"inst": "Adad[1]DN$",
"exosig": "@saao/saa06%akk-x-neoass:{d}10=Adad[1//1]DN'DN$Adad",
"f": {"lang": "akk-x-neoass",
"form": "{d}10",
"cf": "Adad",
"gw": "1",
"sense": "1",
"norm": "Adad",
"pos": "DN",
"epos": "DN"}
}
,
{
"node": "l",
"frag": "i-⸢šak⸣-[kan]",
"id": "P335325.l02dc2",
"ref": "P335325.22.4",
"inst": "išakkan[place]V",
"exosig": "@saao/saa06%akk-x-neoass:i-šak-kan=šakānu[put//place]V'V$išakkan",
"f": {"lang": "akk-x-neoass",
"form": "i-šak-kan",
"cf": "šakānu",
"gw": "put",
"sense": "place",
"norm": "išakkan",
"pos": "V",
"epos": "V"}
}
,
{
"node": "d",
"type": "line-start",
"ref": "P335325.23",
"n": "5'",
"label": "r 5'"}
,
{
"node": "l",
"frag": "[kas-pu",
"id": "P335325.l02dc3",
"ref": "P335325.23.1",
"inst": "kaspu[money]N",
"exosig": "@saao/saa06%akk-x-neoass:kas-pu=kaspu[silver//money]N'N$kaspu",
"f": {"lang": "akk-x-neoass",
"form": "kas-pu",
"cf": "kaspu",
"gw": "silver",
"sense": "money",
"norm": "kaspu",
"pos": "N",
"epos": "N"}
}
,
{
"node": "c",
"type": "phrase",
"tag": "phr",
"id": "P335325.U5",
"ref": "P335325.ls00001",
"cdl": [
{
"node": "l",
"frag": "ana",
"id": "P335325.l02dc4",
"ref": "P335325.23.2",
"inst": "ana[to+=tenfold]PRP$",
"exosig": "@saao/saa06%akk-x-neoass:ana=ana[to//to]PRP'PRP$ana",
"f": {"lang": "akk-x-neoass",
"form": "ana",
"cf": "ana",
"gw": "to",
"sense": "to",
"norm": "ana",
"pos": "PRP",
"epos": "PRP"}
}
,
{
"node": "l",
"frag": "10-MEŠ",
"id": "P335325.l02dc5",
"ref": "P335325.23.3",
"inst": "ešriātu[tenfold]AV$ešrāti",
"exosig": "@saao/saa06%akk-x-neoass:10-MEŠ=ešriātu[tenfold//tenfold]AV'AV$ešrāti",
"f": {"lang": "akk-x-neoass",
"form": "10-MEŠ",
"cf": "ešriātu",
"gw": "tenfold",
"sense": "tenfold",
"norm": "ešrāti",
"pos": "AV",
"epos": "AV"}
}
]}
,
{
"node": "l",
"frag": "a]-na",
"id": "P335325.l02dc6",
"ref": "P335325.23.4",
"inst": "ana[to]PRP",
"exosig": "@saao/saa06%akk-x-neoass:a-na=ana[to//to]PRP'PRP$ana",
"f": {"lang": "akk-x-neoass",
"form": "a-na",
"cf": "ana",
"gw": "to",
"sense": "to",
"norm": "ana",
"pos": "PRP",
"epos": "PRP"}
}
,
{
"node": "l",
"frag": "EN-šu",
"id": "P335325.l02dc7",
"ref": "P335325.23.5",
"inst": "bēlu[lord//owner]N$bēlīšu",
"exosig": "@saao/saa06%akk-x-neoass:EN-šu=bēlu[lord//owner]N'N$bēlīšu",
"f": {"lang": "akk-x-neoass",
"form": "EN-šu",
"cf": "bēlu",
"gw": "lord",
"sense": "owner",
"norm": "bēlīšu",
"pos": "N",
"epos": "N"}
}
,
{
"node": "l",
"frag": "u₂-[GUR]",
"id": "P335325.l02dc8",
"ref": "P335325.23.6",
"inst": "utâr[turn]V",
"exosig": "@saao/saa06%akk-x-neoass:u₂-GUR=târu[turn//turn]V'V$utâr",
"f": {"lang": "akk-x-neoass",
"form": "u₂-GUR",
"cf": "târu",
"gw": "turn",
"sense": "turn",
"norm": "utâr",
"pos": "V",
"epos": "V"}
}
,
{
"node": "d",
"type": "line-start",
"ref": "P335325.24",
"n": "6'",
"label": "r 6'"}
,
{
"node": "l",
"frag": "[ina",
"id": "P335325.l02dc9",
"ref": "P335325.24.1",
"inst": "ina[in]PRP",
"exosig": "@saao/saa06%akk-x-neoass:ina=ina[in//in]PRP'PRP$ina",
"f": {"lang": "akk-x-neoass",
"form": "ina",
"cf": "ina",
"gw": "in",
"sense": "in",
"norm": "ina",
"pos": "PRP",
"epos": "PRP"}
}
,
{
"node": "l",
"frag": "de-e]-ni",
"id": "P335325.l02dca",
"ref": "P335325.24.2",
"inst": "dēni[case]N",
"exosig": "@saao/saa06%akk-x-neoass:de-e-ni=dīnu[legal decision//case]N'N$dēni",
"f": {"lang": "akk-x-neoass",
"form": "de-e-ni",
"cf": "dīnu",
"gw": "legal decision",
"sense": "case",
"norm": "dēni",
"pos": "N",
"epos": "N"}
}
,
{
"node": "l",
"frag": "DUG₄.DUG₄-⸢ma⸣",
"id": "P335325.l02dcb",
"ref": "P335325.24.3",
"inst": "idabbubma[contest]V",
"exosig": "@saao/saa06%akk-x-neoass:DUG₄.DUG₄-ma=dabābu[speak//contest]V'V$idabbubma",
"f": {"lang": "akk-x-neoass",
"form": "DUG₄.DUG₄-ma",
"cf": "dabābu",
"gw": "speak",
"sense": "contest",
"norm": "idabbubma",
"pos": "V",
"epos": "V"}
}
,
{
"node": "l",
"frag": "[la₃",
"id": "P335325.l02dcc",
"ref": "P335325.24.4",
"inst": "lā[not]MOD",
"exosig": "@saao/saa06%akk-x-neoass:la₃=lā[not//not]MOD'MOD$lā",
"f": {"lang": "akk-x-neoass",
"form": "la₃",
"cf": "lā",
"gw": "not",
"sense": "not",
"norm": "lā",
"pos": "MOD",
"epos": "MOD"}
}
,
{
"node": "l",
"frag": "TI]",
"id": "P335325.l02dcd",
"ref": "P335325.24.5",
"inst": "ilaqqi[succeed]V",
"exosig": "@saao/saa06%akk-x-neoass:TI=leqû[take//succeed]V'V$ilaqqi",
"f": {"lang": "akk-x-neoass",
"form": "TI",
"cf": "leqû",
"gw": "take",
"sense": "succeed",
"norm": "ilaqqi",
"pos": "V",
"epos": "V"}
}
,
{
"node": "d",
"type": "nonx",
"ref": "P335325.25",
"strict": "1",
"extent": "n",
"scope": "line",
"state": "ruling"}
,
{
"node": "d",
"type": "line-start",
"ref": "P335325.26",
"n": "7'",
"label": "r 7'"}
,
{
"node": "l",
"frag": "[IGI",
"id": "P335325.l02dce",
"ref": "P335325.26.1",
"inst": "šību[witness]N",
"exosig": "@saao/saa06%akk-x-neoass:IGI=šību[witness//witness]N'N$šību",
"f": {"lang": "akk-x-neoass",
"form": "IGI",
"cf": "šību",
"gw": "witness",
"sense": "witness",
"norm": "šību",
"pos": "N",
"epos": "N"}
}
,
{
"node": "l",
"frag": "{1}x]-ri-ma",
"id": "P335325.l02dcf",
"ref": "P335325.26.2",
"inst": "u",
"f": {"lang": "akk-x-neoass",
"form": "{1}x-ri-ma",
"pos": "u"}
}
,
{
"node": "l",
"frag": "{⸢lu₂v⸣}[x",
"id": "P335325.l02dd0",
"ref": "P335325.26.3",
"inst": "u",
"f": {"lang": "akk-x-neoass",
"form": "{LU₂}x",
"pos": "u"}
}
,
{
"node": "l",
"frag": "x",
"id": "P335325.l02dd1",
"ref": "P335325.26.4",
"inst": "u",
"f": {"lang": "akk-x-neoass",
"form": "x",
"pos": "u"}
}
,
{
"node": "l",
"frag": "x]",
"id": "P335325.l02dd2",
"ref": "P335325.26.5",
"inst": "u",
"f": {"lang": "akk-x-neoass",
"form": "x",
"pos": "u"}
}
,
{
"node": "d",
"type": "line-start",
"ref": "P335325.27",
"n": "8'",
"label": "r 8'"}
,
{
"node": "l",
"frag": "[IGI",
"id": "P335325.l02dd3",
"ref": "P335325.27.1",
"inst": "šību[witness]N",
"exosig": "@saao/saa06%akk-x-neoass:IGI=šību[witness//witness]N'N$šību",
"f": {"lang": "akk-x-neoass",
"form": "IGI",
"cf": "šību",
"gw": "witness",
"sense": "witness",
"norm": "šību",
"pos": "N",
"epos": "N"}
}
,
{
"node": "l",
"frag": "{1}x]-⸢na⸣-na",
"id": "P335325.l02dd4",
"ref": "P335325.27.2",
"inst": "u",
"f": {"lang": "akk-x-neoass",
"form": "{1}x-na-na",
"pos": "u"}
}
,
{
"node": "l",
"frag": "{⸢lu₂v⸣}[x",
"id": "P335325.l02dd5",
"ref": "P335325.27.3",
"inst": "u",
"f": {"lang": "akk-x-neoass",
"form": "{LU₂}x",
"pos": "u"}
}
,
{
"node": "l",
"frag": "x",
"id": "P335325.l02dd6",
"ref": "P335325.27.4",
"inst": "u",
"f": {"lang": "akk-x-neoass",
"form": "x",
"pos": "u"}
}
,
{
"node": "l",
"frag": "x]",
"id": "P335325.l02dd7",
"ref": "P335325.27.5",
"inst": "u",
"f": {"lang": "akk-x-neoass",
"form": "x",
"pos": "u"}
}
,
{
"node": "d",
"type": "line-start",
"ref": "P335325.28",
"n": "9'",
"label": "r 9'"}
,
{
"node": "l",
"frag": "[IGI",
"id": "P335325.l02dd8",
"ref": "P335325.28.1",
"inst": "šību[witness]N",
"exosig": "@saao/saa06%akk-x-neoass:IGI=šību[witness//witness]N'N$šību",
"f": {"lang": "akk-x-neoass",
"form": "IGI",
"cf": "šību",
"gw": "witness",
"sense": "witness",
"norm": "šību",
"pos": "N",
"epos": "N"}
}
,
{
"node": "l",
"frag": "{1}x]-⸢bu-ri⸣",
"id": "P335325.l02dd9",
"ref": "P335325.28.2",
"inst": "u",
"f": {"lang": "akk-x-neoass",
"form": "{1}x-bu-ri",
"pos": "u"}
}
,
{
"node": "l",
"frag": "[x",
"id": "P335325.l02dda",
"ref": "P335325.28.3",
"inst": "u",
"f": {"lang": "akk-x-neoass",
"form": "x",
"pos": "u"}
}
,
{
"node": "l",
"frag": "x",
"id": "P335325.l02ddb",
"ref": "P335325.28.4",
"inst": "u",
"f": {"lang": "akk-x-neoass",
"form": "x",
"pos": "u"}
}
,
{
"node": "l",
"frag": "x]",
"id": "P335325.l02ddc",
"ref": "P335325.28.5",
"inst": "u",
"f": {"lang": "akk-x-neoass",
"form": "x",
"pos": "u"}
}
,
{
"node": "d",
"type": "line-start",
"ref": "P335325.29",
"n": "10'",
"label": "r 10'"}
,
{
"node": "l",
"frag": "[IGI",
"id": "P335325.l02ddd",
"ref": "P335325.29.1",
"inst": "šību[witness]N",
"exosig": "@saao/saa06%akk-x-neoass:IGI=šību[witness//witness]N'N$šību",
"f": {"lang": "akk-x-neoass",
"form": "IGI",
"cf": "šību",
"gw": "witness",
"sense": "witness",
"norm": "šību",
"pos": "N",
"epos": "N"}
}
,
{
"node": "l",
"frag": "{1}x",
"id": "P335325.l02dde",
"ref": "P335325.29.2",
"inst": "u",
"f": {"lang": "akk-x-neoass",
"form": "{1}x",
"pos": "u"}
}
,
{
"node": "l",
"frag": "x]-šu",
"id": "P335325.l02ddf",
"ref": "P335325.29.3",
"inst": "u",
"f": {"lang": "akk-x-neoass",
"form": "x-šu",
"pos": "u"}
}
,
{
"node": "l",
"frag": "⸢x⸣+[x",
"id": "P335325.l02de0",
"ref": "P335325.29.4",
"inst": "u",
"f": {"lang": "akk-x-neoass",
"form": "x+x",
"pos": "u"}
}
,
{
"node": "l",
"frag": "x",
"id": "P335325.l02de1",
"ref": "P335325.29.5",
"inst": "u",
"f": {"lang": "akk-x-neoass",
"form": "x",
"pos": "u"}
}
,
{
"node": "l",
"frag": "x",
"id": "P335325.l02de2",
"ref": "P335325.29.6",
"inst": "u",
"f": {"lang": "akk-x-neoass",
"form": "x",
"pos": "u"}
}
,
{
"node": "l",
"frag": "x]",
"id": "P335325.l02de3",
"ref": "P335325.29.7",
"inst": "u",
"f": {"lang": "akk-x-neoass",
"form": "x",
"pos": "u"}
}
,
{
"node": "d",
"type": "line-start",
"ref": "P335325.30",
"n": "11'",
"label": "r 11'"}
,
{
"node": "l",
"frag": "[IGI",
"id": "P335325.l02de4",
"ref": "P335325.30.1",
"inst": "šību[witness]N",
"exosig": "@saao/saa06%akk-x-neoass:IGI=šību[witness//witness]N'N$šību",
"f": {"lang": "akk-x-neoass",
"form": "IGI",
"cf": "šību",
"gw": "witness",
"sense": "witness",
"norm": "šību",
"pos": "N",
"epos": "N"}
}
,
{
"node": "l",
"frag": "{1}x",
"id": "P335325.l02de5",
"ref": "P335325.30.2",
"inst": "u",
"f": {"lang": "akk-x-neoass",
"form": "{1}x",
"pos": "u"}
}
,
{
"node": "l",
"frag": "x]-⸢šu",
"id": "P335325.l02de6",
"ref": "P335325.30.3",
"inst": "u",
"f": {"lang": "akk-x-neoass",
"form": "x-šu",
"pos": "u"}
}
,
{
"node": "l",
"frag": "x⸣+[x",
"id": "P335325.l02de7",
"ref": "P335325.30.4",
"inst": "u",
"f": {"lang": "akk-x-neoass",
"form": "x+x",
"pos": "u"}
}
,
{
"node": "l",
"frag": "x",
"id": "P335325.l02de8",
"ref": "P335325.30.5",
"inst": "u",
"f": {"lang": "akk-x-neoass",
"form": "x",
"pos": "u"}
}
,
{
"node": "l",
"frag": "x]",
"id": "P335325.l02de9",
"ref": "P335325.30.6",
"inst": "u",
"f": {"lang": "akk-x-neoass",
"form": "x",
"pos": "u"}
}
,
{
"node": "d",
"type": "line-start",
"ref": "P335325.31",
"n": "12'",
"label": "r 12'"}
,
{
"node": "l",
"frag": "[x",
"id": "P335325.l02dea",
"ref": "P335325.31.1",
"inst": "u",
"f": {"lang": "akk-x-neoass",
"form": "x",
"pos": "u"}
}
,
{
"node": "l",
"frag": "x",
"id": "P335325.l02deb",
"ref": "P335325.31.2",
"inst": "u",
"f": {"lang": "akk-x-neoass",
"form": "x",
"pos": "u"}
}
,
{
"node": "l",
"frag": "x]",
"id": "P335325.l02dec",
"ref": "P335325.31.3",
"inst": "u",
"f": {"lang": "akk-x-neoass",
"form": "x",
"pos": "u"}
}
,
{
"node": "l",
"frag": "{1}⸢ARAD⸣-{[d}x",
"id": "P335325.l02ded",
"ref": "P335325.31.4",
"inst": "u",
"f": {"lang": "akk-x-neoass",
"form": "{1}ARAD-{d}x",
"pos": "u"}
}
,
{
"node": "l",
"frag": "x]",
"id": "P335325.l02dee",
"ref": "P335325.31.5",
"inst": "u",
"f": {"lang": "akk-x-neoass",
"form": "x",
"pos": "u"}
}
,
{
"node": "d",
"type": "line-start",
"ref": "P335325.32",
"n": "13'",
"label": "r 13'"}
,
{
"node": "l",
"frag": "{[iti]}⸢KIN⸣",
"id": "P335325.l02def",
"ref": "P335325.32.1",
"inst": "Eluli[Elul]MN",
"exosig": "@saao/saa06%akk-x-neoass:{ITI}KIN=Elulu[Elul//Elul]MN'MN$Eluli",
"f": {"lang": "akk-x-neoass",
"form": "{ITI}KIN",
"cf": "Elulu",
"gw": "Elul",
"sense": "Elul",
"norm": "Eluli",
"pos": "MN",
"epos": "MN"}
}
,
{
"node": "l",
"frag": "UD-me",
"id": "P335325.l02df0",
"ref": "P335325.32.2",
"inst": "ūme[day]N",
"exosig": "@saao/saa06%akk-x-neoass:UD-me=ūmu[day//day]N'N$ūme",
"f": {"lang": "akk-x-neoass",
"form": "UD-me",
"cf": "ūmu",
"gw": "day",
"sense": "day",
"norm": "ūme",
"pos": "N",
"epos": "N"}
}
,
{
"node": "l",
"frag": "10-[KAM]",
"id": "P335325.l02df1",
"ref": "P335325.32.3",
"inst": "n",
"f": {"lang": "akk-x-neoass",
"form": "10-KAM",
"pos": "n"}
}
,
{
"node": "d",
"subtype": "right",
"type": "surface",
"ref": "P335325.r.e..33",
"type": "right",
"label": "r.e."}
,
{
"node": "d",
"type": "line-start",
"ref": "P335325.34",
"n": "14",
"label": "r.e. 14"}
,
{
"node": "l",
"frag": "[lim-mu]",
"id": "P335325.l02df2",
"ref": "P335325.34.1",
"inst": "limmu[eponym (of year)]N",
"exosig": "@saao/saa06%akk-x-neoass:lim-mu=līmu[eponym (of year)//eponym (of year)]N'N$limmu",
"f": {"lang": "akk-x-neoass",
"form": "lim-mu",
"cf": "līmu",
"gw": "eponym (of year)",
"sense": "eponym (of year)",
"norm": "limmu",
"pos": "N",
"epos": "N"}
}
,
{
"node": "l",
"frag": "{1}{d}⸢PA-BAD₃⸣-[PAB]",
"id": "P335325.l02df3",
"ref": "P335325.34.2",
"inst": "Nabu-duru-uṣur[1]PN",
"exosig": "@saao/saa06%akk-x-neoass:{1}{d}PA-BAD₃-PAB=Nabu-duru-uṣur[1//1]PN'PN$Nabu-duru-uṣur",
"f": {"lang": "akk-x-neoass",
"form": "{1}{d}PA-BAD₃-PAB",
"cf": "Nabu-duru-uṣur",
"gw": "1",
"sense": "1",
"norm": "Nabu-duru-uṣur",
"pos": "PN",
"epos": "PN"}
}
]}
]}
]}
,
{
"linkbase": [{
"type": "linkset",
"xlink_title": "ina libbi[in//(in exchange) for]PRP'PRP",
"id": "P335325.ls00000",
"xlink_type": "extended",
"xlink_role": "psu",
"sig": "{ina[in]PRP libbu[interior]N += ina libbi[in//(in exchange) for]PRP'PRP}::@saao%akk-x-neoass:ina=ina[in//into]PRP'PRP$ina++@saao%akk-x-neoass:ŠA₃=libbu[interior//interior]N'N$libbi",
"links": [
{
"type": "link",
"xlink_title": "ina",
"xlink_type": "locator",
"xlink_href": "#P335325.l02da8",
"xlink_role": "elt"}
,
{
"type": "link",
"xlink_title": "libbi",
"xlink_type": "locator",
"xlink_href": "#P335325.l02da9",
"xlink_role": "elt"}
]}
,
{
"type": "linkset",
"xlink_title": "ana ešriāti[tenfold//tenfold]AV'AV",
"id": "P335325.ls00001",
"xlink_type": "extended",
"xlink_role": "psu",
"sig": "{ana[to]PRP ešriātu[tenfold]AV += ana ešriāti[tenfold//tenfold]AV'AV}::@saao%akk-x-neoass:ana=ana[to//to]PRP'PRP$ana++@saao%akk-x-neoass:10-MEŠ=ešriātu[tenfold//tenfold]AV'AV$ešrāti",
"links": [
{
"type": "link",
"xlink_title": "ana",
"xlink_type": "locator",
"xlink_href": "#P335325.l02dc4",
"xlink_role": "elt"}
,
{
"type": "link",
"xlink_title": "ešriātu",
"xlink_type": "locator",
"xlink_href": "#P335325.l02dc5",
"xlink_role": "elt"}
]}
]}
]}
