{
"type": "cdl",
  "source": "http://oracc.org/saao/saa06",
  "license": "This data is released under the CC0 license",
  "license-url": "https://creativecommons.org/publicdomain/zero/1.0/",
  "more-info": "http://oracc.org/doc/opendata/",
  "UTC-timestamp": "2017-05-19T11:30:54",
"project": "saao/saa06",
"textid": "P335055",
"cdl": [
{
"node": "c",
"type": "text",
"id": "P335055.U0",
"cdl": [
{
"node": "d",
"type": "object",
"ref": ""}
,
{
"node": "d",
"subtype": "obverse",
"type": "surface",
"ref": "P335055.o.1",
"type": "obverse",
"label": "o"}
,
{
"node": "c",
"type": "discourse",
"subtype": "body",
"id": "P335055.U1",
"cdl": [
{
"node": "c",
"type": "sentence",
"id": "P335055.U2",
"label": "o 1 - e. 1",
"cdl": [
{
"node": "d",
"type": "line-start",
"ref": "P335055.2",
"n": "1",
"label": "o 1"}
,
{
"node": "l",
"frag": "10",
"id": "P335055.l061d5",
"ref": "P335055.2.1",
"inst": "n",
"f": {"lang": "akk-x-neoass",
"form": "10",
"pos": "n"}
}
,
{
"node": "l",
"frag": "GIN₂",
"id": "P335055.l061d6",
"ref": "P335055.2.2",
"inst": "šiqlī[a unit of weight]N",
"exosig": "@saao/saa06%akk-x-neoass:GIN₂=šiqlu[unit//a unit of weight]N'N$šiqlī",
"f": {"lang": "akk-x-neoass",
"form": "GIN₂",
"cf": "šiqlu",
"gw": "unit",
"sense": "a unit of weight",
"norm": "šiqlī",
"pos": "N",
"epos": "N"}
}
,
{
"node": "l",
"frag": "KUG.UD",
"id": "P335055.l061d7",
"ref": "P335055.2.3",
"inst": "ṣarpi[silver]N",
"exosig": "@saao/saa06%akk-x-neoass:KUG.UD=ṣarpu[silver//silver]N'N$ṣarpi",
"f": {"lang": "akk-x-neoass",
"form": "KUG.UD",
"cf": "ṣarpu",
"gw": "silver",
"sense": "silver",
"norm": "ṣarpi",
"pos": "N",
"epos": "N"}
}
,
{
"node": "l",
"frag": "SAG.DU",
"id": "P335055.l061d8",
"ref": "P335055.2.4",
"inst": "kaqqudu[capital]N",
"exosig": "@saao/saa06%akk-x-neoass:SAG.DU=qaqqadu[head//capital]N'N$kaqqudu",
"f": {"lang": "akk-x-neoass",
"form": "SAG.DU",
"cf": "qaqqadu",
"gw": "head",
"sense": "capital",
"norm": "kaqqudu",
"pos": "N",
"epos": "N"}
}
,
{
"node": "d",
"type": "line-start",
"ref": "P335055.3",
"n": "2",
"label": "o 2"}
,
{
"node": "l",
"frag": "⸢ša⸣",
"id": "P335055.l061d9",
"ref": "P335055.3.1",
"inst": "ša[of]DET",
"exosig": "@saao/saa06%akk-x-neoass:ša=ša[of//of]DET'DET$ša",
"f": {"lang": "akk-x-neoass",
"form": "ša",
"cf": "ša",
"gw": "of",
"sense": "of",
"norm": "ša",
"pos": "DET",
"epos": "DET"}
}
,
{
"node": "l",
"frag": "{1}DIL-⸢šal⸣-lim",
"id": "P335055.l061da",
"ref": "P335055.3.2",
"inst": "Edu-šallim[1]PN",
"exosig": "@saao/saa06%akk-x-neoass:{1}DIL-šal-lim=Edu-šallim[1//1]PN'PN$Edu-šallim",
"f": {"lang": "akk-x-neoass",
"form": "{1}DIL-šal-lim",
"cf": "Edu-šallim",
"gw": "1",
"sense": "1",
"norm": "Edu-šallim",
"pos": "PN",
"epos": "PN"}
}
,
{
"node": "d",
"type": "line-start",
"ref": "P335055.4",
"n": "3",
"label": "o 3"}
,
{
"node": "c",
"type": "phrase",
"tag": "phr",
"id": "P335055.U4",
"ref": "P335055.ls00000",
"cdl": [
{
"node": "l",
"frag": "⸢ina⸣",
"id": "P335055.l061db",
"ref": "P335055.4.1",
"inst": "ina[in+=at the disposal ]PRP",
"exosig": "@saao/saa06%akk-x-neoass:ina=ina[in//in]PRP'PRP$ina",
"f": {"lang": "akk-x-neoass",
"form": "ina",
"cf": "ina",
"gw": "in",
"sense": "in",
"norm": "ina",
"pos": "PRP",
"epos": "PRP"}
}
,
{
"node": "l",
"frag": "IGI",
"id": "P335055.l061dc",
"ref": "P335055.4.2",
"inst": "pān[front]N",
"exosig": "@saao/saa06%akk-x-neoass:IGI=pānu[front//front]N'N$pān",
"f": {"lang": "akk-x-neoass",
"form": "IGI",
"cf": "pānu",
"gw": "front",
"sense": "front",
"norm": "pān",
"pos": "N",
"epos": "N"}
}
]}
,
{
"node": "l",
"frag": "{1}SU-{d}IM",
"id": "P335055.l061dd",
"ref": "P335055.4.3",
"inst": "Eriba-Adad[1]PN",
"exosig": "@saao/saa06%akk-x-neoass:{1}SU-{d}IM=Eriba-Adad[1//1]PN'PN$Eriba-Adad",
"f": {"lang": "akk-x-neoass",
"form": "{1}SU-{d}IM",
"cf": "Eriba-Adad",
"gw": "1",
"sense": "1",
"norm": "Eriba-Adad",
"pos": "PN",
"epos": "PN"}
}
,
{
"node": "d",
"type": "line-start",
"ref": "P335055.5",
"n": "4",
"label": "o 4"}
,
{
"node": "l",
"frag": "ša",
"id": "P335055.l061de",
"ref": "P335055.5.1",
"inst": "ša[of]DET",
"exosig": "@saao/saa06%akk-x-neoass:ša=ša[of//of]DET'DET$ša",
"f": {"lang": "akk-x-neoass",
"form": "ša",
"cf": "ša",
"gw": "of",
"sense": "of",
"norm": "ša",
"pos": "DET",
"epos": "DET"}
}
,
{
"node": "l",
"frag": "{uru}⸢su⸣-pu-ri-e-de-te",
"id": "P335055.l061df",
"ref": "P335055.5.2",
"inst": "Supuri-eddete[1]GN$",
"exosig": "@saao/saa06%akk-x-neoass:{URU}su-pu-ri-e-de-te=Supuri-eddete[1//1]GN'GN$Supuri-eddete",
"f": {"lang": "akk-x-neoass",
"form": "{URU}su-pu-ri-e-de-te",
"cf": "Supuri-eddete",
"gw": "1",
"sense": "1",
"norm": "Supuri-eddete",
"pos": "GN",
"epos": "GN"}
}
,
{
"node": "d",
"type": "line-start",
"ref": "P335055.6",
"n": "5",
"label": "o 5"}
,
{
"node": "l",
"frag": "{⸢mi₂⸣}NIN-⸢su⸣-nu",
"id": "P335055.l061e0",
"ref": "P335055.6.1",
"inst": "Ahassunu[1]PN$",
"exosig": "@saao/saa06%akk-x-neoass:{MI₂}NIN-su-nu=Ahassunu[1//1]PN'PN$Ahassunu",
"f": {"lang": "akk-x-neoass",
"form": "{MI₂}NIN-su-nu",
"cf": "Ahassunu",
"gw": "1",
"sense": "1",
"norm": "Ahassunu",
"pos": "PN",
"epos": "PN"}
}
,
{
"node": "l",
"frag": "⸢GEME₂⸣-su",
"id": "P335055.l061e1",
"ref": "P335055.6.2",
"inst": "amtu[maid]N$amassu",
"exosig": "@saao/saa06%akk-x-neoass:GEME₂-su=amtu[maid//maid]N'N$amassu",
"f": {"lang": "akk-x-neoass",
"form": "GEME₂-su",
"cf": "amtu",
"gw": "maid",
"sense": "maid",
"norm": "amassu",
"pos": "N",
"epos": "N"}
}
,
{
"node": "d",
"subtype": "bottom",
"type": "surface",
"ref": "P335055.b.e..7",
"type": "bottom",
"label": "b.e."}
,
{
"node": "d",
"type": "line-start",
"ref": "P335055.8",
"n": "6",
"label": "b.e. 6"}
,
{
"node": "l",
"frag": "ina",
"id": "P335055.l061e2",
"ref": "P335055.8.1",
"inst": "ina[in]PRP",
"exosig": "@saao/saa06%akk-x-neoass:ina=ina[in//in]PRP'PRP$ina",
"f": {"lang": "akk-x-neoass",
"form": "ina",
"cf": "ina",
"gw": "in",
"sense": "in",
"norm": "ina",
"pos": "PRP",
"epos": "PRP"}
}
,
{
"node": "l",
"frag": "{iti}SIG₄",
"id": "P335055.l061e3",
"ref": "P335055.8.2",
"inst": "Simani[Sivan]MN",
"exosig": "@saao/saa06%akk-x-neoass:{ITI}SIG₄=Simanu[Sivan//Sivan]MN'MN$Simani",
"f": {"lang": "akk-x-neoass",
"form": "{ITI}SIG₄",
"cf": "Simanu",
"gw": "Sivan",
"sense": "Sivan",
"norm": "Simani",
"pos": "MN",
"epos": "MN"}
}
,
{
"node": "l",
"frag": "[ina",
"id": "P335055.l061e4",
"ref": "P335055.8.3",
"inst": "ina[for]PRP",
"exosig": "@saao/saa06%akk-x-neoass:ina=ina[in//for]PRP'PRP$ina",
"f": {"lang": "akk-x-neoass",
"form": "ina",
"cf": "ina",
"gw": "in",
"sense": "for",
"norm": "ina",
"pos": "PRP",
"epos": "PRP"}
}
,
{
"node": "l",
"frag": "kas-pi]",
"id": "P335055.l061e5",
"ref": "P335055.8.4",
"inst": "kaspi[money]N",
"exosig": "@saao/saa06%akk-x-neoass:kas-pi=kaspu[silver//money]N'N$kaspi",
"f": {"lang": "akk-x-neoass",
"form": "kas-pi",
"cf": "kaspu",
"gw": "silver",
"sense": "money",
"norm": "kaspi",
"pos": "N",
"epos": "N"}
}
,
{
"node": "l",
"frag": "⸢i-dan⸣",
"id": "P335055.l061e6",
"ref": "P335055.8.5",
"inst": "iddan[pay]V",
"exosig": "@saao/saa06%akk-x-neoass:i-dan=tadānu[give//pay]V'V$iddan",
"f": {"lang": "akk-x-neoass",
"form": "i-dan",
"cf": "tadānu",
"gw": "give",
"sense": "pay",
"norm": "iddan",
"pos": "V",
"epos": "V"}
}
,
{
"node": "d",
"type": "line-start",
"ref": "P335055.9",
"n": "7",
"label": "b.e. 7"}
,
{
"node": "l",
"frag": "⸢šum₂⸣-mu",
"id": "P335055.l061e7",
"ref": "P335055.9.1",
"inst": "šummu[if]MOD",
"exosig": "@saao/saa06%akk-x-neoass:šum₂-mu=šumma[if//if]MOD'MOD$šummu",
"f": {"lang": "akk-x-neoass",
"form": "šum₂-mu",
"cf": "šumma",
"gw": "if",
"sense": "if",
"norm": "šummu",
"pos": "MOD",
"epos": "MOD"}
}
,
{
"node": "l",
"frag": "{⸢mi₂}TUR⸣-su",
"id": "P335055.l061e8",
"ref": "P335055.9.2",
"inst": "ṣehhertu[young girl]N$ṣeherssu",
"exosig": "@saao/saa06%akk-x-neoass:{MI₂}TUR-su=ṣehhertu[young girl//young girl]N'N$ṣeherssu",
"f": {"lang": "akk-x-neoass",
"form": "{MI₂}TUR-su",
"cf": "ṣehhertu",
"gw": "young girl",
"sense": "young girl",
"norm": "ṣeherssu",
"pos": "N",
"epos": "N"}
}
,
{
"node": "d",
"subtype": "reverse",
"type": "surface",
"ref": "P335055.r.10",
"type": "reverse",
"label": "r"}
,
{
"node": "d",
"type": "line-start",
"ref": "P335055.11",
"n": "1",
"label": "r 1"}
,
{
"node": "l",
"frag": "la",
"id": "P335055.l061e9",
"ref": "P335055.11.1",
"inst": "lā[not]MOD",
"exosig": "@saao/saa06%akk-x-neoass:la=lā[not//not]MOD'MOD$lā",
"f": {"lang": "akk-x-neoass",
"form": "la",
"cf": "lā",
"gw": "not",
"sense": "not",
"norm": "lā",
"pos": "MOD",
"epos": "MOD"}
}
,
{
"node": "l",
"frag": "i-di-na",
"id": "P335055.l061ea",
"ref": "P335055.11.2",
"inst": "iddina[give]V",
"exosig": "@saao/saa06%akk-x-neoass:i-di-na=tadānu[give//give]V'V$iddina",
"f": {"lang": "akk-x-neoass",
"form": "i-di-na",
"cf": "tadānu",
"gw": "give",
"sense": "give",
"norm": "iddina",
"pos": "V",
"epos": "V"}
}
,
{
"node": "d",
"type": "line-start",
"ref": "P335055.12",
"n": "2",
"label": "r 2"}
,
{
"node": "l",
"frag": "KUG.UD",
"id": "P335055.l061eb",
"ref": "P335055.12.1",
"inst": "ṣarpi[silver]N",
"exosig": "@saao/saa06%akk-x-neoass:KUG.UD=ṣarpu[silver//silver]N'N$ṣarpi",
"f": {"lang": "akk-x-neoass",
"form": "KUG.UD",
"cf": "ṣarpu",
"gw": "silver",
"sense": "silver",
"norm": "ṣarpi",
"pos": "N",
"epos": "N"}
}
,
{
"node": "l",
"frag": "a-na",
"id": "P335055.l061ec",
"ref": "P335055.12.2",
"inst": "ana[by]PRP",
"exosig": "@saao/saa06%akk-x-neoass:a-na=ana[to//by]PRP'PRP$ana",
"f": {"lang": "akk-x-neoass",
"form": "a-na",
"cf": "ana",
"gw": "to",
"sense": "by",
"norm": "ana",
"pos": "PRP",
"epos": "PRP"}
}
,
{
"node": "l",
"frag": "1/2",
"id": "P335055.l061ed",
"ref": "P335055.12.3",
"inst": "n",
"f": {"lang": "akk-x-neoass",
"form": "1/2",
"pos": "n"}
}
,
{
"node": "l",
"frag": "GIN₂-šu₂",
"id": "P335055.l061ee",
"ref": "P335055.12.4",
"inst": "šiqilšu[a unit of weight]N",
"exosig": "@saao/saa06%akk-x-neoass:GIN₂-šu₂=šiqlu[unit//a unit of weight]N'N$šiqilšu",
"f": {"lang": "akk-x-neoass",
"form": "GIN₂-šu₂",
"cf": "šiqlu",
"gw": "unit",
"sense": "a unit of weight",
"norm": "šiqilšu",
"pos": "N",
"epos": "N"}
}
,
{
"node": "d",
"type": "line-start",
"ref": "P335055.13",
"n": "3",
"label": "r 3"}
,
{
"node": "l",
"frag": "u₂-ra-ba",
"id": "P335055.l061ef",
"ref": "P335055.13.1",
"inst": "rabû[to be big]V$urabba",
"exosig": "@saao/saa06%akk-x-neoass:u₂-ra-ba=rabû[to be big//to be big]V'V$urabba",
"f": {"lang": "akk-x-neoass",
"form": "u₂-ra-ba",
"cf": "rabû",
"gw": "to be big",
"sense": "to be big",
"norm": "urabba",
"pos": "V",
"epos": "V"}
}
,
{
"node": "l",
"frag": "i-dan.an",
"id": "P335055.l061f0",
"ref": "P335055.13.2",
"inst": "tadānu[give//pay]V$iddan",
"exosig": "@saao/saa06%akk-x-neoass:i-dan.an=tadānu[give//pay]V'V$iddan",
"f": {"lang": "akk-x-neoass",
"form": "i-dan.an",
"cf": "tadānu",
"gw": "give",
"sense": "pay",
"norm": "iddan",
"pos": "V",
"epos": "V"}
}
,
{
"node": "d",
"type": "line-start",
"ref": "P335055.14",
"n": "4",
"label": "r 4"}
,
{
"node": "l",
"frag": "⸢šum₂⸣-mu",
"id": "P335055.l061f1",
"ref": "P335055.14.1",
"inst": "šummu[if]MOD",
"exosig": "@saao/saa06%akk-x-neoass:šum₂-mu=šumma[if//if]MOD'MOD$šummu",
"f": {"lang": "akk-x-neoass",
"form": "šum₂-mu",
"cf": "šumma",
"gw": "if",
"sense": "if",
"norm": "šummu",
"pos": "MOD",
"epos": "MOD"}
}
,
{
"node": "l",
"frag": "i-ti-din",
"id": "P335055.l061f2",
"ref": "P335055.14.2",
"inst": "ittidin[pay]V",
"exosig": "@saao/saa06%akk-x-neoass:i-ti-din=tadānu[give//pay]V'V$ittidin",
"f": {"lang": "akk-x-neoass",
"form": "i-ti-din",
"cf": "tadānu",
"gw": "give",
"sense": "pay",
"norm": "ittidin",
"pos": "V",
"epos": "V"}
}
,
{
"node": "d",
"type": "line-start",
"ref": "P335055.15",
"n": "5",
"label": "r 5"}
,
{
"node": "l",
"frag": "[x",
"id": "P335055.l061f3",
"ref": "P335055.15.1",
"inst": "u",
"f": {"lang": "akk-x-neoass",
"form": "x",
"pos": "u"}
}
,
{
"node": "l",
"frag": "x",
"id": "P335055.l061f4",
"ref": "P335055.15.2",
"inst": "u",
"f": {"lang": "akk-x-neoass",
"form": "x",
"pos": "u"}
}
,
{
"node": "l",
"frag": "x]",
"id": "P335055.l061f5",
"ref": "P335055.15.3",
"inst": "u",
"f": {"lang": "akk-x-neoass",
"form": "x",
"pos": "u"}
}
,
{
"node": "l",
"frag": "⸢gab⸣-bu-ma",
"id": "P335055.l061f6",
"ref": "P335055.15.4",
"inst": "gabbu[totality//whole]'AJ$gabbūma",
"exosig": "@saao/saa06%akk-x-neoass:gab-bu-ma=gabbu[totality//whole]N'AJ$gabbūma",
"f": {"lang": "akk-x-neoass",
"form": "gab-bu-ma",
"cf": "gabbu",
"gw": "totality",
"sense": "whole",
"norm": "gabbūma",
"pos": "N",
"epos": "AJ"}
}
,
{
"node": "l",
"frag": "⸢x",
"id": "P335055.l061f7",
"ref": "P335055.15.5",
"inst": "u",
"f": {"lang": "akk-x-neoass",
"form": "x",
"pos": "u"}
}
,
{
"node": "l",
"frag": "x⸣",
"id": "P335055.l061f8",
"ref": "P335055.15.6",
"inst": "u",
"f": {"lang": "akk-x-neoass",
"form": "x",
"pos": "u"}
}
,
{
"node": "d",
"subtype": "right",
"type": "surface",
"ref": "P335055.r.e..16",
"type": "right",
"label": "r.e."}
,
{
"node": "d",
"type": "line-start",
"ref": "P335055.17",
"n": "6",
"label": "r.e. 6"}
,
{
"node": "l",
"frag": "{⸢iti⸣}[DUL",
"id": "P335055.l061f9",
"ref": "P335055.17.1",
"inst": "Tašriti[Tishri]MN",
"exosig": "@saao/saa06%akk-x-neoass:{ITI}DUL=Tašritu[Tishri//Tishri]MN'MN$Tašriti",
"f": {"lang": "akk-x-neoass",
"form": "{ITI}DUL",
"cf": "Tašritu",
"gw": "Tishri",
"sense": "Tishri",
"norm": "Tašriti",
"pos": "MN",
"epos": "MN"}
}
,
{
"node": "l",
"frag": "UD]",
"id": "P335055.l061fa",
"ref": "P335055.17.2",
"inst": "ūm[day]N",
"exosig": "@saao/saa06%akk-x-neoass:UD=ūmu[day//day]N'N$ūm",
"f": {"lang": "akk-x-neoass",
"form": "UD",
"cf": "ūmu",
"gw": "day",
"sense": "day",
"norm": "ūm",
"pos": "N",
"epos": "N"}
}
,
{
"node": "l",
"frag": "23-KAM₂",
"id": "P335055.l061fb",
"ref": "P335055.17.3",
"inst": "n",
"f": {"lang": "akk-x-neoass",
"form": "23-KAM₂",
"pos": "n"}
}
,
{
"node": "d",
"type": "line-start",
"ref": "P335055.18",
"n": "7",
"label": "r.e. 7"}
,
{
"node": "l",
"frag": "[lim]-⸢me⸣",
"id": "P335055.l061fc",
"ref": "P335055.18.1",
"inst": "limme[eponym (of year)]N",
"exosig": "@saao/saa06%akk-x-neoass:lim-me=līmu[eponym (of year)//eponym (of year)]N'N$limme",
"f": {"lang": "akk-x-neoass",
"form": "lim-me",
"cf": "līmu",
"gw": "eponym (of year)",
"sense": "eponym (of year)",
"norm": "limme",
"pos": "N",
"epos": "N"}
}
,
{
"node": "l",
"frag": "{1}{d}UTU-KUR-a.a-bi",
"id": "P335055.l061fd",
"ref": "P335055.18.2",
"inst": "Šamaš-kašid-ayabi[1]PN$",
"exosig": "@saao/saa06%akk-x-neoass:{1}{d}UTU-KUR-a.a-bi=Šamaš-kašid-ayabi[1//1]PN'PN$Šamaš-kašid-ayabi",
"f": {"lang": "akk-x-neoass",
"form": "{1}{d}UTU-KUR-a.a-bi",
"cf": "Šamaš-kašid-ayabi",
"gw": "1",
"sense": "1",
"norm": "Šamaš-kašid-ayabi",
"pos": "PN",
"epos": "PN"}
}
,
{
"node": "d",
"type": "line-start",
"ref": "P335055.19",
"n": "8",
"label": "r.e. 8"}
,
{
"node": "l",
"frag": "IGI",
"id": "P335055.l061fe",
"ref": "P335055.19.1",
"inst": "šību[witness]N",
"exosig": "@saao/saa06%akk-x-neoass:IGI=šību[witness//witness]N'N$šību",
"f": {"lang": "akk-x-neoass",
"form": "IGI",
"cf": "šību",
"gw": "witness",
"sense": "witness",
"norm": "šību",
"pos": "N",
"epos": "N"}
}
,
{
"node": "l",
"frag": "{1}man-nu-ki-ŠA₃-URU",
"id": "P335055.l061ff",
"ref": "P335055.19.2",
"inst": "Mannu-ki-Libbali[1]PN",
"exosig": "@saao/saa06%akk-x-neoass:{1}man-nu-ki-ŠA₃-URU=Mannu-ki-Libbali[1//1]PN'PN$Mannu-ki-Libbali",
"f": {"lang": "akk-x-neoass",
"form": "{1}man-nu-ki-ŠA₃-URU",
"cf": "Mannu-ki-Libbali",
"gw": "1",
"sense": "1",
"norm": "Mannu-ki-Libbali",
"pos": "PN",
"epos": "PN"}
}
,
{
"node": "d",
"subtype": "edge",
"type": "surface",
"ref": "P335055.e..20",
"type": "edge",
"label": "e."}
,
{
"node": "d",
"type": "line-start",
"ref": "P335055.21",
"n": "1",
"label": "e. 1"}
,
{
"node": "l",
"frag": "[IGI",
"id": "P335055.l06200",
"ref": "P335055.21.1",
"inst": "šību[witness]N",
"exosig": "@saao/saa06%akk-x-neoass:IGI=šību[witness//witness]N'N$šību",
"f": {"lang": "akk-x-neoass",
"form": "IGI",
"cf": "šību",
"gw": "witness",
"sense": "witness",
"norm": "šību",
"pos": "N",
"epos": "N"}
}
,
{
"node": "l",
"frag": "{1}x]-⸢su⸣-nu",
"id": "P335055.l06201",
"ref": "P335055.21.2",
"inst": "u",
"f": {"lang": "akk-x-neoass",
"form": "{1}x-su-nu",
"pos": "u"}
}
]}
]}
]}
,
{
"linkbase": [{
"type": "linkset",
"xlink_title": "ina pān[in the presence of//at the disposal of]PRP'PRP",
"id": "P335055.ls00000",
"xlink_type": "extended",
"xlink_role": "psu",
"sig": "{ina[in]PRP pānu[front]N += ina pān[in the presence of//at the disposal of]PRP'PRP}::@saao%akk-x-neoass:ina=ina[in//into]PRP'PRP$ina++@saao%akk-x-neoass:IGI=pānu[front//front]N'N$pān",
"links": [
{
"type": "link",
"xlink_title": "ina",
"xlink_type": "locator",
"xlink_href": "#P335055.l061db",
"xlink_role": "elt"}
,
{
"type": "link",
"xlink_title": "pān",
"xlink_type": "locator",
"xlink_href": "#P335055.l061dc",
"xlink_role": "elt"}
]}
]}
]}
