{
"type": "cdl",
  "source": "http://oracc.org/saao/saa06",
  "license": "This data is released under the CC0 license",
  "license-url": "https://creativecommons.org/publicdomain/zero/1.0/",
  "more-info": "http://oracc.org/doc/opendata/",
  "UTC-timestamp": "2017-05-19T11:31:30",
"project": "saao/saa06",
"textid": "P335547",
"cdl": [
{
"node": "c",
"type": "text",
"id": "P335547.U0",
"cdl": [
{
"node": "d",
"type": "object",
"ref": ""}
,
{
"node": "d",
"subtype": "obverse",
"type": "surface",
"ref": "P335547.o.1",
"type": "obverse",
"label": "o"}
,
{
"node": "d",
"type": "nonx",
"ref": "P335547.2",
"strict": "0",
"extent": "beginning",
"state": "missing"}
,
{
"node": "c",
"type": "discourse",
"subtype": "body",
"id": "P335547.U1",
"cdl": [
{
"node": "c",
"type": "sentence",
"id": "P335547.U2",
"label": "o 1' - r 10'",
"cdl": [
{
"node": "d",
"type": "line-start",
"ref": "P335547.3",
"n": "1'",
"label": "o 1'"}
,
{
"node": "l",
"frag": "[x",
"id": "P335547.l05d65",
"ref": "P335547.3.1",
"inst": "u",
"f": {"lang": "akk-x-neoass",
"form": "x",
"pos": "u"}
}
,
{
"node": "l",
"frag": "x",
"id": "P335547.l05d66",
"ref": "P335547.3.2",
"inst": "u",
"f": {"lang": "akk-x-neoass",
"form": "x",
"pos": "u"}
}
,
{
"node": "l",
"frag": "x",
"id": "P335547.l05d67",
"ref": "P335547.3.3",
"inst": "u",
"f": {"lang": "akk-x-neoass",
"form": "x",
"pos": "u"}
}
,
{
"node": "l",
"frag": "x",
"id": "P335547.l05d68",
"ref": "P335547.3.4",
"inst": "u",
"f": {"lang": "akk-x-neoass",
"form": "x",
"pos": "u"}
}
,
{
"node": "l",
"frag": "x",
"id": "P335547.l05d69",
"ref": "P335547.3.5",
"inst": "u",
"f": {"lang": "akk-x-neoass",
"form": "x",
"pos": "u"}
}
,
{
"node": "l",
"frag": "x",
"id": "P335547.l05d6a",
"ref": "P335547.3.6",
"inst": "u",
"f": {"lang": "akk-x-neoass",
"form": "x",
"pos": "u"}
}
,
{
"node": "l",
"frag": "x",
"id": "P335547.l05d6b",
"ref": "P335547.3.7",
"inst": "u",
"f": {"lang": "akk-x-neoass",
"form": "x",
"pos": "u"}
}
,
{
"node": "l",
"frag": "x]+⸢x⸣-mu",
"id": "P335547.l05d6c",
"ref": "P335547.3.8",
"inst": "u",
"f": {"lang": "akk-x-neoass",
"form": "x+x-mu",
"pos": "u"}
}
,
{
"node": "d",
"type": "line-start",
"ref": "P335547.4",
"n": "2'",
"label": "o 2'"}
,
{
"node": "l",
"frag": "[x",
"id": "P335547.l05d6d",
"ref": "P335547.4.1",
"inst": "u",
"f": {"lang": "akk-x-neoass",
"form": "x",
"pos": "u"}
}
,
{
"node": "l",
"frag": "x",
"id": "P335547.l05d6e",
"ref": "P335547.4.2",
"inst": "u",
"f": {"lang": "akk-x-neoass",
"form": "x",
"pos": "u"}
}
,
{
"node": "l",
"frag": "x",
"id": "P335547.l05d6f",
"ref": "P335547.4.3",
"inst": "u",
"f": {"lang": "akk-x-neoass",
"form": "x",
"pos": "u"}
}
,
{
"node": "l",
"frag": "x",
"id": "P335547.l05d70",
"ref": "P335547.4.4",
"inst": "u",
"f": {"lang": "akk-x-neoass",
"form": "x",
"pos": "u"}
}
,
{
"node": "l",
"frag": "x",
"id": "P335547.l05d71",
"ref": "P335547.4.5",
"inst": "u",
"f": {"lang": "akk-x-neoass",
"form": "x",
"pos": "u"}
}
,
{
"node": "l",
"frag": "x",
"id": "P335547.l05d72",
"ref": "P335547.4.6",
"inst": "u",
"f": {"lang": "akk-x-neoass",
"form": "x",
"pos": "u"}
}
,
{
"node": "l",
"frag": "x",
"id": "P335547.l05d73",
"ref": "P335547.4.7",
"inst": "u",
"f": {"lang": "akk-x-neoass",
"form": "x",
"pos": "u"}
}
,
{
"node": "l",
"frag": "x]",
"id": "P335547.l05d74",
"ref": "P335547.4.8",
"inst": "u",
"f": {"lang": "akk-x-neoass",
"form": "x",
"pos": "u"}
}
,
{
"node": "l",
"frag": "bu",
"id": "P335547.l05d75",
"ref": "P335547.4.9",
"inst": "u",
"f": {"lang": "akk-x-neoass",
"form": "bu",
"pos": "u"}
}
,
{
"node": "l",
"frag": "TAB",
"id": "P335547.l05d76",
"ref": "P335547.4.10",
"inst": "u",
"f": {"lang": "akk-x-neoass",
"form": "TAB",
"pos": "u"}
}
,
{
"node": "d",
"type": "line-start",
"ref": "P335547.5",
"n": "3'",
"label": "o 3'"}
,
{
"node": "l",
"frag": "[x",
"id": "P335547.l05d77",
"ref": "P335547.5.1",
"inst": "u",
"f": {"lang": "akk-x-neoass",
"form": "x",
"pos": "u"}
}
,
{
"node": "l",
"frag": "x",
"id": "P335547.l05d78",
"ref": "P335547.5.2",
"inst": "u",
"f": {"lang": "akk-x-neoass",
"form": "x",
"pos": "u"}
}
,
{
"node": "l",
"frag": "x",
"id": "P335547.l05d79",
"ref": "P335547.5.3",
"inst": "u",
"f": {"lang": "akk-x-neoass",
"form": "x",
"pos": "u"}
}
,
{
"node": "l",
"frag": "x",
"id": "P335547.l05d7a",
"ref": "P335547.5.4",
"inst": "u",
"f": {"lang": "akk-x-neoass",
"form": "x",
"pos": "u"}
}
,
{
"node": "l",
"frag": "x",
"id": "P335547.l05d7b",
"ref": "P335547.5.5",
"inst": "u",
"f": {"lang": "akk-x-neoass",
"form": "x",
"pos": "u"}
}
,
{
"node": "l",
"frag": "x",
"id": "P335547.l05d7c",
"ref": "P335547.5.6",
"inst": "u",
"f": {"lang": "akk-x-neoass",
"form": "x",
"pos": "u"}
}
,
{
"node": "l",
"frag": "x",
"id": "P335547.l05d7d",
"ref": "P335547.5.7",
"inst": "u",
"f": {"lang": "akk-x-neoass",
"form": "x",
"pos": "u"}
}
,
{
"node": "l",
"frag": "ina]",
"id": "P335547.l05d7e",
"ref": "P335547.5.8",
"inst": "ina[in]PRP",
"exosig": "@saao/saa06%akk-x-neoass:ina=ina[in//in]PRP'PRP$ina",
"f": {"lang": "akk-x-neoass",
"form": "ina",
"cf": "ina",
"gw": "in",
"sense": "in",
"norm": "ina",
"pos": "PRP",
"epos": "PRP"}
}
,
{
"node": "l",
"frag": "⸢MU⸣.AN.NA",
"id": "P335547.l05d7f",
"ref": "P335547.5.9",
"inst": "šatti[year]N",
"exosig": "@saao/saa06%akk-x-neoass:MU.AN.NA=šattu[year//year]N'N$šatti",
"f": {"lang": "akk-x-neoass",
"form": "MU.AN.NA",
"cf": "šattu",
"gw": "year",
"sense": "year",
"norm": "šatti",
"pos": "N",
"epos": "N"}
}
,
{
"node": "d",
"type": "line-start",
"ref": "P335547.6",
"n": "4'",
"label": "o 4'"}
,
{
"node": "l",
"frag": "[ša",
"id": "P335547.l05d80",
"ref": "P335547.6.1",
"inst": "ša[that]REL",
"exosig": "@saao/saa06%akk-x-neoass:ša=ša[that//that]REL'REL$ša",
"f": {"lang": "akk-x-neoass",
"form": "ša",
"cf": "ša",
"gw": "that",
"sense": "that",
"norm": "ša",
"pos": "REL",
"epos": "REL"}
}
,
{
"node": "l",
"frag": "ina",
"id": "P335547.l05d81",
"ref": "P335547.6.2",
"inst": "ina[for]PRP",
"exosig": "@saao/saa06%akk-x-neoass:ina=ina[in//for]PRP'PRP$ina",
"f": {"lang": "akk-x-neoass",
"form": "ina",
"cf": "ina",
"gw": "in",
"sense": "for",
"norm": "ina",
"pos": "PRP",
"epos": "PRP"}
}
,
{
"node": "l",
"frag": "01",
"id": "P335547.l05d82",
"ref": "P335547.6.3",
"inst": "n",
"f": {"lang": "akk-x-neoass",
"form": "01",
"pos": "n"}
}
,
{
"node": "l",
"frag": "GIN₂",
"id": "P335547.l05d83",
"ref": "P335547.6.4",
"inst": "šiqli[a unit of weight]N",
"exosig": "@saao/saa06%akk-x-neoass:GIN₂=šiqlu[unit//a unit of weight]N'N$šiqli",
"f": {"lang": "akk-x-neoass",
"form": "GIN₂",
"cf": "šiqlu",
"gw": "unit",
"sense": "a unit of weight",
"norm": "šiqli",
"pos": "N",
"epos": "N"}
}
,
{
"node": "l",
"frag": "KUG.UD]",
"id": "P335547.l05d84",
"ref": "P335547.6.5",
"inst": "ṣarpi[silver]N",
"exosig": "@saao/saa06%akk-x-neoass:KUG.UD=ṣarpu[silver//silver]N'N$ṣarpi",
"f": {"lang": "akk-x-neoass",
"form": "KUG.UD",
"cf": "ṣarpu",
"gw": "silver",
"sense": "silver",
"norm": "ṣarpi",
"pos": "N",
"epos": "N"}
}
,
{
"node": "l",
"frag": "6(ban₂)",
"id": "P335547.l05d85",
"ref": "P335547.6.6",
"inst": "n",
"f": {"lang": "akk-x-neoass",
"form": "6(ban₂)",
"pos": "n"}
}
,
{
"node": "l",
"frag": "{še}PAD⸣-MEŠ",
"id": "P335547.l05d86",
"ref": "P335547.6.7",
"inst": "kurummāti[barley (ration)]N",
"exosig": "@saao/saa06%akk-x-neoass:{ŠE}PAD-MEŠ=kurummatu[ration//barley (ration)]N'N$kurummāti",
"f": {"lang": "akk-x-neoass",
"form": "{ŠE}PAD-MEŠ",
"cf": "kurummatu",
"gw": "ration",
"sense": "barley (ration)",
"norm": "kurummāti",
"pos": "N",
"epos": "N"}
}
,
{
"node": "l",
"frag": "⸢tal⸣-lik-u-ni",
"id": "P335547.l05d87",
"ref": "P335547.6.8",
"inst": "alāku[go]V$tallikūni",
"exosig": "@saao/saa06%akk-x-neoass:tal-lik-u-ni=alāku[go//go]V'V$tallikūni",
"f": {"lang": "akk-x-neoass",
"form": "tal-lik-u-ni",
"cf": "alāku",
"gw": "go",
"sense": "go",
"norm": "tallikūni",
"pos": "V",
"epos": "V"}
}
,
{
"node": "d",
"type": "line-start",
"ref": "P335547.7",
"n": "5'",
"label": "o 5'"}
,
{
"node": "l",
"frag": "[u₂-piš-ma",
"id": "P335547.l05d88",
"ref": "P335547.7.1",
"inst": "uppišma[contract]V",
"exosig": "@saao/saa06%akk-x-neoass:u₂-piš-ma=epēšu[do//contract]V'V$uppišma",
"f": {"lang": "akk-x-neoass",
"form": "u₂-piš-ma",
"cf": "epēšu",
"gw": "do",
"sense": "contract",
"norm": "uppišma",
"pos": "V",
"epos": "V"}
}
,
{
"node": "c",
"type": "phrase",
"tag": "phr",
"id": "P335547.U4",
"ref": "P335547.ls00000",
"cdl": [
{
"node": "l",
"frag": "TA",
"id": "P335547.l05d89",
"ref": "P335547.7.2",
"inst": "issu[from+=from]PRP",
"exosig": "@saao/saa06%akk-x-neoass:TA=ištu[from//from]PRP'PRP$issu",
"f": {"lang": "akk-x-neoass",
"form": "TA",
"cf": "ištu",
"gw": "from",
"sense": "from",
"norm": "issu",
"pos": "PRP",
"epos": "PRP"}
}
,
{
"node": "l",
"frag": "IGI",
"id": "P335547.l05d8a",
"ref": "P335547.7.3",
"inst": "pān[front]N",
"exosig": "@saao/saa06%akk-x-neoass:IGI=pānu[front//front]N'N$pān",
"f": {"lang": "akk-x-neoass",
"form": "IGI",
"cf": "pānu",
"gw": "front",
"sense": "front",
"norm": "pān",
"pos": "N",
"epos": "N"}
}
]}
,
{
"node": "l",
"frag": "{1}{⸢d}AG⸣-BA-ša₂",
"id": "P335547.l05d8b",
"ref": "P335547.7.4",
"inst": "Nabu-iqiša[1]PN",
"exosig": "@saao/saa06%akk-x-neoass:{1}{d}AG-BA-ša₂=Nabu-iqiša[1//1]PN'PN$Nabu-iqiša",
"f": {"lang": "akk-x-neoass",
"form": "{1}{d}AG-BA-ša₂",
"cf": "Nabu-iqiša",
"gw": "1",
"sense": "1",
"norm": "Nabu-iqiša",
"pos": "PN",
"epos": "PN"}
}
,
{
"node": "d",
"type": "line-start",
"ref": "P335547.8",
"n": "6'",
"label": "o 6'"}
,
{
"node": "l",
"frag": "{1}x",
"id": "P335547.l05d8c",
"ref": "P335547.8.1",
"inst": "u",
"f": {"lang": "akk-x-neoass",
"form": "{1}x",
"pos": "u"}
}
,
{
"node": "l",
"frag": "x",
"id": "P335547.l05d8d",
"ref": "P335547.8.2",
"inst": "u",
"f": {"lang": "akk-x-neoass",
"form": "x",
"pos": "u"}
}
,
{
"node": "l",
"frag": "x",
"id": "P335547.l05d8e",
"ref": "P335547.8.3",
"inst": "u",
"f": {"lang": "akk-x-neoass",
"form": "x",
"pos": "u"}
}
,
{
"node": "l",
"frag": "x",
"id": "P335547.l05d8f",
"ref": "P335547.8.4",
"inst": "u",
"f": {"lang": "akk-x-neoass",
"form": "x",
"pos": "u"}
}
,
{
"node": "l",
"frag": "x]",
"id": "P335547.l05d90",
"ref": "P335547.8.5",
"inst": "u",
"f": {"lang": "akk-x-neoass",
"form": "x",
"pos": "u"}
}
,
{
"node": "c",
"type": "phrase",
"tag": "phr",
"id": "P335547.U5",
"ref": "P335547.ls00001",
"cdl": [
{
"node": "l",
"frag": "{⸢lu₂v⸣}GAL-NIG₂.ŠID",
"id": "P335547.l05d91",
"ref": "P335547.8.6",
"cof-tails": "P335547.l05d92",
"inst": "rabû[big one]N$rab&nikkassu[account(s)]N$nikkassi",
"exosig": "@saao/saa06%akk-x-neoass:{LU₂}GAL-NIG₂.ŠID=rabû[big one//big one]N'N$rab&&@saao%akk-x-neoass:=nikkassu[account(s)//account(s)]N'N$nikkassi",
"f": {"lang": "akk-x-neoass",
"form": "{LU₂}GAL-NIG₂.ŠID",
"cf": "rabû",
"gw": "big one",
"sense": "big one",
"norm": "rab",
"pos": "N",
"epos": "N"}
}
,
{
"node": "l",
"frag": "{⸢lu₂v⸣}GAL-NIG₂.ŠID",
"id": "P335547.l05d92",
"ref": "P335547.8.6",
"cof-head": "P335547.l05d91",
"inst": "rabû[big one]N$rab&nikkassu[account(s)]N$nikkassi",
"tail-sig": "@saao%akk-x-neoass:=nikkassu[account(s)//account(s)]N'N$nikkassi",
"f": {"lang": "akk-x-neoass",
"form": "{LU₂}GAL-NIG₂.ŠID",
"cf": "nikkassu",
"gw": "account(s)",
"sense": "account(s)",
"norm": "nikkassi",
"pos": "N",
"epos": "N"}
}
]}
,
{
"node": "d",
"type": "line-start",
"ref": "P335547.9",
"n": "7'",
"label": "o 7'"}
,
{
"node": "c",
"type": "phrase",
"tag": "phr",
"id": "P335547.U6",
"ref": "P335547.ls00002",
"cdl": [
{
"node": "l",
"frag": "[ina",
"id": "P335547.l05d93",
"ref": "P335547.9.1",
"inst": "ina[in+=for]PRP",
"exosig": "@saao/saa06%akk-x-neoass:ina=ina[in//in]PRP'PRP$ina",
"f": {"lang": "akk-x-neoass",
"form": "ina",
"cf": "ina",
"gw": "in",
"sense": "in",
"norm": "ina",
"pos": "PRP",
"epos": "PRP"}
}
,
{
"node": "l",
"frag": "ŠA₃",
"id": "P335547.l05d94",
"ref": "P335547.9.2",
"inst": "libbi[interior]N",
"exosig": "@saao/saa06%akk-x-neoass:ŠA₃=libbu[interior//interior]N'N$libbi",
"f": {"lang": "akk-x-neoass",
"form": "ŠA₃",
"cf": "libbu",
"gw": "interior",
"sense": "interior",
"norm": "libbi",
"pos": "N",
"epos": "N"}
}
]}
,
{
"node": "l",
"frag": "x",
"id": "P335547.l05d95",
"ref": "P335547.9.3",
"inst": "u",
"f": {"lang": "akk-x-neoass",
"form": "x",
"pos": "u"}
}
,
{
"node": "l",
"frag": "MA.NA",
"id": "P335547.l05d96",
"ref": "P335547.9.4",
"inst": "manê[a unit of weight]N",
"exosig": "@saao/saa06%akk-x-neoass:MA.NA=manû[unit//a unit of weight]N'N$manê",
"f": {"lang": "akk-x-neoass",
"form": "MA.NA",
"cf": "manû",
"gw": "unit",
"sense": "a unit of weight",
"norm": "manê",
"pos": "N",
"epos": "N"}
}
,
{
"node": "l",
"frag": "KUG].⸢UD⸣",
"id": "P335547.l05d97",
"ref": "P335547.9.5",
"inst": "ṣarpi[silver]N",
"exosig": "@saao/saa06%akk-x-neoass:KUG.UD=ṣarpu[silver//silver]N'N$ṣarpi",
"f": {"lang": "akk-x-neoass",
"form": "KUG.UD",
"cf": "ṣarpu",
"gw": "silver",
"sense": "silver",
"norm": "ṣarpi",
"pos": "N",
"epos": "N"}
}
,
{
"node": "l",
"frag": "ina",
"id": "P335547.l05d98",
"ref": "P335547.9.6",
"inst": "ina[in]PRP",
"exosig": "@saao/saa06%akk-x-neoass:ina=ina[in//in]PRP'PRP$ina",
"f": {"lang": "akk-x-neoass",
"form": "ina",
"cf": "ina",
"gw": "in",
"sense": "in",
"norm": "ina",
"pos": "PRP",
"epos": "PRP"}
}
,
{
"node": "l",
"frag": "ma-⸢ne₂⸣-[e]",
"id": "P335547.l05d99",
"ref": "P335547.9.7",
"inst": "manê[a unit of weight]N",
"exosig": "@saao/saa06%akk-x-neoass:ma-ne₂-e=manû[unit//a unit of weight]N'N$manê",
"f": {"lang": "akk-x-neoass",
"form": "ma-ne₂-e",
"cf": "manû",
"gw": "unit",
"sense": "a unit of weight",
"norm": "manê",
"pos": "N",
"epos": "N"}
}
,
{
"node": "d",
"type": "nonx",
"ref": "P335547.10",
"strict": "0",
"extent": "rest",
"state": "missing"}
,
{
"node": "d",
"subtype": "reverse",
"type": "surface",
"ref": "P335547.r.11",
"type": "reverse",
"label": "r"}
,
{
"node": "d",
"type": "nonx",
"ref": "P335547.12",
"strict": "0",
"extent": "beginning",
"state": "missing"}
,
{
"node": "d",
"type": "line-start",
"ref": "P335547.13",
"n": "1'",
"label": "r 1'"}
,
{
"node": "l",
"frag": "[x",
"id": "P335547.l05d9a",
"ref": "P335547.13.1",
"inst": "u",
"f": {"lang": "akk-x-neoass",
"form": "x",
"pos": "u"}
}
,
{
"node": "l",
"frag": "x",
"id": "P335547.l05d9b",
"ref": "P335547.13.2",
"inst": "u",
"f": {"lang": "akk-x-neoass",
"form": "x",
"pos": "u"}
}
,
{
"node": "l",
"frag": "x",
"id": "P335547.l05d9c",
"ref": "P335547.13.3",
"inst": "u",
"f": {"lang": "akk-x-neoass",
"form": "x",
"pos": "u"}
}
,
{
"node": "l",
"frag": "x",
"id": "P335547.l05d9d",
"ref": "P335547.13.4",
"inst": "u",
"f": {"lang": "akk-x-neoass",
"form": "x",
"pos": "u"}
}
,
{
"node": "l",
"frag": "x",
"id": "P335547.l05d9e",
"ref": "P335547.13.5",
"inst": "u",
"f": {"lang": "akk-x-neoass",
"form": "x",
"pos": "u"}
}
,
{
"node": "l",
"frag": "DUMU.UŠ-šu₂]",
"id": "P335547.l05d9f",
"ref": "P335547.13.6",
"inst": "apilšu[heir]N",
"exosig": "@saao/saa06%akk-x-neoass:DUMU.UŠ-šu₂=aplu[heir//heir]N'N$apilšu",
"f": {"lang": "akk-x-neoass",
"form": "DUMU.UŠ-šu₂",
"cf": "aplu",
"gw": "heir",
"sense": "heir",
"norm": "apilšu",
"pos": "N",
"epos": "N"}
}
,
{
"node": "l",
"frag": "⸢GAL⸣-u₂",
"id": "P335547.l05da0",
"ref": "P335547.13.7",
"inst": "rabû[big//eldest]AJ$rabiu",
"exosig": "@saao/saa06%akk-x-neoass:GAL-u₂=rabû[big//eldest]AJ'AJ$rabiu",
"f": {"lang": "akk-x-neoass",
"form": "GAL-u₂",
"cf": "rabû",
"gw": "big",
"sense": "eldest",
"norm": "rabiu",
"pos": "AJ",
"epos": "AJ"}
}
,
{
"node": "l",
"frag": "[o]",
"id": "P335547.l05da1",
"ref": "P335547.13.8",
"inst": "u",
"f": {"lang": "akk-x-neoass",
"form": "o",
"pos": "u"}
}
,
{
"node": "d",
"type": "line-start",
"ref": "P335547.14",
"n": "2'",
"label": "r 2'"}
,
{
"node": "l",
"frag": "[ina",
"id": "P335547.l05da2",
"ref": "P335547.14.1",
"inst": "ina[in]PRP",
"exosig": "@saao/saa06%akk-x-neoass:ina=ina[in//in]PRP'PRP$ina",
"f": {"lang": "akk-x-neoass",
"form": "ina",
"cf": "ina",
"gw": "in",
"sense": "in",
"norm": "ina",
"pos": "PRP",
"epos": "PRP"}
}
,
{
"node": "l",
"frag": "ha-am-ri",
"id": "P335547.l05da3",
"ref": "P335547.14.2",
"inst": "hamru[holy place (of Adad, Assur)]N$hamri",
"exosig": "@saao/saa06%akk-x-neoass:ha-am-ri=hamru[holy place (of Adad, Assur)//holy place (of Adad, Assur)]N'N$hamri",
"f": {"lang": "akk-x-neoass",
"form": "ha-am-ri",
"cf": "hamru",
"gw": "holy place (of Adad, Assur)",
"sense": "holy place (of Adad, Assur)",
"norm": "hamri",
"pos": "N",
"epos": "N"}
}
,
{
"node": "l",
"frag": "ša]",
"id": "P335547.l05da4",
"ref": "P335547.14.3",
"inst": "ša[of]DET",
"exosig": "@saao/saa06%akk-x-neoass:ša=ša[of//of]DET'DET$ša",
"f": {"lang": "akk-x-neoass",
"form": "ša",
"cf": "ša",
"gw": "of",
"sense": "of",
"norm": "ša",
"pos": "DET",
"epos": "DET"}
}
,
{
"node": "l",
"frag": "{d}IM",
"id": "P335547.l05da5",
"ref": "P335547.14.4",
"inst": "Adad[1]DN",
"exosig": "@saao/saa06%akk-x-neoass:{d}IM=Adad[1//1]DN'DN$Adad",
"f": {"lang": "akk-x-neoass",
"form": "{d}IM",
"cf": "Adad",
"gw": "1",
"sense": "1",
"norm": "Adad",
"pos": "DN",
"epos": "DN"}
}
,
{
"node": "l",
"frag": "GIBIL₂",
"id": "P335547.l05da6",
"ref": "P335547.14.5",
"inst": "iqallu[burn]V",
"exosig": "@saao/saa06%akk-x-neoass:GIBIL₂=qalû[roast//burn]V'V$iqallu",
"f": {"lang": "akk-x-neoass",
"form": "GIBIL₂",
"cf": "qalû",
"gw": "roast",
"sense": "burn",
"norm": "iqallu",
"pos": "V",
"epos": "V"}
}
,
{
"node": "d",
"type": "line-start",
"ref": "P335547.15",
"n": "3'",
"label": "r 3'"}
,
{
"node": "l",
"frag": "[ina",
"id": "P335547.l05da7",
"ref": "P335547.15.1",
"inst": "ina[in]PRP",
"exosig": "@saao/saa06%akk-x-neoass:ina=ina[in//in]PRP'PRP$ina",
"f": {"lang": "akk-x-neoass",
"form": "ina",
"cf": "ina",
"gw": "in",
"sense": "in",
"norm": "ina",
"pos": "PRP",
"epos": "PRP"}
}
,
{
"node": "l",
"frag": "de-ni-šu₂",
"id": "P335547.l05da8",
"ref": "P335547.15.2",
"inst": "dēnīšu[lawsuit]N",
"exosig": "@saao/saa06%akk-x-neoass:de-ni-šu₂=dīnu[legal decision//lawsuit]N'N$dēnīšu",
"f": {"lang": "akk-x-neoass",
"form": "de-ni-šu₂",
"cf": "dīnu",
"gw": "legal decision",
"sense": "lawsuit",
"norm": "dēnīšu",
"pos": "N",
"epos": "N"}
}
,
{
"node": "l",
"frag": "DUG₄].DUG₄",
"id": "P335547.l05da9",
"ref": "P335547.15.3",
"inst": "dabābu[litigation]'N",
"exosig": "@saao/saa06%akk-x-neoass:DUG₄.DUG₄=dabābu[speak//litigation]V'N$dabābu",
"f": {"lang": "akk-x-neoass",
"form": "DUG₄.DUG₄",
"cf": "dabābu",
"gw": "speak",
"sense": "litigation",
"norm": "dabābu",
"pos": "V",
"epos": "N"}
}
,
{
"node": "l",
"frag": "la",
"id": "P335547.l05daa",
"ref": "P335547.15.4",
"inst": "lā[not]MOD",
"exosig": "@saao/saa06%akk-x-neoass:la=lā[not//not]MOD'MOD$lā",
"f": {"lang": "akk-x-neoass",
"form": "la",
"cf": "lā",
"gw": "not",
"sense": "not",
"norm": "lā",
"pos": "MOD",
"epos": "MOD"}
}
,
{
"node": "l",
"frag": "TI",
"id": "P335547.l05dab",
"ref": "P335547.15.5",
"inst": "ilaqqi[succeed]V",
"exosig": "@saao/saa06%akk-x-neoass:TI=leqû[take//succeed]V'V$ilaqqi",
"f": {"lang": "akk-x-neoass",
"form": "TI",
"cf": "leqû",
"gw": "take",
"sense": "succeed",
"norm": "ilaqqi",
"pos": "V",
"epos": "V"}
}
,
{
"node": "d",
"type": "nonx",
"ref": "P335547.16",
"strict": "1",
"extent": "n",
"scope": "line",
"state": "ruling"}
,
{
"node": "d",
"type": "line-start",
"ref": "P335547.17",
"n": "4'",
"label": "r 4'"}
,
{
"node": "l",
"frag": "[IGI",
"id": "P335547.l05dac",
"ref": "P335547.17.1",
"inst": "šību[witness]N",
"exosig": "@saao/saa06%akk-x-neoass:IGI=šību[witness//witness]N'N$šību",
"f": {"lang": "akk-x-neoass",
"form": "IGI",
"cf": "šību",
"gw": "witness",
"sense": "witness",
"norm": "šību",
"pos": "N",
"epos": "N"}
}
,
{
"node": "l",
"frag": "{1}x",
"id": "P335547.l05dad",
"ref": "P335547.17.2",
"inst": "u",
"f": {"lang": "akk-x-neoass",
"form": "{1}x",
"pos": "u"}
}
,
{
"node": "l",
"frag": "x",
"id": "P335547.l05dae",
"ref": "P335547.17.3",
"inst": "u",
"f": {"lang": "akk-x-neoass",
"form": "x",
"pos": "u"}
}
,
{
"node": "l",
"frag": "x",
"id": "P335547.l05daf",
"ref": "P335547.17.4",
"inst": "u",
"f": {"lang": "akk-x-neoass",
"form": "x",
"pos": "u"}
}
,
{
"node": "l",
"frag": "x]",
"id": "P335547.l05db0",
"ref": "P335547.17.5",
"inst": "u",
"f": {"lang": "akk-x-neoass",
"form": "x",
"pos": "u"}
}
,
{
"node": "l",
"frag": "{lu₂v}A.BA",
"id": "P335547.l05db1",
"ref": "P335547.17.6",
"inst": "ṭupšarru[scribe]N",
"exosig": "@saao/saa06%akk-x-neoass:{LU₂}A.BA=ṭupšarru[scribe//scribe]N'N$ṭupšarru",
"f": {"lang": "akk-x-neoass",
"form": "{LU₂}A.BA",
"cf": "ṭupšarru",
"gw": "scribe",
"sense": "scribe",
"norm": "ṭupšarru",
"pos": "N",
"epos": "N"}
}
,
{
"node": "d",
"type": "line-start",
"ref": "P335547.18",
"n": "5'",
"label": "r 5'"}
,
{
"node": "l",
"frag": "[IGI",
"id": "P335547.l05db2",
"ref": "P335547.18.1",
"inst": "šību[witness]N",
"exosig": "@saao/saa06%akk-x-neoass:IGI=šību[witness//witness]N'N$šību",
"f": {"lang": "akk-x-neoass",
"form": "IGI",
"cf": "šību",
"gw": "witness",
"sense": "witness",
"norm": "šību",
"pos": "N",
"epos": "N"}
}
,
{
"node": "l",
"frag": "{1}x",
"id": "P335547.l05db3",
"ref": "P335547.18.2",
"inst": "u",
"f": {"lang": "akk-x-neoass",
"form": "{1}x",
"pos": "u"}
}
,
{
"node": "l",
"frag": "x",
"id": "P335547.l05db4",
"ref": "P335547.18.3",
"inst": "u",
"f": {"lang": "akk-x-neoass",
"form": "x",
"pos": "u"}
}
,
{
"node": "l",
"frag": "x",
"id": "P335547.l05db5",
"ref": "P335547.18.4",
"inst": "u",
"f": {"lang": "akk-x-neoass",
"form": "x",
"pos": "u"}
}
,
{
"node": "l",
"frag": "x]-LAL",
"id": "P335547.l05db6",
"ref": "P335547.18.5",
"inst": "u",
"f": {"lang": "akk-x-neoass",
"form": "x-LAL",
"pos": "u"}
}
,
{
"node": "l",
"frag": "{lu₂v}DAM.QAR",
"id": "P335547.l05db7",
"ref": "P335547.18.6",
"inst": "tankāru[merchant]N",
"exosig": "@saao/saa06%akk-x-neoass:{LU₂}DAM.QAR=tamkāru[merchant//merchant]N'N$tankāru",
"f": {"lang": "akk-x-neoass",
"form": "{LU₂}DAM.QAR",
"cf": "tamkāru",
"gw": "merchant",
"sense": "merchant",
"norm": "tankāru",
"pos": "N",
"epos": "N"}
}
,
{
"node": "d",
"type": "line-start",
"ref": "P335547.19",
"n": "6'",
"label": "r 6'"}
,
{
"node": "l",
"frag": "[IGI",
"id": "P335547.l05db8",
"ref": "P335547.19.1",
"inst": "šību[witness]N",
"exosig": "@saao/saa06%akk-x-neoass:IGI=šību[witness//witness]N'N$šību",
"f": {"lang": "akk-x-neoass",
"form": "IGI",
"cf": "šību",
"gw": "witness",
"sense": "witness",
"norm": "šību",
"pos": "N",
"epos": "N"}
}
,
{
"node": "l",
"frag": "{1}x",
"id": "P335547.l05db9",
"ref": "P335547.19.2",
"inst": "u",
"f": {"lang": "akk-x-neoass",
"form": "{1}x",
"pos": "u"}
}
,
{
"node": "l",
"frag": "x",
"id": "P335547.l05dba",
"ref": "P335547.19.3",
"inst": "u",
"f": {"lang": "akk-x-neoass",
"form": "x",
"pos": "u"}
}
,
{
"node": "l",
"frag": "x",
"id": "P335547.l05dbb",
"ref": "P335547.19.4",
"inst": "u",
"f": {"lang": "akk-x-neoass",
"form": "x",
"pos": "u"}
}
,
{
"node": "l",
"frag": "x]",
"id": "P335547.l05dbc",
"ref": "P335547.19.5",
"inst": "u",
"f": {"lang": "akk-x-neoass",
"form": "x",
"pos": "u"}
}
,
{
"node": "c",
"type": "phrase",
"tag": "phr",
"id": "P335547.U7",
"ref": "P335547.ls00003",
"cdl": [
{
"node": "l",
"frag": "{⸢lu₂v⸣}EN-{giš}MA₂",
"id": "P335547.l05dbd",
"ref": "P335547.19.6",
"cof-tails": "P335547.l05dbe",
"inst": "bēlu[lord]N$bēl&eleppu[ship]N$eleppi",
"exosig": "@saao/saa06%akk-x-neoass:{LU₂}EN-{GIŠ}MA₂=bēlu[lord//lord]N'N$bēl&&@saao%akk-x-neoass:=eleppu[ship//ship]N'N$eleppi",
"f": {"lang": "akk-x-neoass",
"form": "{LU₂}EN-{GIŠ}MA₂",
"cf": "bēlu",
"gw": "lord",
"sense": "lord",
"norm": "bēl",
"pos": "N",
"epos": "N"}
}
,
{
"node": "l",
"frag": "{⸢lu₂v⸣}EN-{giš}MA₂",
"id": "P335547.l05dbe",
"ref": "P335547.19.6",
"cof-head": "P335547.l05dbd",
"inst": "bēlu[lord]N$bēl&eleppu[ship]N$eleppi",
"tail-sig": "@saao%akk-x-neoass:=eleppu[ship//ship]N'N$eleppi",
"f": {"lang": "akk-x-neoass",
"form": "{LU₂}EN-{GIŠ}MA₂",
"cf": "eleppu",
"gw": "ship",
"sense": "ship",
"norm": "eleppi",
"pos": "N",
"epos": "N"}
}
]}
,
{
"node": "d",
"type": "line-start",
"ref": "P335547.20",
"n": "7'",
"label": "r 7'"}
,
{
"node": "l",
"frag": "[IGI",
"id": "P335547.l05dbf",
"ref": "P335547.20.1",
"inst": "šību[witness]N",
"exosig": "@saao/saa06%akk-x-neoass:IGI=šību[witness//witness]N'N$šību",
"f": {"lang": "akk-x-neoass",
"form": "IGI",
"cf": "šību",
"gw": "witness",
"sense": "witness",
"norm": "šību",
"pos": "N",
"epos": "N"}
}
,
{
"node": "l",
"frag": "{1}x",
"id": "P335547.l05dc0",
"ref": "P335547.20.2",
"inst": "u",
"f": {"lang": "akk-x-neoass",
"form": "{1}x",
"pos": "u"}
}
,
{
"node": "l",
"frag": "x",
"id": "P335547.l05dc1",
"ref": "P335547.20.3",
"inst": "u",
"f": {"lang": "akk-x-neoass",
"form": "x",
"pos": "u"}
}
,
{
"node": "l",
"frag": "x",
"id": "P335547.l05dc2",
"ref": "P335547.20.4",
"inst": "u",
"f": {"lang": "akk-x-neoass",
"form": "x",
"pos": "u"}
}
,
{
"node": "l",
"frag": "x]",
"id": "P335547.l05dc3",
"ref": "P335547.20.5",
"inst": "u",
"f": {"lang": "akk-x-neoass",
"form": "x",
"pos": "u"}
}
,
{
"node": "c",
"type": "phrase",
"tag": "phr",
"id": "P335547.U8",
"ref": "P335547.ls00004",
"cdl": [
{
"node": "l",
"frag": "{lu₂v}EN-{giš}MA₂",
"id": "P335547.l05dc4",
"ref": "P335547.20.6",
"cof-tails": "P335547.l05dc5",
"inst": "bēlu[lord]N$bēl&eleppu[ship]N$eleppi",
"exosig": "@saao/saa06%akk-x-neoass:{LU₂}EN-{GIŠ}MA₂=bēlu[lord//lord]N'N$bēl&&@saao%akk-x-neoass:=eleppu[ship//ship]N'N$eleppi",
"f": {"lang": "akk-x-neoass",
"form": "{LU₂}EN-{GIŠ}MA₂",
"cf": "bēlu",
"gw": "lord",
"sense": "lord",
"norm": "bēl",
"pos": "N",
"epos": "N"}
}
,
{
"node": "l",
"frag": "{lu₂v}EN-{giš}MA₂",
"id": "P335547.l05dc5",
"ref": "P335547.20.6",
"cof-head": "P335547.l05dc4",
"inst": "bēlu[lord]N$bēl&eleppu[ship]N$eleppi",
"tail-sig": "@saao%akk-x-neoass:=eleppu[ship//ship]N'N$eleppi",
"f": {"lang": "akk-x-neoass",
"form": "{LU₂}EN-{GIŠ}MA₂",
"cf": "eleppu",
"gw": "ship",
"sense": "ship",
"norm": "eleppi",
"pos": "N",
"epos": "N"}
}
]}
,
{
"node": "d",
"type": "line-start",
"ref": "P335547.21",
"n": "8'",
"label": "r 8'"}
,
{
"node": "l",
"frag": "[IGI",
"id": "P335547.l05dc6",
"ref": "P335547.21.1",
"inst": "šību[witness]N",
"exosig": "@saao/saa06%akk-x-neoass:IGI=šību[witness//witness]N'N$šību",
"f": {"lang": "akk-x-neoass",
"form": "IGI",
"cf": "šību",
"gw": "witness",
"sense": "witness",
"norm": "šību",
"pos": "N",
"epos": "N"}
}
,
{
"node": "l",
"frag": "{1}x",
"id": "P335547.l05dc7",
"ref": "P335547.21.2",
"inst": "u",
"f": {"lang": "akk-x-neoass",
"form": "{1}x",
"pos": "u"}
}
,
{
"node": "l",
"frag": "x",
"id": "P335547.l05dc8",
"ref": "P335547.21.3",
"inst": "u",
"f": {"lang": "akk-x-neoass",
"form": "x",
"pos": "u"}
}
,
{
"node": "l",
"frag": "x]",
"id": "P335547.l05dc9",
"ref": "P335547.21.4",
"inst": "u",
"f": {"lang": "akk-x-neoass",
"form": "x",
"pos": "u"}
}
,
{
"node": "l",
"frag": "{⸢lu₂v⸣}3-šu₂",
"id": "P335547.l05dca",
"ref": "P335547.21.5",
"inst": "tašlīšu[third man on chariot]N",
"exosig": "@saao/saa06%akk-x-neoass:{LU₂}3-šu₂=tašlīšu[third man on chariot//third man on chariot]N'N$tašlīšu",
"f": {"lang": "akk-x-neoass",
"form": "{LU₂}3-šu₂",
"cf": "tašlīšu",
"gw": "third man on chariot",
"sense": "third man on chariot",
"norm": "tašlīšu",
"pos": "N",
"epos": "N"}
}
,
{
"node": "l",
"frag": "ša₂",
"id": "P335547.l05dcb",
"ref": "P335547.21.6",
"inst": "ša[of]DET",
"exosig": "@saao/saa06%akk-x-neoass:ša₂=ša[of//of]DET'DET$ša",
"f": {"lang": "akk-x-neoass",
"form": "ša₂",
"cf": "ša",
"gw": "of",
"sense": "of",
"norm": "ša",
"pos": "DET",
"epos": "DET"}
}
,
{
"node": "l",
"frag": "a-pa-MEŠ",
"id": "P335547.l05dcc",
"ref": "P335547.21.7",
"inst": "appatu[bridle]N$appāti",
"exosig": "@saao/saa06%akk-x-neoass:a-pa-MEŠ=appatu[bridle//bridle]N'N$appāti",
"f": {"lang": "akk-x-neoass",
"form": "a-pa-MEŠ",
"cf": "appatu",
"gw": "bridle",
"sense": "bridle",
"norm": "appāti",
"pos": "N",
"epos": "N"}
}
,
{
"node": "d",
"type": "line-start",
"ref": "P335547.22",
"n": "9'",
"label": "r 9'"}
,
{
"node": "l",
"frag": "[IGI",
"id": "P335547.l05dcd",
"ref": "P335547.22.1",
"inst": "šību[witness]N",
"exosig": "@saao/saa06%akk-x-neoass:IGI=šību[witness//witness]N'N$šību",
"f": {"lang": "akk-x-neoass",
"form": "IGI",
"cf": "šību",
"gw": "witness",
"sense": "witness",
"norm": "šību",
"pos": "N",
"epos": "N"}
}
,
{
"node": "l",
"frag": "{1}x",
"id": "P335547.l05dce",
"ref": "P335547.22.2",
"inst": "u",
"f": {"lang": "akk-x-neoass",
"form": "{1}x",
"pos": "u"}
}
,
{
"node": "l",
"frag": "x",
"id": "P335547.l05dcf",
"ref": "P335547.22.3",
"inst": "u",
"f": {"lang": "akk-x-neoass",
"form": "x",
"pos": "u"}
}
,
{
"node": "l",
"frag": "x",
"id": "P335547.l05dd0",
"ref": "P335547.22.4",
"inst": "u",
"f": {"lang": "akk-x-neoass",
"form": "x",
"pos": "u"}
}
,
{
"node": "l",
"frag": "x]",
"id": "P335547.l05dd1",
"ref": "P335547.22.5",
"inst": "u",
"f": {"lang": "akk-x-neoass",
"form": "x",
"pos": "u"}
}
,
{
"node": "l",
"frag": "{⸢lu₂v⸣}3-šu₂",
"id": "P335547.l05dd2",
"ref": "P335547.22.6",
"inst": "tašlīšu[third man on chariot]N",
"exosig": "@saao/saa06%akk-x-neoass:{LU₂}3-šu₂=tašlīšu[third man on chariot//third man on chariot]N'N$tašlīšu",
"f": {"lang": "akk-x-neoass",
"form": "{LU₂}3-šu₂",
"cf": "tašlīšu",
"gw": "third man on chariot",
"sense": "third man on chariot",
"norm": "tašlīšu",
"pos": "N",
"epos": "N"}
}
,
{
"node": "l",
"frag": "ša",
"id": "P335547.l05dd3",
"ref": "P335547.22.7",
"inst": "ša[of]DET",
"exosig": "@saao/saa06%akk-x-neoass:ša=ša[of//of]DET'DET$ša",
"f": {"lang": "akk-x-neoass",
"form": "ša",
"cf": "ša",
"gw": "of",
"sense": "of",
"norm": "ša",
"pos": "DET",
"epos": "DET"}
}
,
{
"node": "d",
"frag": ":",
"type": "nonw",
"ref": "P335547.22.8",
"lang": "akk-x-neoass",
"type": "punct"}
,
{
"node": "d",
"type": "line-start",
"ref": "P335547.23",
"n": "10'",
"label": "r 10'"}
,
{
"node": "l",
"frag": "[IGI",
"id": "P335547.l05dd4",
"ref": "P335547.23.1",
"inst": "šību[witness]N",
"exosig": "@saao/saa06%akk-x-neoass:IGI=šību[witness//witness]N'N$šību",
"f": {"lang": "akk-x-neoass",
"form": "IGI",
"cf": "šību",
"gw": "witness",
"sense": "witness",
"norm": "šību",
"pos": "N",
"epos": "N"}
}
,
{
"node": "l",
"frag": "{1}x",
"id": "P335547.l05dd5",
"ref": "P335547.23.2",
"inst": "u",
"f": {"lang": "akk-x-neoass",
"form": "{1}x",
"pos": "u"}
}
,
{
"node": "l",
"frag": "x",
"id": "P335547.l05dd6",
"ref": "P335547.23.3",
"inst": "u",
"f": {"lang": "akk-x-neoass",
"form": "x",
"pos": "u"}
}
,
{
"node": "l",
"frag": "x",
"id": "P335547.l05dd7",
"ref": "P335547.23.4",
"inst": "u",
"f": {"lang": "akk-x-neoass",
"form": "x",
"pos": "u"}
}
,
{
"node": "l",
"frag": "x]",
"id": "P335547.l05dd8",
"ref": "P335547.23.5",
"inst": "u",
"f": {"lang": "akk-x-neoass",
"form": "x",
"pos": "u"}
}
,
{
"node": "l",
"frag": "{lu₂v}3-⸢šu₂⸣",
"id": "P335547.l05dd9",
"ref": "P335547.23.6",
"inst": "tašlīšu[third man on chariot]N",
"exosig": "@saao/saa06%akk-x-neoass:{LU₂}3-šu₂=tašlīšu[third man on chariot//third man on chariot]N'N$tašlīšu",
"f": {"lang": "akk-x-neoass",
"form": "{LU₂}3-šu₂",
"cf": "tašlīšu",
"gw": "third man on chariot",
"sense": "third man on chariot",
"norm": "tašlīšu",
"pos": "N",
"epos": "N"}
}
,
{
"node": "l",
"frag": "[x",
"id": "P335547.l05dda",
"ref": "P335547.23.7",
"inst": "u",
"f": {"lang": "akk-x-neoass",
"form": "x",
"pos": "u"}
}
,
{
"node": "l",
"frag": "x]",
"id": "P335547.l05ddb",
"ref": "P335547.23.8",
"inst": "u",
"f": {"lang": "akk-x-neoass",
"form": "x",
"pos": "u"}
}
,
{
"node": "d",
"type": "nonx",
"ref": "P335547.24",
"strict": "0",
"extent": "rest",
"state": "missing"}
]}
]}
]}
,
{
"linkbase": [{
"type": "linkset",
"xlink_title": "ištu pān[from//because of]PRP'PRP",
"id": "P335547.ls00000",
"xlink_type": "extended",
"xlink_role": "psu",
"sig": "{ištu[from]PRP pānu[front]N += ištu pān[from//because of]PRP'PRP}::@saao%akk-x-neoass:TA=ištu[from//from]PRP'PRP$issu++@saao%akk-x-neoass:IGI=pānu[front//front]N'N$pān",
"links": [
{
"type": "link",
"xlink_title": "issu",
"xlink_type": "locator",
"xlink_href": "#P335547.l05d89",
"xlink_role": "elt"}
,
{
"type": "link",
"xlink_title": "pān",
"xlink_type": "locator",
"xlink_href": "#P335547.l05d8a",
"xlink_role": "elt"}
]}
,
{
"type": "linkset",
"xlink_title": "rab nikkassi[chief of accounts//chief of accounts]N'N",
"id": "P335547.ls00001",
"xlink_type": "extended",
"xlink_role": "psu",
"sig": "{rabû[big one]N nikkassu[account(s)]N += rab nikkassi[chief of accounts//chief of accounts]N'N}::@saao%akk-x-neoass:{LU₂}GAL-NIG₂.ŠID=rabû[big one//big one]N'N$rab++@saao%akk-x-neoass:{LU₂}GAL-NIG₂.ŠID=nikkassu[account(s)//account(s)]N'N$nikkassi",
"links": [
{
"type": "link",
"xlink_title": "rabû",
"xlink_type": "locator",
"xlink_href": "#P335547.l05d91",
"xlink_role": "elt"}
,
{
"type": "link",
"xlink_title": "nikkassu",
"xlink_type": "locator",
"xlink_href": "#P335547.l05d92",
"xlink_role": "elt"}
]}
,
{
"type": "linkset",
"xlink_title": "ina libbi[in//(in exchange) for]PRP'PRP",
"id": "P335547.ls00002",
"xlink_type": "extended",
"xlink_role": "psu",
"sig": "{ina[in]PRP libbu[interior]N += ina libbi[in//(in exchange) for]PRP'PRP}::@saao%akk-x-neoass:ina=ina[in//into]PRP'PRP$ina++@saao%akk-x-neoass:ŠA₃=libbu[interior//interior]N'N$libbi",
"links": [
{
"type": "link",
"xlink_title": "ina",
"xlink_type": "locator",
"xlink_href": "#P335547.l05d93",
"xlink_role": "elt"}
,
{
"type": "link",
"xlink_title": "libbi",
"xlink_type": "locator",
"xlink_href": "#P335547.l05d94",
"xlink_role": "elt"}
]}
,
{
"type": "linkset",
"xlink_title": "bēl eleppi[boat owner//boat owner]N'N",
"id": "P335547.ls00003",
"xlink_type": "extended",
"xlink_role": "psu",
"sig": "{bēlu[lord]N eleppu[ship]N += bēl eleppi[boat owner//boat owner]N'N}::@saao%akk-x-neoass:{LU₂}EN-{GIŠ}MA₂=bēlu[lord//lord]N'N$bēl++@saao%akk-x-neoass:{LU₂}EN-{GIŠ}MA₂=eleppu[ship//ship]N'N$eleppi",
"links": [
{
"type": "link",
"xlink_title": "bēlu",
"xlink_type": "locator",
"xlink_href": "#P335547.l05dbd",
"xlink_role": "elt"}
,
{
"type": "link",
"xlink_title": "eleppu",
"xlink_type": "locator",
"xlink_href": "#P335547.l05dbe",
"xlink_role": "elt"}
]}
,
{
"type": "linkset",
"xlink_title": "bēl eleppi[boat owner//boat owner]N'N",
"id": "P335547.ls00004",
"xlink_type": "extended",
"xlink_role": "psu",
"sig": "{bēlu[lord]N eleppu[ship]N += bēl eleppi[boat owner//boat owner]N'N}::@saao%akk-x-neoass:{LU₂}EN-{GIŠ}MA₂=bēlu[lord//lord]N'N$bēl++@saao%akk-x-neoass:{LU₂}EN-{GIŠ}MA₂=eleppu[ship//ship]N'N$eleppi",
"links": [
{
"type": "link",
"xlink_title": "bēlu",
"xlink_type": "locator",
"xlink_href": "#P335547.l05dc4",
"xlink_role": "elt"}
,
{
"type": "link",
"xlink_title": "eleppu",
"xlink_type": "locator",
"xlink_href": "#P335547.l05dc5",
"xlink_role": "elt"}
]}
]}
]}
