{
"type": "cdl",
  "source": "http://oracc.org/saao/saa06",
  "license": "This data is released under the CC0 license",
  "license-url": "https://creativecommons.org/publicdomain/zero/1.0/",
  "more-info": "http://oracc.org/doc/opendata/",
  "UTC-timestamp": "2017-05-19T11:30:57",
"project": "saao/saa06",
"textid": "P335094",
"cdl": [
{
"node": "c",
"type": "text",
"id": "P335094.U0",
"cdl": [
{
"node": "d",
"type": "object",
"ref": ""}
,
{
"node": "d",
"subtype": "obverse",
"type": "surface",
"ref": "P335094.o.1",
"type": "obverse",
"label": "o"}
,
{
"node": "d",
"type": "nonx",
"ref": "P335094.2",
"strict": "0",
"extent": "beginning",
"state": "missing"}
,
{
"node": "c",
"type": "discourse",
"subtype": "body",
"id": "P335094.U1",
"cdl": [
{
"node": "c",
"type": "sentence",
"id": "P335094.U2",
"label": "o 1' - r 2",
"cdl": [
{
"node": "d",
"type": "line-start",
"ref": "P335094.3",
"n": "1'",
"label": "o 1'"}
,
{
"node": "l",
"frag": "[x",
"id": "P335094.l01ac3",
"ref": "P335094.3.1",
"inst": "u",
"f": {"lang": "akk-x-neoass",
"form": "x",
"pos": "u"}
}
,
{
"node": "l",
"frag": "{1}A.10-dal₃-[a]",
"id": "P335094.l01ac4",
"ref": "P335094.3.2",
"inst": "Apladad-dala[1]PN$",
"exosig": "@saao/saa06%akk-x-neoass:{1}A.10-dal₃-a=Apladad-dala[1//1]PN'PN$Apladad-dala",
"f": {"lang": "akk-x-neoass",
"form": "{1}A.10-dal₃-a",
"cf": "Apladad-dala",
"gw": "1",
"sense": "1",
"norm": "Apladad-dala",
"pos": "PN",
"epos": "PN"}
}
,
{
"node": "d",
"type": "line-start",
"ref": "P335094.4",
"n": "2'",
"label": "o 2'"}
,
{
"node": "l",
"frag": "ša",
"id": "P335094.l01ac5",
"ref": "P335094.4.1",
"inst": "ša[of]DET",
"exosig": "@saao/saa06%akk-x-neoass:ša=ša[of//of]DET'DET$ša",
"f": {"lang": "akk-x-neoass",
"form": "ša",
"cf": "ša",
"gw": "of",
"sense": "of",
"norm": "ša",
"pos": "DET",
"epos": "DET"}
}
,
{
"node": "l",
"frag": "{1}ba-hi-⸢a-ni⸣",
"id": "P335094.l01ac6",
"ref": "P335094.4.2",
"inst": "Bahiani[1]PN",
"exosig": "@saao/saa06%akk-x-neoass:{1}ba-hi-a-ni=Bahianu[1//1]PN'PN$Bahiani",
"f": {"lang": "akk-x-neoass",
"form": "{1}ba-hi-a-ni",
"cf": "Bahianu",
"gw": "1",
"sense": "1",
"norm": "Bahiani",
"pos": "PN",
"epos": "PN"}
}
,
{
"node": "d",
"type": "line-start",
"ref": "P335094.5",
"n": "3'",
"label": "o 3'"}
,
{
"node": "c",
"type": "phrase",
"tag": "phr",
"id": "P335094.U4",
"ref": "P335094.ls00000",
"cdl": [
{
"node": "l",
"frag": "ina",
"id": "P335094.l01ac7",
"ref": "P335094.5.1",
"inst": "ina[in+=at the disposal of]PRP",
"exosig": "@saao/saa06%akk-x-neoass:ina=ina[in//in]PRP'PRP$ina",
"f": {"lang": "akk-x-neoass",
"form": "ina",
"cf": "ina",
"gw": "in",
"sense": "in",
"norm": "ina",
"pos": "PRP",
"epos": "PRP"}
}
,
{
"node": "l",
"frag": "IGI-šu₂-nu",
"id": "P335094.l01ac8",
"ref": "P335094.5.2",
"inst": "pānišunu[front]N",
"exosig": "@saao/saa06%akk-x-neoass:IGI-šu₂-nu=pānu[front//front]N'N$pānišunu",
"f": {"lang": "akk-x-neoass",
"form": "IGI-šu₂-nu",
"cf": "pānu",
"gw": "front",
"sense": "front",
"norm": "pānišunu",
"pos": "N",
"epos": "N"}
}
]}
,
{
"node": "d",
"type": "line-start",
"ref": "P335094.6",
"n": "4'",
"label": "o 4'"}
,
{
"node": "c",
"type": "phrase",
"tag": "phr",
"id": "P335094.U5",
"ref": "P335094.ls00001",
"cdl": [
{
"node": "l",
"frag": "ina",
"id": "P335094.l01ac9",
"ref": "P335094.6.1",
"inst": "ina[in+=as a loan]PRP",
"exosig": "@saao/saa06%akk-x-neoass:ina=ina[in//in]PRP'PRP$ina",
"f": {"lang": "akk-x-neoass",
"form": "ina",
"cf": "ina",
"gw": "in",
"sense": "in",
"norm": "ina",
"pos": "PRP",
"epos": "PRP"}
}
,
{
"node": "l",
"frag": "pu-u-hi",
"id": "P335094.l01aca",
"ref": "P335094.6.2",
"inst": "pūhi[loan]N",
"exosig": "@saao/saa06%akk-x-neoass:pu-u-hi=pūhu[exchange//loan]N'N$pūhi",
"f": {"lang": "akk-x-neoass",
"form": "pu-u-hi",
"cf": "pūhu",
"gw": "exchange",
"sense": "loan",
"norm": "pūhi",
"pos": "N",
"epos": "N"}
}
]}
,
{
"node": "l",
"frag": "it-ta-ṣu",
"id": "P335094.l01acb",
"ref": "P335094.6.3",
"inst": "ittaṣṣu[take]V",
"exosig": "@saao/saa06%akk-x-neoass:it-ta-ṣu=našû[lift//take]V'V$ittaṣṣu",
"f": {"lang": "akk-x-neoass",
"form": "it-ta-ṣu",
"cf": "našû",
"gw": "lift",
"sense": "take",
"norm": "ittaṣṣu",
"pos": "V",
"epos": "V"}
}
,
{
"node": "d",
"subtype": "reverse",
"type": "surface",
"ref": "P335094.r.7",
"type": "reverse",
"label": "r"}
,
{
"node": "d",
"type": "line-start",
"ref": "P335094.8",
"n": "1",
"label": "r 1"}
,
{
"node": "l",
"frag": "{iti}GUD",
"id": "P335094.l01acc",
"ref": "P335094.8.1",
"inst": "Ayari[Iyyar]MN",
"exosig": "@saao/saa06%akk-x-neoass:{ITI}GUD=Ayaru[Iyyar//Iyyar]MN'MN$Ayari",
"f": {"lang": "akk-x-neoass",
"form": "{ITI}GUD",
"cf": "Ayaru",
"gw": "Iyyar",
"sense": "Iyyar",
"norm": "Ayari",
"pos": "MN",
"epos": "MN"}
}
,
{
"node": "l",
"frag": "UD",
"id": "P335094.l01acd",
"ref": "P335094.8.2",
"inst": "ūm[day]N",
"exosig": "@saao/saa06%akk-x-neoass:UD=ūmu[day//day]N'N$ūm",
"f": {"lang": "akk-x-neoass",
"form": "UD",
"cf": "ūmu",
"gw": "day",
"sense": "day",
"norm": "ūm",
"pos": "N",
"epos": "N"}
}
,
{
"node": "l",
"frag": "10-KAM₂",
"id": "P335094.l01ace",
"ref": "P335094.8.3",
"inst": "n",
"f": {"lang": "akk-x-neoass",
"form": "10-KAM₂",
"pos": "n"}
}
,
{
"node": "d",
"type": "nonx",
"ref": "P335094.9",
"strict": "0",
"extent": "2",
"scope": "impression",
"state": "other"}
,
{
"node": "d",
"type": "line-start",
"ref": "P335094.10",
"n": "2",
"label": "r 2"}
,
{
"node": "l",
"frag": "⸢lim⸣-mu",
"id": "P335094.l01acf",
"ref": "P335094.10.1",
"inst": "limmu[eponym (of year)]N",
"exosig": "@saao/saa06%akk-x-neoass:lim-mu=līmu[eponym (of year)//eponym (of year)]N'N$limmu",
"f": {"lang": "akk-x-neoass",
"form": "lim-mu",
"cf": "līmu",
"gw": "eponym (of year)",
"sense": "eponym (of year)",
"norm": "limmu",
"pos": "N",
"epos": "N"}
}
,
{
"node": "l",
"frag": "{1}{d}PA-MAN-PAB",
"id": "P335094.l01ad0",
"ref": "P335094.10.2",
"inst": "Nabu-šarru-uṣur[1]PN",
"exosig": "@saao/saa06%akk-x-neoass:{1}{d}PA-MAN-PAB=Nabu-šarru-uṣur[1//1]PN'PN$Nabu-šarru-uṣur",
"f": {"lang": "akk-x-neoass",
"form": "{1}{d}PA-MAN-PAB",
"cf": "Nabu-šarru-uṣur",
"gw": "1",
"sense": "1",
"norm": "Nabu-šarru-uṣur",
"pos": "PN",
"epos": "PN"}
}
]}
]}
]}
,
{
"linkbase": [{
"type": "linkset",
"xlink_title": "ina pān[in the presence of//at the disposal of]PRP'PRP",
"id": "P335094.ls00000",
"xlink_type": "extended",
"xlink_role": "psu",
"sig": "{ina[in]PRP pānu[front]N += ina pān[in the presence of//at the disposal of]PRP'PRP}::@saao%akk-x-neoass:ina=ina[in//into]PRP'PRP$ina++@saao%akk-x-neoass:IGI-šu₂-nu=pānu[front//front]N'N$pānišunu",
"links": [
{
"type": "link",
"xlink_title": "ina",
"xlink_type": "locator",
"xlink_href": "#P335094.l01ac7",
"xlink_role": "elt"}
,
{
"type": "link",
"xlink_title": "pānišunu",
"xlink_type": "locator",
"xlink_href": "#P335094.l01ac8",
"xlink_role": "elt"}
]}
,
{
"type": "linkset",
"xlink_title": "ina pūhi[as a loan//as a loan]PRP'PRP",
"id": "P335094.ls00001",
"xlink_type": "extended",
"xlink_role": "psu",
"sig": "{ina[in]PRP pūhu[exchange]N += ina pūhi[as a loan//as a loan]PRP'PRP}::@saao%akk-x-neoass:ina=ina[in//into]PRP'PRP$ina++@saao%akk-x-neoass:pu-u-hi=pūhu[exchange//exchange]N'N$pūhi",
"links": [
{
"type": "link",
"xlink_title": "ina",
"xlink_type": "locator",
"xlink_href": "#P335094.l01ac9",
"xlink_role": "elt"}
,
{
"type": "link",
"xlink_title": "pūhi",
"xlink_type": "locator",
"xlink_href": "#P335094.l01aca",
"xlink_role": "elt"}
]}
]}
]}
