{
"type": "cdl",
  "source": "http://oracc.org/saao/saa06",
  "license": "This data is released under the CC0 license",
  "license-url": "https://creativecommons.org/publicdomain/zero/1.0/",
  "more-info": "http://oracc.org/doc/opendata/",
  "UTC-timestamp": "2017-05-19T11:31:28",
"project": "saao/saa06",
"textid": "P335520",
"cdl": [
{
"node": "c",
"type": "text",
"id": "P335520.U0",
"cdl": [
{
"node": "d",
"type": "object",
"ref": ""}
,
{
"node": "d",
"subtype": "obverse",
"type": "surface",
"ref": "P335520.o.1",
"type": "obverse",
"label": "o"}
,
{
"node": "d",
"type": "nonx",
"ref": "P335520.2",
"strict": "0",
"state": "other"}
,
{
"node": "d",
"subtype": "reverse",
"type": "surface",
"ref": "P335520.r.3",
"type": "reverse",
"label": "r"}
,
{
"node": "d",
"type": "nonx",
"ref": "P335520.4",
"strict": "0",
"extent": "beginning",
"state": "missing"}
,
{
"node": "c",
"type": "discourse",
"subtype": "body",
"id": "P335520.U1",
"cdl": [
{
"node": "c",
"type": "sentence",
"id": "P335520.U2",
"label": "r 1' - r 8'",
"cdl": [
{
"node": "d",
"type": "line-start",
"ref": "P335520.5",
"n": "1'",
"label": "r 1'"}
,
{
"node": "l",
"frag": "[IGI]",
"id": "P335520.l04b14",
"ref": "P335520.5.1",
"inst": "šību[witness]N",
"exosig": "@saao/saa06%akk-x-neoass:IGI=šību[witness//witness]N'N$šību",
"f": {"lang": "akk-x-neoass",
"form": "IGI",
"cf": "šību",
"gw": "witness",
"sense": "witness",
"norm": "šību",
"pos": "N",
"epos": "N"}
}
,
{
"node": "l",
"frag": "{1}{d}PA.TUG₂-⸢DINGIR⸣-[a.a]",
"id": "P335520.l04b15",
"ref": "P335520.5.2",
"inst": "Nušku-ilaʾi[1]PN",
"exosig": "@saao/saa06%akk-x-neoass:{1}{d}PA.TUG₂-DINGIR-a.a=Nušku-ilaʾi[1//1]PN'PN$Nušku-ilaʾi",
"f": {"lang": "akk-x-neoass",
"form": "{1}{d}PA.TUG₂-DINGIR-a.a",
"cf": "Nušku-ilaʾi",
"gw": "1",
"sense": "1",
"norm": "Nušku-ilaʾi",
"pos": "PN",
"epos": "PN"}
}
,
{
"node": "d",
"type": "line-start",
"ref": "P335520.6",
"n": "2'",
"label": "r 2'"}
,
{
"node": "l",
"frag": "[IGI]",
"id": "P335520.l04b16",
"ref": "P335520.6.1",
"inst": "šību[witness]N",
"exosig": "@saao/saa06%akk-x-neoass:IGI=šību[witness//witness]N'N$šību",
"f": {"lang": "akk-x-neoass",
"form": "IGI",
"cf": "šību",
"gw": "witness",
"sense": "witness",
"norm": "šību",
"pos": "N",
"epos": "N"}
}
,
{
"node": "l",
"frag": "{1}A-[PAB]",
"id": "P335520.l04b17",
"ref": "P335520.6.2",
"inst": "Aplu-uṣur[1]PN",
"exosig": "@saao/saa06%akk-x-neoass:{1}A-PAB=Aplu-uṣur[1//1]PN'PN$Aplu-uṣur",
"f": {"lang": "akk-x-neoass",
"form": "{1}A-PAB",
"cf": "Aplu-uṣur",
"gw": "1",
"sense": "1",
"norm": "Aplu-uṣur",
"pos": "PN",
"epos": "PN"}
}
,
{
"node": "d",
"type": "line-start",
"ref": "P335520.7",
"n": "3'",
"label": "r 3'"}
,
{
"node": "l",
"frag": "[IGI]",
"id": "P335520.l04b18",
"ref": "P335520.7.1",
"inst": "šību[witness]N",
"exosig": "@saao/saa06%akk-x-neoass:IGI=šību[witness//witness]N'N$šību",
"f": {"lang": "akk-x-neoass",
"form": "IGI",
"cf": "šību",
"gw": "witness",
"sense": "witness",
"norm": "šību",
"pos": "N",
"epos": "N"}
}
,
{
"node": "l",
"frag": "{1}{d}PA-MAN-[PAB]",
"id": "P335520.l04b19",
"ref": "P335520.7.2",
"inst": "Nabu-šarru-uṣur[1]PN",
"exosig": "@saao/saa06%akk-x-neoass:{1}{d}PA-MAN-PAB=Nabu-šarru-uṣur[1//1]PN'PN$Nabu-šarru-uṣur",
"f": {"lang": "akk-x-neoass",
"form": "{1}{d}PA-MAN-PAB",
"cf": "Nabu-šarru-uṣur",
"gw": "1",
"sense": "1",
"norm": "Nabu-šarru-uṣur",
"pos": "PN",
"epos": "PN"}
}
,
{
"node": "d",
"type": "line-start",
"ref": "P335520.8",
"n": "4'",
"label": "r 4'"}
,
{
"node": "l",
"frag": "[IGI]",
"id": "P335520.l04b1a",
"ref": "P335520.8.1",
"inst": "šību[witness]N",
"exosig": "@saao/saa06%akk-x-neoass:IGI=šību[witness//witness]N'N$šību",
"f": {"lang": "akk-x-neoass",
"form": "IGI",
"cf": "šību",
"gw": "witness",
"sense": "witness",
"norm": "šību",
"pos": "N",
"epos": "N"}
}
,
{
"node": "l",
"frag": "{1}DUG₃-IM-{d}[IM]",
"id": "P335520.l04b1b",
"ref": "P335520.8.2",
"inst": "Ṭab-šar-Adad[1]PN$",
"exosig": "@saao/saa06%akk-x-neoass:{1}DUG₃-IM-{d}IM=Ṭab-šar-Adad[1//1]PN'PN$Ṭab-šar-Adad",
"f": {"lang": "akk-x-neoass",
"form": "{1}DUG₃-IM-{d}IM",
"cf": "Ṭab-šar-Adad",
"gw": "1",
"sense": "1",
"norm": "Ṭab-šar-Adad",
"pos": "PN",
"epos": "PN"}
}
,
{
"node": "d",
"type": "line-start",
"ref": "P335520.9",
"n": "5'",
"label": "r 5'"}
,
{
"node": "l",
"frag": "[IGI]",
"id": "P335520.l04b1c",
"ref": "P335520.9.1",
"inst": "šību[witness]N",
"exosig": "@saao/saa06%akk-x-neoass:IGI=šību[witness//witness]N'N$šību",
"f": {"lang": "akk-x-neoass",
"form": "IGI",
"cf": "šību",
"gw": "witness",
"sense": "witness",
"norm": "šību",
"pos": "N",
"epos": "N"}
}
,
{
"node": "l",
"frag": "{1}{d}PA-tak-⸢lak⸣",
"id": "P335520.l04b1d",
"ref": "P335520.9.2",
"inst": "Nabu-taklak[1]PN",
"exosig": "@saao/saa06%akk-x-neoass:{1}{d}PA-tak-lak=Nabu-taklak[1//1]PN'PN$Nabu-taklak",
"f": {"lang": "akk-x-neoass",
"form": "{1}{d}PA-tak-lak",
"cf": "Nabu-taklak",
"gw": "1",
"sense": "1",
"norm": "Nabu-taklak",
"pos": "PN",
"epos": "PN"}
}
,
{
"node": "d",
"type": "line-start",
"ref": "P335520.10",
"n": "6'",
"label": "r 6'"}
,
{
"node": "l",
"frag": "[IGI]",
"id": "P335520.l04b1e",
"ref": "P335520.10.1",
"inst": "šību[witness]N",
"exosig": "@saao/saa06%akk-x-neoass:IGI=šību[witness//witness]N'N$šību",
"f": {"lang": "akk-x-neoass",
"form": "IGI",
"cf": "šību",
"gw": "witness",
"sense": "witness",
"norm": "šību",
"pos": "N",
"epos": "N"}
}
,
{
"node": "l",
"frag": "{1}{d}PA-ba-ni",
"id": "P335520.l04b1f",
"ref": "P335520.10.2",
"inst": "Nabu-bani[1]PN",
"exosig": "@saao/saa06%akk-x-neoass:{1}{d}PA-ba-ni=Nabu-bani[1//1]PN'PN$Nabu-bani",
"f": {"lang": "akk-x-neoass",
"form": "{1}{d}PA-ba-ni",
"cf": "Nabu-bani",
"gw": "1",
"sense": "1",
"norm": "Nabu-bani",
"pos": "PN",
"epos": "PN"}
}
,
{
"node": "d",
"type": "line-start",
"ref": "P335520.11",
"n": "7'",
"label": "r 7'"}
,
{
"node": "l",
"frag": "[IGI",
"id": "P335520.l04b20",
"ref": "P335520.11.1",
"inst": "šību[witness]N",
"exosig": "@saao/saa06%akk-x-neoass:IGI=šību[witness//witness]N'N$šību",
"f": {"lang": "akk-x-neoass",
"form": "IGI",
"cf": "šību",
"gw": "witness",
"sense": "witness",
"norm": "šību",
"pos": "N",
"epos": "N"}
}
,
{
"node": "l",
"frag": "{1}PAB-⸢BAD₃⸣",
"id": "P335520.l04b21",
"ref": "P335520.11.2",
"inst": "Ahu-duri[1]PN",
"exosig": "@saao/saa06%akk-x-neoass:{1}PAB-BAD₃=Ahu-duri[1//1]PN'PN$Ahu-duri",
"f": {"lang": "akk-x-neoass",
"form": "{1}PAB-BAD₃",
"cf": "Ahu-duri",
"gw": "1",
"sense": "1",
"norm": "Ahu-duri",
"pos": "PN",
"epos": "PN"}
}
,
{
"node": "d",
"type": "line-start",
"ref": "P335520.12",
"n": "8'",
"label": "r 8'"}
,
{
"node": "l",
"frag": "[IGI",
"id": "P335520.l04b22",
"ref": "P335520.12.1",
"inst": "šību[witness]N",
"exosig": "@saao/saa06%akk-x-neoass:IGI=šību[witness//witness]N'N$šību",
"f": {"lang": "akk-x-neoass",
"form": "IGI",
"cf": "šību",
"gw": "witness",
"sense": "witness",
"norm": "šību",
"pos": "N",
"epos": "N"}
}
,
{
"node": "l",
"frag": "{1}hu-ra-a.a]",
"id": "P335520.l04b23",
"ref": "P335520.12.2",
"inst": "Huraya[1]PN",
"exosig": "@saao/saa06%akk-x-neoass:{1}hu-ra-a.a=Huraya[1//1]PN'PN$Huraya",
"f": {"lang": "akk-x-neoass",
"form": "{1}hu-ra-a.a",
"cf": "Huraya",
"gw": "1",
"sense": "1",
"norm": "Huraya",
"pos": "PN",
"epos": "PN"}
}
,
{
"node": "d",
"type": "nonx",
"ref": "P335520.13",
"strict": "0",
"extent": "rest",
"state": "missing"}
]}
]}
]}
]}
