{
"type": "cdl",
  "source": "http://oracc.org/saao/saa06",
  "license": "This data is released under the CC0 license",
  "license-url": "https://creativecommons.org/publicdomain/zero/1.0/",
  "more-info": "http://oracc.org/doc/opendata/",
  "UTC-timestamp": "2017-05-19T11:31:19",
"project": "saao/saa06",
"textid": "P335371",
"cdl": [
{
"node": "c",
"type": "text",
"id": "P335371.U0",
"cdl": [
{
"node": "d",
"type": "object",
"ref": ""}
,
{
"node": "d",
"subtype": "obverse",
"type": "surface",
"ref": "P335371.o.1",
"type": "obverse",
"label": "o"}
,
{
"node": "d",
"type": "nonx",
"ref": "P335371.2",
"strict": "0",
"extent": "beginning",
"state": "missing"}
,
{
"node": "c",
"type": "discourse",
"subtype": "body",
"id": "P335371.U1",
"cdl": [
{
"node": "c",
"type": "sentence",
"id": "P335371.U2",
"label": "o 1 - r 12",
"cdl": [
{
"node": "d",
"type": "line-start",
"ref": "P335371.3",
"n": "1",
"label": "o 1"}
,
{
"node": "l",
"frag": "⸢x",
"id": "P335371.l050e5",
"ref": "P335371.3.1",
"inst": "u",
"f": {"lang": "akk-x-neoass",
"form": "x",
"pos": "u"}
}
,
{
"node": "l",
"frag": "x",
"id": "P335371.l050e6",
"ref": "P335371.3.2",
"inst": "u",
"f": {"lang": "akk-x-neoass",
"form": "x",
"pos": "u"}
}
,
{
"node": "l",
"frag": "x⸣",
"id": "P335371.l050e7",
"ref": "P335371.3.3",
"inst": "u",
"f": {"lang": "akk-x-neoass",
"form": "x",
"pos": "u"}
}
,
{
"node": "l",
"frag": "[x",
"id": "P335371.l050e8",
"ref": "P335371.3.4",
"inst": "u",
"f": {"lang": "akk-x-neoass",
"form": "x",
"pos": "u"}
}
,
{
"node": "l",
"frag": "x",
"id": "P335371.l050e9",
"ref": "P335371.3.5",
"inst": "u",
"f": {"lang": "akk-x-neoass",
"form": "x",
"pos": "u"}
}
,
{
"node": "l",
"frag": "x",
"id": "P335371.l050ea",
"ref": "P335371.3.6",
"inst": "u",
"f": {"lang": "akk-x-neoass",
"form": "x",
"pos": "u"}
}
,
{
"node": "l",
"frag": "x",
"id": "P335371.l050eb",
"ref": "P335371.3.7",
"inst": "u",
"f": {"lang": "akk-x-neoass",
"form": "x",
"pos": "u"}
}
,
{
"node": "l",
"frag": "x",
"id": "P335371.l050ec",
"ref": "P335371.3.8",
"inst": "u",
"f": {"lang": "akk-x-neoass",
"form": "x",
"pos": "u"}
}
,
{
"node": "l",
"frag": "x",
"id": "P335371.l050ed",
"ref": "P335371.3.9",
"inst": "u",
"f": {"lang": "akk-x-neoass",
"form": "x",
"pos": "u"}
}
,
{
"node": "l",
"frag": "x",
"id": "P335371.l050ee",
"ref": "P335371.3.10",
"inst": "u",
"f": {"lang": "akk-x-neoass",
"form": "x",
"pos": "u"}
}
,
{
"node": "l",
"frag": "x",
"id": "P335371.l050ef",
"ref": "P335371.3.11",
"inst": "u",
"f": {"lang": "akk-x-neoass",
"form": "x",
"pos": "u"}
}
,
{
"node": "l",
"frag": "x]",
"id": "P335371.l050f0",
"ref": "P335371.3.12",
"inst": "u",
"f": {"lang": "akk-x-neoass",
"form": "x",
"pos": "u"}
}
,
{
"node": "d",
"type": "line-start",
"ref": "P335371.4",
"n": "2",
"label": "o 2"}
,
{
"node": "l",
"frag": "{1}šum-ma-{d}⸢IM⸣",
"id": "P335371.l050f1",
"ref": "P335371.4.1",
"inst": "Šumma-Adad[1]PN$",
"exosig": "@saao/saa06%akk-x-neoass:{1}šum-ma-{d}IM=Šumma-Adad[1//1]PN'PN$Šumma-Adad",
"f": {"lang": "akk-x-neoass",
"form": "{1}šum-ma-{d}IM",
"cf": "Šumma-Adad",
"gw": "1",
"sense": "1",
"norm": "Šumma-Adad",
"pos": "PN",
"epos": "PN"}
}
,
{
"node": "l",
"frag": "[x",
"id": "P335371.l050f2",
"ref": "P335371.4.2",
"inst": "u",
"f": {"lang": "akk-x-neoass",
"form": "x",
"pos": "u"}
}
,
{
"node": "l",
"frag": "x",
"id": "P335371.l050f3",
"ref": "P335371.4.3",
"inst": "u",
"f": {"lang": "akk-x-neoass",
"form": "x",
"pos": "u"}
}
,
{
"node": "l",
"frag": "x",
"id": "P335371.l050f4",
"ref": "P335371.4.4",
"inst": "u",
"f": {"lang": "akk-x-neoass",
"form": "x",
"pos": "u"}
}
,
{
"node": "l",
"frag": "x",
"id": "P335371.l050f5",
"ref": "P335371.4.5",
"inst": "u",
"f": {"lang": "akk-x-neoass",
"form": "x",
"pos": "u"}
}
,
{
"node": "l",
"frag": "x",
"id": "P335371.l050f6",
"ref": "P335371.4.6",
"inst": "u",
"f": {"lang": "akk-x-neoass",
"form": "x",
"pos": "u"}
}
,
{
"node": "l",
"frag": "x",
"id": "P335371.l050f7",
"ref": "P335371.4.7",
"inst": "u",
"f": {"lang": "akk-x-neoass",
"form": "x",
"pos": "u"}
}
,
{
"node": "l",
"frag": "x",
"id": "P335371.l050f8",
"ref": "P335371.4.8",
"inst": "u",
"f": {"lang": "akk-x-neoass",
"form": "x",
"pos": "u"}
}
,
{
"node": "l",
"frag": "x]",
"id": "P335371.l050f9",
"ref": "P335371.4.9",
"inst": "u",
"f": {"lang": "akk-x-neoass",
"form": "x",
"pos": "u"}
}
,
{
"node": "d",
"type": "line-start",
"ref": "P335371.5",
"n": "3",
"label": "o 3"}
,
{
"node": "l",
"frag": "{1}gab-bu-a-mur",
"id": "P335371.l050fa",
"ref": "P335371.5.1",
"inst": "Gabbu-amur[1]PN",
"exosig": "@saao/saa06%akk-x-neoass:{1}gab-bu-a-mur=Gabbu-amur[1//1]PN'PN$Gabbu-amur",
"f": {"lang": "akk-x-neoass",
"form": "{1}gab-bu-a-mur",
"cf": "Gabbu-amur",
"gw": "1",
"sense": "1",
"norm": "Gabbu-amur",
"pos": "PN",
"epos": "PN"}
}
,
{
"node": "l",
"frag": "{[lu₂]}⸢ENGAR⸣",
"id": "P335371.l050fb",
"ref": "P335371.5.2",
"inst": "ikkāru[farmer]N",
"exosig": "@saao/saa06%akk-x-neoass:{LU₂}ENGAR=ikkaru[farmer//farmer]N'N$ikkāru",
"f": {"lang": "akk-x-neoass",
"form": "{LU₂}ENGAR",
"cf": "ikkaru",
"gw": "farmer",
"sense": "farmer",
"norm": "ikkāru",
"pos": "N",
"epos": "N"}
}
,
{
"node": "l",
"frag": "[x",
"id": "P335371.l050fc",
"ref": "P335371.5.3",
"inst": "u",
"f": {"lang": "akk-x-neoass",
"form": "x",
"pos": "u"}
}
,
{
"node": "l",
"frag": "x",
"id": "P335371.l050fd",
"ref": "P335371.5.4",
"inst": "u",
"f": {"lang": "akk-x-neoass",
"form": "x",
"pos": "u"}
}
,
{
"node": "l",
"frag": "x",
"id": "P335371.l050fe",
"ref": "P335371.5.5",
"inst": "u",
"f": {"lang": "akk-x-neoass",
"form": "x",
"pos": "u"}
}
,
{
"node": "l",
"frag": "x",
"id": "P335371.l050ff",
"ref": "P335371.5.6",
"inst": "u",
"f": {"lang": "akk-x-neoass",
"form": "x",
"pos": "u"}
}
,
{
"node": "l",
"frag": "x",
"id": "P335371.l05100",
"ref": "P335371.5.7",
"inst": "u",
"f": {"lang": "akk-x-neoass",
"form": "x",
"pos": "u"}
}
,
{
"node": "l",
"frag": "x",
"id": "P335371.l05101",
"ref": "P335371.5.8",
"inst": "u",
"f": {"lang": "akk-x-neoass",
"form": "x",
"pos": "u"}
}
,
{
"node": "l",
"frag": "x]",
"id": "P335371.l05102",
"ref": "P335371.5.9",
"inst": "u",
"f": {"lang": "akk-x-neoass",
"form": "x",
"pos": "u"}
}
,
{
"node": "d",
"type": "line-start",
"ref": "P335371.6",
"n": "4",
"label": "o 4"}
,
{
"node": "l",
"frag": "{1}{d}PA-AŠ-PAB-⸢MEŠ⸣",
"id": "P335371.l05103",
"ref": "P335371.6.1",
"inst": "Nabu-nadin-ahhe[1]PN$",
"exosig": "@saao/saa06%akk-x-neoass:{1}{d}PA-AŠ-PAB-MEŠ=Nabu-nadin-ahhe[1//1]PN'PN$Nabu-nadin-ahhe",
"f": {"lang": "akk-x-neoass",
"form": "{1}{d}PA-AŠ-PAB-MEŠ",
"cf": "Nabu-nadin-ahhe",
"gw": "1",
"sense": "1",
"norm": "Nabu-nadin-ahhe",
"pos": "PN",
"epos": "PN"}
}
,
{
"node": "l",
"frag": "01",
"id": "P335371.l05104",
"ref": "P335371.6.2",
"inst": "n",
"f": {"lang": "akk-x-neoass",
"form": "01",
"pos": "n"}
}
,
{
"node": "l",
"frag": "DUMU",
"id": "P335371.l05105",
"ref": "P335371.6.3",
"inst": "mār[son]N",
"exosig": "@saao/saa06%akk-x-neoass:DUMU=māru[son//son]N'N$mār",
"f": {"lang": "akk-x-neoass",
"form": "DUMU",
"cf": "māru",
"gw": "son",
"sense": "son",
"norm": "mār",
"pos": "N",
"epos": "N"}
}
,
{
"node": "l",
"frag": "04",
"id": "P335371.l05106",
"ref": "P335371.6.4",
"inst": "n",
"f": {"lang": "akk-x-neoass",
"form": "04",
"pos": "n"}
}
,
{
"node": "l",
"frag": "⸢LAL⸣",
"id": "P335371.l05107",
"ref": "P335371.6.5",
"inst": "rūṭu[unit//a unit of length]N$",
"exosig": "@saao/saa06%akk-x-neoass:LAL=rūṭu[unit//a unit of length]N'N$rūṭu",
"f": {"lang": "akk-x-neoass",
"form": "LAL",
"cf": "rūṭu",
"gw": "unit",
"sense": "a unit of length",
"norm": "rūṭu",
"pos": "N",
"epos": "N"}
}
,
{
"node": "l",
"frag": "[x",
"id": "P335371.l05108",
"ref": "P335371.6.6",
"inst": "u",
"f": {"lang": "akk-x-neoass",
"form": "x",
"pos": "u"}
}
,
{
"node": "l",
"frag": "x",
"id": "P335371.l05109",
"ref": "P335371.6.7",
"inst": "u",
"f": {"lang": "akk-x-neoass",
"form": "x",
"pos": "u"}
}
,
{
"node": "l",
"frag": "x",
"id": "P335371.l0510a",
"ref": "P335371.6.8",
"inst": "u",
"f": {"lang": "akk-x-neoass",
"form": "x",
"pos": "u"}
}
,
{
"node": "l",
"frag": "x]",
"id": "P335371.l0510b",
"ref": "P335371.6.9",
"inst": "u",
"f": {"lang": "akk-x-neoass",
"form": "x",
"pos": "u"}
}
,
{
"node": "d",
"type": "line-start",
"ref": "P335371.7",
"n": "5",
"label": "o 5"}
,
{
"node": "l",
"frag": "01",
"id": "P335371.l0510c",
"ref": "P335371.7.1",
"inst": "n",
"f": {"lang": "akk-x-neoass",
"form": "01",
"pos": "n"}
}
,
{
"node": "l",
"frag": "MI₂",
"id": "P335371.l0510d",
"ref": "P335371.7.2",
"inst": "issu[woman]N",
"exosig": "@saao/saa06%akk-x-neoass:MI₂=sinništu[woman//woman]N'N$issu",
"f": {"lang": "akk-x-neoass",
"form": "MI₂",
"cf": "sinništu",
"gw": "woman",
"sense": "woman",
"norm": "issu",
"pos": "N",
"epos": "N"}
}
,
{
"node": "l",
"frag": "01",
"id": "P335371.l0510e",
"ref": "P335371.7.3",
"inst": "n",
"f": {"lang": "akk-x-neoass",
"form": "01",
"pos": "n"}
}
,
{
"node": "l",
"frag": "DUMU",
"id": "P335371.l0510f",
"ref": "P335371.7.4",
"inst": "mār[son]N",
"exosig": "@saao/saa06%akk-x-neoass:DUMU=māru[son//son]N'N$mār",
"f": {"lang": "akk-x-neoass",
"form": "DUMU",
"cf": "māru",
"gw": "son",
"sense": "son",
"norm": "mār",
"pos": "N",
"epos": "N"}
}
,
{
"node": "l",
"frag": "03",
"id": "P335371.l05110",
"ref": "P335371.7.5",
"inst": "n",
"f": {"lang": "akk-x-neoass",
"form": "03",
"pos": "n"}
}
,
{
"node": "l",
"frag": "LAL",
"id": "P335371.l05111",
"ref": "P335371.7.6",
"inst": "rūṭu[unit//a unit of length]N$",
"exosig": "@saao/saa06%akk-x-neoass:LAL=rūṭu[unit//a unit of length]N'N$rūṭu",
"f": {"lang": "akk-x-neoass",
"form": "LAL",
"cf": "rūṭu",
"gw": "unit",
"sense": "a unit of length",
"norm": "rūṭu",
"pos": "N",
"epos": "N"}
}
,
{
"node": "l",
"frag": "E₂",
"id": "P335371.l05112",
"ref": "P335371.7.7",
"inst": "bētu[plot of land]N",
"exosig": "@saao/saa06%akk-x-neoass:E₂=bītu[house//plot of land]N'N$bētu",
"f": {"lang": "akk-x-neoass",
"form": "E₂",
"cf": "bītu",
"gw": "house",
"sense": "plot of land",
"norm": "bētu",
"pos": "N",
"epos": "N"}
}
,
{
"node": "l",
"frag": "60",
"id": "P335371.l05113",
"ref": "P335371.7.8",
"inst": "n",
"f": {"lang": "akk-x-neoass",
"form": "60",
"pos": "n"}
}
,
{
"node": "l",
"frag": "ANŠE",
"id": "P335371.l05114",
"ref": "P335371.7.9",
"inst": "imārī[a unit of capacity]N",
"exosig": "@saao/saa06%akk-x-neoass:ANŠE=imēru[unit//a unit of capacity]N'N$imārī",
"f": {"lang": "akk-x-neoass",
"form": "ANŠE",
"cf": "imēru",
"gw": "unit",
"sense": "a unit of capacity",
"norm": "imārī",
"pos": "N",
"epos": "N"}
}
,
{
"node": "l",
"frag": "A.ŠA₃.GA",
"id": "P335371.l05115",
"ref": "P335371.7.10",
"inst": "eqlu[land]N",
"exosig": "@saao/saa06%akk-x-neoass:A.ŠA₃.GA=eqlu[field//land]N'N$eqlu",
"f": {"lang": "akk-x-neoass",
"form": "A.ŠA₃.GA",
"cf": "eqlu",
"gw": "field",
"sense": "land",
"norm": "eqlu",
"pos": "N",
"epos": "N"}
}
,
{
"node": "d",
"type": "line-start",
"ref": "P335371.8",
"n": "6",
"label": "o 6"}
,
{
"node": "l",
"frag": "31",
"id": "P335371.l05116",
"ref": "P335371.8.1",
"inst": "n",
"f": {"lang": "akk-x-neoass",
"form": "31",
"pos": "n"}
}
,
{
"node": "l",
"frag": "ZI-MEŠ",
"id": "P335371.l05117",
"ref": "P335371.8.2",
"inst": "nupšāti[person]N",
"exosig": "@saao/saa06%akk-x-neoass:ZI-MEŠ=napištu[throat//person]N'N$nupšāti",
"f": {"lang": "akk-x-neoass",
"form": "ZI-MEŠ",
"cf": "napištu",
"gw": "throat",
"sense": "person",
"norm": "nupšāti",
"pos": "N",
"epos": "N"}
}
,
{
"node": "l",
"frag": "{giš}SAR",
"id": "P335371.l05118",
"ref": "P335371.8.3",
"inst": "kiriu[garden]N",
"exosig": "@saao/saa06%akk-x-neoass:{GIŠ}SAR=kirû[garden//garden]N'N$kiriu",
"f": {"lang": "akk-x-neoass",
"form": "{GIŠ}SAR",
"cf": "kirû",
"gw": "garden",
"sense": "garden",
"norm": "kiriu",
"pos": "N",
"epos": "N"}
}
,
{
"node": "l",
"frag": "ša",
"id": "P335371.l05119",
"ref": "P335371.8.4",
"inst": "ša[of]DET",
"exosig": "@saao/saa06%akk-x-neoass:ša=ša[of//of]DET'DET$ša",
"f": {"lang": "akk-x-neoass",
"form": "ša",
"cf": "ša",
"gw": "of",
"sense": "of",
"norm": "ša",
"pos": "DET",
"epos": "DET"}
}
,
{
"node": "l",
"frag": "til-lit",
"id": "P335371.l0511a",
"ref": "P335371.8.5",
"inst": "tillit[vine]N",
"exosig": "@saao/saa06%akk-x-neoass:til-lit=tillatu[vine//vine]N'N$tillit",
"f": {"lang": "akk-x-neoass",
"form": "til-lit",
"cf": "tillatu",
"gw": "vine",
"sense": "vine",
"norm": "tillit",
"pos": "N",
"epos": "N"}
}
,
{
"node": "l",
"frag": "up-⸢piš⸣-ma",
"id": "P335371.l0511b",
"ref": "P335371.8.6",
"inst": "uppišma[contract]V",
"exosig": "@saao/saa06%akk-x-neoass:up-piš-ma=epēšu[do//contract]V'V$uppišma",
"f": {"lang": "akk-x-neoass",
"form": "up-piš-ma",
"cf": "epēšu",
"gw": "do",
"sense": "contract",
"norm": "uppišma",
"pos": "V",
"epos": "V"}
}
,
{
"node": "d",
"type": "line-start",
"ref": "P335371.9",
"n": "7",
"label": "o 7"}
,
{
"node": "l",
"frag": "{1}{d}15--BAD₃",
"id": "P335371.l0511c",
"ref": "P335371.9.1",
"inst": "Issar-duri[1]PN",
"exosig": "@saao/saa06%akk-x-neoass:{1}{d}15-BAD₃=Issar-duri[1//1]PN'PN$Issar-duri",
"f": {"lang": "akk-x-neoass",
"form": "{1}{d}15-BAD₃",
"cf": "Issar-duri",
"gw": "1",
"sense": "1",
"norm": "Issar-duri",
"pos": "PN",
"epos": "PN"}
}
,
{
"node": "l",
"frag": "{lu₂}A.BA",
"id": "P335371.l0511d",
"ref": "P335371.9.2",
"inst": "ṭupšarru[scribe]N",
"exosig": "@saao/saa06%akk-x-neoass:{LU₂}A.BA=ṭupšarru[scribe//scribe]N'N$ṭupšarru",
"f": {"lang": "akk-x-neoass",
"form": "{LU₂}A.BA",
"cf": "ṭupšarru",
"gw": "scribe",
"sense": "scribe",
"norm": "ṭupšarru",
"pos": "N",
"epos": "N"}
}
,
{
"node": "l",
"frag": "ša",
"id": "P335371.l0511e",
"ref": "P335371.9.3",
"inst": "ša[of]DET",
"exosig": "@saao/saa06%akk-x-neoass:ša=ša[of//of]DET'DET$ša",
"f": {"lang": "akk-x-neoass",
"form": "ša",
"cf": "ša",
"gw": "of",
"sense": "of",
"norm": "ša",
"pos": "DET",
"epos": "DET"}
}
,
{
"node": "c",
"type": "phrase",
"tag": "phr",
"id": "P335371.U4",
"ref": "P335371.ls00000",
"cdl": [
{
"node": "l",
"frag": "{mi₂}AMA-LUGAL",
"id": "P335371.l0511f",
"ref": "P335371.9.4",
"cof-tails": "P335371.l05120",
"inst": "ummu[mother]N$ummi&šarru[king]N$šarri",
"exosig": "@saao/saa06%akk-x-neoass:{MI₂}AMA-LUGAL=ummu[mother//mother]N'N$ummi&&@saao%akk-x-neoass:=šarru[king//king]N'N$šarri",
"f": {"lang": "akk-x-neoass",
"form": "{MI₂}AMA-LUGAL",
"cf": "ummu",
"gw": "mother",
"sense": "mother",
"norm": "ummi",
"pos": "N",
"epos": "N"}
}
,
{
"node": "l",
"frag": "{mi₂}AMA-LUGAL",
"id": "P335371.l05120",
"ref": "P335371.9.4",
"cof-head": "P335371.l0511f",
"inst": "ummu[mother]N$ummi&šarru[king]N$šarri",
"tail-sig": "@saao%akk-x-neoass:=šarru[king//king]N'N$šarri",
"f": {"lang": "akk-x-neoass",
"form": "{MI₂}AMA-LUGAL",
"cf": "šarru",
"gw": "king",
"sense": "king",
"norm": "šarri",
"pos": "N",
"epos": "N"}
}
]}
,
{
"node": "d",
"type": "line-start",
"ref": "P335371.10",
"n": "8",
"label": "o 8"}
,
{
"node": "c",
"type": "phrase",
"tag": "phr",
"id": "P335371.U5",
"ref": "P335371.ls00001",
"cdl": [
{
"node": "l",
"frag": "ina",
"id": "P335371.l05121",
"ref": "P335371.10.1",
"inst": "ina[in+=for]PRP",
"exosig": "@saao/saa06%akk-x-neoass:ina=ina[in//in]PRP'PRP$ina",
"f": {"lang": "akk-x-neoass",
"form": "ina",
"cf": "ina",
"gw": "in",
"sense": "in",
"norm": "ina",
"pos": "PRP",
"epos": "PRP"}
}
,
{
"node": "l",
"frag": "ŠA₃",
"id": "P335371.l05122",
"ref": "P335371.10.2",
"inst": "libbi[interior]N",
"exosig": "@saao/saa06%akk-x-neoass:ŠA₃=libbu[interior//interior]N'N$libbi",
"f": {"lang": "akk-x-neoass",
"form": "ŠA₃",
"cf": "libbu",
"gw": "interior",
"sense": "interior",
"norm": "libbi",
"pos": "N",
"epos": "N"}
}
]}
,
{
"node": "l",
"frag": "01",
"id": "P335371.l05123",
"ref": "P335371.10.3",
"inst": "n",
"f": {"lang": "akk-x-neoass",
"form": "01",
"pos": "n"}
}
,
{
"node": "l",
"frag": "1/2",
"id": "P335371.l05124",
"ref": "P335371.10.4",
"inst": "n",
"f": {"lang": "akk-x-neoass",
"form": "1/2",
"pos": "n"}
}
,
{
"node": "l",
"frag": "MA.NA",
"id": "P335371.l05125",
"ref": "P335371.10.5",
"inst": "manê[a unit of weight]N",
"exosig": "@saao/saa06%akk-x-neoass:MA.NA=manû[unit//a unit of weight]N'N$manê",
"f": {"lang": "akk-x-neoass",
"form": "MA.NA",
"cf": "manû",
"gw": "unit",
"sense": "a unit of weight",
"norm": "manê",
"pos": "N",
"epos": "N"}
}
,
{
"node": "l",
"frag": "LA₂",
"id": "P335371.l05126",
"ref": "P335371.10.6",
"inst": "maṭi[less]PRP",
"exosig": "@saao/saa06%akk-x-neoass:LA₂=maṭi[minus//less]PRP'PRP$maṭi",
"f": {"lang": "akk-x-neoass",
"form": "LA₂",
"cf": "maṭi",
"gw": "minus",
"sense": "less",
"norm": "maṭi",
"pos": "PRP",
"epos": "PRP"}
}
,
{
"node": "l",
"frag": "ina",
"id": "P335371.l05127",
"ref": "P335371.10.7",
"inst": "ina[from]PRP",
"exosig": "@saao/saa06%akk-x-neoass:ina=ina[in//from]PRP'PRP$ina",
"f": {"lang": "akk-x-neoass",
"form": "ina",
"cf": "ina",
"gw": "in",
"sense": "from",
"norm": "ina",
"pos": "PRP",
"epos": "PRP"}
}
,
{
"node": "l",
"frag": "01",
"id": "P335371.l05128",
"ref": "P335371.10.8",
"inst": "n",
"f": {"lang": "akk-x-neoass",
"form": "01",
"pos": "n"}
}
,
{
"node": "l",
"frag": "GU₂.UN",
"id": "P335371.l05129",
"ref": "P335371.10.9",
"inst": "bilāt[a unit of weight]N",
"exosig": "@saao/saa06%akk-x-neoass:GU₂.UN=biltu[load//a unit of weight]N'N$bilāt",
"f": {"lang": "akk-x-neoass",
"form": "GU₂.UN",
"cf": "biltu",
"gw": "load",
"sense": "a unit of weight",
"norm": "bilāt",
"pos": "N",
"epos": "N"}
}
,
{
"node": "l",
"frag": "KUG.UD",
"id": "P335371.l0512a",
"ref": "P335371.10.10",
"inst": "ṣarpi[silver]N",
"exosig": "@saao/saa06%akk-x-neoass:KUG.UD=ṣarpu[silver//silver]N'N$ṣarpi",
"f": {"lang": "akk-x-neoass",
"form": "KUG.UD",
"cf": "ṣarpu",
"gw": "silver",
"sense": "silver",
"norm": "ṣarpi",
"pos": "N",
"epos": "N"}
}
,
{
"node": "c",
"type": "phrase",
"tag": "phr",
"id": "P335371.U6",
"ref": "P335371.ls00002",
"cdl": [
{
"node": "l",
"frag": "⸢TA@v⸣",
"id": "P335371.l0512b",
"ref": "P335371.10.11",
"inst": "issu[from+=from]PRP",
"exosig": "@saao/saa06%akk-x-neoass:TA@v=ištu[from//from]PRP'PRP$issu",
"f": {"lang": "akk-x-neoass",
"form": "TA@v",
"cf": "ištu",
"gw": "from",
"sense": "from",
"norm": "issu",
"pos": "PRP",
"epos": "PRP"}
}
,
{
"node": "l",
"frag": "IGI",
"id": "P335371.l0512c",
"ref": "P335371.10.12",
"inst": "pān[front]N",
"exosig": "@saao/saa06%akk-x-neoass:IGI=pānu[front//front]N'N$pān",
"f": {"lang": "akk-x-neoass",
"form": "IGI",
"cf": "pānu",
"gw": "front",
"sense": "front",
"norm": "pān",
"pos": "N",
"epos": "N"}
}
]}
,
{
"node": "d",
"type": "line-start",
"ref": "P335371.11",
"n": "9",
"label": "o 9"}
,
{
"node": "l",
"frag": "{1}pa-ru-ṭi",
"id": "P335371.l0512d",
"ref": "P335371.11.1",
"inst": "Parruṭu[1]PN$Parruṭi",
"exosig": "@saao/saa06%akk-x-neoass:{1}pa-ru-ṭi=Parruṭu[1//1]PN'PN$Parruṭi",
"f": {"lang": "akk-x-neoass",
"form": "{1}pa-ru-ṭi",
"cf": "Parruṭu",
"gw": "1",
"sense": "1",
"norm": "Parruṭi",
"pos": "PN",
"epos": "PN"}
}
,
{
"node": "l",
"frag": "⸢il⸣-qi₂",
"id": "P335371.l0512e",
"ref": "P335371.11.2",
"inst": "ilqi[purchase]V",
"exosig": "@saao/saa06%akk-x-neoass:il-qi₂=leqû[take//purchase]V'V$ilqi",
"f": {"lang": "akk-x-neoass",
"form": "il-qi₂",
"cf": "leqû",
"gw": "take",
"sense": "purchase",
"norm": "ilqi",
"pos": "V",
"epos": "V"}
}
,
{
"node": "l",
"frag": "KUG.⸢UD⸣",
"id": "P335371.l0512f",
"ref": "P335371.11.3",
"inst": "ṣarpi[silver]N",
"exosig": "@saao/saa06%akk-x-neoass:KUG.UD=ṣarpu[silver//silver]N'N$ṣarpi",
"f": {"lang": "akk-x-neoass",
"form": "KUG.UD",
"cf": "ṣarpu",
"gw": "silver",
"sense": "silver",
"norm": "ṣarpi",
"pos": "N",
"epos": "N"}
}
,
{
"node": "l",
"frag": "gam-mur",
"id": "P335371.l05130",
"ref": "P335371.11.4",
"inst": "gammur[completed]AJ",
"exosig": "@saao/saa06%akk-x-neoass:gam-mur=gammuru[finished//completed]AJ'AJ$gammur",
"f": {"lang": "akk-x-neoass",
"form": "gam-mur",
"cf": "gammuru",
"gw": "finished",
"sense": "completed",
"norm": "gammur",
"pos": "AJ",
"epos": "AJ"}
}
,
{
"node": "l",
"frag": "ta-⸢din⸣",
"id": "P335371.l05131",
"ref": "P335371.11.5",
"inst": "tadin[paid]AJ",
"exosig": "@saao/saa06%akk-x-neoass:ta-din=tadnu[given//paid]AJ'AJ$tadin",
"f": {"lang": "akk-x-neoass",
"form": "ta-din",
"cf": "tadnu",
"gw": "given",
"sense": "paid",
"norm": "tadin",
"pos": "AJ",
"epos": "AJ"}
}
,
{
"node": "d",
"type": "line-start",
"ref": "P335371.12",
"n": "10",
"label": "o 10"}
,
{
"node": "l",
"frag": "⸢A.ŠA₃⸣",
"id": "P335371.l05132",
"ref": "P335371.12.1",
"inst": "eqlu[land]N",
"exosig": "@saao/saa06%akk-x-neoass:A.ŠA₃=eqlu[field//land]N'N$eqlu",
"f": {"lang": "akk-x-neoass",
"form": "A.ŠA₃",
"cf": "eqlu",
"gw": "field",
"sense": "land",
"norm": "eqlu",
"pos": "N",
"epos": "N"}
}
,
{
"node": "l",
"frag": "{giš}SAR",
"id": "P335371.l05133",
"ref": "P335371.12.2",
"inst": "kiriu[garden]N",
"exosig": "@saao/saa06%akk-x-neoass:{GIŠ}SAR=kirû[garden//garden]N'N$kiriu",
"f": {"lang": "akk-x-neoass",
"form": "{GIŠ}SAR",
"cf": "kirû",
"gw": "garden",
"sense": "garden",
"norm": "kiriu",
"pos": "N",
"epos": "N"}
}
,
{
"node": "l",
"frag": "⸢UN⸣-MEŠ",
"id": "P335371.l05134",
"ref": "P335371.12.3",
"inst": "nišē[people]N",
"exosig": "@saao/saa06%akk-x-neoass:UN-MEŠ=nišu[people//people]N'N$nišē",
"f": {"lang": "akk-x-neoass",
"form": "UN-MEŠ",
"cf": "nišu",
"gw": "people",
"sense": "people",
"norm": "nišē",
"pos": "N",
"epos": "N"}
}
,
{
"node": "l",
"frag": "⸢šu⸣-a-tu₂",
"id": "P335371.l05135",
"ref": "P335371.12.4",
"inst": "šuātu[that]'DP",
"exosig": "@saao/saa06%akk-x-neoass:šu-a-tu₂=šuāti[him//that]IP'DP$šuātu",
"f": {"lang": "akk-x-neoass",
"form": "šu-a-tu₂",
"cf": "šuāti",
"gw": "him",
"sense": "that",
"norm": "šuātu",
"pos": "IP",
"epos": "DP"}
}
,
{
"node": "l",
"frag": "zar₄-pu",
"id": "P335371.l05136",
"ref": "P335371.12.5",
"inst": "zarpu[purchased]AJ",
"exosig": "@saao/saa06%akk-x-neoass:zar₄-pu=zarpu[purchased//purchased]AJ'AJ$zarpu",
"f": {"lang": "akk-x-neoass",
"form": "zar₄-pu",
"cf": "zarpu",
"gw": "purchased",
"sense": "purchased",
"norm": "zarpu",
"pos": "AJ",
"epos": "AJ"}
}
,
{
"node": "d",
"type": "line-start",
"ref": "P335371.13",
"n": "11",
"label": "o 11"}
,
{
"node": "l",
"frag": "laq-qi₂-ʾu",
"id": "P335371.l05137",
"ref": "P335371.13.1",
"inst": "leqû[taken//acquired]AJ$laqqiu",
"exosig": "@saao/saa06%akk-x-neoass:laq-qi₂-ʾu=leqû[taken//acquired]AJ'AJ$laqqiu",
"f": {"lang": "akk-x-neoass",
"form": "laq-qi₂-ʾu",
"cf": "leqû",
"gw": "taken",
"sense": "acquired",
"norm": "laqqiu",
"pos": "AJ",
"epos": "AJ"}
}
,
{
"node": "l",
"frag": "tu-a-ru",
"id": "P335371.l05138",
"ref": "P335371.13.2",
"inst": "tuāru[revocation]'N",
"exosig": "@saao/saa06%akk-x-neoass:tu-a-ru=târu[turn//revocation]V'N$tuāru",
"f": {"lang": "akk-x-neoass",
"form": "tu-a-ru",
"cf": "târu",
"gw": "turn",
"sense": "revocation",
"norm": "tuāru",
"pos": "V",
"epos": "N"}
}
,
{
"node": "l",
"frag": "DUG₄.DUG₄",
"id": "P335371.l05139",
"ref": "P335371.13.3",
"inst": "dabābu[litigation]'N",
"exosig": "@saao/saa06%akk-x-neoass:DUG₄.DUG₄=dabābu[speak//litigation]V'N$dabābu",
"f": {"lang": "akk-x-neoass",
"form": "DUG₄.DUG₄",
"cf": "dabābu",
"gw": "speak",
"sense": "litigation",
"norm": "dabābu",
"pos": "V",
"epos": "N"}
}
,
{
"node": "l",
"frag": "la-aš₂-šu₂",
"id": "P335371.l0513a",
"ref": "P335371.13.4",
"inst": "laššu[(there) is not]V",
"exosig": "@saao/saa06%akk-x-neoass:la-aš₂-šu₂=laššu[(there) is not//(there) is not]V'V$laššu",
"f": {"lang": "akk-x-neoass",
"form": "la-aš₂-šu₂",
"cf": "laššu",
"gw": "(there) is not",
"sense": "(there) is not",
"norm": "laššu",
"pos": "V",
"epos": "V"}
}
,
{
"node": "d",
"type": "line-start",
"ref": "P335371.14",
"n": "12",
"label": "o 12"}
,
{
"node": "l",
"frag": "man-nu",
"id": "P335371.l0513b",
"ref": "P335371.14.1",
"inst": "mannu[whoever]'XP",
"exosig": "@saao/saa06%akk-x-neoass:man-nu=mannu[who?//whoever]QP'XP$mannu",
"f": {"lang": "akk-x-neoass",
"form": "man-nu",
"cf": "mannu",
"gw": "who?",
"sense": "whoever",
"norm": "mannu",
"pos": "QP",
"epos": "XP"}
}
,
{
"node": "l",
"frag": "ša₂",
"id": "P335371.l0513c",
"ref": "P335371.14.2",
"inst": "ša[that]REL",
"exosig": "@saao/saa06%akk-x-neoass:ša₂=ša[that//that]REL'REL$ša",
"f": {"lang": "akk-x-neoass",
"form": "ša₂",
"cf": "ša",
"gw": "that",
"sense": "that",
"norm": "ša",
"pos": "REL",
"epos": "REL"}
}
,
{
"node": "c",
"type": "phrase",
"tag": "phr",
"id": "P335371.U7",
"ref": "P335371.ls00003",
"cdl": [
{
"node": "l",
"frag": "ina",
"id": "P335371.l0513d",
"ref": "P335371.14.3",
"inst": "ina[in+=in the future]PRP",
"exosig": "@saao/saa06%akk-x-neoass:ina=ina[in//in]PRP'PRP$ina",
"f": {"lang": "akk-x-neoass",
"form": "ina",
"cf": "ina",
"gw": "in",
"sense": "in",
"norm": "ina",
"pos": "PRP",
"epos": "PRP"}
}
,
{
"node": "l",
"frag": "ur-kiš",
"id": "P335371.l0513e",
"ref": "P335371.14.4",
"inst": "urkiš[later]AV",
"exosig": "@saao/saa06%akk-x-neoass:ur-kiš=urkiš[later//later]AV'AV$urkiš",
"f": {"lang": "akk-x-neoass",
"form": "ur-kiš",
"cf": "urkiš",
"gw": "later",
"sense": "later",
"norm": "urkiš",
"pos": "AV",
"epos": "AV"}
}
]}
,
{
"node": "l",
"frag": "u₃",
"id": "P335371.l0513f",
"ref": "P335371.14.5",
"inst": "u[and]CNJ",
"exosig": "@saao/saa06%akk-x-neoass:u₃=u[and//and]CNJ'CNJ$u",
"f": {"lang": "akk-x-neoass",
"form": "u₃",
"cf": "u",
"gw": "and",
"sense": "and",
"norm": "u",
"pos": "CNJ",
"epos": "CNJ"}
}
,
{
"node": "l",
"frag": "mat-⸢e⸣-ma",
"id": "P335371.l05140",
"ref": "P335371.14.6",
"inst": "matēma[ever]AV",
"exosig": "@saao/saa06%akk-x-neoass:mat-e-ma=matīma[ever//ever]AV'AV$matēma",
"f": {"lang": "akk-x-neoass",
"form": "mat-e-ma",
"cf": "matīma",
"gw": "ever",
"sense": "ever",
"norm": "matēma",
"pos": "AV",
"epos": "AV"}
}
,
{
"node": "d",
"subtype": "reverse",
"type": "surface",
"ref": "P335371.r.15",
"type": "reverse",
"label": "r"}
,
{
"node": "d",
"type": "line-start",
"ref": "P335371.16",
"n": "1",
"label": "r 1"}
,
{
"node": "l",
"frag": "[lu]-u",
"id": "P335371.l05141",
"ref": "P335371.16.1",
"inst": "lū[may]MOD",
"exosig": "@saao/saa06%akk-x-neoass:lu-u=lū[may//may]MOD'MOD$lū",
"f": {"lang": "akk-x-neoass",
"form": "lu-u",
"cf": "lū",
"gw": "may",
"sense": "may",
"norm": "lū",
"pos": "MOD",
"epos": "MOD"}
}
,
{
"node": "l",
"frag": "{1}⸢pa⸣-ru-ṭu",
"id": "P335371.l05142",
"ref": "P335371.16.2",
"inst": "Parruṭu[1]PN",
"exosig": "@saao/saa06%akk-x-neoass:{1}pa-ru-ṭu=Parruṭu[1//1]PN'PN$Parruṭu",
"f": {"lang": "akk-x-neoass",
"form": "{1}pa-ru-ṭu",
"cf": "Parruṭu",
"gw": "1",
"sense": "1",
"norm": "Parruṭu",
"pos": "PN",
"epos": "PN"}
}
,
{
"node": "l",
"frag": "lu-u",
"id": "P335371.l05143",
"ref": "P335371.16.3",
"inst": "lū[may]MOD",
"exosig": "@saao/saa06%akk-x-neoass:lu-u=lū[may//may]MOD'MOD$lū",
"f": {"lang": "akk-x-neoass",
"form": "lu-u",
"cf": "lū",
"gw": "may",
"sense": "may",
"norm": "lū",
"pos": "MOD",
"epos": "MOD"}
}
,
{
"node": "l",
"frag": "DUMU-MEŠ-šu₂",
"id": "P335371.l05144",
"ref": "P335371.16.4",
"inst": "marʾēšu[son]N",
"sig": "@saao%akk-x-neoass:DUMU-MEŠ-šu₂=māru[son//son]N'N$marʾēšu",
"f": {"lang": "akk-x-neoass",
"form": "DUMU-MEŠ-šu₂",
"cf": "māru",
"gw": "son",
"sense": "son",
"norm": "marʾēšu",
"pos": "N",
"epos": "N"}
}
,
{
"node": "c",
"type": "phrase",
"tag": "phr",
"id": "P335371.U8",
"ref": "P335371.ls00004",
"cdl": [
{
"node": "l",
"frag": "DUMU-DUMU-⸢MEŠ⸣-šu₂",
"id": "P335371.l05145",
"ref": "P335371.16.5",
"cof-tails": "P335371.l05146",
"inst": "māru[son]N$mār&māru[son]N$marʾēšu",
"exosig": "@saao/saa06%akk-x-neoass:DUMU-DUMU-MEŠ-šu₂=māru[son//son]N'N$mār&&@saao%akk-x-neoass:=māru[son//son]N'N$marʾēšu",
"f": {"lang": "akk-x-neoass",
"form": "DUMU-DUMU-MEŠ-šu₂",
"cf": "māru",
"gw": "son",
"sense": "son",
"norm": "mār",
"pos": "N",
"epos": "N"}
}
,
{
"node": "l",
"frag": "DUMU-DUMU-⸢MEŠ⸣-šu₂",
"id": "P335371.l05146",
"ref": "P335371.16.5",
"cof-head": "P335371.l05145",
"inst": "māru[son]N$mār&māru[son]N$marʾēšu",
"tail-sig": "@saao%akk-x-neoass:=māru[son//son]N'N$marʾēšu",
"f": {"lang": "akk-x-neoass",
"form": "DUMU-DUMU-MEŠ-šu₂",
"cf": "māru",
"gw": "son",
"sense": "son",
"norm": "marʾēšu",
"pos": "N",
"epos": "N"}
}
]}
,
{
"node": "d",
"type": "line-start",
"ref": "P335371.17",
"n": "2",
"label": "r 2"}
,
{
"node": "l",
"frag": "[lu]-⸢u⸣",
"id": "P335371.l05147",
"ref": "P335371.17.1",
"inst": "lū[may]MOD",
"exosig": "@saao/saa06%akk-x-neoass:lu-u=lū[may//may]MOD'MOD$lū",
"f": {"lang": "akk-x-neoass",
"form": "lu-u",
"cf": "lū",
"gw": "may",
"sense": "may",
"norm": "lū",
"pos": "MOD",
"epos": "MOD"}
}
,
{
"node": "l",
"frag": "ŠEŠ-MEŠ-šu₂",
"id": "P335371.l05148",
"ref": "P335371.17.2",
"inst": "ahhēšu[brother]N",
"exosig": "@saao/saa06%akk-x-neoass:ŠEŠ-MEŠ-šu₂=ahu[brother//brother]N'N$ahhēšu",
"f": {"lang": "akk-x-neoass",
"form": "ŠEŠ-MEŠ-šu₂",
"cf": "ahu",
"gw": "brother",
"sense": "brother",
"norm": "ahhēšu",
"pos": "N",
"epos": "N"}
}
,
{
"node": "c",
"type": "phrase",
"tag": "phr",
"id": "P335371.U9",
"ref": "P335371.ls00005",
"cdl": [
{
"node": "l",
"frag": "DUMU-PAB-MEŠ-šu₂",
"id": "P335371.l05149",
"ref": "P335371.17.3",
"cof-tails": "P335371.l0514a",
"inst": "māru[son]N$mār&ahu[brother]N$ahhēšu",
"exosig": "@saao/saa06%akk-x-neoass:DUMU-PAB-MEŠ-šu₂=māru[son//son]N'N$mār&&@saao%akk-x-neoass:=ahu[brother//brother]N'N$ahhēšu",
"f": {"lang": "akk-x-neoass",
"form": "DUMU-PAB-MEŠ-šu₂",
"cf": "māru",
"gw": "son",
"sense": "son",
"norm": "mār",
"pos": "N",
"epos": "N"}
}
,
{
"node": "l",
"frag": "DUMU-PAB-MEŠ-šu₂",
"id": "P335371.l0514a",
"ref": "P335371.17.3",
"cof-head": "P335371.l05149",
"inst": "māru[son]N$mār&ahu[brother]N$ahhēšu",
"tail-sig": "@saao%akk-x-neoass:=ahu[brother//brother]N'N$ahhēšu",
"f": {"lang": "akk-x-neoass",
"form": "DUMU-PAB-MEŠ-šu₂",
"cf": "ahu",
"gw": "brother",
"sense": "brother",
"norm": "ahhēšu",
"pos": "N",
"epos": "N"}
}
]}
,
{
"node": "l",
"frag": "i-zaq-qup-an-ni",
"id": "P335371.l0514b",
"ref": "P335371.17.4",
"inst": "izaqqupanni[complain]V",
"exosig": "@saao/saa06%akk-x-neoass:i-zaq-qup-an-ni=zaqāpu[fix upright//complain]V'V$izaqqupanni",
"f": {"lang": "akk-x-neoass",
"form": "i-zaq-qup-an-ni",
"cf": "zaqāpu",
"gw": "fix upright",
"sense": "complain",
"norm": "izaqqupanni",
"pos": "V",
"epos": "V"}
}
,
{
"node": "d",
"type": "line-start",
"ref": "P335371.18",
"n": "3",
"label": "r 3"}
,
{
"node": "l",
"frag": "⸢TA@v⸣",
"id": "P335371.l0514c",
"ref": "P335371.18.1",
"inst": "issi[with]PRP",
"exosig": "@saao/saa06%akk-x-neoass:TA@v=išti[with//with]PRP'PRP$issi",
"f": {"lang": "akk-x-neoass",
"form": "TA@v",
"cf": "išti",
"gw": "with",
"sense": "with",
"norm": "issi",
"pos": "PRP",
"epos": "PRP"}
}
,
{
"node": "l",
"frag": "{1}{d}15--BAD₃",
"id": "P335371.l0514d",
"ref": "P335371.18.2",
"inst": "Issar-duri[1]PN",
"exosig": "@saao/saa06%akk-x-neoass:{1}{d}15-BAD₃=Issar-duri[1//1]PN'PN$Issar-duri",
"f": {"lang": "akk-x-neoass",
"form": "{1}{d}15-BAD₃",
"cf": "Issar-duri",
"gw": "1",
"sense": "1",
"norm": "Issar-duri",
"pos": "PN",
"epos": "PN"}
}
,
{
"node": "l",
"frag": "⸢DUMU⸣-MEŠ-šu₂",
"id": "P335371.l0514e",
"ref": "P335371.18.3",
"inst": "marʾēšu[son]N",
"sig": "@saao%akk-x-neoass:DUMU-MEŠ-šu₂=māru[son//son]N'N$marʾēšu",
"f": {"lang": "akk-x-neoass",
"form": "DUMU-MEŠ-šu₂",
"cf": "māru",
"gw": "son",
"sense": "son",
"norm": "marʾēšu",
"pos": "N",
"epos": "N"}
}
,
{
"node": "l",
"frag": "de-e-nu",
"id": "P335371.l0514f",
"ref": "P335371.18.4",
"inst": "dēnu[lawsuit]N",
"exosig": "@saao/saa06%akk-x-neoass:de-e-nu=dīnu[legal decision//lawsuit]N'N$dēnu",
"f": {"lang": "akk-x-neoass",
"form": "de-e-nu",
"cf": "dīnu",
"gw": "legal decision",
"sense": "lawsuit",
"norm": "dēnu",
"pos": "N",
"epos": "N"}
}
,
{
"node": "d",
"type": "line-start",
"ref": "P335371.19",
"n": "4",
"label": "r 4"}
,
{
"node": "l",
"frag": "DUG₄.DUG₄",
"id": "P335371.l05150",
"ref": "P335371.19.1",
"inst": "dabābu[litigation]'N",
"exosig": "@saao/saa06%akk-x-neoass:DUG₄.DUG₄=dabābu[speak//litigation]V'N$dabābu",
"f": {"lang": "akk-x-neoass",
"form": "DUG₄.DUG₄",
"cf": "dabābu",
"gw": "speak",
"sense": "litigation",
"norm": "dabābu",
"pos": "V",
"epos": "N"}
}
,
{
"node": "l",
"frag": "ub-ta-ʾu-u-ni",
"id": "P335371.l05151",
"ref": "P335371.19.2",
"inst": "ubtaʾʾūni[seek]V",
"exosig": "@saao/saa06%akk-x-neoass:ub-ta-ʾu-u-ni=buʾʾû[look for//seek]V'V$ubtaʾʾūni",
"f": {"lang": "akk-x-neoass",
"form": "ub-ta-ʾu-u-ni",
"cf": "buʾʾû",
"gw": "look for",
"sense": "seek",
"norm": "ubtaʾʾūni",
"pos": "V",
"epos": "V"}
}
,
{
"node": "d",
"type": "line-start",
"ref": "P335371.20",
"n": "5",
"label": "r 5"}
,
{
"node": "l",
"frag": "[x",
"id": "P335371.l05152",
"ref": "P335371.20.1",
"inst": "u",
"f": {"lang": "akk-x-neoass",
"form": "x",
"pos": "u"}
}
,
{
"node": "l",
"frag": "GU₂].⸢UN⸣",
"id": "P335371.l05153",
"ref": "P335371.20.2",
"inst": "bilāt[a unit of weight]N",
"exosig": "@saao/saa06%akk-x-neoass:GU₂.UN=biltu[load//a unit of weight]N'N$bilāt",
"f": {"lang": "akk-x-neoass",
"form": "GU₂.UN",
"cf": "biltu",
"gw": "load",
"sense": "a unit of weight",
"norm": "bilāt",
"pos": "N",
"epos": "N"}
}
,
{
"node": "l",
"frag": "KUG.UD",
"id": "P335371.l05154",
"ref": "P335371.20.3",
"inst": "ṣarpi[silver]N",
"exosig": "@saao/saa06%akk-x-neoass:KUG.UD=ṣarpu[silver//silver]N'N$ṣarpi",
"f": {"lang": "akk-x-neoass",
"form": "KUG.UD",
"cf": "ṣarpu",
"gw": "silver",
"sense": "silver",
"norm": "ṣarpi",
"pos": "N",
"epos": "N"}
}
,
{
"node": "l",
"frag": "10",
"id": "P335371.l05155",
"ref": "P335371.20.4",
"inst": "n",
"f": {"lang": "akk-x-neoass",
"form": "10",
"pos": "n"}
}
,
{
"node": "l",
"frag": "MA.NA",
"id": "P335371.l05156",
"ref": "P335371.20.5",
"inst": "manê[a unit of weight]N",
"exosig": "@saao/saa06%akk-x-neoass:MA.NA=manû[unit//a unit of weight]N'N$manê",
"f": {"lang": "akk-x-neoass",
"form": "MA.NA",
"cf": "manû",
"gw": "unit",
"sense": "a unit of weight",
"norm": "manê",
"pos": "N",
"epos": "N"}
}
,
{
"node": "l",
"frag": "KUG.GI",
"id": "P335371.l05157",
"ref": "P335371.20.6",
"inst": "hurāṣi[gold]N",
"exosig": "@saao/saa06%akk-x-neoass:KUG.GI=hurāṣu[gold//gold]N'N$hurāṣi",
"f": {"lang": "akk-x-neoass",
"form": "KUG.GI",
"cf": "hurāṣu",
"gw": "gold",
"sense": "gold",
"norm": "hurāṣi",
"pos": "N",
"epos": "N"}
}
,
{
"node": "l",
"frag": "ina",
"id": "P335371.l05158",
"ref": "P335371.20.7",
"inst": "ina[in]PRP",
"exosig": "@saao/saa06%akk-x-neoass:ina=ina[in//in]PRP'PRP$ina",
"f": {"lang": "akk-x-neoass",
"form": "ina",
"cf": "ina",
"gw": "in",
"sense": "in",
"norm": "ina",
"pos": "PRP",
"epos": "PRP"}
}
,
{
"node": "l",
"frag": "bur-ki",
"id": "P335371.l05159",
"ref": "P335371.20.8",
"inst": "burki[lap]N",
"exosig": "@saao/saa06%akk-x-neoass:bur-ki=burku[knee//lap]N'N$burki",
"f": {"lang": "akk-x-neoass",
"form": "bur-ki",
"cf": "burku",
"gw": "knee",
"sense": "lap",
"norm": "burki",
"pos": "N",
"epos": "N"}
}
,
{
"node": "l",
"frag": "{d}15",
"id": "P335371.l0515a",
"ref": "P335371.20.9",
"inst": "Issar[1]DN",
"exosig": "@saao/saa06%akk-x-neoass:{d}15=Ištar[1//1]DN'DN$Issar",
"f": {"lang": "akk-x-neoass",
"form": "{d}15",
"cf": "Ištar",
"gw": "1",
"sense": "1",
"norm": "Issar",
"pos": "DN",
"epos": "DN"}
}
,
{
"node": "d",
"type": "line-start",
"ref": "P335371.21",
"n": "6",
"label": "r 6"}
,
{
"node": "l",
"frag": "[a-ši-bat",
"id": "P335371.l0515b",
"ref": "P335371.21.1",
"inst": "āšibāt[residing]AJ",
"exosig": "@saao/saa06%akk-x-neoass:a-ši-bat=āšibu[sitting//residing]AJ'AJ$āšibāt",
"f": {"lang": "akk-x-neoass",
"form": "a-ši-bat",
"cf": "āšibu",
"gw": "sitting",
"sense": "residing",
"norm": "āšibāt",
"pos": "AJ",
"epos": "AJ"}
}
,
{
"node": "l",
"frag": "{uru]}NINA",
"id": "P335371.l0515c",
"ref": "P335371.21.2",
"inst": "Ninua[Nineveh]GN",
"exosig": "@saao/saa06%akk-x-neoass:{URU}NINA=Ninua[Nineveh//Nineveh]GN'GN$Ninua",
"f": {"lang": "akk-x-neoass",
"form": "{URU}NINA",
"cf": "Ninua",
"gw": "Nineveh",
"sense": "Nineveh",
"norm": "Ninua",
"pos": "GN",
"epos": "GN"}
}
,
{
"node": "l",
"frag": "GAR-an",
"id": "P335371.l0515d",
"ref": "P335371.21.3",
"inst": "išakkan[place]V",
"exosig": "@saao/saa06%akk-x-neoass:GAR-an=šakānu[put//place]V'V$išakkan",
"f": {"lang": "akk-x-neoass",
"form": "GAR-an",
"cf": "šakānu",
"gw": "put",
"sense": "place",
"norm": "išakkan",
"pos": "V",
"epos": "V"}
}
,
{
"node": "l",
"frag": "KUG.UD",
"id": "P335371.l0515e",
"ref": "P335371.21.4",
"inst": "ṣarpi[silver]N",
"exosig": "@saao/saa06%akk-x-neoass:KUG.UD=ṣarpu[silver//silver]N'N$ṣarpi",
"f": {"lang": "akk-x-neoass",
"form": "KUG.UD",
"cf": "ṣarpu",
"gw": "silver",
"sense": "silver",
"norm": "ṣarpi",
"pos": "N",
"epos": "N"}
}
,
{
"node": "l",
"frag": "ina",
"id": "P335371.l0515f",
"ref": "P335371.21.5",
"inst": "ina[by]PRP",
"exosig": "@saao/saa06%akk-x-neoass:ina=ina[in//by]PRP'PRP$ina",
"f": {"lang": "akk-x-neoass",
"form": "ina",
"cf": "ina",
"gw": "in",
"sense": "by",
"norm": "ina",
"pos": "PRP",
"epos": "PRP"}
}
,
{
"node": "l",
"frag": "10-A.TA.AN",
"id": "P335371.l05160",
"ref": "P335371.21.6",
"inst": "n",
"f": {"lang": "akk-x-neoass",
"form": "10-A.TA.AN",
"pos": "n"}
}
,
{
"node": "d",
"type": "line-start",
"ref": "P335371.22",
"n": "7",
"label": "r 7"}
,
{
"node": "l",
"frag": "[a-na]",
"id": "P335371.l05161",
"ref": "P335371.22.1",
"inst": "ana[to]PRP",
"exosig": "@saao/saa06%akk-x-neoass:a-na=ana[to//to]PRP'PRP$ana",
"f": {"lang": "akk-x-neoass",
"form": "a-na",
"cf": "ana",
"gw": "to",
"sense": "to",
"norm": "ana",
"pos": "PRP",
"epos": "PRP"}
}
,
{
"node": "l",
"frag": "EN-MEŠ-šu₂",
"id": "P335371.l05162",
"ref": "P335371.22.2",
"inst": "bēlēšu[owner]N",
"exosig": "@saao/saa06%akk-x-neoass:EN-MEŠ-šu₂=bēlu[lord//owner]N'N$bēlēšu",
"f": {"lang": "akk-x-neoass",
"form": "EN-MEŠ-šu₂",
"cf": "bēlu",
"gw": "lord",
"sense": "owner",
"norm": "bēlēšu",
"pos": "N",
"epos": "N"}
}
,
{
"node": "l",
"frag": "GUR",
"id": "P335371.l05163",
"ref": "P335371.22.3",
"inst": "itūar[return]V",
"exosig": "@saao/saa06%akk-x-neoass:GUR=târu[turn//return]V'V$itūar",
"f": {"lang": "akk-x-neoass",
"form": "GUR",
"cf": "târu",
"gw": "turn",
"sense": "return",
"norm": "itūar",
"pos": "V",
"epos": "V"}
}
,
{
"node": "l",
"frag": "ina",
"id": "P335371.l05164",
"ref": "P335371.22.4",
"inst": "ina[in]PRP",
"exosig": "@saao/saa06%akk-x-neoass:ina=ina[in//in]PRP'PRP$ina",
"f": {"lang": "akk-x-neoass",
"form": "ina",
"cf": "ina",
"gw": "in",
"sense": "in",
"norm": "ina",
"pos": "PRP",
"epos": "PRP"}
}
,
{
"node": "l",
"frag": "de-ni-šu₂",
"id": "P335371.l05165",
"ref": "P335371.22.5",
"inst": "dēnīšu[lawsuit]N",
"exosig": "@saao/saa06%akk-x-neoass:de-ni-šu₂=dīnu[legal decision//lawsuit]N'N$dēnīšu",
"f": {"lang": "akk-x-neoass",
"form": "de-ni-šu₂",
"cf": "dīnu",
"gw": "legal decision",
"sense": "lawsuit",
"norm": "dēnīšu",
"pos": "N",
"epos": "N"}
}
,
{
"node": "l",
"frag": "DUG₄.DUG₄-⸢ma⸣",
"id": "P335371.l05166",
"ref": "P335371.22.6",
"inst": "idabbubma[contest]V",
"exosig": "@saao/saa06%akk-x-neoass:DUG₄.DUG₄-ma=dabābu[speak//contest]V'V$idabbubma",
"f": {"lang": "akk-x-neoass",
"form": "DUG₄.DUG₄-ma",
"cf": "dabābu",
"gw": "speak",
"sense": "contest",
"norm": "idabbubma",
"pos": "V",
"epos": "V"}
}
,
{
"node": "l",
"frag": "la₃",
"id": "P335371.l05167",
"ref": "P335371.22.7",
"inst": "lā[not]MOD",
"exosig": "@saao/saa06%akk-x-neoass:la₃=lā[not//not]MOD'MOD$lā",
"f": {"lang": "akk-x-neoass",
"form": "la₃",
"cf": "lā",
"gw": "not",
"sense": "not",
"norm": "lā",
"pos": "MOD",
"epos": "MOD"}
}
,
{
"node": "l",
"frag": "TI",
"id": "P335371.l05168",
"ref": "P335371.22.8",
"inst": "ilaqqi[succeed]V",
"exosig": "@saao/saa06%akk-x-neoass:TI=leqû[take//succeed]V'V$ilaqqi",
"f": {"lang": "akk-x-neoass",
"form": "TI",
"cf": "leqû",
"gw": "take",
"sense": "succeed",
"norm": "ilaqqi",
"pos": "V",
"epos": "V"}
}
,
{
"node": "d",
"type": "nonx",
"ref": "P335371.23",
"strict": "1",
"extent": "n",
"scope": "line",
"state": "ruling"}
,
{
"node": "d",
"type": "line-start",
"ref": "P335371.24",
"n": "8",
"label": "r 8"}
,
{
"node": "l",
"frag": "IGI",
"id": "P335371.l05169",
"ref": "P335371.24.1",
"inst": "šību[witness]N",
"exosig": "@saao/saa06%akk-x-neoass:IGI=šību[witness//witness]N'N$šību",
"f": {"lang": "akk-x-neoass",
"form": "IGI",
"cf": "šību",
"gw": "witness",
"sense": "witness",
"norm": "šību",
"pos": "N",
"epos": "N"}
}
,
{
"node": "l",
"frag": "{1}[x",
"id": "P335371.l0516a",
"ref": "P335371.24.2",
"inst": "u",
"f": {"lang": "akk-x-neoass",
"form": "{1}x",
"pos": "u"}
}
,
{
"node": "l",
"frag": "x",
"id": "P335371.l0516b",
"ref": "P335371.24.3",
"inst": "u",
"f": {"lang": "akk-x-neoass",
"form": "x",
"pos": "u"}
}
,
{
"node": "l",
"frag": "x",
"id": "P335371.l0516c",
"ref": "P335371.24.4",
"inst": "u",
"f": {"lang": "akk-x-neoass",
"form": "x",
"pos": "u"}
}
,
{
"node": "l",
"frag": "x",
"id": "P335371.l0516d",
"ref": "P335371.24.5",
"inst": "u",
"f": {"lang": "akk-x-neoass",
"form": "x",
"pos": "u"}
}
,
{
"node": "l",
"frag": "x]",
"id": "P335371.l0516e",
"ref": "P335371.24.6",
"inst": "u",
"f": {"lang": "akk-x-neoass",
"form": "x",
"pos": "u"}
}
,
{
"node": "l",
"frag": "{lu₂}03.U₅",
"id": "P335371.l0516f",
"ref": "P335371.24.7",
"inst": "tašlīšu[third man on chariot]N",
"exosig": "@saao/saa06%akk-x-neoass:{LU₂}03.U₅=tašlīšu[third man on chariot//third man on chariot]N'N$tašlīšu",
"f": {"lang": "akk-x-neoass",
"form": "{LU₂}03.U₅",
"cf": "tašlīšu",
"gw": "third man on chariot",
"sense": "third man on chariot",
"norm": "tašlīšu",
"pos": "N",
"epos": "N"}
}
,
{
"node": "c",
"type": "phrase",
"tag": "phr",
"id": "P335371.U10",
"ref": "P335371.ls00006",
"cdl": [
{
"node": "l",
"frag": "AMA-MAN",
"id": "P335371.l05170",
"ref": "P335371.24.8",
"cof-tails": "P335371.l05171",
"inst": "ummu[mother]N$ummi&šarru[king]N$šarri",
"exosig": "@saao/saa06%akk-x-neoass:AMA-MAN=ummu[mother//mother]N'N$ummi&&@saao%akk-x-neoass:=šarru[king//king]N'N$šarri",
"f": {"lang": "akk-x-neoass",
"form": "AMA-MAN",
"cf": "ummu",
"gw": "mother",
"sense": "mother",
"norm": "ummi",
"pos": "N",
"epos": "N"}
}
,
{
"node": "l",
"frag": "AMA-MAN",
"id": "P335371.l05171",
"ref": "P335371.24.8",
"cof-head": "P335371.l05170",
"inst": "ummu[mother]N$ummi&šarru[king]N$šarri",
"tail-sig": "@saao%akk-x-neoass:=šarru[king//king]N'N$šarri",
"f": {"lang": "akk-x-neoass",
"form": "AMA-MAN",
"cf": "šarru",
"gw": "king",
"sense": "king",
"norm": "šarri",
"pos": "N",
"epos": "N"}
}
]}
,
{
"node": "d",
"type": "line-start",
"ref": "P335371.25",
"n": "9",
"label": "r 9"}
,
{
"node": "l",
"frag": "[IGI",
"id": "P335371.l05172",
"ref": "P335371.25.1",
"inst": "šību[witness]N",
"exosig": "@saao/saa06%akk-x-neoass:IGI=šību[witness//witness]N'N$šību",
"f": {"lang": "akk-x-neoass",
"form": "IGI",
"cf": "šību",
"gw": "witness",
"sense": "witness",
"norm": "šību",
"pos": "N",
"epos": "N"}
}
,
{
"node": "l",
"frag": "{1}x",
"id": "P335371.l05173",
"ref": "P335371.25.2",
"inst": "u",
"f": {"lang": "akk-x-neoass",
"form": "{1}x",
"pos": "u"}
}
,
{
"node": "l",
"frag": "x",
"id": "P335371.l05174",
"ref": "P335371.25.3",
"inst": "u",
"f": {"lang": "akk-x-neoass",
"form": "x",
"pos": "u"}
}
,
{
"node": "l",
"frag": "x",
"id": "P335371.l05175",
"ref": "P335371.25.4",
"inst": "u",
"f": {"lang": "akk-x-neoass",
"form": "x",
"pos": "u"}
}
,
{
"node": "l",
"frag": "x",
"id": "P335371.l05176",
"ref": "P335371.25.5",
"inst": "u",
"f": {"lang": "akk-x-neoass",
"form": "x",
"pos": "u"}
}
,
{
"node": "l",
"frag": "x]",
"id": "P335371.l05177",
"ref": "P335371.25.6",
"inst": "u",
"f": {"lang": "akk-x-neoass",
"form": "x",
"pos": "u"}
}
,
{
"node": "c",
"type": "phrase",
"tag": "phr",
"id": "P335371.U11",
"ref": "P335371.ls00007",
"cdl": [
{
"node": "l",
"frag": "{⸢lu₂⸣}GAL-ki-ṣir",
"id": "P335371.l05178",
"ref": "P335371.25.7",
"cof-tails": "P335371.l05179",
"inst": "rabû[big one]N$rab&kiṣru[cohort]N$kiṣir",
"exosig": "@saao/saa06%akk-x-neoass:{LU₂}GAL-ki-ṣir=rabû[big one//big one]N'N$rab&&@saao%akk-x-neoass:=kiṣru[knot//cohort]N'N$kiṣir",
"f": {"lang": "akk-x-neoass",
"form": "{LU₂}GAL-ki-ṣir",
"cf": "rabû",
"gw": "big one",
"sense": "big one",
"norm": "rab",
"pos": "N",
"epos": "N"}
}
,
{
"node": "l",
"frag": "{⸢lu₂⸣}GAL-ki-ṣir",
"id": "P335371.l05179",
"ref": "P335371.25.7",
"cof-head": "P335371.l05178",
"inst": "rabû[big one]N$rab&kiṣru[cohort]N$kiṣir",
"tail-sig": "@saao%akk-x-neoass:=kiṣru[knot//cohort]N'N$kiṣir",
"f": {"lang": "akk-x-neoass",
"form": "{LU₂}GAL-ki-ṣir",
"cf": "kiṣru",
"gw": "knot",
"sense": "cohort",
"norm": "kiṣir",
"pos": "N",
"epos": "N"}
}
]}
,
{
"node": "d",
"frag": ":",
"type": "nonw",
"ref": "P335371.25.8",
"lang": "akk-x-neoass",
"type": "punct"}
,
{
"node": "d",
"type": "line-start",
"ref": "P335371.26",
"n": "10",
"label": "r 10"}
,
{
"node": "l",
"frag": "[IGI",
"id": "P335371.l0517a",
"ref": "P335371.26.1",
"inst": "šību[witness]N",
"exosig": "@saao/saa06%akk-x-neoass:IGI=šību[witness//witness]N'N$šību",
"f": {"lang": "akk-x-neoass",
"form": "IGI",
"cf": "šību",
"gw": "witness",
"sense": "witness",
"norm": "šību",
"pos": "N",
"epos": "N"}
}
,
{
"node": "l",
"frag": "{1}x",
"id": "P335371.l0517b",
"ref": "P335371.26.2",
"inst": "u",
"f": {"lang": "akk-x-neoass",
"form": "{1}x",
"pos": "u"}
}
,
{
"node": "l",
"frag": "x",
"id": "P335371.l0517c",
"ref": "P335371.26.3",
"inst": "u",
"f": {"lang": "akk-x-neoass",
"form": "x",
"pos": "u"}
}
,
{
"node": "l",
"frag": "x",
"id": "P335371.l0517d",
"ref": "P335371.26.4",
"inst": "u",
"f": {"lang": "akk-x-neoass",
"form": "x",
"pos": "u"}
}
,
{
"node": "l",
"frag": "x]+⸢x⸣",
"id": "P335371.l0517e",
"ref": "P335371.26.5",
"inst": "u",
"f": {"lang": "akk-x-neoass",
"form": "x+x",
"pos": "u"}
}
,
{
"node": "l",
"frag": "{lu₂}A.BA",
"id": "P335371.l0517f",
"ref": "P335371.26.6",
"inst": "ṭupšarru[scribe]N",
"exosig": "@saao/saa06%akk-x-neoass:{LU₂}A.BA=ṭupšarru[scribe//scribe]N'N$ṭupšarru",
"f": {"lang": "akk-x-neoass",
"form": "{LU₂}A.BA",
"cf": "ṭupšarru",
"gw": "scribe",
"sense": "scribe",
"norm": "ṭupšarru",
"pos": "N",
"epos": "N"}
}
,
{
"node": "d",
"frag": ":",
"type": "nonw",
"ref": "P335371.26.7",
"lang": "akk-x-neoass",
"type": "punct"}
,
{
"node": "d",
"type": "line-start",
"ref": "P335371.27",
"n": "11",
"label": "r 11"}
,
{
"node": "l",
"frag": "[IGI",
"id": "P335371.l05180",
"ref": "P335371.27.1",
"inst": "šību[witness]N",
"exosig": "@saao/saa06%akk-x-neoass:IGI=šību[witness//witness]N'N$šību",
"f": {"lang": "akk-x-neoass",
"form": "IGI",
"cf": "šību",
"gw": "witness",
"sense": "witness",
"norm": "šību",
"pos": "N",
"epos": "N"}
}
,
{
"node": "l",
"frag": "{1}x",
"id": "P335371.l05181",
"ref": "P335371.27.2",
"inst": "u",
"f": {"lang": "akk-x-neoass",
"form": "{1}x",
"pos": "u"}
}
,
{
"node": "l",
"frag": "x",
"id": "P335371.l05182",
"ref": "P335371.27.3",
"inst": "u",
"f": {"lang": "akk-x-neoass",
"form": "x",
"pos": "u"}
}
,
{
"node": "l",
"frag": "x",
"id": "P335371.l05183",
"ref": "P335371.27.4",
"inst": "u",
"f": {"lang": "akk-x-neoass",
"form": "x",
"pos": "u"}
}
,
{
"node": "l",
"frag": "x",
"id": "P335371.l05184",
"ref": "P335371.27.5",
"inst": "u",
"f": {"lang": "akk-x-neoass",
"form": "x",
"pos": "u"}
}
,
{
"node": "l",
"frag": "x",
"id": "P335371.l05185",
"ref": "P335371.27.6",
"inst": "u",
"f": {"lang": "akk-x-neoass",
"form": "x",
"pos": "u"}
}
,
{
"node": "l",
"frag": "{lu₂]}⸢qur⸣-bu-ti",
"id": "P335371.l05186",
"ref": "P335371.27.7",
"inst": "ša-qurbūti[(royal) confidant]N",
"exosig": "@saao/saa06%akk-x-neoass:{LU₂}qur-bu-ti=ša-qurbūti[close follower//(royal) confidant]N'N$ša-qurbūti",
"f": {"lang": "akk-x-neoass",
"form": "{LU₂}qur-bu-ti",
"cf": "ša-qurbūti",
"gw": "close follower",
"sense": "(royal) confidant",
"norm": "ša-qurbūti",
"pos": "N",
"epos": "N"}
}
,
{
"node": "d",
"type": "line-start",
"ref": "P335371.28",
"n": "12",
"label": "r 12"}
,
{
"node": "l",
"frag": "[IGI",
"id": "P335371.l05187",
"ref": "P335371.28.1",
"inst": "šību[witness]N",
"exosig": "@saao/saa06%akk-x-neoass:IGI=šību[witness//witness]N'N$šību",
"f": {"lang": "akk-x-neoass",
"form": "IGI",
"cf": "šību",
"gw": "witness",
"sense": "witness",
"norm": "šību",
"pos": "N",
"epos": "N"}
}
,
{
"node": "l",
"frag": "{1}x",
"id": "P335371.l05188",
"ref": "P335371.28.2",
"inst": "u",
"f": {"lang": "akk-x-neoass",
"form": "{1}x",
"pos": "u"}
}
,
{
"node": "l",
"frag": "x",
"id": "P335371.l05189",
"ref": "P335371.28.3",
"inst": "u",
"f": {"lang": "akk-x-neoass",
"form": "x",
"pos": "u"}
}
,
{
"node": "l",
"frag": "x",
"id": "P335371.l0518a",
"ref": "P335371.28.4",
"inst": "u",
"f": {"lang": "akk-x-neoass",
"form": "x",
"pos": "u"}
}
,
{
"node": "l",
"frag": "x",
"id": "P335371.l0518b",
"ref": "P335371.28.5",
"inst": "u",
"f": {"lang": "akk-x-neoass",
"form": "x",
"pos": "u"}
}
,
{
"node": "l",
"frag": "x",
"id": "P335371.l0518c",
"ref": "P335371.28.6",
"inst": "u",
"f": {"lang": "akk-x-neoass",
"form": "x",
"pos": "u"}
}
,
{
"node": "l",
"frag": "x]",
"id": "P335371.l0518d",
"ref": "P335371.28.7",
"inst": "u",
"f": {"lang": "akk-x-neoass",
"form": "x",
"pos": "u"}
}
,
{
"node": "l",
"frag": "⸢GIR₃⸣.2",
"id": "P335371.l0518e",
"ref": "P335371.28.8",
"inst": "šēpē[foot]N",
"exosig": "@saao/saa06%akk-x-neoass:GIR₃.2=šēpu[foot//foot]N'N$šēpē",
"f": {"lang": "akk-x-neoass",
"form": "GIR₃.2",
"cf": "šēpu",
"gw": "foot",
"sense": "foot",
"norm": "šēpē",
"pos": "N",
"epos": "N"}
}
,
{
"node": "d",
"type": "nonx",
"ref": "P335371.29",
"strict": "0",
"extent": "rest",
"state": "missing"}
]}
]}
]}
,
{
"linkbase": [{
"type": "linkset",
"xlink_title": "ummi šarri[queen mother//queen mother]N'N",
"id": "P335371.ls00000",
"xlink_type": "extended",
"xlink_role": "psu",
"sig": "{AMA-LUGAL = ummu[mother]N šarru[king]N += ummi šarri[queen mother//queen mother]N'N}::@saao/saa10%akk-x-neoass:AMA-LUGAL=ummu[mother//mother]N'N$ummi++@saao/saa10%akk-x-neoass:AMA-LUGAL=šarru[king//king]N'N$šarri",
"links": [
{
"type": "link",
"xlink_title": "ummu",
"xlink_type": "locator",
"xlink_href": "#P335371.l0511f",
"xlink_role": "elt"}
,
{
"type": "link",
"xlink_title": "šarru",
"xlink_type": "locator",
"xlink_href": "#P335371.l05120",
"xlink_role": "elt"}
]}
,
{
"type": "linkset",
"xlink_title": "ina libbi[in//(in exchange) for]PRP'PRP",
"id": "P335371.ls00001",
"xlink_type": "extended",
"xlink_role": "psu",
"sig": "{ina[in]PRP libbu[interior]N += ina libbi[in//(in exchange) for]PRP'PRP}::@saao%akk-x-neoass:ina=ina[in//into]PRP'PRP$ina++@saao%akk-x-neoass:ŠA₃=libbu[interior//interior]N'N$libbi",
"links": [
{
"type": "link",
"xlink_title": "ina",
"xlink_type": "locator",
"xlink_href": "#P335371.l05121",
"xlink_role": "elt"}
,
{
"type": "link",
"xlink_title": "libbi",
"xlink_type": "locator",
"xlink_href": "#P335371.l05122",
"xlink_role": "elt"}
]}
,
{
"type": "linkset",
"xlink_title": "ištu pān[from//because of]PRP'PRP",
"id": "P335371.ls00002",
"xlink_type": "extended",
"xlink_role": "psu",
"sig": "{ištu[from]PRP pānu[front]N += ištu pān[from//because of]PRP'PRP}::@saao%akk-x-neoass:TA@v=ištu[from//from]PRP'PRP$issu++@saao%akk-x-neoass:IGI=pānu[front//front]N'N$pān",
"links": [
{
"type": "link",
"xlink_title": "issu",
"xlink_type": "locator",
"xlink_href": "#P335371.l0512b",
"xlink_role": "elt"}
,
{
"type": "link",
"xlink_title": "pān",
"xlink_type": "locator",
"xlink_href": "#P335371.l0512c",
"xlink_role": "elt"}
]}
,
{
"type": "linkset",
"xlink_title": "ina urkiš[in the future//in the future]AV'AV",
"id": "P335371.ls00003",
"xlink_type": "extended",
"xlink_role": "psu",
"sig": "{ina[in]PRP urkiš[later]AV += ina urkiš[in the future//in the future]AV'AV}::@saao%akk-x-neoass:ina=ina[in//into]PRP'PRP$ina++@saao%akk-x-neoass:ur-kiš=urkiš[later//later]AV'AV$urkiš",
"links": [
{
"type": "link",
"xlink_title": "ina",
"xlink_type": "locator",
"xlink_href": "#P335371.l0513d",
"xlink_role": "elt"}
,
{
"type": "link",
"xlink_title": "urkiš",
"xlink_type": "locator",
"xlink_href": "#P335371.l0513e",
"xlink_role": "elt"}
]}
,
{
"type": "linkset",
"xlink_title": "mār māri[grandson//grandson]N'N",
"id": "P335371.ls00004",
"xlink_type": "extended",
"xlink_role": "psu",
"sig": "{māru[son]N māru[son]N += mār māri[grandson//grandson]N'N}::@saao%akk-x-neoass:DUMU-DUMU-šu₂=māru[son//son]N'N$mār++@saao%akk-x-neoass:DUMU-DUMU-šu₂=māru[son//son]N'N$marʾīšu",
"links": [
{
"type": "link",
"xlink_title": "māru",
"xlink_type": "locator",
"xlink_href": "#P335371.l05145",
"xlink_role": "elt"}
,
{
"type": "link",
"xlink_title": "māru",
"xlink_type": "locator",
"xlink_href": "#P335371.l05146",
"xlink_role": "elt"}
]}
,
{
"type": "linkset",
"xlink_title": "mār ahi[nephew//nephew]N'N",
"id": "P335371.ls00005",
"xlink_type": "extended",
"xlink_role": "psu",
"sig": "{māru[son]N ahu[brother]N += mār ahi[nephew//nephew]N'N}::@saao%akk-x-neoass:DUMU-šu₂=māru[son//son]N'N$māršu++@saao%akk-x-neoass:PAB-šu₂=ahu[brother//brother]N'N$ahūšu",
"links": [
{
"type": "link",
"xlink_title": "māru",
"xlink_type": "locator",
"xlink_href": "#P335371.l05149",
"xlink_role": "elt"}
,
{
"type": "link",
"xlink_title": "ahu",
"xlink_type": "locator",
"xlink_href": "#P335371.l0514a",
"xlink_role": "elt"}
]}
,
{
"type": "linkset",
"xlink_title": "ummi šarri[queen mother//queen mother]N'N",
"id": "P335371.ls00006",
"xlink_type": "extended",
"xlink_role": "psu",
"sig": "{AMA-LUGAL = ummu[mother]N šarru[king]N += ummi šarri[queen mother//queen mother]N'N}::@saao/saa10%akk-x-neoass:AMA-LUGAL=ummu[mother//mother]N'N$ummi++@saao/saa10%akk-x-neoass:AMA-LUGAL=šarru[king//king]N'N$šarri",
"links": [
{
"type": "link",
"xlink_title": "ummu",
"xlink_type": "locator",
"xlink_href": "#P335371.l05170",
"xlink_role": "elt"}
,
{
"type": "link",
"xlink_title": "šarru",
"xlink_type": "locator",
"xlink_href": "#P335371.l05171",
"xlink_role": "elt"}
]}
,
{
"type": "linkset",
"xlink_title": "rab kiṣri[centurion//cohort commander]N'N",
"id": "P335371.ls00007",
"xlink_type": "extended",
"xlink_role": "psu",
"sig": "{{LU₂}GAL-ki-ṣir = rabû[big one]N kiṣru[knot]N += rab kiṣri[centurion//cohort commander]N'N}::@saao/saa10%akk-x-neoass:{LU₂}GAL-ki-ṣir=rabû[big one//big one]N'N$rab++@saao/saa10%akk-x-neobab:{LU₂}GAL-ki-ṣir=kiṣru[knot//knot]N'N$kiṣir",
"links": [
{
"type": "link",
"xlink_title": "rabû",
"xlink_type": "locator",
"xlink_href": "#P335371.l05178",
"xlink_role": "elt"}
,
{
"type": "link",
"xlink_title": "kiṣru",
"xlink_type": "locator",
"xlink_href": "#P335371.l05179",
"xlink_role": "elt"}
]}
]}
]}
