{
"type": "cdl",
  "source": "http://oracc.org/saao/saa06",
  "license": "This data is released under the CC0 license",
  "license-url": "https://creativecommons.org/publicdomain/zero/1.0/",
  "more-info": "http://oracc.org/doc/opendata/",
  "UTC-timestamp": "2017-05-19T11:30:56",
"project": "saao/saa06",
"textid": "P335077",
"cdl": [
{
"node": "c",
"type": "text",
"id": "P335077.U0",
"cdl": [
{
"node": "d",
"type": "object",
"ref": ""}
,
{
"node": "d",
"subtype": "obverse",
"type": "surface",
"ref": "P335077.o.1",
"type": "obverse",
"label": "o"}
,
{
"node": "c",
"type": "discourse",
"subtype": "body",
"id": "P335077.U1",
"cdl": [
{
"node": "c",
"type": "sentence",
"id": "P335077.U2",
"label": "o 1 - r 2",
"cdl": [
{
"node": "d",
"type": "line-start",
"ref": "P335077.2",
"n": "1",
"label": "o 1"}
,
{
"node": "l",
"frag": "{na₄}⸢KIŠIB⸣",
"id": "P335077.l04b61",
"ref": "P335077.2.1",
"inst": "kunukku[seal]N",
"sig": "@saao/saa06%akk-x-neoass:{NA₄}KIŠIB=kunukku[seal//seal]N'N$kunuk",
"f": {"lang": "akk-x-neoass",
"form": "{NA₄}KIŠIB",
"cf": "kunukku",
"gw": "seal",
"sense": "seal",
"norm": "kunuk",
"pos": "N",
"epos": "N"}
}
,
{
"node": "l",
"frag": "{1}⸢si⸣-me-⸢si⸣-me",
"id": "P335077.l04b62",
"ref": "P335077.2.2",
"inst": "Simesime[1]PN$",
"exosig": "@saao/saa06%akk-x-neoass:{1}si-me-si-me=Simesime[1//1]PN'PN$Simesime",
"f": {"lang": "akk-x-neoass",
"form": "{1}si-me-si-me",
"cf": "Simesime",
"gw": "1",
"sense": "1",
"norm": "Simesime",
"pos": "PN",
"epos": "PN"}
}
,
{
"node": "d",
"type": "line-start",
"ref": "P335077.3",
"n": "2",
"label": "o 2"}
,
{
"node": "c",
"type": "phrase",
"tag": "phr",
"id": "P335077.U4",
"ref": "P335077.ls00000",
"cdl": [
{
"node": "l",
"frag": "{lu₂}GAL-URU-MEŠ",
"id": "P335077.l04b63",
"ref": "P335077.3.1",
"cof-tails": "P335077.l04b64",
"inst": "rabû[big one]N$rab&ālu[city]N$ālāni",
"exosig": "@saao/saa06%akk-x-neoass:{LU₂}GAL-URU-MEŠ=rabû[big one//big one]N'N$rab&&@saao%akk-x-neoass:=ālu[city//city]N'N$ālāni",
"f": {"lang": "akk-x-neoass",
"form": "{LU₂}GAL-URU-MEŠ",
"cf": "rabû",
"gw": "big one",
"sense": "big one",
"norm": "rab",
"pos": "N",
"epos": "N"}
}
,
{
"node": "l",
"frag": "{lu₂}GAL-URU-MEŠ",
"id": "P335077.l04b64",
"ref": "P335077.3.1",
"cof-head": "P335077.l04b63",
"inst": "rabû[big one]N$rab&ālu[city]N$ālāni",
"tail-sig": "@saao%akk-x-neoass:=ālu[city//city]N'N$ālāni",
"f": {"lang": "akk-x-neoass",
"form": "{LU₂}GAL-URU-MEŠ",
"cf": "ālu",
"gw": "city",
"sense": "city",
"norm": "ālāni",
"pos": "N",
"epos": "N"}
}
]}
,
{
"node": "l",
"frag": "ša₂",
"id": "P335077.l04b65",
"ref": "P335077.3.2",
"inst": "ša[of]DET",
"exosig": "@saao/saa06%akk-x-neoass:ša₂=ša[of//of]DET'DET$ša",
"f": {"lang": "akk-x-neoass",
"form": "ša₂",
"cf": "ša",
"gw": "of",
"sense": "of",
"norm": "ša",
"pos": "DET",
"epos": "DET"}
}
,
{
"node": "l",
"frag": "{⸢mi₂}a⸣-hu-si-te",
"id": "P335077.l04b66",
"ref": "P335077.3.3",
"inst": "Ahusitu[1]PN$Ahusite",
"exosig": "@saao/saa06%akk-x-neoass:{MI₂}a-hu-si-te=Ahusitu[1//1]PN'PN$Ahusite",
"f": {"lang": "akk-x-neoass",
"form": "{MI₂}a-hu-si-te",
"cf": "Ahusitu",
"gw": "1",
"sense": "1",
"norm": "Ahusite",
"pos": "PN",
"epos": "PN"}
}
,
{
"node": "d",
"type": "line-start",
"ref": "P335077.4",
"n": "3",
"label": "o 3"}
,
{
"node": "l",
"frag": "05",
"id": "P335077.l04b67",
"ref": "P335077.4.1",
"inst": "n",
"f": {"lang": "akk-x-neoass",
"form": "05",
"pos": "n"}
}
,
{
"node": "l",
"frag": "ANŠE",
"id": "P335077.l04b68",
"ref": "P335077.4.2",
"inst": "imārī[a unit of capacity]N",
"exosig": "@saao/saa06%akk-x-neoass:ANŠE=imēru[unit//a unit of capacity]N'N$imārī",
"f": {"lang": "akk-x-neoass",
"form": "ANŠE",
"cf": "imēru",
"gw": "unit",
"sense": "a unit of capacity",
"norm": "imārī",
"pos": "N",
"epos": "N"}
}
,
{
"node": "l",
"frag": "2(ban₂)",
"id": "P335077.l04b69",
"ref": "P335077.4.3",
"inst": "n",
"f": {"lang": "akk-x-neoass",
"form": "2(ban₂)",
"pos": "n"}
}
,
{
"node": "l",
"frag": "GEŠTIN-MEŠ",
"id": "P335077.l04b6a",
"ref": "P335077.4.4",
"inst": "karānī[wine]N",
"exosig": "@saao/saa06%akk-x-neoass:GEŠTIN-MEŠ=karānu[vine//wine]N'N$karānī",
"f": {"lang": "akk-x-neoass",
"form": "GEŠTIN-MEŠ",
"cf": "karānu",
"gw": "vine",
"sense": "wine",
"norm": "karānī",
"pos": "N",
"epos": "N"}
}
,
{
"node": "d",
"type": "line-start",
"ref": "P335077.5",
"n": "4",
"label": "o 4"}
,
{
"node": "l",
"frag": "[ina]",
"id": "P335077.l04b6b",
"ref": "P335077.5.1",
"inst": "ina[by]PRP",
"exosig": "@saao/saa06%akk-x-neoass:ina=ina[in//by]PRP'PRP$ina",
"f": {"lang": "akk-x-neoass",
"form": "ina",
"cf": "ina",
"gw": "in",
"sense": "by",
"norm": "ina",
"pos": "PRP",
"epos": "PRP"}
}
,
{
"node": "l",
"frag": "01",
"id": "P335077.l04b6c",
"ref": "P335077.5.2",
"inst": "n",
"f": {"lang": "akk-x-neoass",
"form": "01",
"pos": "n"}
}
,
{
"node": "l",
"frag": "⸢qa",
"id": "P335077.l04b6d",
"ref": "P335077.5.3",
"inst": "qâ[a unit of capacity]N",
"exosig": "@saao/saa06%akk-x-neoass:qa=qû[unit//a unit of capacity]N'N$qâ",
"f": {"lang": "akk-x-neoass",
"form": "qa",
"cf": "qû",
"gw": "unit",
"sense": "a unit of capacity",
"norm": "qâ",
"pos": "N",
"epos": "N"}
}
,
{
"node": "l",
"frag": "ša₂",
"id": "P335077.l04b6e",
"ref": "P335077.5.4",
"inst": "ša[of]DET",
"exosig": "@saao/saa06%akk-x-neoass:ša₂=ša[of//of]DET'DET$ša",
"f": {"lang": "akk-x-neoass",
"form": "ša₂",
"cf": "ša",
"gw": "of",
"sense": "of",
"norm": "ša",
"pos": "DET",
"epos": "DET"}
}
,
{
"node": "l",
"frag": "MAN⸣",
"id": "P335077.l04b6f",
"ref": "P335077.5.5",
"inst": "šarri[king]N",
"exosig": "@saao/saa06%akk-x-neoass:MAN=šarru[king//king]N'N$šarri",
"f": {"lang": "akk-x-neoass",
"form": "MAN",
"cf": "šarru",
"gw": "king",
"sense": "king",
"norm": "šarri",
"pos": "N",
"epos": "N"}
}
,
{
"node": "l",
"frag": "ša₂",
"id": "P335077.l04b70",
"ref": "P335077.5.6",
"inst": "ša[of]DET",
"exosig": "@saao/saa06%akk-x-neoass:ša₂=ša[of//of]DET'DET$ša",
"f": {"lang": "akk-x-neoass",
"form": "ša₂",
"cf": "ša",
"gw": "of",
"sense": "of",
"norm": "ša",
"pos": "DET",
"epos": "DET"}
}
,
{
"node": "l",
"frag": "{1}⸢si⸣-lim-aš-šur",
"id": "P335077.l04b71",
"ref": "P335077.5.7",
"inst": "Silim-Aššur[1]PN",
"exosig": "@saao/saa06%akk-x-neoass:{1}si-lim-aš-šur=Silim-Aššur[1//1]PN'PN$Silim-Aššur",
"f": {"lang": "akk-x-neoass",
"form": "{1}si-lim-aš-šur",
"cf": "Silim-Aššur",
"gw": "1",
"sense": "1",
"norm": "Silim-Aššur",
"pos": "PN",
"epos": "PN"}
}
,
{
"node": "d",
"type": "line-start",
"ref": "P335077.6",
"n": "5",
"label": "o 5"}
,
{
"node": "l",
"frag": "ina",
"id": "P335077.l04b72",
"ref": "P335077.6.1",
"inst": "ina[in+=at the disposal of]PRP",
"exosig": "@saao/saa06%akk-x-neoass:ina=ina[in//in]PRP'PRP$ina",
"f": {"lang": "akk-x-neoass",
"form": "ina",
"cf": "ina",
"gw": "in",
"sense": "in",
"norm": "ina",
"pos": "PRP",
"epos": "PRP"}
}
,
{
"node": "l",
"frag": "IGI",
"id": "P335077.l04b73",
"ref": "P335077.6.2",
"inst": "šību[witness]N",
"exosig": "@saao/saa06%akk-x-neoass:IGI=šību[witness//witness]N'N$šību",
"f": {"lang": "akk-x-neoass",
"form": "IGI",
"cf": "šību",
"gw": "witness",
"sense": "witness",
"norm": "šību",
"pos": "N",
"epos": "N"}
}
,
{
"node": "l",
"frag": "{1}si-me-⸢si⸣-[i]-me",
"id": "P335077.l04b74",
"ref": "P335077.6.3",
"inst": "Simesime[1]PN$",
"exosig": "@saao/saa06%akk-x-neoass:{1}si-me-si-i-me=Simesime[1//1]PN'PN$Simesime",
"f": {"lang": "akk-x-neoass",
"form": "{1}si-me-si-i-me",
"cf": "Simesime",
"gw": "1",
"sense": "1",
"norm": "Simesime",
"pos": "PN",
"epos": "PN"}
}
,
{
"node": "d",
"type": "line-start",
"ref": "P335077.7",
"n": "6",
"label": "o 6"}
,
{
"node": "l",
"frag": "ina",
"id": "P335077.l04b75",
"ref": "P335077.7.1",
"inst": "ina[in]PRP",
"exosig": "@saao/saa06%akk-x-neoass:ina=ina[in//in]PRP'PRP$ina",
"f": {"lang": "akk-x-neoass",
"form": "ina",
"cf": "ina",
"gw": "in",
"sense": "in",
"norm": "ina",
"pos": "PRP",
"epos": "PRP"}
}
,
{
"node": "l",
"frag": "{iti}NE",
"id": "P335077.l04b76",
"ref": "P335077.7.2",
"inst": "Abi[Ab]MN",
"exosig": "@saao/saa06%akk-x-neoass:{ITI}NE=Abu[Ab//Ab]MN'MN$Abi",
"f": {"lang": "akk-x-neoass",
"form": "{ITI}NE",
"cf": "Abu",
"gw": "Ab",
"sense": "Ab",
"norm": "Abi",
"pos": "MN",
"epos": "MN"}
}
,
{
"node": "l",
"frag": "SUM-⸢an⸣",
"id": "P335077.l04b77",
"ref": "P335077.7.3",
"inst": "iddan[pay]V",
"exosig": "@saao/saa06%akk-x-neoass:SUM-an=tadānu[give//pay]V'V$iddan",
"f": {"lang": "akk-x-neoass",
"form": "SUM-an",
"cf": "tadānu",
"gw": "give",
"sense": "pay",
"norm": "iddan",
"pos": "V",
"epos": "V"}
}
,
{
"node": "d",
"type": "line-start",
"ref": "P335077.8",
"n": "7",
"label": "o 7"}
,
{
"node": "l",
"frag": "{1}me-eh-sa-a",
"id": "P335077.l04b78",
"ref": "P335077.8.1",
"inst": "Mehsa[1]PN$",
"exosig": "@saao/saa06%akk-x-neoass:{1}me-eh-sa-a=Mehsa[1//1]PN'PN$Mehsa",
"f": {"lang": "akk-x-neoass",
"form": "{1}me-eh-sa-a",
"cf": "Mehsa",
"gw": "1",
"sense": "1",
"norm": "Mehsa",
"pos": "PN",
"epos": "PN"}
}
,
{
"node": "c",
"type": "phrase",
"tag": "phr",
"id": "P335077.U5",
"ref": "P335077.ls00001",
"cdl": [
{
"node": "l",
"frag": "⸢EN-ŠU⸣.2-MEŠ",
"id": "P335077.l04b79",
"ref": "P335077.8.2",
"cof-tails": "P335077.l04b7a",
"inst": "bēlu[lord]N$bēl&qātu[hand]N$qātāti",
"exosig": "@saao/saa06%akk-x-neoass:EN-ŠU.2-MEŠ=bēlu[lord//lord]N'N$bēl&&@saao%akk-x-neoass:=qātu[hand//hand]N'N$qātāti",
"f": {"lang": "akk-x-neoass",
"form": "EN-ŠU.2-MEŠ",
"cf": "bēlu",
"gw": "lord",
"sense": "lord",
"norm": "bēl",
"pos": "N",
"epos": "N"}
}
,
{
"node": "l",
"frag": "⸢EN-ŠU⸣.2-MEŠ",
"id": "P335077.l04b7a",
"ref": "P335077.8.2",
"cof-head": "P335077.l04b79",
"inst": "bēlu[lord]N$bēl&qātu[hand]N$qātāti",
"tail-sig": "@saao%akk-x-neoass:=qātu[hand//hand]N'N$qātāti",
"f": {"lang": "akk-x-neoass",
"form": "EN-ŠU.2-MEŠ",
"cf": "qātu",
"gw": "hand",
"sense": "hand",
"norm": "qātāti",
"pos": "N",
"epos": "N"}
}
]}
,
{
"node": "d",
"type": "line-start",
"ref": "P335077.9",
"n": "8",
"label": "o 8"}
,
{
"node": "l",
"frag": "ša",
"id": "P335077.l04b7b",
"ref": "P335077.9.1",
"inst": "ša[of]DET",
"exosig": "@saao/saa06%akk-x-neoass:ša=ša[of//of]DET'DET$ša",
"f": {"lang": "akk-x-neoass",
"form": "ša",
"cf": "ša",
"gw": "of",
"sense": "of",
"norm": "ša",
"pos": "DET",
"epos": "DET"}
}
,
{
"node": "l",
"frag": "GEŠTIN-MEŠ",
"id": "P335077.l04b7c",
"ref": "P335077.9.2",
"inst": "karānī[wine]N",
"exosig": "@saao/saa06%akk-x-neoass:GEŠTIN-MEŠ=karānu[vine//wine]N'N$karānī",
"f": {"lang": "akk-x-neoass",
"form": "GEŠTIN-MEŠ",
"cf": "karānu",
"gw": "vine",
"sense": "wine",
"norm": "karānī",
"pos": "N",
"epos": "N"}
}
,
{
"node": "l",
"frag": "IGI",
"id": "P335077.l04b7d",
"ref": "P335077.9.3",
"inst": "šību[witness]N",
"exosig": "@saao/saa06%akk-x-neoass:IGI=šību[witness//witness]N'N$šību",
"f": {"lang": "akk-x-neoass",
"form": "IGI",
"cf": "šību",
"gw": "witness",
"sense": "witness",
"norm": "šību",
"pos": "N",
"epos": "N"}
}
,
{
"node": "l",
"frag": "{1}{d}PA.TUG₂-DINGIR-a.a",
"id": "P335077.l04b7e",
"ref": "P335077.9.4",
"inst": "Nušku-ilaʾi[1]PN",
"exosig": "@saao/saa06%akk-x-neoass:{1}{d}PA.TUG₂-DINGIR-a.a=Nušku-ilaʾi[1//1]PN'PN$Nušku-ilaʾi",
"f": {"lang": "akk-x-neoass",
"form": "{1}{d}PA.TUG₂-DINGIR-a.a",
"cf": "Nušku-ilaʾi",
"gw": "1",
"sense": "1",
"norm": "Nušku-ilaʾi",
"pos": "PN",
"epos": "PN"}
}
,
{
"node": "d",
"type": "line-start",
"ref": "P335077.10",
"n": "9",
"label": "o 9"}
,
{
"node": "l",
"frag": "IGI",
"id": "P335077.l04b7f",
"ref": "P335077.10.1",
"inst": "šību[witness]N",
"exosig": "@saao/saa06%akk-x-neoass:IGI=šību[witness//witness]N'N$šību",
"f": {"lang": "akk-x-neoass",
"form": "IGI",
"cf": "šību",
"gw": "witness",
"sense": "witness",
"norm": "šību",
"pos": "N",
"epos": "N"}
}
,
{
"node": "l",
"frag": "{1}A-PAB",
"id": "P335077.l04b80",
"ref": "P335077.10.2",
"inst": "Aplu-uṣur[1]PN",
"exosig": "@saao/saa06%akk-x-neoass:{1}A-PAB=Aplu-uṣur[1//1]PN'PN$Aplu-uṣur",
"f": {"lang": "akk-x-neoass",
"form": "{1}A-PAB",
"cf": "Aplu-uṣur",
"gw": "1",
"sense": "1",
"norm": "Aplu-uṣur",
"pos": "PN",
"epos": "PN"}
}
,
{
"node": "d",
"subtype": "reverse",
"type": "surface",
"ref": "P335077.r.11",
"type": "reverse",
"label": "r"}
,
{
"node": "d",
"type": "line-start",
"ref": "P335077.12",
"n": "1",
"label": "r 1"}
,
{
"node": "l",
"frag": "IGI",
"id": "P335077.l04b81",
"ref": "P335077.12.1",
"inst": "šību[witness]N",
"exosig": "@saao/saa06%akk-x-neoass:IGI=šību[witness//witness]N'N$šību",
"f": {"lang": "akk-x-neoass",
"form": "IGI",
"cf": "šību",
"gw": "witness",
"sense": "witness",
"norm": "šību",
"pos": "N",
"epos": "N"}
}
,
{
"node": "l",
"frag": "{1}PAB-⸢BAD₃⸣",
"id": "P335077.l04b82",
"ref": "P335077.12.2",
"inst": "Ahu-duri[1]PN",
"exosig": "@saao/saa06%akk-x-neoass:{1}PAB-BAD₃=Ahu-duri[1//1]PN'PN$Ahu-duri",
"f": {"lang": "akk-x-neoass",
"form": "{1}PAB-BAD₃",
"cf": "Ahu-duri",
"gw": "1",
"sense": "1",
"norm": "Ahu-duri",
"pos": "PN",
"epos": "PN"}
}
,
{
"node": "d",
"type": "line-start",
"ref": "P335077.13",
"n": "2",
"label": "r 2"}
,
{
"node": "l",
"frag": "{iti}GUD",
"id": "P335077.l04b83",
"ref": "P335077.13.1",
"inst": "Ayari[Iyyar]MN",
"exosig": "@saao/saa06%akk-x-neoass:{ITI}GUD=Ayaru[Iyyar//Iyyar]MN'MN$Ayari",
"f": {"lang": "akk-x-neoass",
"form": "{ITI}GUD",
"cf": "Ayaru",
"gw": "Iyyar",
"sense": "Iyyar",
"norm": "Ayari",
"pos": "MN",
"epos": "MN"}
}
,
{
"node": "l",
"frag": "lim-mu",
"id": "P335077.l04b84",
"ref": "P335077.13.2",
"inst": "limmu[eponym (of year)]N",
"exosig": "@saao/saa06%akk-x-neoass:lim-mu=līmu[eponym (of year)//eponym (of year)]N'N$limmu",
"f": {"lang": "akk-x-neoass",
"form": "lim-mu",
"cf": "līmu",
"gw": "eponym (of year)",
"sense": "eponym (of year)",
"norm": "limmu",
"pos": "N",
"epos": "N"}
}
,
{
"node": "l",
"frag": "{1}⸢LUGAL-ZALAG₂⸣",
"id": "P335077.l04b85",
"ref": "P335077.13.3",
"inst": "Šarru-nuri[1]PN$",
"exosig": "@saao/saa06%akk-x-neoass:{1}LUGAL-ZALAG₂=Šarru-nuri[1//1]PN'PN$Šarru-nuri",
"f": {"lang": "akk-x-neoass",
"form": "{1}LUGAL-ZALAG₂",
"cf": "Šarru-nuri",
"gw": "1",
"sense": "1",
"norm": "Šarru-nuri",
"pos": "PN",
"epos": "PN"}
}
]}
]}
]}
,
{
"linkbase": [{
"type": "linkset",
"xlink_title": "rab ālāni[village manager//village manager]N'N",
"id": "P335077.ls00000",
"xlink_type": "extended",
"xlink_role": "psu",
"sig": "{rabû[big one]N ālu[city]N += rab ālāni[village manager//village manager]N'N}::@saao%akk-x-neoass:GAL-URU-MEŠ-ni=rabû[big one//big one]N'N$rab++@saao%akk-x-neoass:GAL-URU-MEŠ-ni=ālu[city//city]N'N$ālāni",
"links": [
{
"type": "link",
"xlink_title": "rabû",
"xlink_type": "locator",
"xlink_href": "#P335077.l04b63",
"xlink_role": "elt"}
,
{
"type": "link",
"xlink_title": "ālu",
"xlink_type": "locator",
"xlink_href": "#P335077.l04b64",
"xlink_role": "elt"}
]}
,
{
"type": "linkset",
"xlink_title": "bēl qātāti[guarantor//guarantor]N'N",
"id": "P335077.ls00001",
"xlink_type": "extended",
"xlink_role": "psu",
"sig": "{bēlu[lord]N qātu[hand]N += bēl qātāti[guarantor//guarantor]N'N}::@saao%akk-x-neoass:EN-ŠU-MEŠ=bēlu[lord//lord]N'N$bēl++@saao%akk-x-neoass:EN-ŠU-MEŠ=qātu[hand//hand]N'N$qātāti",
"links": [
{
"type": "link",
"xlink_title": "bēlu",
"xlink_type": "locator",
"xlink_href": "#P335077.l04b79",
"xlink_role": "elt"}
,
{
"type": "link",
"xlink_title": "qātu",
"xlink_type": "locator",
"xlink_href": "#P335077.l04b7a",
"xlink_role": "elt"}
]}
]}
]}
