{
"type": "cdl",
  "source": "http://oracc.org/saao/saa06",
  "license": "This data is released under the CC0 license",
  "license-url": "https://creativecommons.org/publicdomain/zero/1.0/",
  "more-info": "http://oracc.org/doc/opendata/",
  "UTC-timestamp": "2017-05-19T11:31:06",
"project": "saao/saa06",
"textid": "P335192",
"cdl": [
{
"node": "c",
"type": "text",
"id": "P335192.U0",
"cdl": [
{
"node": "d",
"type": "object",
"ref": ""}
,
{
"node": "d",
"subtype": "obverse",
"type": "surface",
"ref": "P335192.o.1",
"type": "obverse",
"label": "o"}
,
{
"node": "c",
"type": "discourse",
"subtype": "body",
"id": "P335192.U1",
"cdl": [
{
"node": "c",
"type": "sentence",
"id": "P335192.U2",
"label": "o 1 - l.e. 1",
"cdl": [
{
"node": "d",
"type": "line-start",
"ref": "P335192.2",
"n": "1",
"label": "o 1"}
,
{
"node": "l",
"frag": "{⸢na₄⸣}KIŠIB",
"id": "P335192.l04f5d",
"ref": "P335192.2.1",
"inst": "kunukku[seal]N",
"sig": "@saao/saa06%akk-x-neoass:{NA₄}KIŠIB=kunukku[seal//seal]N'N$kunuk",
"f": {"lang": "akk-x-neoass",
"form": "{NA₄}KIŠIB",
"cf": "kunukku",
"gw": "seal",
"sense": "seal",
"norm": "kunuk",
"pos": "N",
"epos": "N"}
}
,
{
"node": "l",
"frag": "{1}mi-[na-hi-mi]",
"id": "P335192.l04f5e",
"ref": "P335192.2.2",
"inst": "Menaheme[1]PN$",
"exosig": "@saao/saa06%akk-x-neoass:{1}mi-na-hi-mi=Menaheme[1//1]PN'PN$Menaheme",
"f": {"lang": "akk-x-neoass",
"form": "{1}mi-na-hi-mi",
"cf": "Menaheme",
"gw": "1",
"sense": "1",
"norm": "Menaheme",
"pos": "PN",
"epos": "PN"}
}
,
{
"node": "d",
"type": "line-start",
"ref": "P335192.3",
"n": "2",
"label": "o 2"}
,
{
"node": "l",
"frag": "⸢EN",
"id": "P335192.l04f5f",
"ref": "P335192.3.1",
"inst": "bēl[owner]N",
"exosig": "@saao/saa06%akk-x-neoass:EN=bēlu[lord//owner]N'N$bēl",
"f": {"lang": "akk-x-neoass",
"form": "EN",
"cf": "bēlu",
"gw": "lord",
"sense": "owner",
"norm": "bēl",
"pos": "N",
"epos": "N"}
}
,
{
"node": "l",
"frag": "MI₂⸣-MEŠ",
"id": "P335192.l04f60",
"ref": "P335192.3.2",
"inst": "issāti[woman]N",
"exosig": "@saao/saa06%akk-x-neoass:MI₂-MEŠ=sinništu[woman//woman]N'N$issāti",
"f": {"lang": "akk-x-neoass",
"form": "MI₂-MEŠ",
"cf": "sinništu",
"gw": "woman",
"sense": "woman",
"norm": "issāti",
"pos": "N",
"epos": "N"}
}
,
{
"node": "l",
"frag": "⸢SUM⸣-ni",
"id": "P335192.l04f61",
"ref": "P335192.3.3",
"inst": "tadāni[giving]'N",
"exosig": "@saao/saa06%akk-x-neoass:SUM-ni=tadānu[give//giving]V'N$tadāni",
"f": {"lang": "akk-x-neoass",
"form": "SUM-ni",
"cf": "tadānu",
"gw": "give",
"sense": "giving",
"norm": "tadāni",
"pos": "V",
"epos": "N"}
}
,
{
"node": "d",
"type": "nonx",
"ref": "P335192.4",
"strict": "1",
"extent": "n",
"scope": "line",
"state": "ruling",
"flags": "!"}
,
{
"node": "d",
"type": "nonx",
"ref": "P335192.5",
"strict": "0",
"extent": "1",
"scope": "impression",
"state": "other"}
,
{
"node": "d",
"type": "nonx",
"ref": "P335192.6",
"strict": "1",
"extent": "n",
"scope": "line",
"state": "ruling",
"flags": "!"}
,
{
"node": "d",
"type": "line-start",
"ref": "P335192.7",
"n": "3",
"label": "o 3"}
,
{
"node": "l",
"frag": "{mi₂}ia-qar-PAB-MEŠ",
"id": "P335192.l04f62",
"ref": "P335192.7.1",
"inst": "Yaqar-ahi[1]PN$",
"exosig": "@saao/saa06%akk-x-neoass:{MI₂}ia-qar-PAB-MEŠ=Yaqar-ahi[1//1]PN'PN$Yaqar-ahi",
"f": {"lang": "akk-x-neoass",
"form": "{MI₂}ia-qar-PAB-MEŠ",
"cf": "Yaqar-ahi",
"gw": "1",
"sense": "1",
"norm": "Yaqar-ahi",
"pos": "PN",
"epos": "PN"}
}
,
{
"node": "l",
"frag": "DUMU.⸢MI₂-sa⸣",
"id": "P335192.l04f63",
"ref": "P335192.7.2",
"inst": "marʾassa[daughter]N",
"exosig": "@saao/saa06%akk-x-neoass:DUMU.MI₂-sa=mārtu[daughter//daughter]N'N$marʾassa",
"f": {"lang": "akk-x-neoass",
"form": "DUMU.MI₂-sa",
"cf": "mārtu",
"gw": "daughter",
"sense": "daughter",
"norm": "marʾassa",
"pos": "N",
"epos": "N"}
}
,
{
"node": "d",
"type": "line-start",
"ref": "P335192.8",
"n": "4",
"label": "o 4"}
,
{
"node": "l",
"frag": "{mi₂}a-bi-ia-ah-ia",
"id": "P335192.l04f64",
"ref": "P335192.8.1",
"inst": "Abi-rahi[1]PN$",
"exosig": "@saao/saa06%akk-x-neoass:{MI₂}a-bi-ia-ah-ia=Abi-rahi[1//1]PN'PN$Abi-rahi",
"f": {"lang": "akk-x-neoass",
"form": "{MI₂}a-bi-ia-ah-ia",
"cf": "Abi-rahi",
"gw": "1",
"sense": "1",
"norm": "Abi-rahi",
"pos": "PN",
"epos": "PN"}
}
,
{
"node": "d",
"type": "line-start",
"ref": "P335192.9",
"n": "5",
"label": "o 5"}
,
{
"node": "l",
"frag": "PAB",
"id": "P335192.l04f65",
"ref": "P335192.9.1",
"inst": "gimru[total]N",
"exosig": "@saao/saa06%akk-x-neoass:PAB=gimru[totality//total]N'N$gimru",
"f": {"lang": "akk-x-neoass",
"form": "PAB",
"cf": "gimru",
"gw": "totality",
"sense": "total",
"norm": "gimru",
"pos": "N",
"epos": "N"}
}
,
{
"node": "l",
"frag": "03",
"id": "P335192.l04f66",
"ref": "P335192.9.2",
"inst": "n",
"f": {"lang": "akk-x-neoass",
"form": "03",
"pos": "n"}
}
,
{
"node": "l",
"frag": "ZI-MEŠ",
"id": "P335192.l04f67",
"ref": "P335192.9.3",
"inst": "nupšāti[person]N",
"exosig": "@saao/saa06%akk-x-neoass:ZI-MEŠ=napištu[throat//person]N'N$nupšāti",
"f": {"lang": "akk-x-neoass",
"form": "ZI-MEŠ",
"cf": "napištu",
"gw": "throat",
"sense": "person",
"norm": "nupšāti",
"pos": "N",
"epos": "N"}
}
,
{
"node": "d",
"type": "line-start",
"ref": "P335192.10",
"n": "6",
"label": "o 6"}
,
{
"node": "l",
"frag": "ša",
"id": "P335192.l04f68",
"ref": "P335192.10.1",
"inst": "ša[of]DET",
"exosig": "@saao/saa06%akk-x-neoass:ša=ša[of//of]DET'DET$ša",
"f": {"lang": "akk-x-neoass",
"form": "ša",
"cf": "ša",
"gw": "of",
"sense": "of",
"norm": "ša",
"pos": "DET",
"epos": "DET"}
}
,
{
"node": "l",
"frag": "{1}mi-na-hi-mi",
"id": "P335192.l04f69",
"ref": "P335192.10.2",
"inst": "Menaheme[1]PN$Mina-himi",
"exosig": "@saao/saa06%akk-x-neoass:{1}mi-na-hi-mi=Menaheme[1//1]PN'PN$Mina-himi",
"f": {"lang": "akk-x-neoass",
"form": "{1}mi-na-hi-mi",
"cf": "Menaheme",
"gw": "1",
"sense": "1",
"norm": "Mina-himi",
"pos": "PN",
"epos": "PN"}
}
,
{
"node": "d",
"type": "line-start",
"ref": "P335192.11",
"n": "7",
"label": "o 7"}
,
{
"node": "l",
"frag": "u₂-piš-ma",
"id": "P335192.l04f6a",
"ref": "P335192.11.1",
"inst": "uppišma[contract]V",
"exosig": "@saao/saa06%akk-x-neoass:u₂-piš-ma=epēšu[do//contract]V'V$uppišma",
"f": {"lang": "akk-x-neoass",
"form": "u₂-piš-ma",
"cf": "epēšu",
"gw": "do",
"sense": "contract",
"norm": "uppišma",
"pos": "V",
"epos": "V"}
}
,
{
"node": "l",
"frag": "{mi₂}AD-ra-hi-i",
"id": "P335192.l04f6b",
"ref": "P335192.11.2",
"inst": "Abi-rahi[1]PN$",
"exosig": "@saao/saa06%akk-x-neoass:{MI₂}AD-ra-hi-i=Abi-rahi[1//1]PN'PN$Abi-rahi",
"f": {"lang": "akk-x-neoass",
"form": "{MI₂}AD-ra-hi-i",
"cf": "Abi-rahi",
"gw": "1",
"sense": "1",
"norm": "Abi-rahi",
"pos": "PN",
"epos": "PN"}
}
,
{
"node": "d",
"type": "line-start",
"ref": "P335192.12",
"n": "8",
"label": "o 8"}
,
{
"node": "l",
"frag": "NIN-sa",
"id": "P335192.l04f6c",
"ref": "P335192.12.1",
"inst": "ahāssa[sister]N",
"exosig": "@saao/saa06%akk-x-neoass:NIN-sa=ahātu[sister//sister]N'N$ahāssa",
"f": {"lang": "akk-x-neoass",
"form": "NIN-sa",
"cf": "ahātu",
"gw": "sister",
"sense": "sister",
"norm": "ahāssa",
"pos": "N",
"epos": "N"}
}
,
{
"node": "l",
"frag": "ša",
"id": "P335192.l04f6d",
"ref": "P335192.12.2",
"inst": "ša[of]DET",
"exosig": "@saao/saa06%akk-x-neoass:ša=ša[of//of]DET'DET$ša",
"f": {"lang": "akk-x-neoass",
"form": "ša",
"cf": "ša",
"gw": "of",
"sense": "of",
"norm": "ša",
"pos": "DET",
"epos": "DET"}
}
,
{
"node": "l",
"frag": "{mi₂}ša₂-kin₂-te",
"id": "P335192.l04f6e",
"ref": "P335192.12.3",
"inst": "šakinte[governess]N",
"exosig": "@saao/saa06%akk-x-neoass:{MI₂}ša₂-kin₂-te=šakintu[(a female official)//governess]N'N$šakinte",
"f": {"lang": "akk-x-neoass",
"form": "{MI₂}ša₂-kin₂-te",
"cf": "šakintu",
"gw": "(a female official)",
"sense": "governess",
"norm": "šakinte",
"pos": "N",
"epos": "N"}
}
,
{
"node": "d",
"type": "line-start",
"ref": "P335192.13",
"n": "9",
"label": "o 9"}
,
{
"node": "c",
"type": "phrase",
"tag": "phr",
"id": "P335192.U4",
"ref": "P335192.ls00000",
"cdl": [
{
"node": "l",
"frag": "ina",
"id": "P335192.l04f6f",
"ref": "P335192.13.1",
"inst": "ina[in+=for]PRP",
"exosig": "@saao/saa06%akk-x-neoass:ina=ina[in//in]PRP'PRP$ina",
"f": {"lang": "akk-x-neoass",
"form": "ina",
"cf": "ina",
"gw": "in",
"sense": "in",
"norm": "ina",
"pos": "PRP",
"epos": "PRP"}
}
,
{
"node": "l",
"frag": "ŠA₃",
"id": "P335192.l04f70",
"ref": "P335192.13.2",
"inst": "libbi[interior]N",
"exosig": "@saao/saa06%akk-x-neoass:ŠA₃=libbu[interior//interior]N'N$libbi",
"f": {"lang": "akk-x-neoass",
"form": "ŠA₃",
"cf": "libbu",
"gw": "interior",
"sense": "interior",
"norm": "libbi",
"pos": "N",
"epos": "N"}
}
]}
,
{
"node": "l",
"frag": "02",
"id": "P335192.l04f71",
"ref": "P335192.13.3",
"inst": "n",
"f": {"lang": "akk-x-neoass",
"form": "02",
"pos": "n"}
}
,
{
"node": "l",
"frag": "MA.NA",
"id": "P335192.l04f72",
"ref": "P335192.13.4",
"inst": "manê[a unit of weight]N",
"exosig": "@saao/saa06%akk-x-neoass:MA.NA=manû[unit//a unit of weight]N'N$manê",
"f": {"lang": "akk-x-neoass",
"form": "MA.NA",
"cf": "manû",
"gw": "unit",
"sense": "a unit of weight",
"norm": "manê",
"pos": "N",
"epos": "N"}
}
,
{
"node": "l",
"frag": "KUG.UD",
"id": "P335192.l04f73",
"ref": "P335192.13.5",
"inst": "ṣarpi[silver]N",
"exosig": "@saao/saa06%akk-x-neoass:KUG.UD=ṣarpu[silver//silver]N'N$ṣarpi",
"f": {"lang": "akk-x-neoass",
"form": "KUG.UD",
"cf": "ṣarpu",
"gw": "silver",
"sense": "silver",
"norm": "ṣarpi",
"pos": "N",
"epos": "N"}
}
,
{
"node": "d",
"type": "line-start",
"ref": "P335192.14",
"n": "10",
"label": "o 10"}
,
{
"node": "l",
"frag": "ina",
"id": "P335192.l04f74",
"ref": "P335192.14.1",
"inst": "ina[by]PRP",
"exosig": "@saao/saa06%akk-x-neoass:ina=ina[in//by]PRP'PRP$ina",
"f": {"lang": "akk-x-neoass",
"form": "ina",
"cf": "ina",
"gw": "in",
"sense": "by",
"norm": "ina",
"pos": "PRP",
"epos": "PRP"}
}
,
{
"node": "l",
"frag": "01",
"id": "P335192.l04f75",
"ref": "P335192.14.2",
"inst": "n",
"f": {"lang": "akk-x-neoass",
"form": "01",
"pos": "n"}
}
,
{
"node": "l",
"frag": "MA.NA",
"id": "P335192.l04f76",
"ref": "P335192.14.3",
"inst": "manê[a unit of weight]N",
"exosig": "@saao/saa06%akk-x-neoass:MA.NA=manû[unit//a unit of weight]N'N$manê",
"f": {"lang": "akk-x-neoass",
"form": "MA.NA",
"cf": "manû",
"gw": "unit",
"sense": "a unit of weight",
"norm": "manê",
"pos": "N",
"epos": "N"}
}
,
{
"node": "l",
"frag": "ša",
"id": "P335192.l04f77",
"ref": "P335192.14.4",
"inst": "ša[of]DET",
"exosig": "@saao/saa06%akk-x-neoass:ša=ša[of//of]DET'DET$ša",
"f": {"lang": "akk-x-neoass",
"form": "ša",
"cf": "ša",
"gw": "of",
"sense": "of",
"norm": "ša",
"pos": "DET",
"epos": "DET"}
}
,
{
"node": "l",
"frag": "{uru}gar-ga-mis",
"id": "P335192.l04f78",
"ref": "P335192.14.5",
"inst": "Gargamis[Carchemish]GN",
"exosig": "@saao/saa06%akk-x-neoass:{URU}gar-ga-mis=Gargamis[Carchemish//Carchemish]GN'GN$Gargamis",
"f": {"lang": "akk-x-neoass",
"form": "{URU}gar-ga-mis",
"cf": "Gargamis",
"gw": "Carchemish",
"sense": "Carchemish",
"norm": "Gargamis",
"pos": "GN",
"epos": "GN"}
}
,
{
"node": "d",
"subtype": "bottom",
"type": "surface",
"ref": "P335192.b.e..15",
"type": "bottom",
"label": "b.e."}
,
{
"node": "d",
"type": "line-start",
"ref": "P335192.16",
"n": "11",
"label": "b.e. 11"}
,
{
"node": "l",
"frag": "il-qi₂",
"id": "P335192.l04f79",
"ref": "P335192.16.1",
"inst": "ilqi[purchase]V",
"exosig": "@saao/saa06%akk-x-neoass:il-qi₂=leqû[take//purchase]V'V$ilqi",
"f": {"lang": "akk-x-neoass",
"form": "il-qi₂",
"cf": "leqû",
"gw": "take",
"sense": "purchase",
"norm": "ilqi",
"pos": "V",
"epos": "V"}
}
,
{
"node": "l",
"frag": "kas-pu",
"id": "P335192.l04f7a",
"ref": "P335192.16.2",
"inst": "kaspu[money]N",
"exosig": "@saao/saa06%akk-x-neoass:kas-pu=kaspu[silver//money]N'N$kaspu",
"f": {"lang": "akk-x-neoass",
"form": "kas-pu",
"cf": "kaspu",
"gw": "silver",
"sense": "money",
"norm": "kaspu",
"pos": "N",
"epos": "N"}
}
,
{
"node": "l",
"frag": "gam-mur",
"id": "P335192.l04f7b",
"ref": "P335192.16.3",
"inst": "gammur[completed]AJ",
"exosig": "@saao/saa06%akk-x-neoass:gam-mur=gammuru[finished//completed]AJ'AJ$gammur",
"f": {"lang": "akk-x-neoass",
"form": "gam-mur",
"cf": "gammuru",
"gw": "finished",
"sense": "completed",
"norm": "gammur",
"pos": "AJ",
"epos": "AJ"}
}
,
{
"node": "d",
"type": "line-start",
"ref": "P335192.17",
"n": "12",
"label": "b.e. 12"}
,
{
"node": "l",
"frag": "ta-din",
"id": "P335192.l04f7c",
"ref": "P335192.17.1",
"inst": "tadin[paid]AJ",
"exosig": "@saao/saa06%akk-x-neoass:ta-din=tadnu[given//paid]AJ'AJ$tadin",
"f": {"lang": "akk-x-neoass",
"form": "ta-din",
"cf": "tadnu",
"gw": "given",
"sense": "paid",
"norm": "tadin",
"pos": "AJ",
"epos": "AJ"}
}
,
{
"node": "l",
"frag": "UN-MEŠ",
"id": "P335192.l04f7d",
"ref": "P335192.17.2",
"inst": "nišē[people]N",
"exosig": "@saao/saa06%akk-x-neoass:UN-MEŠ=nišu[people//people]N'N$nišē",
"f": {"lang": "akk-x-neoass",
"form": "UN-MEŠ",
"cf": "nišu",
"gw": "people",
"sense": "people",
"norm": "nišē",
"pos": "N",
"epos": "N"}
}
,
{
"node": "l",
"frag": "šu-a-tu₂",
"id": "P335192.l04f7e",
"ref": "P335192.17.3",
"inst": "šuātu[that]'DP",
"exosig": "@saao/saa06%akk-x-neoass:šu-a-tu₂=šuāti[him//that]IP'DP$šuātu",
"f": {"lang": "akk-x-neoass",
"form": "šu-a-tu₂",
"cf": "šuāti",
"gw": "him",
"sense": "that",
"norm": "šuātu",
"pos": "IP",
"epos": "DP"}
}
,
{
"node": "d",
"type": "line-start",
"ref": "P335192.18",
"n": "13",
"label": "b.e. 13"}
,
{
"node": "l",
"frag": "zar-pu",
"id": "P335192.l04f7f",
"ref": "P335192.18.1",
"inst": "zarpu[purchased]AJ",
"exosig": "@saao/saa06%akk-x-neoass:zar-pu=zarpu[purchased//purchased]AJ'AJ$zarpu",
"f": {"lang": "akk-x-neoass",
"form": "zar-pu",
"cf": "zarpu",
"gw": "purchased",
"sense": "purchased",
"norm": "zarpu",
"pos": "AJ",
"epos": "AJ"}
}
,
{
"node": "l",
"frag": "laq-qi-u",
"id": "P335192.l04f80",
"ref": "P335192.18.2",
"inst": "laqqiu[acquired]AJ",
"exosig": "@saao/saa06%akk-x-neoass:laq-qi-u=leqû[taken//acquired]AJ'AJ$laqqiu",
"f": {"lang": "akk-x-neoass",
"form": "laq-qi-u",
"cf": "leqû",
"gw": "taken",
"sense": "acquired",
"norm": "laqqiu",
"pos": "AJ",
"epos": "AJ"}
}
,
{
"node": "d",
"type": "line-start",
"ref": "P335192.19",
"n": "14",
"label": "b.e. 14"}
,
{
"node": "l",
"frag": "tu-a-ru",
"id": "P335192.l04f81",
"ref": "P335192.19.1",
"inst": "tuāru[revocation]'N",
"exosig": "@saao/saa06%akk-x-neoass:tu-a-ru=târu[turn//revocation]V'N$tuāru",
"f": {"lang": "akk-x-neoass",
"form": "tu-a-ru",
"cf": "târu",
"gw": "turn",
"sense": "revocation",
"norm": "tuāru",
"pos": "V",
"epos": "N"}
}
,
{
"node": "d",
"subtype": "reverse",
"type": "surface",
"ref": "P335192.r.20",
"type": "reverse",
"label": "r"}
,
{
"node": "d",
"type": "line-start",
"ref": "P335192.21",
"n": "1",
"label": "r 1"}
,
{
"node": "l",
"frag": "de-e-nu",
"id": "P335192.l04f82",
"ref": "P335192.21.1",
"inst": "dēnu[lawsuit]N",
"exosig": "@saao/saa06%akk-x-neoass:de-e-nu=dīnu[legal decision//lawsuit]N'N$dēnu",
"f": {"lang": "akk-x-neoass",
"form": "de-e-nu",
"cf": "dīnu",
"gw": "legal decision",
"sense": "lawsuit",
"norm": "dēnu",
"pos": "N",
"epos": "N"}
}
,
{
"node": "l",
"frag": "da-ba-bu",
"id": "P335192.l04f83",
"ref": "P335192.21.2",
"inst": "dabābu[speak//litigation]V'N$",
"exosig": "@saao/saa06%akk-x-neoass:da-ba-bu=dabābu[speak//litigation]V'N$dabābu",
"f": {"lang": "akk-x-neoass",
"form": "da-ba-bu",
"cf": "dabābu",
"gw": "speak",
"sense": "litigation",
"norm": "dabābu",
"pos": "V",
"epos": "N"}
}
,
{
"node": "d",
"type": "line-start",
"ref": "P335192.22",
"n": "2",
"label": "r 2"}
,
{
"node": "l",
"frag": "la-a-šu₂",
"id": "P335192.l04f84",
"ref": "P335192.22.1",
"inst": "lāšu[(there) is not]V",
"exosig": "@saao/saa06%akk-x-neoass:la-a-šu₂=laššu[(there) is not//(there) is not]V'V$lāšu",
"f": {"lang": "akk-x-neoass",
"form": "la-a-šu₂",
"cf": "laššu",
"gw": "(there) is not",
"sense": "(there) is not",
"norm": "lāšu",
"pos": "V",
"epos": "V"}
}
,
{
"node": "l",
"frag": "man-nu",
"id": "P335192.l04f85",
"ref": "P335192.22.2",
"inst": "mannu[whoever]'XP",
"exosig": "@saao/saa06%akk-x-neoass:man-nu=mannu[who?//whoever]QP'XP$mannu",
"f": {"lang": "akk-x-neoass",
"form": "man-nu",
"cf": "mannu",
"gw": "who?",
"sense": "whoever",
"norm": "mannu",
"pos": "QP",
"epos": "XP"}
}
,
{
"node": "l",
"frag": "ša₂",
"id": "P335192.l04f86",
"ref": "P335192.22.3",
"inst": "ša[that]REL",
"exosig": "@saao/saa06%akk-x-neoass:ša₂=ša[that//that]REL'REL$ša",
"f": {"lang": "akk-x-neoass",
"form": "ša₂",
"cf": "ša",
"gw": "that",
"sense": "that",
"norm": "ša",
"pos": "REL",
"epos": "REL"}
}
,
{
"node": "l",
"frag": "GIL-u-ni",
"id": "P335192.l04f87",
"ref": "P335192.22.4",
"inst": "iparrakūni[contravene]V",
"exosig": "@saao/saa06%akk-x-neoass:GIL-u-ni=parāku[lie across//contravene]V'V$iparrakūni",
"f": {"lang": "akk-x-neoass",
"form": "GIL-u-ni",
"cf": "parāku",
"gw": "lie across",
"sense": "contravene",
"norm": "iparrakūni",
"pos": "V",
"epos": "V"}
}
,
{
"node": "d",
"type": "line-start",
"ref": "P335192.23",
"n": "3",
"label": "r 3"}
,
{
"node": "l",
"frag": "10",
"id": "P335192.l04f88",
"ref": "P335192.23.1",
"inst": "n",
"f": {"lang": "akk-x-neoass",
"form": "10",
"pos": "n"}
}
,
{
"node": "l",
"frag": "MA.NA",
"id": "P335192.l04f89",
"ref": "P335192.23.2",
"inst": "manê[a unit of weight]N",
"exosig": "@saao/saa06%akk-x-neoass:MA.NA=manû[unit//a unit of weight]N'N$manê",
"f": {"lang": "akk-x-neoass",
"form": "MA.NA",
"cf": "manû",
"gw": "unit",
"sense": "a unit of weight",
"norm": "manê",
"pos": "N",
"epos": "N"}
}
,
{
"node": "l",
"frag": "01",
"id": "P335192.l04f8a",
"ref": "P335192.23.3",
"inst": "n",
"f": {"lang": "akk-x-neoass",
"form": "01",
"pos": "n"}
}
,
{
"node": "l",
"frag": "MA.NA",
"id": "P335192.l04f8b",
"ref": "P335192.23.4",
"inst": "manê[a unit of weight]N",
"exosig": "@saao/saa06%akk-x-neoass:MA.NA=manû[unit//a unit of weight]N'N$manê",
"f": {"lang": "akk-x-neoass",
"form": "MA.NA",
"cf": "manû",
"gw": "unit",
"sense": "a unit of weight",
"norm": "manê",
"pos": "N",
"epos": "N"}
}
,
{
"node": "l",
"frag": "KUG.GI",
"id": "P335192.l04f8c",
"ref": "P335192.23.5",
"inst": "hurāṣi[gold]N",
"exosig": "@saao/saa06%akk-x-neoass:KUG.GI=hurāṣu[gold//gold]N'N$hurāṣi",
"f": {"lang": "akk-x-neoass",
"form": "KUG.GI",
"cf": "hurāṣu",
"gw": "gold",
"sense": "gold",
"norm": "hurāṣi",
"pos": "N",
"epos": "N"}
}
,
{
"node": "d",
"type": "line-start",
"ref": "P335192.24",
"n": "4",
"label": "r 4"}
,
{
"node": "l",
"frag": "ina",
"id": "P335192.l04f8d",
"ref": "P335192.24.1",
"inst": "ina[in]PRP",
"exosig": "@saao/saa06%akk-x-neoass:ina=ina[in//in]PRP'PRP$ina",
"f": {"lang": "akk-x-neoass",
"form": "ina",
"cf": "ina",
"gw": "in",
"sense": "in",
"norm": "ina",
"pos": "PRP",
"epos": "PRP"}
}
,
{
"node": "l",
"frag": "bur-ki",
"id": "P335192.l04f8e",
"ref": "P335192.24.2",
"inst": "burki[lap]N",
"exosig": "@saao/saa06%akk-x-neoass:bur-ki=burku[knee//lap]N'N$burki",
"f": {"lang": "akk-x-neoass",
"form": "bur-ki",
"cf": "burku",
"gw": "knee",
"sense": "lap",
"norm": "burki",
"pos": "N",
"epos": "N"}
}
,
{
"node": "l",
"frag": "{d}15",
"id": "P335192.l04f8f",
"ref": "P335192.24.3",
"inst": "Issar[1]DN",
"exosig": "@saao/saa06%akk-x-neoass:{d}15=Ištar[1//1]DN'DN$Issar",
"f": {"lang": "akk-x-neoass",
"form": "{d}15",
"cf": "Ištar",
"gw": "1",
"sense": "1",
"norm": "Issar",
"pos": "DN",
"epos": "DN"}
}
,
{
"node": "l",
"frag": "a-šib",
"id": "P335192.l04f90",
"ref": "P335192.24.4",
"inst": "āšib[residing]AJ",
"exosig": "@saao/saa06%akk-x-neoass:a-šib=āšibu[sitting//residing]AJ'AJ$āšib",
"f": {"lang": "akk-x-neoass",
"form": "a-šib",
"cf": "āšibu",
"gw": "sitting",
"sense": "residing",
"norm": "āšib",
"pos": "AJ",
"epos": "AJ"}
}
,
{
"node": "l",
"frag": "NINA{ki}",
"id": "P335192.l04f91",
"ref": "P335192.24.5",
"inst": "Ninua[Nineveh]GN",
"exosig": "@saao/saa06%akk-x-neoass:NINA{KI}=Ninua[Nineveh//Nineveh]GN'GN$Ninua",
"f": {"lang": "akk-x-neoass",
"form": "NINA{KI}",
"cf": "Ninua",
"gw": "Nineveh",
"sense": "Nineveh",
"norm": "Ninua",
"pos": "GN",
"epos": "GN"}
}
,
{
"node": "l",
"frag": "GAR-an",
"id": "P335192.l04f92",
"ref": "P335192.24.6",
"inst": "išakkan[place]V",
"exosig": "@saao/saa06%akk-x-neoass:GAR-an=šakānu[put//place]V'V$išakkan",
"f": {"lang": "akk-x-neoass",
"form": "GAR-an",
"cf": "šakānu",
"gw": "put",
"sense": "place",
"norm": "išakkan",
"pos": "V",
"epos": "V"}
}
,
{
"node": "d",
"type": "line-start",
"ref": "P335192.25",
"n": "5",
"label": "r 5"}
,
{
"node": "l",
"frag": "kas-pu",
"id": "P335192.l04f93",
"ref": "P335192.25.1",
"inst": "kaspu[money]N",
"exosig": "@saao/saa06%akk-x-neoass:kas-pu=kaspu[silver//money]N'N$kaspu",
"f": {"lang": "akk-x-neoass",
"form": "kas-pu",
"cf": "kaspu",
"gw": "silver",
"sense": "money",
"norm": "kaspu",
"pos": "N",
"epos": "N"}
}
,
{
"node": "c",
"type": "phrase",
"tag": "phr",
"id": "P335192.U5",
"ref": "P335192.ls00001",
"cdl": [
{
"node": "l",
"frag": "ana",
"id": "P335192.l04f94",
"ref": "P335192.25.2",
"inst": "ana[to+=tenfold]PRP$",
"exosig": "@saao/saa06%akk-x-neoass:ana=ana[to//to]PRP'PRP$ana",
"f": {"lang": "akk-x-neoass",
"form": "ana",
"cf": "ana",
"gw": "to",
"sense": "to",
"norm": "ana",
"pos": "PRP",
"epos": "PRP"}
}
,
{
"node": "l",
"frag": "10-MEŠ",
"id": "P335192.l04f95",
"ref": "P335192.25.3",
"inst": "ešriātu[tenfold]AV$ešrāti",
"exosig": "@saao/saa06%akk-x-neoass:10-MEŠ=ešriātu[tenfold//tenfold]AV'AV$ešrāti",
"f": {"lang": "akk-x-neoass",
"form": "10-MEŠ",
"cf": "ešriātu",
"gw": "tenfold",
"sense": "tenfold",
"norm": "ešrāti",
"pos": "AV",
"epos": "AV"}
}
]}
,
{
"node": "l",
"frag": "ana",
"id": "P335192.l04f96",
"ref": "P335192.25.4",
"inst": "ana[to]PRP",
"exosig": "@saao/saa06%akk-x-neoass:ana=ana[to//to]PRP'PRP$ana",
"f": {"lang": "akk-x-neoass",
"form": "ana",
"cf": "ana",
"gw": "to",
"sense": "to",
"norm": "ana",
"pos": "PRP",
"epos": "PRP"}
}
,
{
"node": "l",
"frag": "EN-šu₂",
"id": "P335192.l04f97",
"ref": "P335192.25.5",
"inst": "bēlīšu[owner]N",
"exosig": "@saao/saa06%akk-x-neoass:EN-šu₂=bēlu[lord//owner]N'N$bēlīšu",
"f": {"lang": "akk-x-neoass",
"form": "EN-šu₂",
"cf": "bēlu",
"gw": "lord",
"sense": "owner",
"norm": "bēlīšu",
"pos": "N",
"epos": "N"}
}
,
{
"node": "l",
"frag": "GUR",
"id": "P335192.l04f98",
"ref": "P335192.25.6",
"inst": "itūar[return]V",
"exosig": "@saao/saa06%akk-x-neoass:GUR=târu[turn//return]V'V$itūar",
"f": {"lang": "akk-x-neoass",
"form": "GUR",
"cf": "târu",
"gw": "turn",
"sense": "return",
"norm": "itūar",
"pos": "V",
"epos": "V"}
}
,
{
"node": "d",
"type": "line-start",
"ref": "P335192.26",
"n": "6",
"label": "r 6"}
,
{
"node": "l",
"frag": "ina",
"id": "P335192.l04f99",
"ref": "P335192.26.1",
"inst": "ina[in]PRP",
"exosig": "@saao/saa06%akk-x-neoass:ina=ina[in//in]PRP'PRP$ina",
"f": {"lang": "akk-x-neoass",
"form": "ina",
"cf": "ina",
"gw": "in",
"sense": "in",
"norm": "ina",
"pos": "PRP",
"epos": "PRP"}
}
,
{
"node": "l",
"frag": "de-ni-šu₂",
"id": "P335192.l04f9a",
"ref": "P335192.26.2",
"inst": "dēnīšu[lawsuit]N",
"exosig": "@saao/saa06%akk-x-neoass:de-ni-šu₂=dīnu[legal decision//lawsuit]N'N$dēnīšu",
"f": {"lang": "akk-x-neoass",
"form": "de-ni-šu₂",
"cf": "dīnu",
"gw": "legal decision",
"sense": "lawsuit",
"norm": "dēnīšu",
"pos": "N",
"epos": "N"}
}
,
{
"node": "l",
"frag": "DUG₄.DUG₄-ma",
"id": "P335192.l04f9b",
"ref": "P335192.26.3",
"inst": "idabbubma[contest]V",
"exosig": "@saao/saa06%akk-x-neoass:DUG₄.DUG₄-ma=dabābu[speak//contest]V'V$idabbubma",
"f": {"lang": "akk-x-neoass",
"form": "DUG₄.DUG₄-ma",
"cf": "dabābu",
"gw": "speak",
"sense": "contest",
"norm": "idabbubma",
"pos": "V",
"epos": "V"}
}
,
{
"node": "l",
"frag": "la₃",
"id": "P335192.l04f9c",
"ref": "P335192.26.4",
"inst": "lā[not]MOD",
"exosig": "@saao/saa06%akk-x-neoass:la₃=lā[not//not]MOD'MOD$lā",
"f": {"lang": "akk-x-neoass",
"form": "la₃",
"cf": "lā",
"gw": "not",
"sense": "not",
"norm": "lā",
"pos": "MOD",
"epos": "MOD"}
}
,
{
"node": "l",
"frag": "TI",
"id": "P335192.l04f9d",
"ref": "P335192.26.5",
"inst": "ilaqqi[succeed]V",
"exosig": "@saao/saa06%akk-x-neoass:TI=leqû[take//succeed]V'V$ilaqqi",
"f": {"lang": "akk-x-neoass",
"form": "TI",
"cf": "leqû",
"gw": "take",
"sense": "succeed",
"norm": "ilaqqi",
"pos": "V",
"epos": "V"}
}
,
{
"node": "d",
"type": "nonx",
"ref": "P335192.27",
"strict": "1",
"extent": "n",
"scope": "line",
"state": "ruling"}
,
{
"node": "d",
"type": "line-start",
"ref": "P335192.28",
"n": "7",
"label": "r 7"}
,
{
"node": "l",
"frag": "IGI",
"id": "P335192.l04f9e",
"ref": "P335192.28.1",
"inst": "šību[witness]N",
"exosig": "@saao/saa06%akk-x-neoass:IGI=šību[witness//witness]N'N$šību",
"f": {"lang": "akk-x-neoass",
"form": "IGI",
"cf": "šību",
"gw": "witness",
"sense": "witness",
"norm": "šību",
"pos": "N",
"epos": "N"}
}
,
{
"node": "l",
"frag": "{1}si-lim-DINGIR",
"id": "P335192.l04f9f",
"ref": "P335192.28.2",
"inst": "Silim-ili[1]PN",
"exosig": "@saao/saa06%akk-x-neoass:{1}si-lim-DINGIR=Silim-ili[1//1]PN'PN$Silim-ili",
"f": {"lang": "akk-x-neoass",
"form": "{1}si-lim-DINGIR",
"cf": "Silim-ili",
"gw": "1",
"sense": "1",
"norm": "Silim-ili",
"pos": "PN",
"epos": "PN"}
}
,
{
"node": "l",
"frag": "{lu₂v}⸢SANGA⸣",
"id": "P335192.l04fa0",
"ref": "P335192.28.3",
"inst": "sangû[priest]N",
"exosig": "@saao/saa06%akk-x-neoass:{LU₂}SANGA=šangû[priest//priest]N'N$sangû",
"f": {"lang": "akk-x-neoass",
"form": "{LU₂}SANGA",
"cf": "šangû",
"gw": "priest",
"sense": "priest",
"norm": "sangû",
"pos": "N",
"epos": "N"}
}
,
{
"node": "d",
"type": "line-start",
"ref": "P335192.29",
"n": "8",
"label": "r 8"}
,
{
"node": "l",
"frag": "IGI",
"id": "P335192.l04fa1",
"ref": "P335192.29.1",
"inst": "šību[witness]N",
"exosig": "@saao/saa06%akk-x-neoass:IGI=šību[witness//witness]N'N$šību",
"f": {"lang": "akk-x-neoass",
"form": "IGI",
"cf": "šību",
"gw": "witness",
"sense": "witness",
"norm": "šību",
"pos": "N",
"epos": "N"}
}
,
{
"node": "l",
"frag": "{1}di-di-⸢i⸣",
"id": "P335192.l04fa2",
"ref": "P335192.29.2",
"inst": "Didi[1]PN$",
"exosig": "@saao/saa06%akk-x-neoass:{1}di-di-i=Didi[1//1]PN'PN$Didi",
"f": {"lang": "akk-x-neoass",
"form": "{1}di-di-i",
"cf": "Didi",
"gw": "1",
"sense": "1",
"norm": "Didi",
"pos": "PN",
"epos": "PN"}
}
,
{
"node": "l",
"frag": "[o]",
"id": "P335192.l04fa3",
"ref": "P335192.29.3",
"inst": "u",
"f": {"lang": "akk-x-neoass",
"form": "o",
"pos": "u"}
}
,
{
"node": "d",
"type": "line-start",
"ref": "P335192.30",
"n": "9",
"label": "r 9"}
,
{
"node": "l",
"frag": "IGI",
"id": "P335192.l04fa4",
"ref": "P335192.30.1",
"inst": "šību[witness]N",
"exosig": "@saao/saa06%akk-x-neoass:IGI=šību[witness//witness]N'N$šību",
"f": {"lang": "akk-x-neoass",
"form": "IGI",
"cf": "šību",
"gw": "witness",
"sense": "witness",
"norm": "šību",
"pos": "N",
"epos": "N"}
}
,
{
"node": "l",
"frag": "{1}mil-ki-la-[rim]",
"id": "P335192.l04fa5",
"ref": "P335192.30.2",
"inst": "Milki-larim[1]PN$",
"exosig": "@saao/saa06%akk-x-neoass:{1}mil-ki-la-rim=Milki-larim[1//1]PN'PN$Milki-larim",
"f": {"lang": "akk-x-neoass",
"form": "{1}mil-ki-la-rim",
"cf": "Milki-larim",
"gw": "1",
"sense": "1",
"norm": "Milki-larim",
"pos": "PN",
"epos": "PN"}
}
,
{
"node": "d",
"type": "line-start",
"ref": "P335192.31",
"n": "10",
"label": "r 10"}
,
{
"node": "l",
"frag": "IGI",
"id": "P335192.l04fa6",
"ref": "P335192.31.1",
"inst": "šību[witness]N",
"exosig": "@saao/saa06%akk-x-neoass:IGI=šību[witness//witness]N'N$šību",
"f": {"lang": "akk-x-neoass",
"form": "IGI",
"cf": "šību",
"gw": "witness",
"sense": "witness",
"norm": "šību",
"pos": "N",
"epos": "N"}
}
,
{
"node": "l",
"frag": "{1}URU-u₂-[x",
"id": "P335192.l04fa7",
"ref": "P335192.31.2",
"inst": "u",
"f": {"lang": "akk-x-neoass",
"form": "{1}URU-u₂-x",
"pos": "u"}
}
,
{
"node": "l",
"frag": "x]",
"id": "P335192.l04fa8",
"ref": "P335192.31.3",
"inst": "u",
"f": {"lang": "akk-x-neoass",
"form": "x",
"pos": "u"}
}
,
{
"node": "d",
"type": "line-start",
"ref": "P335192.32",
"n": "11",
"label": "r 11"}
,
{
"node": "l",
"frag": "[IGI",
"id": "P335192.l04fa9",
"ref": "P335192.32.1",
"inst": "šību[witness]N",
"exosig": "@saao/saa06%akk-x-neoass:IGI=šību[witness//witness]N'N$šību",
"f": {"lang": "akk-x-neoass",
"form": "IGI",
"cf": "šību",
"gw": "witness",
"sense": "witness",
"norm": "šību",
"pos": "N",
"epos": "N"}
}
,
{
"node": "l",
"frag": "{1}x]-PAB-⸢x⸣+[x",
"id": "P335192.l04faa",
"ref": "P335192.32.2",
"inst": "u",
"f": {"lang": "akk-x-neoass",
"form": "{1}x-PAB-x+x",
"pos": "u"}
}
,
{
"node": "l",
"frag": "x",
"id": "P335192.l04fab",
"ref": "P335192.32.3",
"inst": "u",
"f": {"lang": "akk-x-neoass",
"form": "x",
"pos": "u"}
}
,
{
"node": "l",
"frag": "x]",
"id": "P335192.l04fac",
"ref": "P335192.32.4",
"inst": "u",
"f": {"lang": "akk-x-neoass",
"form": "x",
"pos": "u"}
}
,
{
"node": "d",
"type": "nonx",
"ref": "P335192.33",
"strict": "0",
"extent": "n",
"scope": "line",
"state": "other"}
,
{
"node": "d",
"subtype": "top",
"type": "surface",
"ref": "P335192.t.e..34",
"type": "top",
"label": "t.e."}
,
{
"node": "d",
"type": "line-start",
"ref": "P335192.35",
"n": "14",
"label": "t.e. 14"}
,
{
"node": "c",
"type": "phrase",
"tag": "phr",
"id": "P335192.U6",
"ref": "P335192.ls00002",
"cdl": [
{
"node": "l",
"frag": "[GAR].⸢KUR⸣",
"id": "P335192.l04fad",
"ref": "P335192.35.1",
"cof-tails": "P335192.l04fae",
"inst": "šaknu[appointee]N$šakin&mātu[land]N$māti",
"exosig": "@saao/saa06%akk-x-neoass:GAR.KUR=šaknu[appointee//appointee]N'N$šakin&&@saao%akk-x-neoass:=mātu[land//land]N'N$māti",
"f": {"lang": "akk-x-neoass",
"form": "GAR.KUR",
"cf": "šaknu",
"gw": "appointee",
"sense": "appointee",
"norm": "šakin",
"pos": "N",
"epos": "N"}
}
,
{
"node": "l",
"frag": "[GAR].⸢KUR⸣",
"id": "P335192.l04fae",
"ref": "P335192.35.1",
"cof-head": "P335192.l04fad",
"inst": "šaknu[appointee]N$šakin&mātu[land]N$māti",
"tail-sig": "@saao%akk-x-neoass:=mātu[land//land]N'N$māti",
"f": {"lang": "akk-x-neoass",
"form": "GAR.KUR",
"cf": "mātu",
"gw": "land",
"sense": "land",
"norm": "māti",
"pos": "N",
"epos": "N"}
}
]}
,
{
"node": "l",
"frag": "{kur}⸢x⸣+[x",
"id": "P335192.l04faf",
"ref": "P335192.35.2",
"inst": "u",
"f": {"lang": "akk-x-neoass",
"form": "{KUR}x+x",
"pos": "u"}
}
,
{
"node": "l",
"frag": "x",
"id": "P335192.l04fb0",
"ref": "P335192.35.3",
"inst": "u",
"f": {"lang": "akk-x-neoass",
"form": "x",
"pos": "u"}
}
,
{
"node": "l",
"frag": "x",
"id": "P335192.l04fb1",
"ref": "P335192.35.4",
"inst": "u",
"f": {"lang": "akk-x-neoass",
"form": "x",
"pos": "u"}
}
,
{
"node": "l",
"frag": "x]",
"id": "P335192.l04fb2",
"ref": "P335192.35.5",
"inst": "u",
"f": {"lang": "akk-x-neoass",
"form": "x",
"pos": "u"}
}
,
{
"node": "d",
"subtype": "left",
"type": "surface",
"ref": "P335192.l.e..36",
"type": "left",
"label": "l.e."}
,
{
"node": "d",
"type": "line-start",
"ref": "P335192.37",
"n": "1",
"label": "l.e. 1"}
,
{
"node": "l",
"id": "P335192.l04fb3",
"ref": "P335192.37.1",
"inst": "u",
"f": {"lang": "arc",
"form": "l",
"pos": "u"}
}
,
{
"node": "l",
"id": "P335192.l04fb4",
"ref": "P335192.37.2",
"inst": "u",
"f": {"lang": "arc",
"form": "mnḥm",
"pos": "u"}
}
]}
]}
]}
,
{
"linkbase": [{
"type": "linkset",
"xlink_title": "ina libbi[in//(in exchange) for]PRP'PRP",
"id": "P335192.ls00000",
"xlink_type": "extended",
"xlink_role": "psu",
"sig": "{ina[in]PRP libbu[interior]N += ina libbi[in//(in exchange) for]PRP'PRP}::@saao%akk-x-neoass:ina=ina[in//into]PRP'PRP$ina++@saao%akk-x-neoass:ŠA₃=libbu[interior//interior]N'N$libbi",
"links": [
{
"type": "link",
"xlink_title": "ina",
"xlink_type": "locator",
"xlink_href": "#P335192.l04f6f",
"xlink_role": "elt"}
,
{
"type": "link",
"xlink_title": "libbi",
"xlink_type": "locator",
"xlink_href": "#P335192.l04f70",
"xlink_role": "elt"}
]}
,
{
"type": "linkset",
"xlink_title": "ana ešriāti[tenfold//tenfold]AV'AV",
"id": "P335192.ls00001",
"xlink_type": "extended",
"xlink_role": "psu",
"sig": "{ana[to]PRP ešriātu[tenfold]AV += ana ešriāti[tenfold//tenfold]AV'AV}::@saao%akk-x-neoass:ana=ana[to//to]PRP'PRP$ana++@saao%akk-x-neoass:10-MEŠ=ešriātu[tenfold//tenfold]AV'AV$ešrāti",
"links": [
{
"type": "link",
"xlink_title": "ana",
"xlink_type": "locator",
"xlink_href": "#P335192.l04f94",
"xlink_role": "elt"}
,
{
"type": "link",
"xlink_title": "ešriātu",
"xlink_type": "locator",
"xlink_href": "#P335192.l04f95",
"xlink_role": "elt"}
]}
,
{
"type": "linkset",
"xlink_title": "šakin māti[governor//governor]N'N",
"id": "P335192.ls00002",
"xlink_type": "extended",
"xlink_role": "psu",
"sig": "{šaknu[appointee]N mātu[land]N += šakin māti[governor//governor]N'N}::@saao%akk-x-neoass:GAR.KUR=šaknu[appointee//appointee]N'N$šakin++@saao%akk-x-neoass:GAR.KUR=mātu[land//land]N'N$māti",
"links": [
{
"type": "link",
"xlink_title": "šaknu",
"xlink_type": "locator",
"xlink_href": "#P335192.l04fad",
"xlink_role": "elt"}
,
{
"type": "link",
"xlink_title": "mātu",
"xlink_type": "locator",
"xlink_href": "#P335192.l04fae",
"xlink_role": "elt"}
]}
]}
]}
