{
"type": "cdl",
  "source": "http://oracc.org/saao/saa06",
  "license": "This data is released under the CC0 license",
  "license-url": "https://creativecommons.org/publicdomain/zero/1.0/",
  "more-info": "http://oracc.org/doc/opendata/",
  "UTC-timestamp": "2017-05-19T11:30:56",
"project": "saao/saa06",
"textid": "P335078",
"cdl": [
{
"node": "c",
"type": "text",
"id": "P335078.U0",
"cdl": [
{
"node": "d",
"type": "object",
"ref": ""}
,
{
"node": "d",
"subtype": "obverse",
"type": "surface",
"ref": "P335078.o.1",
"type": "obverse",
"label": "o"}
,
{
"node": "c",
"type": "discourse",
"subtype": "body",
"id": "P335078.U1",
"cdl": [
{
"node": "c",
"type": "sentence",
"id": "P335078.U2",
"label": "o 1 - r 5",
"cdl": [
{
"node": "d",
"type": "line-start",
"ref": "P335078.2",
"n": "1",
"label": "o 1"}
,
{
"node": "l",
"frag": "{na₄}KIŠIB",
"id": "P335078.l0139f",
"ref": "P335078.2.1",
"inst": "kunukku[seal]N",
"sig": "@saao/saa06%akk-x-neoass:{NA₄}KIŠIB=kunukku[seal//seal]N'N$kunuk",
"f": {"lang": "akk-x-neoass",
"form": "{NA₄}KIŠIB",
"cf": "kunukku",
"gw": "seal",
"sense": "seal",
"norm": "kunuk",
"pos": "N",
"epos": "N"}
}
,
{
"node": "l",
"frag": "{1}aš-šur-EN-PAB",
"id": "P335078.l013a0",
"ref": "P335078.2.2",
"inst": "Aššur-belu-uṣur[1]PN",
"exosig": "@saao/saa06%akk-x-neoass:{1}aš-šur-EN-PAB=Aššur-belu-uṣur[1//1]PN'PN$Aššur-belu-uṣur",
"f": {"lang": "akk-x-neoass",
"form": "{1}aš-šur-EN-PAB",
"cf": "Aššur-belu-uṣur",
"gw": "1",
"sense": "1",
"norm": "Aššur-belu-uṣur",
"pos": "PN",
"epos": "PN"}
}
,
{
"node": "c",
"type": "phrase",
"tag": "phr",
"id": "P335078.U4",
"ref": "P335078.ls00000",
"cdl": [
{
"node": "l",
"frag": "{lu₂}GAL-E₂",
"id": "P335078.l013a1",
"ref": "P335078.2.3",
"cof-tails": "P335078.l013a2",
"inst": "rabû[big one]N$rab&bītu[house]N$bēti",
"exosig": "@saao/saa06%akk-x-neoass:{LU₂}GAL-E₂=rabû[big one//big one]N'N$rab&&@saao%akk-x-neoass:=bītu[house//house]N'N$bēti",
"f": {"lang": "akk-x-neoass",
"form": "{LU₂}GAL-E₂",
"cf": "rabû",
"gw": "big one",
"sense": "big one",
"norm": "rab",
"pos": "N",
"epos": "N"}
}
,
{
"node": "l",
"frag": "{lu₂}GAL-E₂",
"id": "P335078.l013a2",
"ref": "P335078.2.3",
"cof-head": "P335078.l013a1",
"inst": "rabû[big one]N$rab&bītu[house]N$bēti",
"tail-sig": "@saao%akk-x-neoass:=bītu[house//house]N'N$bēti",
"f": {"lang": "akk-x-neoass",
"form": "{LU₂}GAL-E₂",
"cf": "bītu",
"gw": "house",
"sense": "house",
"norm": "bēti",
"pos": "N",
"epos": "N"}
}
]}
,
{
"node": "d",
"type": "line-start",
"ref": "P335078.3",
"n": "2",
"label": "o 2"}
,
{
"node": "l",
"frag": "ša",
"id": "P335078.l013a3",
"ref": "P335078.3.1",
"inst": "ša[of]DET",
"exosig": "@saao/saa06%akk-x-neoass:ša=ša[of//of]DET'DET$ša",
"f": {"lang": "akk-x-neoass",
"form": "ša",
"cf": "ša",
"gw": "of",
"sense": "of",
"norm": "ša",
"pos": "DET",
"epos": "DET"}
}
,
{
"node": "l",
"frag": "{uru}gar-ga-mis",
"id": "P335078.l013a4",
"ref": "P335078.3.2",
"inst": "Gargamis[Carchemish]GN",
"exosig": "@saao/saa06%akk-x-neoass:{URU}gar-ga-mis=Gargamis[Carchemish//Carchemish]GN'GN$Gargamis",
"f": {"lang": "akk-x-neoass",
"form": "{URU}gar-ga-mis",
"cf": "Gargamis",
"gw": "Carchemish",
"sense": "Carchemish",
"norm": "Gargamis",
"pos": "GN",
"epos": "GN"}
}
,
{
"node": "l",
"frag": "06",
"id": "P335078.l013a5",
"ref": "P335078.3.3",
"inst": "n",
"f": {"lang": "akk-x-neoass",
"form": "06",
"pos": "n"}
}
,
{
"node": "l",
"frag": "ANŠE",
"id": "P335078.l013a6",
"ref": "P335078.3.4",
"inst": "imārī[a unit of capacity]N",
"exosig": "@saao/saa06%akk-x-neoass:ANŠE=imēru[unit//a unit of capacity]N'N$imārī",
"f": {"lang": "akk-x-neoass",
"form": "ANŠE",
"cf": "imēru",
"gw": "unit",
"sense": "a unit of capacity",
"norm": "imārī",
"pos": "N",
"epos": "N"}
}
,
{
"node": "l",
"frag": "I₃-MEŠ",
"id": "P335078.l013a7",
"ref": "P335078.3.5",
"inst": "šamnī[oil]N",
"exosig": "@saao/saa06%akk-x-neoass:I₃-MEŠ=šamnu[oil//oil]N'N$šamnī",
"f": {"lang": "akk-x-neoass",
"form": "I₃-MEŠ",
"cf": "šamnu",
"gw": "oil",
"sense": "oil",
"norm": "šamnī",
"pos": "N",
"epos": "N"}
}
,
{
"node": "l",
"frag": "hal-ṣu",
"id": "P335078.l013a8",
"ref": "P335078.3.6",
"inst": "halṣu[combed//filtered]AJ$",
"exosig": "@saao/saa06%akk-x-neoass:hal-ṣu=halṣu[combed//filtered]AJ'AJ$halṣu",
"f": {"lang": "akk-x-neoass",
"form": "hal-ṣu",
"cf": "halṣu",
"gw": "combed",
"sense": "filtered",
"norm": "halṣu",
"pos": "AJ",
"epos": "AJ"}
}
,
{
"node": "d",
"type": "line-start",
"ref": "P335078.4",
"n": "3",
"label": "o 3"}
,
{
"node": "l",
"frag": "ina",
"id": "P335078.l013a9",
"ref": "P335078.4.1",
"inst": "ina[by]PRP",
"exosig": "@saao/saa06%akk-x-neoass:ina=ina[in//by]PRP'PRP$ina",
"f": {"lang": "akk-x-neoass",
"form": "ina",
"cf": "ina",
"gw": "in",
"sense": "by",
"norm": "ina",
"pos": "PRP",
"epos": "PRP"}
}
,
{
"node": "l",
"frag": "{giš}BAN₂",
"id": "P335078.l013aa",
"ref": "P335078.4.2",
"inst": "sūti[a unit of capacity]N",
"exosig": "@saao/saa06%akk-x-neoass:{GIŠ}BAN₂=sūtu[unit//a unit of capacity]N'N$sūti",
"f": {"lang": "akk-x-neoass",
"form": "{GIŠ}BAN₂",
"cf": "sūtu",
"gw": "unit",
"sense": "a unit of capacity",
"norm": "sūti",
"pos": "N",
"epos": "N"}
}
,
{
"node": "l",
"frag": "ša₂",
"id": "P335078.l013ab",
"ref": "P335078.4.3",
"inst": "ša[of]DET",
"exosig": "@saao/saa06%akk-x-neoass:ša₂=ša[of//of]DET'DET$ša",
"f": {"lang": "akk-x-neoass",
"form": "ša₂",
"cf": "ša",
"gw": "of",
"sense": "of",
"norm": "ša",
"pos": "DET",
"epos": "DET"}
}
,
{
"node": "l",
"frag": "10",
"id": "P335078.l013ac",
"ref": "P335078.4.4",
"inst": "n",
"f": {"lang": "akk-x-neoass",
"form": "10",
"pos": "n"}
}
,
{
"node": "l",
"frag": "qa",
"id": "P335078.l013ad",
"ref": "P335078.4.5",
"inst": "qâ[a unit of capacity]N",
"exosig": "@saao/saa06%akk-x-neoass:qa=qû[unit//a unit of capacity]N'N$qâ",
"f": {"lang": "akk-x-neoass",
"form": "qa",
"cf": "qû",
"gw": "unit",
"sense": "a unit of capacity",
"norm": "qâ",
"pos": "N",
"epos": "N"}
}
,
{
"node": "l",
"frag": "01",
"id": "P335078.l013ae",
"ref": "P335078.4.6",
"inst": "n",
"f": {"lang": "akk-x-neoass",
"form": "01",
"pos": "n"}
}
,
{
"node": "l",
"frag": "qa",
"id": "P335078.l013af",
"ref": "P335078.4.7",
"inst": "qâ[a unit of capacity]N",
"exosig": "@saao/saa06%akk-x-neoass:qa=qû[unit//a unit of capacity]N'N$qâ",
"f": {"lang": "akk-x-neoass",
"form": "qa",
"cf": "qû",
"gw": "unit",
"sense": "a unit of capacity",
"norm": "qâ",
"pos": "N",
"epos": "N"}
}
,
{
"node": "l",
"frag": "URUDU-MEŠ",
"id": "P335078.l013b0",
"ref": "P335078.4.8",
"inst": "erî[copper]N",
"exosig": "@saao/saa06%akk-x-neoass:URUDU-MEŠ=erû[copper//copper]N'N$erî",
"f": {"lang": "akk-x-neoass",
"form": "URUDU-MEŠ",
"cf": "erû",
"gw": "copper",
"sense": "copper",
"norm": "erî",
"pos": "N",
"epos": "N"}
}
,
{
"node": "l",
"frag": "ša₂",
"id": "P335078.l013b1",
"ref": "P335078.4.9",
"inst": "ša[of]DET",
"exosig": "@saao/saa06%akk-x-neoass:ša₂=ša[of//of]DET'DET$ša",
"f": {"lang": "akk-x-neoass",
"form": "ša₂",
"cf": "ša",
"gw": "of",
"sense": "of",
"norm": "ša",
"pos": "DET",
"epos": "DET"}
}
,
{
"node": "d",
"type": "line-start",
"ref": "P335078.5",
"n": "4",
"label": "o 4"}
,
{
"node": "l",
"frag": "{1}šum-ma-DINGIR-MEŠ-ni",
"id": "P335078.l013b2",
"ref": "P335078.5.1",
"inst": "Šumma-ilani[1]PN",
"exosig": "@saao/saa06%akk-x-neoass:{1}šum-ma-DINGIR-MEŠ-ni=Šumma-ilani[1//1]PN'PN$Šumma-ilani",
"f": {"lang": "akk-x-neoass",
"form": "{1}šum-ma-DINGIR-MEŠ-ni",
"cf": "Šumma-ilani",
"gw": "1",
"sense": "1",
"norm": "Šumma-ilani",
"pos": "PN",
"epos": "PN"}
}
,
{
"node": "c",
"type": "phrase",
"tag": "phr",
"id": "P335078.U5",
"ref": "P335078.ls00001",
"cdl": [
{
"node": "l",
"frag": "ina",
"id": "P335078.l013b3",
"ref": "P335078.5.2",
"inst": "ina[in+=at the disposal of]PRP$",
"exosig": "@saao/saa06%akk-x-neoass:ina=ina[in//in]PRP'PRP$ina",
"f": {"lang": "akk-x-neoass",
"form": "ina",
"cf": "ina",
"gw": "in",
"sense": "in",
"norm": "ina",
"pos": "PRP",
"epos": "PRP"}
}
,
{
"node": "l",
"frag": "IGI-šu₂",
"id": "P335078.l013b4",
"ref": "P335078.5.3",
"inst": "pānīšu[front]N",
"sig": "@saao/saa06%akk-x-neoass:IGI-šu₂=pānu[front//presence]N'N$pānīšu",
"f": {"lang": "akk-x-neoass",
"form": "IGI-šu₂",
"cf": "pānu",
"gw": "front",
"sense": "presence",
"norm": "pānīšu",
"pos": "N",
"epos": "N"}
}
]}
,
{
"node": "d",
"type": "line-start",
"ref": "P335078.6",
"n": "5",
"label": "o 5"}
,
{
"node": "l",
"frag": "ina",
"id": "P335078.l013b5",
"ref": "P335078.6.1",
"inst": "ina[in]PRP",
"exosig": "@saao/saa06%akk-x-neoass:ina=ina[in//in]PRP'PRP$ina",
"f": {"lang": "akk-x-neoass",
"form": "ina",
"cf": "ina",
"gw": "in",
"sense": "in",
"norm": "ina",
"pos": "PRP",
"epos": "PRP"}
}
,
{
"node": "l",
"frag": "{iti}ZIZ₂",
"id": "P335078.l013b6",
"ref": "P335078.6.2",
"inst": "Šabaṭi[Shebat]MN",
"exosig": "@saao/saa06%akk-x-neoass:{ITI}ZIZ₂=Šabaṭu[Shebat//Shebat]MN'MN$Šabaṭi",
"f": {"lang": "akk-x-neoass",
"form": "{ITI}ZIZ₂",
"cf": "Šabaṭu",
"gw": "Shebat",
"sense": "Shebat",
"norm": "Šabaṭi",
"pos": "MN",
"epos": "MN"}
}
,
{
"node": "l",
"frag": "I₃-MEŠ",
"id": "P335078.l013b7",
"ref": "P335078.6.3",
"inst": "šamnī[oil]N",
"exosig": "@saao/saa06%akk-x-neoass:I₃-MEŠ=šamnu[oil//oil]N'N$šamnī",
"f": {"lang": "akk-x-neoass",
"form": "I₃-MEŠ",
"cf": "šamnu",
"gw": "oil",
"sense": "oil",
"norm": "šamnī",
"pos": "N",
"epos": "N"}
}
,
{
"node": "l",
"frag": "SUM-an",
"id": "P335078.l013b8",
"ref": "P335078.6.4",
"inst": "iddan[give]V",
"exosig": "@saao/saa06%akk-x-neoass:SUM-an=tadānu[give//give]V'V$iddan",
"f": {"lang": "akk-x-neoass",
"form": "SUM-an",
"cf": "tadānu",
"gw": "give",
"sense": "give",
"norm": "iddan",
"pos": "V",
"epos": "V"}
}
,
{
"node": "l",
"frag": "šum-ma",
"id": "P335078.l013b9",
"ref": "P335078.6.5",
"inst": "šumma[if]MOD",
"exosig": "@saao/saa06%akk-x-neoass:šum-ma=šumma[if//if]MOD'MOD$šumma",
"f": {"lang": "akk-x-neoass",
"form": "šum-ma",
"cf": "šumma",
"gw": "if",
"sense": "if",
"norm": "šumma",
"pos": "MOD",
"epos": "MOD"}
}
,
{
"node": "l",
"frag": "la",
"id": "P335078.l013ba",
"ref": "P335078.6.6",
"inst": "lā[not]MOD",
"exosig": "@saao/saa06%akk-x-neoass:la=lā[not//not]MOD'MOD$lā",
"f": {"lang": "akk-x-neoass",
"form": "la",
"cf": "lā",
"gw": "not",
"sense": "not",
"norm": "lā",
"pos": "MOD",
"epos": "MOD"}
}
,
{
"node": "l",
"frag": "SUM-ni",
"id": "P335078.l013bb",
"ref": "P335078.6.7",
"inst": "tadānu[give]V$iddini",
"exosig": "@saao/saa06%akk-x-neoass:SUM-ni=tadānu[give//give]V'V$iddini",
"f": {"lang": "akk-x-neoass",
"form": "SUM-ni",
"cf": "tadānu",
"gw": "give",
"sense": "give",
"norm": "iddini",
"pos": "V",
"epos": "V"}
}
,
{
"node": "d",
"type": "line-start",
"ref": "P335078.7",
"n": "6",
"label": "o 6"}
,
{
"node": "c",
"type": "phrase",
"tag": "phr",
"id": "P335078.U6",
"ref": "P335078.ls00002",
"cdl": [
{
"node": "l",
"frag": "a-na",
"id": "P335078.l013bc",
"ref": "P335078.7.1",
"inst": "ana[to+=by the same amount]PRP",
"exosig": "@saao/saa06%akk-x-neoass:a-na=ana[to//to]PRP'PRP$ana",
"f": {"lang": "akk-x-neoass",
"form": "a-na",
"cf": "ana",
"gw": "to",
"sense": "to",
"norm": "ana",
"pos": "PRP",
"epos": "PRP"}
}
,
{
"node": "l",
"frag": "mit-har",
"id": "P335078.l013bd",
"ref": "P335078.7.2",
"inst": "mithār[corresponding (to one another)]AJ",
"exosig": "@saao/saa06%akk-x-neoass:mit-har=mithāru[corresponding (to one another)//corresponding (to one another)]AJ'AJ$mithār",
"f": {"lang": "akk-x-neoass",
"form": "mit-har",
"cf": "mithāru",
"gw": "corresponding (to one another)",
"sense": "corresponding (to one another)",
"norm": "mithār",
"pos": "AJ",
"epos": "AJ"}
}
]}
,
{
"node": "l",
"frag": "i-rab-bi",
"id": "P335078.l013be",
"ref": "P335078.7.3",
"inst": "irabbi[increase]V",
"exosig": "@saao/saa06%akk-x-neoass:i-rab-bi=rabû[to be big//increase]V'V$irabbi",
"f": {"lang": "akk-x-neoass",
"form": "i-rab-bi",
"cf": "rabû",
"gw": "to be big",
"sense": "increase",
"norm": "irabbi",
"pos": "V",
"epos": "V"}
}
,
{
"node": "d",
"type": "line-start",
"ref": "P335078.8",
"n": "7",
"label": "o 7"}
,
{
"node": "l",
"frag": "{iti}NE",
"id": "P335078.l013bf",
"ref": "P335078.8.1",
"inst": "Abi[Ab]MN",
"exosig": "@saao/saa06%akk-x-neoass:{ITI}NE=Abu[Ab//Ab]MN'MN$Abi",
"f": {"lang": "akk-x-neoass",
"form": "{ITI}NE",
"cf": "Abu",
"gw": "Ab",
"sense": "Ab",
"norm": "Abi",
"pos": "MN",
"epos": "MN"}
}
,
{
"node": "l",
"frag": "UD",
"id": "P335078.l013c0",
"ref": "P335078.8.2",
"inst": "ūm[day]N",
"exosig": "@saao/saa06%akk-x-neoass:UD=ūmu[day//day]N'N$ūm",
"f": {"lang": "akk-x-neoass",
"form": "UD",
"cf": "ūmu",
"gw": "day",
"sense": "day",
"norm": "ūm",
"pos": "N",
"epos": "N"}
}
,
{
"node": "l",
"frag": "21-KAM₂\\t",
"id": "P335078.l013c1",
"ref": "P335078.8.3",
"inst": "n",
"f": {"lang": "akk-x-neoass",
"form": "21-KAM₂",
"pos": "n"}
}
,
{
"node": "l",
"frag": "lim-me",
"id": "P335078.l013c2",
"ref": "P335078.8.4",
"inst": "limme[eponym (of year)]N",
"exosig": "@saao/saa06%akk-x-neoass:lim-me=līmu[eponym (of year)//eponym (of year)]N'N$limme",
"f": {"lang": "akk-x-neoass",
"form": "lim-me",
"cf": "līmu",
"gw": "eponym (of year)",
"sense": "eponym (of year)",
"norm": "limme",
"pos": "N",
"epos": "N"}
}
,
{
"node": "l",
"frag": "{1}{d}PA-PAB-MEŠ-APIN-eš",
"id": "P335078.l013c3",
"ref": "P335078.8.5",
"inst": "Nabu-ahhe-ereš[1]PN$",
"exosig": "@saao/saa06%akk-x-neoass:{1}{d}PA-PAB-MEŠ-APIN-eš=Nabu-ahhe-ereš[1//1]PN'PN$Nabu-ahhe-ereš",
"f": {"lang": "akk-x-neoass",
"form": "{1}{d}PA-PAB-MEŠ-APIN-eš",
"cf": "Nabu-ahhe-ereš",
"gw": "1",
"sense": "1",
"norm": "Nabu-ahhe-ereš",
"pos": "PN",
"epos": "PN"}
}
,
{
"node": "d",
"type": "line-start",
"ref": "P335078.9",
"n": "8",
"label": "o 8"}
,
{
"node": "l",
"frag": "ša",
"id": "P335078.l013c4",
"ref": "P335078.9.1",
"inst": "ša[of]DET",
"exosig": "@saao/saa06%akk-x-neoass:ša=ša[of//of]DET'DET$ša",
"f": {"lang": "akk-x-neoass",
"form": "ša",
"cf": "ša",
"gw": "of",
"sense": "of",
"norm": "ša",
"pos": "DET",
"epos": "DET"}
}
,
{
"node": "l",
"frag": "{uru}sa-ma-al-la",
"id": "P335078.l013c5",
"ref": "P335078.9.2",
"inst": "Samʾalla[Zincirli]GN$",
"exosig": "@saao/saa06%akk-x-neoass:{URU}sa-ma-al-la=Samʾalla[Zincirli//Zincirli]GN'GN$Samʾalla",
"f": {"lang": "akk-x-neoass",
"form": "{URU}sa-ma-al-la",
"cf": "Samʾalla",
"gw": "Zincirli",
"sense": "Zincirli",
"norm": "Samʾalla",
"pos": "GN",
"epos": "GN"}
}
,
{
"node": "d",
"type": "nonx",
"ref": "P335078.10",
"strict": "1",
"extent": "n",
"scope": "line",
"state": "ruling"}
,
{
"node": "d",
"type": "nonx",
"ref": "P335078.11",
"strict": "1",
"extent": "2",
"scope": "line",
"state": "blank"}
,
{
"node": "d",
"subtype": "reverse",
"type": "surface",
"ref": "P335078.r.12",
"type": "reverse",
"label": "r"}
,
{
"node": "d",
"type": "line-start",
"ref": "P335078.13",
"n": "1",
"label": "r 1"}
,
{
"node": "l",
"frag": "IGI",
"id": "P335078.l013c6",
"ref": "P335078.13.1",
"inst": "šību[witness]N",
"exosig": "@saao/saa06%akk-x-neoass:IGI=šību[witness//witness]N'N$šību",
"f": {"lang": "akk-x-neoass",
"form": "IGI",
"cf": "šību",
"gw": "witness",
"sense": "witness",
"norm": "šību",
"pos": "N",
"epos": "N"}
}
,
{
"node": "l",
"frag": "{1}{d}EN-MAN-DU₃",
"id": "P335078.l013c7",
"ref": "P335078.13.2",
"inst": "Bel-šarru-ibni[1]PN$",
"exosig": "@saao/saa06%akk-x-neoass:{1}{d}EN-MAN-DU₃=Bel-šarru-ibni[1//1]PN'PN$Bel-šarru-ibni",
"f": {"lang": "akk-x-neoass",
"form": "{1}{d}EN-MAN-DU₃",
"cf": "Bel-šarru-ibni",
"gw": "1",
"sense": "1",
"norm": "Bel-šarru-ibni",
"pos": "PN",
"epos": "PN"}
}
,
{
"node": "l",
"frag": "{lu₂}03-šu₂",
"id": "P335078.l013c8",
"ref": "P335078.13.3",
"inst": "tašlīšu[third man on chariot]N$tašlīš",
"exosig": "@saao/saa06%akk-x-neoass:{LU₂}03-šu₂=tašlīšu[third man on chariot//third man on chariot]N'N$tašlīš",
"f": {"lang": "akk-x-neoass",
"form": "{LU₂}03-šu₂",
"cf": "tašlīšu",
"gw": "third man on chariot",
"sense": "third man on chariot",
"norm": "tašlīš",
"pos": "N",
"epos": "N"}
}
,
{
"node": "l",
"frag": "E₂.GAL",
"id": "P335078.l013c9",
"ref": "P335078.13.4",
"inst": "ēkalli[palace]N",
"exosig": "@saao/saa06%akk-x-neoass:E₂.GAL=ēkallu[palace//palace]N'N$ēkalli",
"f": {"lang": "akk-x-neoass",
"form": "E₂.GAL",
"cf": "ēkallu",
"gw": "palace",
"sense": "palace",
"norm": "ēkalli",
"pos": "N",
"epos": "N"}
}
,
{
"node": "d",
"type": "line-start",
"ref": "P335078.14",
"n": "2",
"label": "r 2"}
,
{
"node": "l",
"frag": "IGI",
"id": "P335078.l013ca",
"ref": "P335078.14.1",
"inst": "šību[witness]N",
"exosig": "@saao/saa06%akk-x-neoass:IGI=šību[witness//witness]N'N$šību",
"f": {"lang": "akk-x-neoass",
"form": "IGI",
"cf": "šību",
"gw": "witness",
"sense": "witness",
"norm": "šību",
"pos": "N",
"epos": "N"}
}
,
{
"node": "l",
"frag": "{1}{d}EN-PAB-PAB",
"id": "P335078.l013cb",
"ref": "P335078.14.2",
"inst": "Bel-ahu-uṣur[1]PN$",
"exosig": "@saao/saa06%akk-x-neoass:{1}{d}EN-PAB-PAB=Bel-ahu-uṣur[1//1]PN'PN$Bel-ahu-uṣur",
"f": {"lang": "akk-x-neoass",
"form": "{1}{d}EN-PAB-PAB",
"cf": "Bel-ahu-uṣur",
"gw": "1",
"sense": "1",
"norm": "Bel-ahu-uṣur",
"pos": "PN",
"epos": "PN"}
}
,
{
"node": "c",
"type": "phrase",
"tag": "phr",
"id": "P335078.U7",
"ref": "P335078.ls00003",
"cdl": [
{
"node": "l",
"frag": "{lu₂}GAL-ki-ṣir",
"id": "P335078.l013cc",
"ref": "P335078.14.3",
"cof-tails": "P335078.l013cd",
"inst": "rabû[big one]N$rab&kiṣru[cohort]N$kiṣir",
"exosig": "@saao/saa06%akk-x-neoass:{LU₂}GAL-ki-ṣir=rabû[big one//big one]N'N$rab&&@saao%akk-x-neoass:=kiṣru[knot//cohort]N'N$kiṣir",
"f": {"lang": "akk-x-neoass",
"form": "{LU₂}GAL-ki-ṣir",
"cf": "rabû",
"gw": "big one",
"sense": "big one",
"norm": "rab",
"pos": "N",
"epos": "N"}
}
,
{
"node": "l",
"frag": "{lu₂}GAL-ki-ṣir",
"id": "P335078.l013cd",
"ref": "P335078.14.3",
"cof-head": "P335078.l013cc",
"inst": "rabû[big one]N$rab&kiṣru[cohort]N$kiṣir",
"tail-sig": "@saao%akk-x-neoass:=kiṣru[knot//cohort]N'N$kiṣir",
"f": {"lang": "akk-x-neoass",
"form": "{LU₂}GAL-ki-ṣir",
"cf": "kiṣru",
"gw": "knot",
"sense": "cohort",
"norm": "kiṣir",
"pos": "N",
"epos": "N"}
}
]}
,
{
"node": "d",
"type": "line-start",
"ref": "P335078.15",
"n": "3",
"label": "r 3"}
,
{
"node": "l",
"frag": "o",
"id": "P335078.l013ce",
"ref": "P335078.15.1",
"inst": "u",
"f": {"lang": "akk-x-neoass",
"form": "o",
"pos": "u"}
}
,
{
"node": "l",
"frag": "IGI",
"id": "P335078.l013cf",
"ref": "P335078.15.2",
"inst": "šību[witness]N",
"exosig": "@saao/saa06%akk-x-neoass:IGI=šību[witness//witness]N'N$šību",
"f": {"lang": "akk-x-neoass",
"form": "IGI",
"cf": "šību",
"gw": "witness",
"sense": "witness",
"norm": "šību",
"pos": "N",
"epos": "N"}
}
,
{
"node": "l",
"frag": "{1}PAB-ZALAG₂",
"id": "P335078.l013d0",
"ref": "P335078.15.3",
"inst": "Ahu-nuri[1]PN",
"exosig": "@saao/saa06%akk-x-neoass:{1}PAB-ZALAG₂=Ahu-nuri[1//1]PN'PN$Ahu-nuri",
"f": {"lang": "akk-x-neoass",
"form": "{1}PAB-ZALAG₂",
"cf": "Ahu-nuri",
"gw": "1",
"sense": "1",
"norm": "Ahu-nuri",
"pos": "PN",
"epos": "PN"}
}
,
{
"node": "l",
"frag": "{lu₂}:",
"id": "P335078.l013d1",
"ref": "P335078.15.4",
"inst": "u",
"f": {"lang": "akk-x-neoass",
"form": "{LU₂}",
"pos": "u"}
}
,
{
"node": "d",
"type": "line-start",
"ref": "P335078.16",
"n": "4",
"label": "r 4"}
,
{
"node": "l",
"frag": "IGI",
"id": "P335078.l013d2",
"ref": "P335078.16.1",
"inst": "šību[witness]N",
"exosig": "@saao/saa06%akk-x-neoass:IGI=šību[witness//witness]N'N$šību",
"f": {"lang": "akk-x-neoass",
"form": "IGI",
"cf": "šību",
"gw": "witness",
"sense": "witness",
"norm": "šību",
"pos": "N",
"epos": "N"}
}
,
{
"node": "l",
"frag": "{1}NUMUN-ZI-GIŠ",
"id": "P335078.l013d3",
"ref": "P335078.16.2",
"inst": "Zer-kitti-lešir[1]PN$",
"exosig": "@saao/saa06%akk-x-neoass:{1}NUMUN-ZI-GIŠ=Zer-kitti-lešir[1//1]PN'PN$Zer-kitti-lešir",
"f": {"lang": "akk-x-neoass",
"form": "{1}NUMUN-ZI-GIŠ",
"cf": "Zer-kitti-lešir",
"gw": "1",
"sense": "1",
"norm": "Zer-kitti-lešir",
"pos": "PN",
"epos": "PN"}
}
,
{
"node": "d",
"type": "line-start",
"ref": "P335078.17",
"n": "5",
"label": "r 5"}
,
{
"node": "l",
"frag": "IGI",
"id": "P335078.l013d4",
"ref": "P335078.17.1",
"inst": "šību[witness]N",
"exosig": "@saao/saa06%akk-x-neoass:IGI=šību[witness//witness]N'N$šību",
"f": {"lang": "akk-x-neoass",
"form": "IGI",
"cf": "šību",
"gw": "witness",
"sense": "witness",
"norm": "šību",
"pos": "N",
"epos": "N"}
}
,
{
"node": "l",
"frag": "{1}{d}ku₃-KA₂-sa-pi",
"id": "P335078.l013d5",
"ref": "P335078.17.2",
"inst": "Kubabu-sapi[1]PN$",
"exosig": "@saao/saa06%akk-x-neoass:{1}{d}ku₃-KA₂-sa-pi=Kubabu-sapi[1//1]PN'PN$Kubabu-sapi",
"f": {"lang": "akk-x-neoass",
"form": "{1}{d}ku₃-KA₂-sa-pi",
"cf": "Kubabu-sapi",
"gw": "1",
"sense": "1",
"norm": "Kubabu-sapi",
"pos": "PN",
"epos": "PN"}
}
,
{
"node": "d",
"type": "nonx",
"ref": "P335078.18",
"strict": "1",
"extent": "n",
"scope": "line",
"state": "ruling",
"flags": "!"}
,
{
"node": "d",
"type": "nonx",
"ref": "P335078.19",
"strict": "1",
"extent": "3",
"scope": "line",
"state": "blank"}
]}
]}
]}
,
{
"linkbase": [{
"type": "linkset",
"xlink_title": "rab bīti[major-domo//major-domo]N'N",
"id": "P335078.ls00000",
"xlink_type": "extended",
"xlink_role": "psu",
"sig": "{{LU₂}GAL-E₂ = rabû[big one]N bītu[house]N += rab bīti[major-domo//major-domo]N'N}::@saao/saa10%akk-x-neoass:{LU₂}GAL-E₂=rabû[big one//big one]N'N$rab++@saao/saa10%akk-x-neoass:{LU₂}GAL-E₂=bītu[house//house]N'N$bēti",
"links": [
{
"type": "link",
"xlink_title": "rabû",
"xlink_type": "locator",
"xlink_href": "#P335078.l013a1",
"xlink_role": "elt"}
,
{
"type": "link",
"xlink_title": "bītu",
"xlink_type": "locator",
"xlink_href": "#P335078.l013a2",
"xlink_role": "elt"}
]}
,
{
"type": "linkset",
"xlink_title": "ina pān[in the presence of//at the disposal of]PRP'PRP",
"id": "P335078.ls00001",
"xlink_type": "extended",
"xlink_role": "psu",
"sig": "{ina[in]PRP pānu[front]N += ina pān[in the presence of//at the disposal of]PRP'PRP}::@saao%akk-x-neoass:ina=ina[in//into]PRP'PRP$ina++@saao%akk-x-neoass:IGI-šu₂=pānu[front//front]N'N$pānīšu",
"links": [
{
"type": "link",
"xlink_title": "ina",
"xlink_type": "locator",
"xlink_href": "#P335078.l013b3",
"xlink_role": "elt"}
,
{
"type": "link",
"xlink_title": "pānīšu",
"xlink_type": "locator",
"xlink_href": "#P335078.l013b4",
"xlink_role": "elt"}
]}
,
{
"type": "linkset",
"xlink_title": "ana mithār[by the same amount//by the same amount]PRP'PRP",
"id": "P335078.ls00002",
"xlink_type": "extended",
"xlink_role": "psu",
"sig": "{ana[to]PRP mithāru[corresponding (to one another)]AJ += ana mithār[by the same amount//by the same amount]PRP'PRP}::@saao%akk-x-neoass:a-na=ana[to//to]PRP'PRP$ana++@saao%akk-x-neoass:mit-har=mithāru[corresponding (to one another)//corresponding (to one another)]AJ'AJ$mithār",
"links": [
{
"type": "link",
"xlink_title": "ana",
"xlink_type": "locator",
"xlink_href": "#P335078.l013bc",
"xlink_role": "elt"}
,
{
"type": "link",
"xlink_title": "mithār",
"xlink_type": "locator",
"xlink_href": "#P335078.l013bd",
"xlink_role": "elt"}
]}
,
{
"type": "linkset",
"xlink_title": "rab kiṣri[centurion//cohort commander]N'N",
"id": "P335078.ls00003",
"xlink_type": "extended",
"xlink_role": "psu",
"sig": "{{LU₂}GAL-ki-ṣir = rabû[big one]N kiṣru[knot]N += rab kiṣri[centurion//cohort commander]N'N}::@saao/saa10%akk-x-neoass:{LU₂}GAL-ki-ṣir=rabû[big one//big one]N'N$rab++@saao/saa10%akk-x-neobab:{LU₂}GAL-ki-ṣir=kiṣru[knot//knot]N'N$kiṣir",
"links": [
{
"type": "link",
"xlink_title": "rabû",
"xlink_type": "locator",
"xlink_href": "#P335078.l013cc",
"xlink_role": "elt"}
,
{
"type": "link",
"xlink_title": "kiṣru",
"xlink_type": "locator",
"xlink_href": "#P335078.l013cd",
"xlink_role": "elt"}
]}
]}
]}
