{
"type": "cdl",
  "source": "http://oracc.org/saao/saa06",
  "license": "This data is released under the CC0 license",
  "license-url": "https://creativecommons.org/publicdomain/zero/1.0/",
  "more-info": "http://oracc.org/doc/opendata/",
  "UTC-timestamp": "2017-05-19T11:31:17",
"project": "saao/saa06",
"textid": "P335351",
"cdl": [
{
"node": "c",
"type": "text",
"id": "P335351.U0",
"cdl": [
{
"node": "d",
"type": "object",
"ref": ""}
,
{
"node": "d",
"subtype": "obverse",
"type": "surface",
"ref": "P335351.o.1",
"type": "obverse",
"label": "o"}
,
{
"node": "d",
"type": "nonx",
"ref": "P335351.2",
"strict": "0",
"extent": "beginning",
"state": "missing"}
,
{
"node": "c",
"type": "discourse",
"subtype": "body",
"id": "P335351.U1",
"cdl": [
{
"node": "c",
"type": "sentence",
"id": "P335351.U2",
"label": "o 1' - r 13",
"cdl": [
{
"node": "d",
"type": "line-start",
"ref": "P335351.3",
"n": "1'",
"label": "o 1'"}
,
{
"node": "l",
"frag": "[x",
"id": "P335351.l077a7",
"ref": "P335351.3.1",
"inst": "u",
"f": {"lang": "akk-x-neoass",
"form": "x",
"pos": "u"}
}
,
{
"node": "l",
"frag": "x",
"id": "P335351.l077a8",
"ref": "P335351.3.2",
"inst": "u",
"f": {"lang": "akk-x-neoass",
"form": "x",
"pos": "u"}
}
,
{
"node": "l",
"frag": "x",
"id": "P335351.l077a9",
"ref": "P335351.3.3",
"inst": "u",
"f": {"lang": "akk-x-neoass",
"form": "x",
"pos": "u"}
}
,
{
"node": "l",
"frag": "x",
"id": "P335351.l077aa",
"ref": "P335351.3.4",
"inst": "u",
"f": {"lang": "akk-x-neoass",
"form": "x",
"pos": "u"}
}
,
{
"node": "l",
"frag": "x",
"id": "P335351.l077ab",
"ref": "P335351.3.5",
"inst": "u",
"f": {"lang": "akk-x-neoass",
"form": "x",
"pos": "u"}
}
,
{
"node": "l",
"frag": "x",
"id": "P335351.l077ac",
"ref": "P335351.3.6",
"inst": "u",
"f": {"lang": "akk-x-neoass",
"form": "x",
"pos": "u"}
}
,
{
"node": "l",
"frag": "x",
"id": "P335351.l077ad",
"ref": "P335351.3.7",
"inst": "u",
"f": {"lang": "akk-x-neoass",
"form": "x",
"pos": "u"}
}
,
{
"node": "l",
"frag": "x",
"id": "P335351.l077ae",
"ref": "P335351.3.8",
"inst": "u",
"f": {"lang": "akk-x-neoass",
"form": "x",
"pos": "u"}
}
,
{
"node": "l",
"frag": "x",
"id": "P335351.l077af",
"ref": "P335351.3.9",
"inst": "u",
"f": {"lang": "akk-x-neoass",
"form": "x",
"pos": "u"}
}
,
{
"node": "l",
"frag": "x",
"id": "P335351.l077b0",
"ref": "P335351.3.10",
"inst": "u",
"f": {"lang": "akk-x-neoass",
"form": "x",
"pos": "u"}
}
,
{
"node": "l",
"frag": "x]",
"id": "P335351.l077b1",
"ref": "P335351.3.11",
"inst": "u",
"f": {"lang": "akk-x-neoass",
"form": "x",
"pos": "u"}
}
,
{
"node": "l",
"frag": "PAB",
"id": "P335351.l077b2",
"ref": "P335351.3.12",
"inst": "gimru[total]N",
"exosig": "@saao/saa06%akk-x-neoass:PAB=gimru[totality//total]N'N$gimru",
"f": {"lang": "akk-x-neoass",
"form": "PAB",
"cf": "gimru",
"gw": "totality",
"sense": "total",
"norm": "gimru",
"pos": "N",
"epos": "N"}
}
,
{
"node": "d",
"type": "line-start",
"ref": "P335351.4",
"n": "2'",
"label": "o 2'"}
,
{
"node": "l",
"frag": "[x",
"id": "P335351.l077b3",
"ref": "P335351.4.1",
"inst": "u",
"f": {"lang": "akk-x-neoass",
"form": "x",
"pos": "u"}
}
,
{
"node": "l",
"frag": "x",
"id": "P335351.l077b4",
"ref": "P335351.4.2",
"inst": "u",
"f": {"lang": "akk-x-neoass",
"form": "x",
"pos": "u"}
}
,
{
"node": "l",
"frag": "x",
"id": "P335351.l077b5",
"ref": "P335351.4.3",
"inst": "u",
"f": {"lang": "akk-x-neoass",
"form": "x",
"pos": "u"}
}
,
{
"node": "l",
"frag": "x",
"id": "P335351.l077b6",
"ref": "P335351.4.4",
"inst": "u",
"f": {"lang": "akk-x-neoass",
"form": "x",
"pos": "u"}
}
,
{
"node": "l",
"frag": "x",
"id": "P335351.l077b7",
"ref": "P335351.4.5",
"inst": "u",
"f": {"lang": "akk-x-neoass",
"form": "x",
"pos": "u"}
}
,
{
"node": "l",
"frag": "x",
"id": "P335351.l077b8",
"ref": "P335351.4.6",
"inst": "u",
"f": {"lang": "akk-x-neoass",
"form": "x",
"pos": "u"}
}
,
{
"node": "l",
"frag": "x",
"id": "P335351.l077b9",
"ref": "P335351.4.7",
"inst": "u",
"f": {"lang": "akk-x-neoass",
"form": "x",
"pos": "u"}
}
,
{
"node": "l",
"frag": "x",
"id": "P335351.l077ba",
"ref": "P335351.4.8",
"inst": "u",
"f": {"lang": "akk-x-neoass",
"form": "x",
"pos": "u"}
}
,
{
"node": "l",
"frag": "x",
"id": "P335351.l077bb",
"ref": "P335351.4.9",
"inst": "u",
"f": {"lang": "akk-x-neoass",
"form": "x",
"pos": "u"}
}
,
{
"node": "l",
"frag": "x",
"id": "P335351.l077bc",
"ref": "P335351.4.10",
"inst": "u",
"f": {"lang": "akk-x-neoass",
"form": "x",
"pos": "u"}
}
,
{
"node": "l",
"frag": "x]",
"id": "P335351.l077bd",
"ref": "P335351.4.11",
"inst": "u",
"f": {"lang": "akk-x-neoass",
"form": "x",
"pos": "u"}
}
,
{
"node": "l",
"frag": "MAN",
"id": "P335351.l077be",
"ref": "P335351.4.12",
"inst": "šarri[king]N",
"exosig": "@saao/saa06%akk-x-neoass:MAN=šarru[king//king]N'N$šarri",
"f": {"lang": "akk-x-neoass",
"form": "MAN",
"cf": "šarru",
"gw": "king",
"sense": "king",
"norm": "šarri",
"pos": "N",
"epos": "N"}
}
,
{
"node": "d",
"type": "line-start",
"ref": "P335351.5",
"n": "3'",
"label": "o 3'"}
,
{
"node": "l",
"frag": "[u₂-piš-ma",
"id": "P335351.l077bf",
"ref": "P335351.5.1",
"inst": "uppišma[contract]V",
"exosig": "@saao/saa06%akk-x-neoass:u₂-piš-ma=epēšu[do//contract]V'V$uppišma",
"f": {"lang": "akk-x-neoass",
"form": "u₂-piš-ma",
"cf": "epēšu",
"gw": "do",
"sense": "contract",
"norm": "uppišma",
"pos": "V",
"epos": "V"}
}
,
{
"node": "l",
"frag": "{1}rem₂-an-ni-{d}IM",
"id": "P335351.l077c0",
"ref": "P335351.5.2",
"inst": "Remanni-Adad[1]PN",
"exosig": "@saao/saa06%akk-x-neoass:{1}rem₂-an-ni-{d}IM=Remanni-Adad[1//1]PN'PN$Remanni-Adad",
"f": {"lang": "akk-x-neoass",
"form": "{1}rem₂-an-ni-{d}IM",
"cf": "Remanni-Adad",
"gw": "1",
"sense": "1",
"norm": "Remanni-Adad",
"pos": "PN",
"epos": "PN"}
}
,
{
"node": "c",
"type": "phrase",
"tag": "phr",
"id": "P335351.U4",
"ref": "P335351.ls00000",
"cdl": [
{
"node": "l",
"frag": "{lu₂}DIB-PA]-MEŠ",
"id": "P335351.l077c1",
"ref": "P335351.5.3",
"cof-tails": "P335351.l077c2",
"inst": "mukillu[holder]N$mukīl&appatu[bridle]N$appāti",
"exosig": "@saao/saa06%akk-x-neoass:{LU₂}DIB-PA-MEŠ=mukillu[holder//holder]N'N$mukīl&&@saao%akk-x-neoass:=appatu[bridle//bridle]N'N$appāti",
"f": {"lang": "akk-x-neoass",
"form": "{LU₂}DIB-PA-MEŠ",
"cf": "mukillu",
"gw": "holder",
"sense": "holder",
"norm": "mukīl",
"pos": "N",
"epos": "N"}
}
,
{
"node": "l",
"frag": "{lu₂}DIB-PA]-MEŠ",
"id": "P335351.l077c2",
"ref": "P335351.5.3",
"cof-head": "P335351.l077c1",
"inst": "mukillu[holder]N$mukīl&appatu[bridle]N$appāti",
"tail-sig": "@saao%akk-x-neoass:=appatu[bridle//bridle]N'N$appāti",
"f": {"lang": "akk-x-neoass",
"form": "{LU₂}DIB-PA-MEŠ",
"cf": "appatu",
"gw": "bridle",
"sense": "bridle",
"norm": "appāti",
"pos": "N",
"epos": "N"}
}
]}
,
{
"node": "l",
"frag": "dan-nu",
"id": "P335351.l077c3",
"ref": "P335351.5.4",
"inst": "dannu[strong]AJ",
"exosig": "@saao/saa06%akk-x-neoass:dan-nu=dannu[strong//strong]AJ'AJ$dannu",
"f": {"lang": "akk-x-neoass",
"form": "dan-nu",
"cf": "dannu",
"gw": "strong",
"sense": "strong",
"norm": "dannu",
"pos": "AJ",
"epos": "AJ"}
}
,
{
"node": "d",
"type": "line-start",
"ref": "P335351.6",
"n": "4'",
"label": "o 4'"}
,
{
"node": "l",
"frag": "[ša",
"id": "P335351.l077c4",
"ref": "P335351.6.1",
"inst": "ša[of]DET",
"exosig": "@saao/saa06%akk-x-neoass:ša=ša[of//of]DET'DET$ša",
"f": {"lang": "akk-x-neoass",
"form": "ša",
"cf": "ša",
"gw": "of",
"sense": "of",
"norm": "ša",
"pos": "DET",
"epos": "DET"}
}
,
{
"node": "l",
"frag": "{1}aš]-⸢šur⸣-DU₃-[A",
"id": "P335351.l077c5",
"ref": "P335351.6.2",
"inst": "Aššur-bani-apli[1]PN",
"exosig": "@saao/saa06%akk-x-neoass:{1}aš-šur-DU₃-A=Aššur-bani-apli[1//1]PN'PN$Aššur-bani-apli",
"f": {"lang": "akk-x-neoass",
"form": "{1}aš-šur-DU₃-A",
"cf": "Aššur-bani-apli",
"gw": "1",
"sense": "1",
"norm": "Aššur-bani-apli",
"pos": "PN",
"epos": "PN"}
}
,
{
"node": "l",
"frag": "LUGAL",
"id": "P335351.l077c6",
"ref": "P335351.6.3",
"inst": "šar[king]N",
"exosig": "@saao/saa06%akk-x-neoass:LUGAL=šarru[king//king]N'N$šar",
"f": {"lang": "akk-x-neoass",
"form": "LUGAL",
"cf": "šarru",
"gw": "king",
"sense": "king",
"norm": "šar",
"pos": "N",
"epos": "N"}
}
,
{
"node": "l",
"frag": "KUR-aš-šur]{ki}",
"id": "P335351.l077c7",
"ref": "P335351.6.4",
"inst": "+Mat-Aššur[]GN$",
"sig": "@saao/saa10%akk-x-neoass:KUR-aš-šur{KI}=Mat-Aššur[Assyria//Assyria]GN'GN$Mat-Aššur",
"f": {"lang": "akk-x-neoass",
"form": "KUR-aš-šur{KI}",
"cf": "Mat-Aššur",
"gw": "Assyria",
"sense": "Assyria",
"norm": "Mat-Aššur",
"pos": "GN",
"epos": "GN"}
}
,
{
"node": "d",
"type": "line-start",
"ref": "P335351.7",
"n": "5'",
"label": "o 5'"}
,
{
"node": "c",
"type": "phrase",
"tag": "phr",
"id": "P335351.U5",
"ref": "P335351.ls00001",
"cdl": [
{
"node": "l",
"frag": "ina",
"id": "P335351.l077c8",
"ref": "P335351.7.1",
"inst": "ina[in+=for]PRP",
"exosig": "@saao/saa06%akk-x-neoass:ina=ina[in//in]PRP'PRP$ina",
"f": {"lang": "akk-x-neoass",
"form": "ina",
"cf": "ina",
"gw": "in",
"sense": "in",
"norm": "ina",
"pos": "PRP",
"epos": "PRP"}
}
,
{
"node": "l",
"frag": "ŠA₃-bi",
"id": "P335351.l077c9",
"ref": "P335351.7.2",
"inst": "libbi[interior]N",
"exosig": "@saao/saa06%akk-x-neoass:ŠA₃-bi=libbu[interior//interior]N'N$libbi",
"f": {"lang": "akk-x-neoass",
"form": "ŠA₃-bi",
"cf": "libbu",
"gw": "interior",
"sense": "interior",
"norm": "libbi",
"pos": "N",
"epos": "N"}
}
]}
,
{
"node": "l",
"frag": "1/2",
"id": "P335351.l077ca",
"ref": "P335351.7.3",
"inst": "n",
"f": {"lang": "akk-x-neoass",
"form": "1/2",
"pos": "n"}
}
,
{
"node": "l",
"frag": "MA.NA",
"id": "P335351.l077cb",
"ref": "P335351.7.4",
"inst": "manû[a unit of weight]N",
"exosig": "@saao/saa06%akk-x-neoass:MA.NA=manû[unit//a unit of weight]N'N$manû",
"f": {"lang": "akk-x-neoass",
"form": "MA.NA",
"cf": "manû",
"gw": "unit",
"sense": "a unit of weight",
"norm": "manû",
"pos": "N",
"epos": "N"}
}
,
{
"node": "l",
"frag": "[KUG.UD]",
"id": "P335351.l077cc",
"ref": "P335351.7.5",
"inst": "ṣarpi[silver]N",
"exosig": "@saao/saa06%akk-x-neoass:KUG.UD=ṣarpu[silver//silver]N'N$ṣarpi",
"f": {"lang": "akk-x-neoass",
"form": "KUG.UD",
"cf": "ṣarpu",
"gw": "silver",
"sense": "silver",
"norm": "ṣarpi",
"pos": "N",
"epos": "N"}
}
,
{
"node": "l",
"frag": "⸢il⸣-qi",
"id": "P335351.l077cd",
"ref": "P335351.7.6",
"inst": "ilqi[purchase]V",
"exosig": "@saao/saa06%akk-x-neoass:il-qi=leqû[take//purchase]V'V$ilqi",
"f": {"lang": "akk-x-neoass",
"form": "il-qi",
"cf": "leqû",
"gw": "take",
"sense": "purchase",
"norm": "ilqi",
"pos": "V",
"epos": "V"}
}
,
{
"node": "d",
"type": "line-start",
"ref": "P335351.8",
"n": "6'",
"label": "o 6'"}
,
{
"node": "l",
"frag": "gas-pu",
"id": "P335351.l077ce",
"ref": "P335351.8.1",
"inst": "kaspu[silver//money]N$gaspu",
"exosig": "@saao/saa06%akk-x-neoass:gas-pu=kaspu[silver//money]N'N$gaspu",
"f": {"lang": "akk-x-neoass",
"form": "gas-pu",
"cf": "kaspu",
"gw": "silver",
"sense": "money",
"norm": "gaspu",
"pos": "N",
"epos": "N"}
}
,
{
"node": "l",
"frag": "ga-⸢mur⸣",
"id": "P335351.l077cf",
"ref": "P335351.8.2",
"inst": "gammur[completed]AJ",
"exosig": "@saao/saa06%akk-x-neoass:ga-mur=gammuru[finished//completed]AJ'AJ$gammur",
"f": {"lang": "akk-x-neoass",
"form": "ga-mur",
"cf": "gammuru",
"gw": "finished",
"sense": "completed",
"norm": "gammur",
"pos": "AJ",
"epos": "AJ"}
}
,
{
"node": "l",
"frag": "[ta]-⸢ad⸣-din",
"id": "P335351.l077d0",
"ref": "P335351.8.3",
"inst": "taddin[paid]AJ",
"exosig": "@saao/saa06%akk-x-neoass:ta-ad-din=tadnu[given//paid]AJ'AJ$taddin",
"f": {"lang": "akk-x-neoass",
"form": "ta-ad-din",
"cf": "tadnu",
"gw": "given",
"sense": "paid",
"norm": "taddin",
"pos": "AJ",
"epos": "AJ"}
}
,
{
"node": "d",
"type": "line-start",
"ref": "P335351.9",
"n": "7'",
"label": "o 7'"}
,
{
"node": "l",
"frag": "A.ŠA₃",
"id": "P335351.l077d1",
"ref": "P335351.9.1",
"inst": "eqlu[land]N",
"exosig": "@saao/saa06%akk-x-neoass:A.ŠA₃=eqlu[field//land]N'N$eqlu",
"f": {"lang": "akk-x-neoass",
"form": "A.ŠA₃",
"cf": "eqlu",
"gw": "field",
"sense": "land",
"norm": "eqlu",
"pos": "N",
"epos": "N"}
}
,
{
"node": "l",
"frag": "za-ar-pi",
"id": "P335351.l077d2",
"ref": "P335351.9.2",
"inst": "zarpi[purchased]AJ",
"exosig": "@saao/saa06%akk-x-neoass:za-ar-pi=zarpu[purchased//purchased]AJ'AJ$zarpi",
"f": {"lang": "akk-x-neoass",
"form": "za-ar-pi",
"cf": "zarpu",
"gw": "purchased",
"sense": "purchased",
"norm": "zarpi",
"pos": "AJ",
"epos": "AJ"}
}
,
{
"node": "l",
"frag": "[laq-qi",
"id": "P335351.l077d3",
"ref": "P335351.9.3",
"inst": "laqqi[acquired]AJ",
"exosig": "@saao/saa06%akk-x-neoass:laq-qi=leqû[taken//acquired]AJ'AJ$laqqi",
"f": {"lang": "akk-x-neoass",
"form": "laq-qi",
"cf": "leqû",
"gw": "taken",
"sense": "acquired",
"norm": "laqqi",
"pos": "AJ",
"epos": "AJ"}
}
,
{
"node": "l",
"frag": "man-nu]",
"id": "P335351.l077d4",
"ref": "P335351.9.4",
"inst": "mannu[whoever]'XP",
"exosig": "@saao/saa06%akk-x-neoass:man-nu=mannu[who?//whoever]QP'XP$mannu",
"f": {"lang": "akk-x-neoass",
"form": "man-nu",
"cf": "mannu",
"gw": "who?",
"sense": "whoever",
"norm": "mannu",
"pos": "QP",
"epos": "XP"}
}
,
{
"node": "l",
"frag": "ša",
"id": "P335351.l077d5",
"ref": "P335351.9.5",
"inst": "ša[that]REL",
"exosig": "@saao/saa06%akk-x-neoass:ša=ša[that//that]REL'REL$ša",
"f": {"lang": "akk-x-neoass",
"form": "ša",
"cf": "ša",
"gw": "that",
"sense": "that",
"norm": "ša",
"pos": "REL",
"epos": "REL"}
}
,
{
"node": "c",
"type": "phrase",
"tag": "phr",
"id": "P335351.U6",
"ref": "P335351.ls00002",
"cdl": [
{
"node": "l",
"frag": "ina",
"id": "P335351.l077d6",
"ref": "P335351.9.6",
"inst": "ina[in+=in the future]PRP",
"exosig": "@saao/saa06%akk-x-neoass:ina=ina[in//in]PRP'PRP$ina",
"f": {"lang": "akk-x-neoass",
"form": "ina",
"cf": "ina",
"gw": "in",
"sense": "in",
"norm": "ina",
"pos": "PRP",
"epos": "PRP"}
}
,
{
"node": "l",
"frag": "ur-⸢kiš⸣",
"id": "P335351.l077d7",
"ref": "P335351.9.7",
"inst": "urkiš[later]AV",
"exosig": "@saao/saa06%akk-x-neoass:ur-kiš=urkiš[later//later]AV'AV$urkiš",
"f": {"lang": "akk-x-neoass",
"form": "ur-kiš",
"cf": "urkiš",
"gw": "later",
"sense": "later",
"norm": "urkiš",
"pos": "AV",
"epos": "AV"}
}
]}
,
{
"node": "d",
"type": "line-start",
"ref": "P335351.10",
"n": "8'",
"label": "o 8'"}
,
{
"node": "c",
"type": "phrase",
"tag": "phr",
"id": "P335351.U7",
"ref": "P335351.ls00003",
"cdl": [
{
"node": "l",
"frag": "ina",
"id": "P335351.l077d8",
"ref": "P335351.10.1",
"inst": "ina[in+=whenever]PRP$",
"exosig": "@saao/saa06%akk-x-neoass:ina=ina[in//in]PRP'PRP$ina",
"f": {"lang": "akk-x-neoass",
"form": "ina",
"cf": "ina",
"gw": "in",
"sense": "in",
"norm": "ina",
"pos": "PRP",
"epos": "PRP"}
}
,
{
"node": "l",
"frag": "ma-te-ma",
"id": "P335351.l077d9",
"ref": "P335351.10.2",
"inst": "matīma[ever]AV$matēma",
"exosig": "@saao/saa06%akk-x-neoass:ma-te-ma=matīma[ever//ever]AV'AV$matēma",
"f": {"lang": "akk-x-neoass",
"form": "ma-te-ma",
"cf": "matīma",
"gw": "ever",
"sense": "ever",
"norm": "matēma",
"pos": "AV",
"epos": "AV"}
}
]}
,
{
"node": "l",
"frag": "i-GIL-u-[ni",
"id": "P335351.l077da",
"ref": "P335351.10.3",
"inst": "iparrakūni[contravene]V",
"exosig": "@saao/saa06%akk-x-neoass:i-GIL-u-ni=parāku[lie across//contravene]V'V$iparrakūni",
"f": {"lang": "akk-x-neoass",
"form": "i-GIL-u-ni",
"cf": "parāku",
"gw": "lie across",
"sense": "contravene",
"norm": "iparrakūni",
"pos": "V",
"epos": "V"}
}
,
{
"node": "l",
"frag": "lu-u",
"id": "P335351.l077db",
"ref": "P335351.10.4",
"inst": "lū[may]MOD",
"exosig": "@saao/saa06%akk-x-neoass:lu-u=lū[may//may]MOD'MOD$lū",
"f": {"lang": "akk-x-neoass",
"form": "lu-u",
"cf": "lū",
"gw": "may",
"sense": "may",
"norm": "lū",
"pos": "MOD",
"epos": "MOD"}
}
,
{
"node": "l",
"frag": "LU₂]-MEŠ",
"id": "P335351.l077dc",
"ref": "P335351.10.5",
"inst": "amēlē[man]N",
"exosig": "@saao/saa06%akk-x-neoass:LU₂-MEŠ=awīlu[man//man]N'N$amēlē",
"f": {"lang": "akk-x-neoass",
"form": "LU₂-MEŠ",
"cf": "awīlu",
"gw": "man",
"sense": "man",
"norm": "amēlē",
"pos": "N",
"epos": "N"}
}
,
{
"node": "l",
"frag": "an-nu-⸢ti⸣",
"id": "P335351.l077dd",
"ref": "P335351.10.6",
"inst": "annūti[this]DP",
"exosig": "@saao/saa06%akk-x-neoass:an-nu-ti=annû[this//this]DP'DP$annūti",
"f": {"lang": "akk-x-neoass",
"form": "an-nu-ti",
"cf": "annû",
"gw": "this",
"sense": "this",
"norm": "annūti",
"pos": "DP",
"epos": "DP"}
}
,
{
"node": "d",
"type": "line-start",
"ref": "P335351.11",
"n": "9'",
"label": "o 9'"}
,
{
"node": "l",
"frag": "lu-u",
"id": "P335351.l077de",
"ref": "P335351.11.1",
"inst": "lū[may]MOD",
"exosig": "@saao/saa06%akk-x-neoass:lu-u=lū[may//may]MOD'MOD$lū",
"f": {"lang": "akk-x-neoass",
"form": "lu-u",
"cf": "lū",
"gw": "may",
"sense": "may",
"norm": "lū",
"pos": "MOD",
"epos": "MOD"}
}
,
{
"node": "l",
"frag": "DUMU-MEŠ-šu₂-⸢nu⸣",
"id": "P335351.l077df",
"ref": "P335351.11.2",
"inst": "marʾēšunu[son]N",
"exosig": "@saao/saa06%akk-x-neoass:DUMU-MEŠ-šu₂-nu=māru[son//son]N'N$marʾēšunu",
"f": {"lang": "akk-x-neoass",
"form": "DUMU-MEŠ-šu₂-nu",
"cf": "māru",
"gw": "son",
"sense": "son",
"norm": "marʾēšunu",
"pos": "N",
"epos": "N"}
}
,
{
"node": "l",
"frag": "ša",
"id": "P335351.l077e0",
"ref": "P335351.11.3",
"inst": "ša[that]REL",
"exosig": "@saao/saa06%akk-x-neoass:ša=ša[that//that]REL'REL$ša",
"f": {"lang": "akk-x-neoass",
"form": "ša",
"cf": "ša",
"gw": "that",
"sense": "that",
"norm": "ša",
"pos": "REL",
"epos": "REL"}
}
,
{
"node": "l",
"frag": "⸢TA@v⸣",
"id": "P335351.l077e1",
"ref": "P335351.11.4",
"inst": "issi[with]PRP",
"exosig": "@saao/saa06%akk-x-neoass:TA@v=išti[with//with]PRP'PRP$issi",
"f": {"lang": "akk-x-neoass",
"form": "TA@v",
"cf": "išti",
"gw": "with",
"sense": "with",
"norm": "issi",
"pos": "PRP",
"epos": "PRP"}
}
,
{
"node": "l",
"frag": "{1}rem₂-an-ni-{d}IM]",
"id": "P335351.l077e2",
"ref": "P335351.11.5",
"inst": "Remanni-Adad[1]PN",
"exosig": "@saao/saa06%akk-x-neoass:{1}rem₂-an-ni-{d}IM=Remanni-Adad[1//1]PN'PN$Remanni-Adad",
"f": {"lang": "akk-x-neoass",
"form": "{1}rem₂-an-ni-{d}IM",
"cf": "Remanni-Adad",
"gw": "1",
"sense": "1",
"norm": "Remanni-Adad",
"pos": "PN",
"epos": "PN"}
}
,
{
"node": "d",
"type": "line-start",
"ref": "P335351.12",
"n": "10'",
"label": "o 10'"}
,
{
"node": "l",
"frag": "DUMU-MEŠ-šu₂",
"id": "P335351.l077e3",
"ref": "P335351.12.1",
"inst": "marʾēšu[son]N",
"sig": "@saao%akk-x-neoass:DUMU-MEŠ-šu₂=māru[son//son]N'N$marʾēšu",
"f": {"lang": "akk-x-neoass",
"form": "DUMU-MEŠ-šu₂",
"cf": "māru",
"gw": "son",
"sense": "son",
"norm": "marʾēšu",
"pos": "N",
"epos": "N"}
}
,
{
"node": "c",
"type": "phrase",
"tag": "phr",
"id": "P335351.U8",
"ref": "P335351.ls00004",
"cdl": [
{
"node": "l",
"frag": "⸢DUMU⸣-DUMU-MEŠ-šu₂",
"id": "P335351.l077e4",
"ref": "P335351.12.2",
"cof-tails": "P335351.l077e5",
"inst": "māru[son]N$mār&māru[son]N$marʾēšu",
"exosig": "@saao/saa06%akk-x-neoass:DUMU-DUMU-MEŠ-šu₂=māru[son//son]N'N$mār&&@saao%akk-x-neoass:=māru[son//son]N'N$marʾēšu",
"f": {"lang": "akk-x-neoass",
"form": "DUMU-DUMU-MEŠ-šu₂",
"cf": "māru",
"gw": "son",
"sense": "son",
"norm": "mār",
"pos": "N",
"epos": "N"}
}
,
{
"node": "l",
"frag": "⸢DUMU⸣-DUMU-MEŠ-šu₂",
"id": "P335351.l077e5",
"ref": "P335351.12.2",
"cof-head": "P335351.l077e4",
"inst": "māru[son]N$mār&māru[son]N$marʾēšu",
"tail-sig": "@saao%akk-x-neoass:=māru[son//son]N'N$marʾēšu",
"f": {"lang": "akk-x-neoass",
"form": "DUMU-DUMU-MEŠ-šu₂",
"cf": "māru",
"gw": "son",
"sense": "son",
"norm": "marʾēšu",
"pos": "N",
"epos": "N"}
}
]}
,
{
"node": "l",
"frag": "⸢de⸣-[nu",
"id": "P335351.l077e6",
"ref": "P335351.12.3",
"inst": "dēnu[lawsuit]N",
"exosig": "@saao/saa06%akk-x-neoass:de-nu=dīnu[legal decision//lawsuit]N'N$dēnu",
"f": {"lang": "akk-x-neoass",
"form": "de-nu",
"cf": "dīnu",
"gw": "legal decision",
"sense": "lawsuit",
"norm": "dēnu",
"pos": "N",
"epos": "N"}
}
,
{
"node": "l",
"frag": "DUG₄.DUG₄]",
"id": "P335351.l077e7",
"ref": "P335351.12.4",
"inst": "dabābu[litigation]'N",
"exosig": "@saao/saa06%akk-x-neoass:DUG₄.DUG₄=dabābu[speak//litigation]V'N$dabābu",
"f": {"lang": "akk-x-neoass",
"form": "DUG₄.DUG₄",
"cf": "dabābu",
"gw": "speak",
"sense": "litigation",
"norm": "dabābu",
"pos": "V",
"epos": "N"}
}
,
{
"node": "d",
"subtype": "bottom",
"type": "surface",
"ref": "P335351.b.e..13",
"type": "bottom",
"label": "b.e."}
,
{
"node": "d",
"type": "line-start",
"ref": "P335351.14",
"n": "11'",
"label": "b.e. 11'"}
,
{
"node": "l",
"frag": "ub-ta-ʾu-u-ni",
"id": "P335351.l077e8",
"ref": "P335351.14.1",
"inst": "ubtaʾʾūni[seek]V",
"exosig": "@saao/saa06%akk-x-neoass:ub-ta-ʾu-u-ni=buʾʾû[look for//seek]V'V$ubtaʾʾūni",
"f": {"lang": "akk-x-neoass",
"form": "ub-ta-ʾu-u-ni",
"cf": "buʾʾû",
"gw": "look for",
"sense": "seek",
"norm": "ubtaʾʾūni",
"pos": "V",
"epos": "V"}
}
,
{
"node": "l",
"frag": "⸢kas⸣-[pu",
"id": "P335351.l077e9",
"ref": "P335351.14.2",
"inst": "kaspu[money]N",
"exosig": "@saao/saa06%akk-x-neoass:kas-pu=kaspu[silver//money]N'N$kaspu",
"f": {"lang": "akk-x-neoass",
"form": "kas-pu",
"cf": "kaspu",
"gw": "silver",
"sense": "money",
"norm": "kaspu",
"pos": "N",
"epos": "N"}
}
,
{
"node": "c",
"type": "phrase",
"tag": "phr",
"id": "P335351.U9",
"ref": "P335351.ls00005",
"cdl": [
{
"node": "l",
"frag": "a-na",
"id": "P335351.l077ea",
"ref": "P335351.14.3",
"inst": "ana[to+=tenfold]PRP$",
"exosig": "@saao/saa06%akk-x-neoass:a-na=ana[to//to]PRP'PRP$ana",
"f": {"lang": "akk-x-neoass",
"form": "a-na",
"cf": "ana",
"gw": "to",
"sense": "to",
"norm": "ana",
"pos": "PRP",
"epos": "PRP"}
}
,
{
"node": "l",
"frag": "10-MEŠ-te]",
"id": "P335351.l077eb",
"ref": "P335351.14.4",
"inst": "ešriātu[tenfold]AV$ešrāte",
"exosig": "@saao/saa06%akk-x-neoass:10-MEŠ-te=ešriātu[tenfold//tenfold]AV'AV$ešrāte",
"f": {"lang": "akk-x-neoass",
"form": "10-MEŠ-te",
"cf": "ešriātu",
"gw": "tenfold",
"sense": "tenfold",
"norm": "ešrāte",
"pos": "AV",
"epos": "AV"}
}
]}
,
{
"node": "d",
"type": "line-start",
"ref": "P335351.15",
"n": "12'",
"label": "b.e. 12'"}
,
{
"node": "l",
"frag": "[a-na]",
"id": "P335351.l077ec",
"ref": "P335351.15.1",
"inst": "ana[to]PRP",
"exosig": "@saao/saa06%akk-x-neoass:a-na=ana[to//to]PRP'PRP$ana",
"f": {"lang": "akk-x-neoass",
"form": "a-na",
"cf": "ana",
"gw": "to",
"sense": "to",
"norm": "ana",
"pos": "PRP",
"epos": "PRP"}
}
,
{
"node": "l",
"frag": "⸢EN⸣-[MEŠ]-šu₂",
"id": "P335351.l077ed",
"ref": "P335351.15.2",
"inst": "bēlēšu[owner]N",
"exosig": "@saao/saa06%akk-x-neoass:EN-MEŠ-šu₂=bēlu[lord//owner]N'N$bēlēšu",
"f": {"lang": "akk-x-neoass",
"form": "EN-MEŠ-šu₂",
"cf": "bēlu",
"gw": "lord",
"sense": "owner",
"norm": "bēlēšu",
"pos": "N",
"epos": "N"}
}
,
{
"node": "l",
"frag": "[GUR]-ra",
"id": "P335351.l077ee",
"ref": "P335351.15.3",
"inst": "itūra[return]V",
"exosig": "@saao/saa06%akk-x-neoass:GUR-ra=târu[turn//return]V'V$itūra",
"f": {"lang": "akk-x-neoass",
"form": "GUR-ra",
"cf": "târu",
"gw": "turn",
"sense": "return",
"norm": "itūra",
"pos": "V",
"epos": "V"}
}
,
{
"node": "d",
"subtype": "reverse",
"type": "surface",
"ref": "P335351.r.16",
"type": "reverse",
"label": "r"}
,
{
"node": "d",
"type": "line-start",
"ref": "P335351.17",
"n": "1",
"label": "r 1"}
,
{
"node": "l",
"frag": "[ina",
"id": "P335351.l077ef",
"ref": "P335351.17.1",
"inst": "ina[in]PRP",
"exosig": "@saao/saa06%akk-x-neoass:ina=ina[in//in]PRP'PRP$ina",
"f": {"lang": "akk-x-neoass",
"form": "ina",
"cf": "ina",
"gw": "in",
"sense": "in",
"norm": "ina",
"pos": "PRP",
"epos": "PRP"}
}
,
{
"node": "l",
"frag": "de-ni-šu₂",
"id": "P335351.l077f0",
"ref": "P335351.17.2",
"inst": "dēnīšu[lawsuit]N",
"exosig": "@saao/saa06%akk-x-neoass:de-ni-šu₂=dīnu[legal decision//lawsuit]N'N$dēnīšu",
"f": {"lang": "akk-x-neoass",
"form": "de-ni-šu₂",
"cf": "dīnu",
"gw": "legal decision",
"sense": "lawsuit",
"norm": "dēnīšu",
"pos": "N",
"epos": "N"}
}
,
{
"node": "l",
"frag": "DUG₄].⸢DUG₄⸣-ma",
"id": "P335351.l077f1",
"ref": "P335351.17.3",
"inst": "idabbubma[contest]V",
"exosig": "@saao/saa06%akk-x-neoass:DUG₄.DUG₄-ma=dabābu[speak//contest]V'V$idabbubma",
"f": {"lang": "akk-x-neoass",
"form": "DUG₄.DUG₄-ma",
"cf": "dabābu",
"gw": "speak",
"sense": "contest",
"norm": "idabbubma",
"pos": "V",
"epos": "V"}
}
,
{
"node": "l",
"frag": "la",
"id": "P335351.l077f2",
"ref": "P335351.17.4",
"inst": "lā[not]MOD",
"exosig": "@saao/saa06%akk-x-neoass:la=lā[not//not]MOD'MOD$lā",
"f": {"lang": "akk-x-neoass",
"form": "la",
"cf": "lā",
"gw": "not",
"sense": "not",
"norm": "lā",
"pos": "MOD",
"epos": "MOD"}
}
,
{
"node": "l",
"frag": "⸢i⸣-laq-qi",
"id": "P335351.l077f3",
"ref": "P335351.17.5",
"inst": "ilaqqi[succeed]V",
"exosig": "@saao/saa06%akk-x-neoass:i-laq-qi=leqû[take//succeed]V'V$ilaqqi",
"f": {"lang": "akk-x-neoass",
"form": "i-laq-qi",
"cf": "leqû",
"gw": "take",
"sense": "succeed",
"norm": "ilaqqi",
"pos": "V",
"epos": "V"}
}
,
{
"node": "d",
"type": "nonx",
"ref": "P335351.18",
"strict": "1",
"extent": "n",
"scope": "line",
"state": "ruling"}
,
{
"node": "d",
"type": "line-start",
"ref": "P335351.19",
"n": "2",
"label": "r 2"}
,
{
"node": "l",
"frag": "[IGI",
"id": "P335351.l077f4",
"ref": "P335351.19.1",
"inst": "šību[witness]N",
"exosig": "@saao/saa06%akk-x-neoass:IGI=šību[witness//witness]N'N$šību",
"f": {"lang": "akk-x-neoass",
"form": "IGI",
"cf": "šību",
"gw": "witness",
"sense": "witness",
"norm": "šību",
"pos": "N",
"epos": "N"}
}
,
{
"node": "l",
"frag": "{1}{d}U.GUR-MAN]-PAB",
"id": "P335351.l077f5",
"ref": "P335351.19.2",
"inst": "Nergal-šarru-uṣur[1]PN",
"exosig": "@saao/saa06%akk-x-neoass:{1}{d}U.GUR-MAN-PAB=Nergal-šarru-uṣur[1//1]PN'PN$Nergal-šarru-uṣur",
"f": {"lang": "akk-x-neoass",
"form": "{1}{d}U.GUR-MAN-PAB",
"cf": "Nergal-šarru-uṣur",
"gw": "1",
"sense": "1",
"norm": "Nergal-šarru-uṣur",
"pos": "PN",
"epos": "PN"}
}
,
{
"node": "l",
"frag": "{lu₂}03-šu₂",
"id": "P335351.l077f6",
"ref": "P335351.19.3",
"inst": "tašlīšu[third man on chariot]N",
"exosig": "@saao/saa06%akk-x-neoass:{LU₂}03-šu₂=tašlīšu[third man on chariot//third man on chariot]N'N$tašlīšu",
"f": {"lang": "akk-x-neoass",
"form": "{LU₂}03-šu₂",
"cf": "tašlīšu",
"gw": "third man on chariot",
"sense": "third man on chariot",
"norm": "tašlīšu",
"pos": "N",
"epos": "N"}
}
,
{
"node": "l",
"frag": "dan-nu",
"id": "P335351.l077f7",
"ref": "P335351.19.4",
"inst": "dannu[strong]AJ",
"exosig": "@saao/saa06%akk-x-neoass:dan-nu=dannu[strong//strong]AJ'AJ$dannu",
"f": {"lang": "akk-x-neoass",
"form": "dan-nu",
"cf": "dannu",
"gw": "strong",
"sense": "strong",
"norm": "dannu",
"pos": "AJ",
"epos": "AJ"}
}
,
{
"node": "d",
"type": "line-start",
"ref": "P335351.20",
"n": "3",
"label": "r 3"}
,
{
"node": "l",
"frag": "[IGI",
"id": "P335351.l077f8",
"ref": "P335351.20.1",
"inst": "šību[witness]N",
"exosig": "@saao/saa06%akk-x-neoass:IGI=šību[witness//witness]N'N$šību",
"f": {"lang": "akk-x-neoass",
"form": "IGI",
"cf": "šību",
"gw": "witness",
"sense": "witness",
"norm": "šību",
"pos": "N",
"epos": "N"}
}
,
{
"node": "l",
"frag": "{1}u₂-ar]-⸢bi⸣-is",
"id": "P335351.l077f9",
"ref": "P335351.20.2",
"inst": "Uarbis[1]PN",
"sig": "@saao/saa06%akk-x-neoass:{1}u₂-ar-bi-is=Uarbisi[1//1]PN'PN$Uarbis",
"f": {"lang": "akk-x-neoass",
"form": "{1}u₂-ar-bi-is",
"cf": "Uarbisi",
"gw": "1",
"sense": "1",
"norm": "Uarbis",
"pos": "PN",
"epos": "PN"}
}
,
{
"node": "l",
"frag": "{lu₂}03.U₅",
"id": "P335351.l077fa",
"ref": "P335351.20.3",
"inst": "tašlīšu[third man on chariot]N",
"exosig": "@saao/saa06%akk-x-neoass:{LU₂}03.U₅=tašlīšu[third man on chariot//third man on chariot]N'N$tašlīšu",
"f": {"lang": "akk-x-neoass",
"form": "{LU₂}03.U₅",
"cf": "tašlīšu",
"gw": "third man on chariot",
"sense": "third man on chariot",
"norm": "tašlīšu",
"pos": "N",
"epos": "N"}
}
,
{
"node": "d",
"type": "line-start",
"ref": "P335351.21",
"n": "4",
"label": "r 4"}
,
{
"node": "l",
"frag": "[IGI",
"id": "P335351.l077fb",
"ref": "P335351.21.1",
"inst": "šību[witness]N",
"exosig": "@saao/saa06%akk-x-neoass:IGI=šību[witness//witness]N'N$šību",
"f": {"lang": "akk-x-neoass",
"form": "IGI",
"cf": "šību",
"gw": "witness",
"sense": "witness",
"norm": "šību",
"pos": "N",
"epos": "N"}
}
,
{
"node": "l",
"frag": "{1}{d}ša₂-maš-MAN]-PAB",
"id": "P335351.l077fc",
"ref": "P335351.21.2",
"inst": "Šamaš-šarru-uṣur[1]PN",
"exosig": "@saao/saa06%akk-x-neoass:{1}{d}ša₂-maš-MAN-PAB=Šamaš-šarru-uṣur[1//1]PN'PN$Šamaš-šarru-uṣur",
"f": {"lang": "akk-x-neoass",
"form": "{1}{d}ša₂-maš-MAN-PAB",
"cf": "Šamaš-šarru-uṣur",
"gw": "1",
"sense": "1",
"norm": "Šamaš-šarru-uṣur",
"pos": "PN",
"epos": "PN"}
}
,
{
"node": "c",
"type": "phrase",
"tag": "phr",
"id": "P335351.U10",
"ref": "P335351.ls00006",
"cdl": [
{
"node": "l",
"frag": "{lu₂}DIB-PA-MEŠ",
"id": "P335351.l077fd",
"ref": "P335351.21.3",
"cof-tails": "P335351.l077fe",
"inst": "mukillu[holder]N$mukīl&appatu[bridle]N$appāti",
"exosig": "@saao/saa06%akk-x-neoass:{LU₂}DIB-PA-MEŠ=mukillu[holder//holder]N'N$mukīl&&@saao%akk-x-neoass:=appatu[bridle//bridle]N'N$appāti",
"f": {"lang": "akk-x-neoass",
"form": "{LU₂}DIB-PA-MEŠ",
"cf": "mukillu",
"gw": "holder",
"sense": "holder",
"norm": "mukīl",
"pos": "N",
"epos": "N"}
}
,
{
"node": "l",
"frag": "{lu₂}DIB-PA-MEŠ",
"id": "P335351.l077fe",
"ref": "P335351.21.3",
"cof-head": "P335351.l077fd",
"inst": "mukillu[holder]N$mukīl&appatu[bridle]N$appāti",
"tail-sig": "@saao%akk-x-neoass:=appatu[bridle//bridle]N'N$appāti",
"f": {"lang": "akk-x-neoass",
"form": "{LU₂}DIB-PA-MEŠ",
"cf": "appatu",
"gw": "bridle",
"sense": "bridle",
"norm": "appāti",
"pos": "N",
"epos": "N"}
}
]}
,
{
"node": "d",
"type": "line-start",
"ref": "P335351.22",
"n": "5",
"label": "r 5"}
,
{
"node": "l",
"frag": "[IGI",
"id": "P335351.l077ff",
"ref": "P335351.22.1",
"inst": "šību[witness]N",
"exosig": "@saao/saa06%akk-x-neoass:IGI=šību[witness//witness]N'N$šību",
"f": {"lang": "akk-x-neoass",
"form": "IGI",
"cf": "šību",
"gw": "witness",
"sense": "witness",
"norm": "šību",
"pos": "N",
"epos": "N"}
}
,
{
"node": "l",
"frag": "{1}{d}PA-še]-zib",
"id": "P335351.l07800",
"ref": "P335351.22.2",
"inst": "Nabu-šezib[1]PN",
"exosig": "@saao/saa06%akk-x-neoass:{1}{d}PA-še-zib=Nabu-šezib[1//1]PN'PN$Nabu-šezib",
"f": {"lang": "akk-x-neoass",
"form": "{1}{d}PA-še-zib",
"cf": "Nabu-šezib",
"gw": "1",
"sense": "1",
"norm": "Nabu-šezib",
"pos": "PN",
"epos": "PN"}
}
,
{
"node": "c",
"type": "phrase",
"tag": "phr",
"id": "P335351.U11",
"ref": "P335351.ls00007",
"cdl": [
{
"node": "l",
"frag": "{lu₂}{<:(DIB-PA-MEŠ)>}",
"id": "P335351.l07801",
"ref": "P335351.22.3",
"cof-tails": "P335351.l07802",
"inst": "mukillu[holder]N$mukīl&appatu[bridle]N$appāti",
"exosig": "@saao/saa06%akk-x-neoass:{LU₂}DIB-PA-MEŠ=mukillu[holder//holder]N'N$mukīl&&@saao%akk-x-neoass:=appatu[bridle//bridle]N'N$appāti",
"f": {"lang": "akk-x-neoass",
"form": "{LU₂}DIB-PA-MEŠ",
"cf": "mukillu",
"gw": "holder",
"sense": "holder",
"norm": "mukīl",
"pos": "N",
"epos": "N"}
}
,
{
"node": "l",
"frag": "{lu₂}{<:(DIB-PA-MEŠ)>}",
"id": "P335351.l07802",
"ref": "P335351.22.3",
"cof-head": "P335351.l07801",
"inst": "mukillu[holder]N$mukīl&appatu[bridle]N$appāti",
"tail-sig": "@saao%akk-x-neoass:=appatu[bridle//bridle]N'N$appāti",
"f": {"lang": "akk-x-neoass",
"form": "{LU₂}DIB-PA-MEŠ",
"cf": "appatu",
"gw": "bridle",
"sense": "bridle",
"norm": "appāti",
"pos": "N",
"epos": "N"}
}
]}
,
{
"node": "d",
"type": "line-start",
"ref": "P335351.23",
"n": "6",
"label": "r 6"}
,
{
"node": "l",
"frag": "[IGI",
"id": "P335351.l07803",
"ref": "P335351.23.1",
"inst": "šību[witness]N",
"exosig": "@saao/saa06%akk-x-neoass:IGI=šību[witness//witness]N'N$šību",
"f": {"lang": "akk-x-neoass",
"form": "IGI",
"cf": "šību",
"gw": "witness",
"sense": "witness",
"norm": "šību",
"pos": "N",
"epos": "N"}
}
,
{
"node": "l",
"frag": "{1}x",
"id": "P335351.l07804",
"ref": "P335351.23.2",
"inst": "u",
"f": {"lang": "akk-x-neoass",
"form": "{1}x",
"pos": "u"}
}
,
{
"node": "l",
"frag": "x",
"id": "P335351.l07805",
"ref": "P335351.23.3",
"inst": "u",
"f": {"lang": "akk-x-neoass",
"form": "x",
"pos": "u"}
}
,
{
"node": "l",
"frag": "x]+⸢x⸣",
"id": "P335351.l07806",
"ref": "P335351.23.4",
"inst": "u",
"f": {"lang": "akk-x-neoass",
"form": "x+x",
"pos": "u"}
}
,
{
"node": "d",
"frag": ":",
"type": "nonw",
"ref": "P335351.23.5",
"lang": "akk-x-neoass",
"type": "punct",
"gdl_delim": " "}
,
{
"node": "l",
"frag": "IGI",
"id": "P335351.l07807",
"ref": "P335351.23.6",
"inst": "šību[witness]N",
"exosig": "@saao/saa06%akk-x-neoass:IGI=šību[witness//witness]N'N$šību",
"f": {"lang": "akk-x-neoass",
"form": "IGI",
"cf": "šību",
"gw": "witness",
"sense": "witness",
"norm": "šību",
"pos": "N",
"epos": "N"}
}
,
{
"node": "l",
"frag": "{1}bar-ruq",
"id": "P335351.l07808",
"ref": "P335351.23.7",
"inst": "Barruq[1]PN",
"exosig": "@saao/saa06%akk-x-neoass:{1}bar-ruq=Barruqu[1//1]PN'PN$Barruq",
"f": {"lang": "akk-x-neoass",
"form": "{1}bar-ruq",
"cf": "Barruqu",
"gw": "1",
"sense": "1",
"norm": "Barruq",
"pos": "PN",
"epos": "PN"}
}
,
{
"node": "d",
"frag": ":",
"type": "nonw",
"ref": "P335351.23.8",
"lang": "akk-x-neoass",
"type": "punct"}
,
{
"node": "d",
"type": "line-start",
"ref": "P335351.24",
"n": "7",
"label": "r 7"}
,
{
"node": "l",
"frag": "[IGI",
"id": "P335351.l07809",
"ref": "P335351.24.1",
"inst": "šību[witness]N",
"exosig": "@saao/saa06%akk-x-neoass:IGI=šību[witness//witness]N'N$šību",
"f": {"lang": "akk-x-neoass",
"form": "IGI",
"cf": "šību",
"gw": "witness",
"sense": "witness",
"norm": "šību",
"pos": "N",
"epos": "N"}
}
,
{
"node": "l",
"frag": "{1}{d}AMAR.UTU]-⸢MU⸣-PAB",
"id": "P335351.l0780a",
"ref": "P335351.24.2",
"inst": "Marduk-šumu-uṣur[1]PN$",
"exosig": "@saao/saa06%akk-x-neoass:{1}{d}AMAR.UTU-MU-PAB=Marduk-šumu-uṣur[1//1]PN'PN$Marduk-šumu-uṣur",
"f": {"lang": "akk-x-neoass",
"form": "{1}{d}AMAR.UTU-MU-PAB",
"cf": "Marduk-šumu-uṣur",
"gw": "1",
"sense": "1",
"norm": "Marduk-šumu-uṣur",
"pos": "PN",
"epos": "PN"}
}
,
{
"node": "c",
"type": "phrase",
"tag": "phr",
"id": "P335351.U12",
"ref": "P335351.ls00008",
"cdl": [
{
"node": "l",
"frag": "{lu₂}GAL-HAL",
"id": "P335351.l0780b",
"ref": "P335351.24.3",
"cof-tails": "P335351.l0780c",
"inst": "rabû[big one]N$rab&bārû[diviner]N$bārê",
"exosig": "@saao/saa06%akk-x-neoass:{LU₂}GAL-HAL=rabû[big one//big one]N'N$rab&&@saao%akk-x-neoass:=bārû[diviner//diviner]N'N$bārê",
"f": {"lang": "akk-x-neoass",
"form": "{LU₂}GAL-HAL",
"cf": "rabû",
"gw": "big one",
"sense": "big one",
"norm": "rab",
"pos": "N",
"epos": "N"}
}
,
{
"node": "l",
"frag": "{lu₂}GAL-HAL",
"id": "P335351.l0780c",
"ref": "P335351.24.3",
"cof-head": "P335351.l0780b",
"inst": "rabû[big one]N$rab&bārû[diviner]N$bārê",
"tail-sig": "@saao%akk-x-neoass:=bārû[diviner//diviner]N'N$bārê",
"f": {"lang": "akk-x-neoass",
"form": "{LU₂}GAL-HAL",
"cf": "bārû",
"gw": "diviner",
"sense": "diviner",
"norm": "bārê",
"pos": "N",
"epos": "N"}
}
]}
,
{
"node": "d",
"type": "line-start",
"ref": "P335351.25",
"n": "8",
"label": "r 8"}
,
{
"node": "l",
"frag": "[IGI",
"id": "P335351.l0780d",
"ref": "P335351.25.1",
"inst": "šību[witness]N",
"exosig": "@saao/saa06%akk-x-neoass:IGI=šību[witness//witness]N'N$šību",
"f": {"lang": "akk-x-neoass",
"form": "IGI",
"cf": "šību",
"gw": "witness",
"sense": "witness",
"norm": "šību",
"pos": "N",
"epos": "N"}
}
,
{
"node": "l",
"frag": "{1}ba-ni-i]",
"id": "P335351.l0780e",
"ref": "P335351.25.2",
"inst": "Bani[1]PN",
"exosig": "@saao/saa06%akk-x-neoass:{1}ba-ni-i=Bani[1//1]PN'PN$Bani",
"f": {"lang": "akk-x-neoass",
"form": "{1}ba-ni-i",
"cf": "Bani",
"gw": "1",
"sense": "1",
"norm": "Bani",
"pos": "PN",
"epos": "PN"}
}
,
{
"node": "l",
"frag": "{lu₂}02-u",
"id": "P335351.l0780f",
"ref": "P335351.25.3",
"inst": "šaniu[deputy]'N",
"exosig": "@saao/saa06%akk-x-neoass:{LU₂}02-u=šanû[second//deputy]NU'N$šaniu",
"f": {"lang": "akk-x-neoass",
"form": "{LU₂}02-u",
"cf": "šanû",
"gw": "second",
"sense": "deputy",
"norm": "šaniu",
"pos": "NU",
"epos": "N"}
}
,
{
"node": "c",
"type": "phrase",
"tag": "phr",
"id": "P335351.U13",
"ref": "P335351.ls00009",
"cdl": [
{
"node": "l",
"frag": "{lu₂}GAL-A.ZU",
"id": "P335351.l07810",
"ref": "P335351.25.4",
"cof-tails": "P335351.l07811",
"inst": "rabû[big one]N$rab&asû[physician]N$asê",
"exosig": "@saao/saa06%akk-x-neoass:{LU₂}GAL-A.ZU=rabû[big one//big one]N'N$rab&&@saao%akk-x-neoass:=asû[physician//physician]N'N$asê",
"f": {"lang": "akk-x-neoass",
"form": "{LU₂}GAL-A.ZU",
"cf": "rabû",
"gw": "big one",
"sense": "big one",
"norm": "rab",
"pos": "N",
"epos": "N"}
}
,
{
"node": "l",
"frag": "{lu₂}GAL-A.ZU",
"id": "P335351.l07811",
"ref": "P335351.25.4",
"cof-head": "P335351.l07810",
"inst": "rabû[big one]N$rab&asû[physician]N$asê",
"tail-sig": "@saao%akk-x-neoass:=asû[physician//physician]N'N$asê",
"f": {"lang": "akk-x-neoass",
"form": "{LU₂}GAL-A.ZU",
"cf": "asû",
"gw": "physician",
"sense": "physician",
"norm": "asê",
"pos": "N",
"epos": "N"}
}
]}
,
{
"node": "d",
"type": "line-start",
"ref": "P335351.26",
"n": "9",
"label": "r 9"}
,
{
"node": "l",
"frag": "[IGI",
"id": "P335351.l07812",
"ref": "P335351.26.1",
"inst": "šību[witness]N",
"exosig": "@saao/saa06%akk-x-neoass:IGI=šību[witness//witness]N'N$šību",
"f": {"lang": "akk-x-neoass",
"form": "IGI",
"cf": "šību",
"gw": "witness",
"sense": "witness",
"norm": "šību",
"pos": "N",
"epos": "N"}
}
,
{
"node": "l",
"frag": "{1}x",
"id": "P335351.l07813",
"ref": "P335351.26.2",
"inst": "u",
"f": {"lang": "akk-x-neoass",
"form": "{1}x",
"pos": "u"}
}
,
{
"node": "l",
"frag": "x",
"id": "P335351.l07814",
"ref": "P335351.26.3",
"inst": "u",
"f": {"lang": "akk-x-neoass",
"form": "x",
"pos": "u"}
}
,
{
"node": "l",
"frag": "x]-a",
"id": "P335351.l07815",
"ref": "P335351.26.4",
"inst": "u",
"f": {"lang": "akk-x-neoass",
"form": "x-a",
"pos": "u"}
}
,
{
"node": "c",
"type": "phrase",
"tag": "phr",
"id": "P335351.U14",
"ref": "P335351.ls0000a",
"cdl": [
{
"node": "l",
"frag": "{lu₂}DIB-PA-MEŠ",
"id": "P335351.l07816",
"ref": "P335351.26.5",
"cof-tails": "P335351.l07817",
"inst": "mukillu[holder]N$mukīl&appatu[bridle]N$appāti",
"exosig": "@saao/saa06%akk-x-neoass:{LU₂}DIB-PA-MEŠ=mukillu[holder//holder]N'N$mukīl&&@saao%akk-x-neoass:=appatu[bridle//bridle]N'N$appāti",
"f": {"lang": "akk-x-neoass",
"form": "{LU₂}DIB-PA-MEŠ",
"cf": "mukillu",
"gw": "holder",
"sense": "holder",
"norm": "mukīl",
"pos": "N",
"epos": "N"}
}
,
{
"node": "l",
"frag": "{lu₂}DIB-PA-MEŠ",
"id": "P335351.l07817",
"ref": "P335351.26.5",
"cof-head": "P335351.l07816",
"inst": "mukillu[holder]N$mukīl&appatu[bridle]N$appāti",
"tail-sig": "@saao%akk-x-neoass:=appatu[bridle//bridle]N'N$appāti",
"f": {"lang": "akk-x-neoass",
"form": "{LU₂}DIB-PA-MEŠ",
"cf": "appatu",
"gw": "bridle",
"sense": "bridle",
"norm": "appāti",
"pos": "N",
"epos": "N"}
}
]}
,
{
"node": "l",
"frag": "ša",
"id": "P335351.l07818",
"ref": "P335351.26.6",
"inst": "ša[of]DET",
"exosig": "@saao/saa06%akk-x-neoass:ša=ša[of//of]DET'DET$ša",
"f": {"lang": "akk-x-neoass",
"form": "ša",
"cf": "ša",
"gw": "of",
"sense": "of",
"norm": "ša",
"pos": "DET",
"epos": "DET"}
}
,
{
"node": "l",
"frag": "E₂",
"id": "P335351.l07819",
"ref": "P335351.26.7",
"inst": "bēt[house]N",
"exosig": "@saao/saa06%akk-x-neoass:E₂=bītu[house//house]N'N$bēt",
"f": {"lang": "akk-x-neoass",
"form": "E₂",
"cf": "bītu",
"gw": "house",
"sense": "house",
"norm": "bēt",
"pos": "N",
"epos": "N"}
}
,
{
"node": "c",
"type": "phrase",
"tag": "phr",
"id": "P335351.U15",
"ref": "P335351.ls0000b",
"cdl": [
{
"node": "l",
"frag": "GAŠAN-[E₂]",
"id": "P335351.l0781a",
"ref": "P335351.26.8",
"cof-tails": "P335351.l0781b",
"inst": "bēltu[lady]N$bēlat&bītu[house]N$bēti",
"exosig": "@saao/saa06%akk-x-neoass:GAŠAN-E₂=bēltu[lady//lady]N'N$bēlat&&@saao%akk-x-neoass:=bītu[house//house]N'N$bēti",
"f": {"lang": "akk-x-neoass",
"form": "GAŠAN-E₂",
"cf": "bēltu",
"gw": "lady",
"sense": "lady",
"norm": "bēlat",
"pos": "N",
"epos": "N"}
}
,
{
"node": "l",
"frag": "GAŠAN-[E₂]",
"id": "P335351.l0781b",
"ref": "P335351.26.8",
"cof-head": "P335351.l0781a",
"inst": "bēltu[lady]N$bēlat&bītu[house]N$bēti",
"tail-sig": "@saao%akk-x-neoass:=bītu[house//house]N'N$bēti",
"f": {"lang": "akk-x-neoass",
"form": "GAŠAN-E₂",
"cf": "bītu",
"gw": "house",
"sense": "house",
"norm": "bēti",
"pos": "N",
"epos": "N"}
}
]}
,
{
"node": "d",
"type": "line-start",
"ref": "P335351.27",
"n": "10",
"label": "r 10"}
,
{
"node": "l",
"frag": "[IGI",
"id": "P335351.l0781c",
"ref": "P335351.27.1",
"inst": "šību[witness]N",
"exosig": "@saao/saa06%akk-x-neoass:IGI=šību[witness//witness]N'N$šību",
"f": {"lang": "akk-x-neoass",
"form": "IGI",
"cf": "šību",
"gw": "witness",
"sense": "witness",
"norm": "šību",
"pos": "N",
"epos": "N"}
}
,
{
"node": "l",
"frag": "{1}{d}PA-SU]",
"id": "P335351.l0781d",
"ref": "P335351.27.2",
"inst": "Nabu-eriba[1]PN",
"exosig": "@saao/saa06%akk-x-neoass:{1}{d}PA-SU=Nabu-eriba[1//1]PN'PN$Nabu-eriba",
"f": {"lang": "akk-x-neoass",
"form": "{1}{d}PA-SU",
"cf": "Nabu-eriba",
"gw": "1",
"sense": "1",
"norm": "Nabu-eriba",
"pos": "PN",
"epos": "PN"}
}
,
{
"node": "l",
"frag": "{lu₂}02-u",
"id": "P335351.l0781e",
"ref": "P335351.27.3",
"inst": "šaniu[deputy]'N",
"exosig": "@saao/saa06%akk-x-neoass:{LU₂}02-u=šanû[second//deputy]NU'N$šaniu",
"f": {"lang": "akk-x-neoass",
"form": "{LU₂}02-u",
"cf": "šanû",
"gw": "second",
"sense": "deputy",
"norm": "šaniu",
"pos": "NU",
"epos": "N"}
}
,
{
"node": "l",
"frag": "{lu₂}GAL-u₂-rat",
"id": "P335351.l0781f",
"ref": "P335351.27.4",
"cof-tails": "P335351.l07820",
"inst": "rabû[big one]N$rab&urû[team]N$urāt",
"sig": "@saao%akk-x-neoass:{LU₂}GAL-u₂-rat=rabû[big one//big one]N'N$rab&&@saao%akk-x-neoass:=urû[team//team (of equids)]N'N$urāt",
"f": {"lang": "akk-x-neoass",
"form": "{LU₂}GAL-u₂-rat",
"cf": "rabû",
"gw": "big one",
"sense": "big one",
"norm": "rab",
"pos": "N",
"epos": "N"}
}
,
{
"node": "l",
"frag": "{lu₂}GAL-u₂-rat",
"id": "P335351.l07820",
"ref": "P335351.27.4",
"cof-head": "P335351.l0781f",
"inst": "rabû[big one]N$rab&urû[team]N$urāt",
"bad": "yes",
"f": {"lang": "akk-x-neoass",
"form": "{LU₂}GAL-u₂-rat",
"cf": "urû",
"gw": "team",
"sense": "team (of equids)",
"norm": "urāt",
"pos": "N",
"epos": "N"}
}
,
{
"node": "d",
"type": "line-start",
"ref": "P335351.28",
"n": "11",
"label": "r 11"}
,
{
"node": "l",
"frag": "[IGI",
"id": "P335351.l07821",
"ref": "P335351.28.1",
"inst": "šību[witness]N",
"exosig": "@saao/saa06%akk-x-neoass:IGI=šību[witness//witness]N'N$šību",
"f": {"lang": "akk-x-neoass",
"form": "IGI",
"cf": "šību",
"gw": "witness",
"sense": "witness",
"norm": "šību",
"pos": "N",
"epos": "N"}
}
,
{
"node": "l",
"frag": "{1}x",
"id": "P335351.l07822",
"ref": "P335351.28.2",
"inst": "u",
"f": {"lang": "akk-x-neoass",
"form": "{1}x",
"pos": "u"}
}
,
{
"node": "l",
"frag": "x",
"id": "P335351.l07823",
"ref": "P335351.28.3",
"inst": "u",
"f": {"lang": "akk-x-neoass",
"form": "x",
"pos": "u"}
}
,
{
"node": "l",
"frag": "x",
"id": "P335351.l07824",
"ref": "P335351.28.4",
"inst": "u",
"f": {"lang": "akk-x-neoass",
"form": "x",
"pos": "u"}
}
,
{
"node": "l",
"frag": "x]+⸢x⸣",
"id": "P335351.l07825",
"ref": "P335351.28.5",
"inst": "u",
"f": {"lang": "akk-x-neoass",
"form": "x+x",
"pos": "u"}
}
,
{
"node": "l",
"frag": "IGI",
"id": "P335351.l07826",
"ref": "P335351.28.6",
"inst": "šību[witness]N",
"exosig": "@saao/saa06%akk-x-neoass:IGI=šību[witness//witness]N'N$šību",
"f": {"lang": "akk-x-neoass",
"form": "IGI",
"cf": "šību",
"gw": "witness",
"sense": "witness",
"norm": "šību",
"pos": "N",
"epos": "N"}
}
,
{
"node": "l",
"frag": "{1}bu-di-⸢ba⸣-al",
"id": "P335351.l07827",
"ref": "P335351.28.7",
"inst": "Budi-Baʾal[1]PN$",
"exosig": "@saao/saa06%akk-x-neoass:{1}bu-di-ba-al=Budi-Baʾal[1//1]PN'PN$Budi-Baʾal",
"f": {"lang": "akk-x-neoass",
"form": "{1}bu-di-ba-al",
"cf": "Budi-Baʾal",
"gw": "1",
"sense": "1",
"norm": "Budi-Baʾal",
"pos": "PN",
"epos": "PN"}
}
,
{
"node": "d",
"type": "line-start",
"ref": "P335351.29",
"n": "12",
"label": "r 12"}
,
{
"node": "l",
"frag": "[IGI",
"id": "P335351.l07828",
"ref": "P335351.29.1",
"inst": "šību[witness]N",
"exosig": "@saao/saa06%akk-x-neoass:IGI=šību[witness//witness]N'N$šību",
"f": {"lang": "akk-x-neoass",
"form": "IGI",
"cf": "šību",
"gw": "witness",
"sense": "witness",
"norm": "šību",
"pos": "N",
"epos": "N"}
}
,
{
"node": "l",
"frag": "{1}x",
"id": "P335351.l07829",
"ref": "P335351.29.2",
"inst": "u",
"f": {"lang": "akk-x-neoass",
"form": "{1}x",
"pos": "u"}
}
,
{
"node": "l",
"frag": "x",
"id": "P335351.l0782a",
"ref": "P335351.29.3",
"inst": "u",
"f": {"lang": "akk-x-neoass",
"form": "x",
"pos": "u"}
}
,
{
"node": "l",
"frag": "x]-di",
"id": "P335351.l0782b",
"ref": "P335351.29.4",
"inst": "u",
"f": {"lang": "akk-x-neoass",
"form": "x-di",
"pos": "u"}
}
,
{
"node": "l",
"frag": "PAB",
"id": "P335351.l0782c",
"ref": "P335351.29.5",
"inst": "gimru[total]N",
"exosig": "@saao/saa06%akk-x-neoass:PAB=gimru[totality//total]N'N$gimru",
"f": {"lang": "akk-x-neoass",
"form": "PAB",
"cf": "gimru",
"gw": "totality",
"sense": "total",
"norm": "gimru",
"pos": "N",
"epos": "N"}
}
,
{
"node": "l",
"frag": "03",
"id": "P335351.l0782d",
"ref": "P335351.29.6",
"inst": "n",
"f": {"lang": "akk-x-neoass",
"form": "03",
"pos": "n"}
}
,
{
"node": "l",
"frag": "IGI-MEŠ",
"id": "P335351.l0782e",
"ref": "P335351.29.7",
"inst": "šībūti[witness]N",
"exosig": "@saao/saa06%akk-x-neoass:IGI-MEŠ=šību[witness//witness]N'N$šībūti",
"f": {"lang": "akk-x-neoass",
"form": "IGI-MEŠ",
"cf": "šību",
"gw": "witness",
"sense": "witness",
"norm": "šībūti",
"pos": "N",
"epos": "N"}
}
,
{
"node": "l",
"frag": "[x",
"id": "P335351.l0782f",
"ref": "P335351.29.8",
"inst": "u",
"f": {"lang": "akk-x-neoass",
"form": "x",
"pos": "u"}
}
,
{
"node": "l",
"frag": "x",
"id": "P335351.l07830",
"ref": "P335351.29.9",
"inst": "u",
"f": {"lang": "akk-x-neoass",
"form": "x",
"pos": "u"}
}
,
{
"node": "l",
"frag": "x]",
"id": "P335351.l07831",
"ref": "P335351.29.10",
"inst": "u",
"f": {"lang": "akk-x-neoass",
"form": "x",
"pos": "u"}
}
,
{
"node": "d",
"type": "line-start",
"ref": "P335351.30",
"n": "13",
"label": "r 13"}
,
{
"node": "l",
"frag": "[IGI",
"id": "P335351.l07832",
"ref": "P335351.30.1",
"inst": "šību[witness]N",
"exosig": "@saao/saa06%akk-x-neoass:IGI=šību[witness//witness]N'N$šību",
"f": {"lang": "akk-x-neoass",
"form": "IGI",
"cf": "šību",
"gw": "witness",
"sense": "witness",
"norm": "šību",
"pos": "N",
"epos": "N"}
}
,
{
"node": "l",
"frag": "{1}x",
"id": "P335351.l07833",
"ref": "P335351.30.2",
"inst": "u",
"f": {"lang": "akk-x-neoass",
"form": "{1}x",
"pos": "u"}
}
,
{
"node": "l",
"frag": "x",
"id": "P335351.l07834",
"ref": "P335351.30.3",
"inst": "u",
"f": {"lang": "akk-x-neoass",
"form": "x",
"pos": "u"}
}
,
{
"node": "l",
"frag": "x",
"id": "P335351.l07835",
"ref": "P335351.30.4",
"inst": "u",
"f": {"lang": "akk-x-neoass",
"form": "x",
"pos": "u"}
}
,
{
"node": "l",
"frag": "x",
"id": "P335351.l07836",
"ref": "P335351.30.5",
"inst": "u",
"f": {"lang": "akk-x-neoass",
"form": "x",
"pos": "u"}
}
,
{
"node": "l",
"frag": "x]",
"id": "P335351.l07837",
"ref": "P335351.30.6",
"inst": "u",
"f": {"lang": "akk-x-neoass",
"form": "x",
"pos": "u"}
}
,
{
"node": "l",
"frag": "{lu₂v}[x",
"id": "P335351.l07838",
"ref": "P335351.30.7",
"inst": "u",
"f": {"lang": "akk-x-neoass",
"form": "{LU₂}x",
"pos": "u"}
}
,
{
"node": "l",
"frag": "x",
"id": "P335351.l07839",
"ref": "P335351.30.8",
"inst": "u",
"f": {"lang": "akk-x-neoass",
"form": "x",
"pos": "u"}
}
,
{
"node": "l",
"frag": "x",
"id": "P335351.l0783a",
"ref": "P335351.30.9",
"inst": "u",
"f": {"lang": "akk-x-neoass",
"form": "x",
"pos": "u"}
}
,
{
"node": "l",
"frag": "x]",
"id": "P335351.l0783b",
"ref": "P335351.30.10",
"inst": "u",
"f": {"lang": "akk-x-neoass",
"form": "x",
"pos": "u"}
}
,
{
"node": "d",
"type": "nonx",
"ref": "P335351.31",
"strict": "0",
"extent": "rest",
"state": "missing"}
]}
]}
]}
,
{
"linkbase": [{
"type": "linkset",
"xlink_title": "mukīl appāti[chariot driver//chariot driver]N'N",
"id": "P335351.ls00000",
"xlink_type": "extended",
"xlink_role": "psu",
"sig": "{mukillu[holder]N appatu[bridle]N += mukīl appāti[chariot driver//chariot driver]N'N}::@saao%akk-x-neoass:{LU₂}mu-kil-{KUŠ}a-pa-te=mukillu[holder//holder]N'N$mukīl++@saao%akk-x-neoass:{LU₂}mu-kil-{KUŠ}a-pa-te=appatu[bridle//bridle]N'N$appāte",
"links": [
{
"type": "link",
"xlink_title": "mukillu",
"xlink_type": "locator",
"xlink_href": "#P335351.l077c1",
"xlink_role": "elt"}
,
{
"type": "link",
"xlink_title": "appatu",
"xlink_type": "locator",
"xlink_href": "#P335351.l077c2",
"xlink_role": "elt"}
]}
,
{
"type": "linkset",
"xlink_title": "ina libbi[in//(in exchange) for]PRP'PRP",
"id": "P335351.ls00001",
"xlink_type": "extended",
"xlink_role": "psu",
"sig": "{ina[in]PRP libbu[interior]N += ina libbi[in//(in exchange) for]PRP'PRP}::@saao%akk-x-neoass:ina=ina[in//into]PRP'PRP$ina++@saao%akk-x-neoass:ŠA₃-bi=libbu[interior//interior]N'N$libbi",
"links": [
{
"type": "link",
"xlink_title": "ina",
"xlink_type": "locator",
"xlink_href": "#P335351.l077c8",
"xlink_role": "elt"}
,
{
"type": "link",
"xlink_title": "libbi",
"xlink_type": "locator",
"xlink_href": "#P335351.l077c9",
"xlink_role": "elt"}
]}
,
{
"type": "linkset",
"xlink_title": "ina urkiš[in the future//in the future]AV'AV",
"id": "P335351.ls00002",
"xlink_type": "extended",
"xlink_role": "psu",
"sig": "{ina[in]PRP urkiš[later]AV += ina urkiš[in the future//in the future]AV'AV}::@saao%akk-x-neoass:ina=ina[in//into]PRP'PRP$ina++@saao%akk-x-neoass:ur-kiš=urkiš[later//later]AV'AV$urkiš",
"links": [
{
"type": "link",
"xlink_title": "ina",
"xlink_type": "locator",
"xlink_href": "#P335351.l077d6",
"xlink_role": "elt"}
,
{
"type": "link",
"xlink_title": "urkiš",
"xlink_type": "locator",
"xlink_href": "#P335351.l077d7",
"xlink_role": "elt"}
]}
,
{
"type": "linkset",
"xlink_title": "ina matīma[whenever//whenever]XP'XP",
"id": "P335351.ls00003",
"xlink_type": "extended",
"xlink_role": "psu",
"sig": "{ina[in]PRP matīma[ever]AV += ina matīma[whenever//whenever]XP'XP}::@saao%akk-x-neoass:ina=ina[in//into]PRP'PRP$ina++@saao%akk-x-neoass:ma-te-ma=matīma[ever//ever]AV'AV$matēma",
"links": [
{
"type": "link",
"xlink_title": "ina",
"xlink_type": "locator",
"xlink_href": "#P335351.l077d8",
"xlink_role": "elt"}
,
{
"type": "link",
"xlink_title": "matīma",
"xlink_type": "locator",
"xlink_href": "#P335351.l077d9",
"xlink_role": "elt"}
]}
,
{
"type": "linkset",
"xlink_title": "mār māri[grandson//grandson]N'N",
"id": "P335351.ls00004",
"xlink_type": "extended",
"xlink_role": "psu",
"sig": "{māru[son]N māru[son]N += mār māri[grandson//grandson]N'N}::@saao%akk-x-neoass:DUMU-šu₂=māru[son//son]N'N$māršu++@saao%akk-x-neoass:DUMU-DUMU-šu₂=māru[son//son]N'N$mār",
"links": [
{
"type": "link",
"xlink_title": "māru",
"xlink_type": "locator",
"xlink_href": "#P335351.l077e4",
"xlink_role": "elt"}
,
{
"type": "link",
"xlink_title": "māru",
"xlink_type": "locator",
"xlink_href": "#P335351.l077e5",
"xlink_role": "elt"}
]}
,
{
"type": "linkset",
"xlink_title": "ana ešriāti[tenfold//tenfold]AV'AV",
"id": "P335351.ls00005",
"xlink_type": "extended",
"xlink_role": "psu",
"sig": "{ana[to]PRP ešriātu[tenfold]AV += ana ešriāti[tenfold//tenfold]AV'AV}::@saao%akk-x-neoass:a-na=ana[to//to]PRP'PRP$ana++@saao%akk-x-neoass:10-MEŠ-te=ešriātu[tenfold//tenfold]AV'AV$ešrāte",
"links": [
{
"type": "link",
"xlink_title": "ana",
"xlink_type": "locator",
"xlink_href": "#P335351.l077ea",
"xlink_role": "elt"}
,
{
"type": "link",
"xlink_title": "ešriātu",
"xlink_type": "locator",
"xlink_href": "#P335351.l077eb",
"xlink_role": "elt"}
]}
,
{
"type": "linkset",
"xlink_title": "mukīl appāti[chariot driver//chariot driver]N'N",
"id": "P335351.ls00006",
"xlink_type": "extended",
"xlink_role": "psu",
"sig": "{mukillu[holder]N appatu[bridle]N += mukīl appāti[chariot driver//chariot driver]N'N}::@saao%akk-x-neoass:{LU₂}mu-kil-{KUŠ}a-pa-te=mukillu[holder//holder]N'N$mukīl++@saao%akk-x-neoass:{LU₂}mu-kil-{KUŠ}a-pa-te=appatu[bridle//bridle]N'N$appāte",
"links": [
{
"type": "link",
"xlink_title": "mukillu",
"xlink_type": "locator",
"xlink_href": "#P335351.l077fd",
"xlink_role": "elt"}
,
{
"type": "link",
"xlink_title": "appatu",
"xlink_type": "locator",
"xlink_href": "#P335351.l077fe",
"xlink_role": "elt"}
]}
,
{
"type": "linkset",
"xlink_title": "mukīl appāti[chariot driver//chariot driver]N'N",
"id": "P335351.ls00007",
"xlink_type": "extended",
"xlink_role": "psu",
"sig": "{mukillu[holder]N appatu[bridle]N += mukīl appāti[chariot driver//chariot driver]N'N}::@saao%akk-x-neoass:{LU₂}mu-kil-{KUŠ}a-pa-te=mukillu[holder//holder]N'N$mukīl++@saao%akk-x-neoass:{LU₂}mu-kil-{KUŠ}a-pa-te=appatu[bridle//bridle]N'N$appāte",
"links": [
{
"type": "link",
"xlink_title": "mukillu",
"xlink_type": "locator",
"xlink_href": "#P335351.l07801",
"xlink_role": "elt"}
,
{
"type": "link",
"xlink_title": "appatu",
"xlink_type": "locator",
"xlink_href": "#P335351.l07802",
"xlink_role": "elt"}
]}
,
{
"type": "linkset",
"xlink_title": "rab bārê[chief haruspex//chief haruspex]N'N",
"id": "P335351.ls00008",
"xlink_type": "extended",
"xlink_role": "psu",
"sig": "{rabû[big one]N bārû[diviner]N += rab bārê[chief haruspex//chief haruspex]N'N}::@saao%akk-x-neoass:{LU₂}GAL-HAL=rabû[big one//big one]N'N$rab++@saao%akk-x-neoass:{LU₂}GAL-HAL=bārû[diviner//diviner]N'N$bārê",
"links": [
{
"type": "link",
"xlink_title": "rabû",
"xlink_type": "locator",
"xlink_href": "#P335351.l0780b",
"xlink_role": "elt"}
,
{
"type": "link",
"xlink_title": "bārû",
"xlink_type": "locator",
"xlink_href": "#P335351.l0780c",
"xlink_role": "elt"}
]}
,
{
"type": "linkset",
"xlink_title": "rab asê[chief physician//chief physician]N'N",
"id": "P335351.ls00009",
"xlink_type": "extended",
"xlink_role": "psu",
"sig": "{rabû[big one]N asû[physician]N += rab asê[chief physician//chief physician]N'N}::@saao%akk-x-neoass:{LU₂}GAL-A.ZU=rabû[big one//big one]N'N$rab++@saao%akk-x-neoass:{LU₂}GAL-A.ZU=asû[physician//physician]N'N$asê",
"links": [
{
"type": "link",
"xlink_title": "rabû",
"xlink_type": "locator",
"xlink_href": "#P335351.l07810",
"xlink_role": "elt"}
,
{
"type": "link",
"xlink_title": "asû",
"xlink_type": "locator",
"xlink_href": "#P335351.l07811",
"xlink_role": "elt"}
]}
,
{
"type": "linkset",
"xlink_title": "mukīl appāti[chariot driver//chariot driver]N'N",
"id": "P335351.ls0000a",
"xlink_type": "extended",
"xlink_role": "psu",
"sig": "{mukillu[holder]N appatu[bridle]N += mukīl appāti[chariot driver//chariot driver]N'N}::@saao%akk-x-neoass:{LU₂}mu-kil-{KUŠ}a-pa-te=mukillu[holder//holder]N'N$mukīl++@saao%akk-x-neoass:{LU₂}mu-kil-{KUŠ}a-pa-te=appatu[bridle//bridle]N'N$appāte",
"links": [
{
"type": "link",
"xlink_title": "mukillu",
"xlink_type": "locator",
"xlink_href": "#P335351.l07816",
"xlink_role": "elt"}
,
{
"type": "link",
"xlink_title": "appatu",
"xlink_type": "locator",
"xlink_href": "#P335351.l07817",
"xlink_role": "elt"}
]}
,
{
"type": "linkset",
"xlink_title": "bēlat bīti[lady of the household//lady of the household]N'N",
"id": "P335351.ls0000b",
"xlink_type": "extended",
"xlink_role": "psu",
"sig": "{bēltu[lady]N bītu[house]N += bēlat bīti[lady of the household//lady of the household]N'N}::@saao%akk-x-neoass:GAŠAN-E₂=bēltu[lady//lady]N'N$bēlat++@saao%akk-x-neoass:GAŠAN-E₂=bītu[house//house]N'N$bēti",
"links": [
{
"type": "link",
"xlink_title": "bēltu",
"xlink_type": "locator",
"xlink_href": "#P335351.l0781a",
"xlink_role": "elt"}
,
{
"type": "link",
"xlink_title": "bītu",
"xlink_type": "locator",
"xlink_href": "#P335351.l0781b",
"xlink_role": "elt"}
]}
]}
]}
