{
"type": "cdl",
  "source": "http://oracc.org/saao/saa06",
  "license": "This data is released under the CC0 license",
  "license-url": "https://creativecommons.org/publicdomain/zero/1.0/",
  "more-info": "http://oracc.org/doc/opendata/",
  "UTC-timestamp": "2017-05-19T11:31:02",
"project": "saao/saa06",
"textid": "P335165",
"cdl": [
{
"node": "c",
"type": "text",
"id": "P335165.U0",
"cdl": [
{
"node": "d",
"type": "object",
"ref": ""}
,
{
"node": "d",
"subtype": "obverse",
"type": "surface",
"ref": "P335165.o.1",
"type": "obverse",
"label": "o"}
,
{
"node": "d",
"type": "nonx",
"ref": "P335165.2",
"strict": "0",
"extent": "beginning",
"state": "missing"}
,
{
"node": "c",
"type": "discourse",
"subtype": "body",
"id": "P335165.U1",
"cdl": [
{
"node": "c",
"type": "sentence",
"id": "P335165.U2",
"label": "o 1' - r 9",
"cdl": [
{
"node": "d",
"type": "line-start",
"ref": "P335165.3",
"n": "1'",
"label": "o 1'"}
,
{
"node": "c",
"type": "phrase",
"tag": "phr",
"id": "P335165.U4",
"ref": "P335165.ls00000",
"cdl": [
{
"node": "l",
"frag": "ina",
"id": "P335165.l0355b",
"ref": "P335165.3.1",
"inst": "ina[in+=for]PRP",
"exosig": "@saao/saa06%akk-x-neoass:ina=ina[in//in]PRP'PRP$ina",
"f": {"lang": "akk-x-neoass",
"form": "ina",
"cf": "ina",
"gw": "in",
"sense": "in",
"norm": "ina",
"pos": "PRP",
"epos": "PRP"}
}
,
{
"node": "l",
"frag": "ŠA₃-bi",
"id": "P335165.l0355c",
"ref": "P335165.3.2",
"inst": "libbi[interior]N",
"exosig": "@saao/saa06%akk-x-neoass:ŠA₃-bi=libbu[interior//interior]N'N$libbi",
"f": {"lang": "akk-x-neoass",
"form": "ŠA₃-bi",
"cf": "libbu",
"gw": "interior",
"sense": "interior",
"norm": "libbi",
"pos": "N",
"epos": "N"}
}
]}
,
{
"node": "l",
"frag": "bi-lat",
"id": "P335165.l0355d",
"ref": "P335165.3.3",
"inst": "bilāt[a unit of weight]N",
"exosig": "@saao/saa06%akk-x-neoass:bi-lat=biltu[load//a unit of weight]N'N$bilāt",
"f": {"lang": "akk-x-neoass",
"form": "bi-lat",
"cf": "biltu",
"gw": "load",
"sense": "a unit of weight",
"norm": "bilāt",
"pos": "N",
"epos": "N"}
}
,
{
"node": "l",
"frag": "URUDU-[MEŠ]",
"id": "P335165.l0355e",
"ref": "P335165.3.4",
"inst": "erû[copper]N$erî",
"exosig": "@saao/saa06%akk-x-neoass:URUDU-MEŠ=erû[copper//copper]N'N$erî",
"f": {"lang": "akk-x-neoass",
"form": "URUDU-MEŠ",
"cf": "erû",
"gw": "copper",
"sense": "copper",
"norm": "erî",
"pos": "N",
"epos": "N"}
}
,
{
"node": "d",
"type": "line-start",
"ref": "P335165.4",
"n": "2'",
"label": "o 2'"}
,
{
"node": "l",
"frag": "il-qi",
"id": "P335165.l0355f",
"ref": "P335165.4.1",
"inst": "ilqi[purchase]V",
"exosig": "@saao/saa06%akk-x-neoass:il-qi=leqû[take//purchase]V'V$ilqi",
"f": {"lang": "akk-x-neoass",
"form": "il-qi",
"cf": "leqû",
"gw": "take",
"sense": "purchase",
"norm": "ilqi",
"pos": "V",
"epos": "V"}
}
,
{
"node": "l",
"frag": "kas-pu",
"id": "P335165.l03560",
"ref": "P335165.4.2",
"inst": "kaspu[money]N",
"exosig": "@saao/saa06%akk-x-neoass:kas-pu=kaspu[silver//money]N'N$kaspu",
"f": {"lang": "akk-x-neoass",
"form": "kas-pu",
"cf": "kaspu",
"gw": "silver",
"sense": "money",
"norm": "kaspu",
"pos": "N",
"epos": "N"}
}
,
{
"node": "l",
"frag": "ga-⸢mur⸣",
"id": "P335165.l03561",
"ref": "P335165.4.3",
"inst": "gammur[completed]AJ",
"exosig": "@saao/saa06%akk-x-neoass:ga-mur=gammuru[finished//completed]AJ'AJ$gammur",
"f": {"lang": "akk-x-neoass",
"form": "ga-mur",
"cf": "gammuru",
"gw": "finished",
"sense": "completed",
"norm": "gammur",
"pos": "AJ",
"epos": "AJ"}
}
,
{
"node": "l",
"frag": "[ta-din]",
"id": "P335165.l03562",
"ref": "P335165.4.4",
"inst": "tadin[paid]AJ",
"exosig": "@saao/saa06%akk-x-neoass:ta-din=tadnu[given//paid]AJ'AJ$tadin",
"f": {"lang": "akk-x-neoass",
"form": "ta-din",
"cf": "tadnu",
"gw": "given",
"sense": "paid",
"norm": "tadin",
"pos": "AJ",
"epos": "AJ"}
}
,
{
"node": "d",
"type": "line-start",
"ref": "P335165.5",
"n": "3'",
"label": "o 3'"}
,
{
"node": "l",
"frag": "tu-a-ru",
"id": "P335165.l03563",
"ref": "P335165.5.1",
"inst": "tuāru[revocation]'N",
"exosig": "@saao/saa06%akk-x-neoass:tu-a-ru=târu[turn//revocation]V'N$tuāru",
"f": {"lang": "akk-x-neoass",
"form": "tu-a-ru",
"cf": "târu",
"gw": "turn",
"sense": "revocation",
"norm": "tuāru",
"pos": "V",
"epos": "N"}
}
,
{
"node": "l",
"frag": "DUG₄.DUG₄",
"id": "P335165.l03564",
"ref": "P335165.5.2",
"inst": "dabābu[litigation]'N",
"exosig": "@saao/saa06%akk-x-neoass:DUG₄.DUG₄=dabābu[speak//litigation]V'N$dabābu",
"f": {"lang": "akk-x-neoass",
"form": "DUG₄.DUG₄",
"cf": "dabābu",
"gw": "speak",
"sense": "litigation",
"norm": "dabābu",
"pos": "V",
"epos": "N"}
}
,
{
"node": "l",
"frag": "la-a-[šu]",
"id": "P335165.l03565",
"ref": "P335165.5.3",
"inst": "lāšu[(there) is not]V",
"exosig": "@saao/saa06%akk-x-neoass:la-a-šu=laššu[(there) is not//(there) is not]V'V$lāšu",
"f": {"lang": "akk-x-neoass",
"form": "la-a-šu",
"cf": "laššu",
"gw": "(there) is not",
"sense": "(there) is not",
"norm": "lāšu",
"pos": "V",
"epos": "V"}
}
,
{
"node": "d",
"type": "line-start",
"ref": "P335165.6",
"n": "4'",
"label": "o 4'"}
,
{
"node": "l",
"frag": "man-nu",
"id": "P335165.l03566",
"ref": "P335165.6.1",
"inst": "mannu[whoever]'XP",
"exosig": "@saao/saa06%akk-x-neoass:man-nu=mannu[who?//whoever]QP'XP$mannu",
"f": {"lang": "akk-x-neoass",
"form": "man-nu",
"cf": "mannu",
"gw": "who?",
"sense": "whoever",
"norm": "mannu",
"pos": "QP",
"epos": "XP"}
}
,
{
"node": "l",
"frag": "ša",
"id": "P335165.l03567",
"ref": "P335165.6.2",
"inst": "ša[that]REL",
"exosig": "@saao/saa06%akk-x-neoass:ša=ša[that//that]REL'REL$ša",
"f": {"lang": "akk-x-neoass",
"form": "ša",
"cf": "ša",
"gw": "that",
"sense": "that",
"norm": "ša",
"pos": "REL",
"epos": "REL"}
}
,
{
"node": "c",
"type": "phrase",
"tag": "phr",
"id": "P335165.U5",
"ref": "P335165.ls00001",
"cdl": [
{
"node": "l",
"frag": "ina",
"id": "P335165.l03568",
"ref": "P335165.6.3",
"inst": "ina[in+=in the future]PRP",
"exosig": "@saao/saa06%akk-x-neoass:ina=ina[in//in]PRP'PRP$ina",
"f": {"lang": "akk-x-neoass",
"form": "ina",
"cf": "ina",
"gw": "in",
"sense": "in",
"norm": "ina",
"pos": "PRP",
"epos": "PRP"}
}
,
{
"node": "l",
"frag": "ur-kiš",
"id": "P335165.l03569",
"ref": "P335165.6.4",
"inst": "urkiš[later]AV",
"exosig": "@saao/saa06%akk-x-neoass:ur-kiš=urkiš[later//later]AV'AV$urkiš",
"f": {"lang": "akk-x-neoass",
"form": "ur-kiš",
"cf": "urkiš",
"gw": "later",
"sense": "later",
"norm": "urkiš",
"pos": "AV",
"epos": "AV"}
}
]}
,
{
"node": "l",
"frag": "lu-u",
"id": "P335165.l0356a",
"ref": "P335165.6.5",
"inst": "lū[may]MOD",
"exosig": "@saao/saa06%akk-x-neoass:lu-u=lū[may//may]MOD'MOD$lū",
"f": {"lang": "akk-x-neoass",
"form": "lu-u",
"cf": "lū",
"gw": "may",
"sense": "may",
"norm": "lū",
"pos": "MOD",
"epos": "MOD"}
}
,
{
"node": "c",
"type": "phrase",
"tag": "phr",
"id": "P335165.U6",
"ref": "P335165.ls00002",
"cdl": [
{
"node": "l",
"frag": "ina",
"id": "P335165.l0356b",
"ref": "P335165.6.6",
"inst": "ina[in+=whenever]PRP$",
"exosig": "@saao/saa06%akk-x-neoass:ina=ina[in//in]PRP'PRP$ina",
"f": {"lang": "akk-x-neoass",
"form": "ina",
"cf": "ina",
"gw": "in",
"sense": "in",
"norm": "ina",
"pos": "PRP",
"epos": "PRP"}
}
,
{
"node": "l",
"frag": "⸢ma-ti-ma⸣",
"id": "P335165.l0356c",
"ref": "P335165.6.7",
"inst": "matīma[ever]AV$",
"exosig": "@saao/saa06%akk-x-neoass:ma-ti-ma=matīma[ever//ever]AV'AV$matīma",
"f": {"lang": "akk-x-neoass",
"form": "ma-ti-ma",
"cf": "matīma",
"gw": "ever",
"sense": "ever",
"norm": "matīma",
"pos": "AV",
"epos": "AV"}
}
]}
,
{
"node": "d",
"type": "line-start",
"ref": "P335165.7",
"n": "5'",
"label": "o 5'"}
,
{
"node": "l",
"frag": "i-za-qu-ba-ni",
"id": "P335165.l0356d",
"ref": "P335165.7.1",
"inst": "zaqāpu[fix upright//complain]V$izaqqubāni",
"exosig": "@saao/saa06%akk-x-neoass:i-za-qu-ba-ni=zaqāpu[fix upright//complain]V'V$izaqqubāni",
"f": {"lang": "akk-x-neoass",
"form": "i-za-qu-ba-ni",
"cf": "zaqāpu",
"gw": "fix upright",
"sense": "complain",
"norm": "izaqqubāni",
"pos": "V",
"epos": "V"}
}
,
{
"node": "d",
"type": "line-start",
"ref": "P335165.8",
"n": "6'",
"label": "o 6'"}
,
{
"node": "l",
"frag": "ma-a",
"id": "P335165.l0356e",
"ref": "P335165.8.1",
"inst": "mā[saying]PRP",
"exosig": "@saao/saa06%akk-x-neoass:ma-a=mā[saying//saying]PRP'PRP$mā",
"f": {"lang": "akk-x-neoass",
"form": "ma-a",
"cf": "mā",
"gw": "saying",
"sense": "saying",
"norm": "mā",
"pos": "PRP",
"epos": "PRP"}
}
,
{
"node": "l",
"frag": "MI₂",
"id": "P335165.l0356f",
"ref": "P335165.8.2",
"inst": "issu[woman]N",
"exosig": "@saao/saa06%akk-x-neoass:MI₂=sinništu[woman//woman]N'N$issu",
"f": {"lang": "akk-x-neoass",
"form": "MI₂",
"cf": "sinništu",
"gw": "woman",
"sense": "woman",
"norm": "issu",
"pos": "N",
"epos": "N"}
}
,
{
"node": "l",
"frag": "a-paṭ-ṭar",
"id": "P335165.l03570",
"ref": "P335165.8.3",
"inst": "apaṭṭar[release]V",
"exosig": "@saao/saa06%akk-x-neoass:a-paṭ-ṭar=paṭāru[loosen//release]V'V$apaṭṭar",
"f": {"lang": "akk-x-neoass",
"form": "a-paṭ-ṭar",
"cf": "paṭāru",
"gw": "loosen",
"sense": "release",
"norm": "apaṭṭar",
"pos": "V",
"epos": "V"}
}
,
{
"node": "d",
"type": "line-start",
"ref": "P335165.9",
"n": "7'",
"label": "o 7'"}
,
{
"node": "l",
"frag": "01",
"id": "P335165.l03571",
"ref": "P335165.9.1",
"inst": "n",
"f": {"lang": "akk-x-neoass",
"form": "01",
"pos": "n"}
}
,
{
"node": "l",
"frag": "MA.NA",
"id": "P335165.l03572",
"ref": "P335165.9.2",
"inst": "manû[a unit of weight]N",
"exosig": "@saao/saa06%akk-x-neoass:MA.NA=manû[unit//a unit of weight]N'N$manû",
"f": {"lang": "akk-x-neoass",
"form": "MA.NA",
"cf": "manû",
"gw": "unit",
"sense": "a unit of weight",
"norm": "manû",
"pos": "N",
"epos": "N"}
}
,
{
"node": "l",
"frag": "KUG.UD",
"id": "P335165.l03573",
"ref": "P335165.9.3",
"inst": "ṣarpi[silver]N",
"exosig": "@saao/saa06%akk-x-neoass:KUG.UD=ṣarpu[silver//silver]N'N$ṣarpi",
"f": {"lang": "akk-x-neoass",
"form": "KUG.UD",
"cf": "ṣarpu",
"gw": "silver",
"sense": "silver",
"norm": "ṣarpi",
"pos": "N",
"epos": "N"}
}
,
{
"node": "l",
"frag": "SUM-an",
"id": "P335165.l03574",
"ref": "P335165.9.4",
"inst": "iddan[pay]V",
"exosig": "@saao/saa06%akk-x-neoass:SUM-an=tadānu[give//pay]V'V$iddan",
"f": {"lang": "akk-x-neoass",
"form": "SUM-an",
"cf": "tadānu",
"gw": "give",
"sense": "pay",
"norm": "iddan",
"pos": "V",
"epos": "V"}
}
,
{
"node": "l",
"frag": "i-paṭ-ṭar",
"id": "P335165.l03575",
"ref": "P335165.9.5",
"inst": "paṭāru[loosen//release]V$ipaṭṭar",
"exosig": "@saao/saa06%akk-x-neoass:i-paṭ-ṭar=paṭāru[loosen//release]V'V$ipaṭṭar",
"f": {"lang": "akk-x-neoass",
"form": "i-paṭ-ṭar",
"cf": "paṭāru",
"gw": "loosen",
"sense": "release",
"norm": "ipaṭṭar",
"pos": "V",
"epos": "V"}
}
,
{
"node": "d",
"type": "line-start",
"ref": "P335165.10",
"n": "8'",
"label": "o 8'"}
,
{
"node": "l",
"frag": "o",
"id": "P335165.l03576",
"ref": "P335165.10.1",
"inst": "u",
"f": {"lang": "akk-x-neoass",
"form": "o",
"pos": "u"}
}
,
{
"node": "l",
"frag": "{iti}ŠU",
"id": "P335165.l03577",
"ref": "P335165.10.2",
"inst": "Taʾuzi[Tammuz]MN",
"exosig": "@saao/saa06%akk-x-neoass:{ITI}ŠU=Duʾuzu[Tammuz//Tammuz]MN'MN$Taʾuzi",
"f": {"lang": "akk-x-neoass",
"form": "{ITI}ŠU",
"cf": "Duʾuzu",
"gw": "Tammuz",
"sense": "Tammuz",
"norm": "Taʾuzi",
"pos": "MN",
"epos": "MN"}
}
,
{
"node": "l",
"frag": "UD",
"id": "P335165.l03578",
"ref": "P335165.10.3",
"inst": "ūm[day]N",
"exosig": "@saao/saa06%akk-x-neoass:UD=ūmu[day//day]N'N$ūm",
"f": {"lang": "akk-x-neoass",
"form": "UD",
"cf": "ūmu",
"gw": "day",
"sense": "day",
"norm": "ūm",
"pos": "N",
"epos": "N"}
}
,
{
"node": "l",
"frag": "15-KAM₂",
"id": "P335165.l03579",
"ref": "P335165.10.4",
"inst": "n",
"f": {"lang": "akk-x-neoass",
"form": "15-KAM₂",
"pos": "n"}
}
,
{
"node": "d",
"subtype": "bottom",
"type": "surface",
"ref": "P335165.b.e..11",
"type": "bottom",
"label": "b.e."}
,
{
"node": "d",
"type": "line-start",
"ref": "P335165.12",
"n": "9'",
"label": "b.e. 9'"}
,
{
"node": "l",
"frag": "lim-mu",
"id": "P335165.l0357a",
"ref": "P335165.12.1",
"inst": "limmu[eponym (of year)]N",
"exosig": "@saao/saa06%akk-x-neoass:lim-mu=līmu[eponym (of year)//eponym (of year)]N'N$limmu",
"f": {"lang": "akk-x-neoass",
"form": "lim-mu",
"cf": "līmu",
"gw": "eponym (of year)",
"sense": "eponym (of year)",
"norm": "limmu",
"pos": "N",
"epos": "N"}
}
,
{
"node": "l",
"frag": "{1}30--PAB-MEŠ-SU",
"id": "P335165.l0357b",
"ref": "P335165.12.2",
"inst": "Sin-ahhe-eriba[Sennacherib]PN$",
"exosig": "@saao/saa06%akk-x-neoass:{1}30-PAB-MEŠ-SU=Sin-ahhe-eriba[Sennacherib//Sennacherib]PN'PN$Sin-ahhe-eriba",
"f": {"lang": "akk-x-neoass",
"form": "{1}30-PAB-MEŠ-SU",
"cf": "Sin-ahhe-eriba",
"gw": "Sennacherib",
"sense": "Sennacherib",
"norm": "Sin-ahhe-eriba",
"pos": "PN",
"epos": "PN"}
}
,
{
"node": "d",
"type": "line-start",
"ref": "P335165.13",
"n": "10'",
"label": "b.e. 10'"}
,
{
"node": "l",
"frag": "MAN",
"id": "P335165.l0357c",
"ref": "P335165.13.1",
"inst": "šar[king]N",
"exosig": "@saao/saa06%akk-x-neoass:MAN=šarru[king//king]N'N$šar",
"f": {"lang": "akk-x-neoass",
"form": "MAN",
"cf": "šarru",
"gw": "king",
"sense": "king",
"norm": "šar",
"pos": "N",
"epos": "N"}
}
,
{
"node": "l",
"frag": "KUR-aš-šur{ki}",
"id": "P335165.l0357d",
"ref": "P335165.13.2",
"inst": "+Mat-Aššur[Assyria]GN$",
"sig": "@saao/saa10%akk-x-neoass:KUR-aš-šur{KI}=Mat-Aššur[Assyria//Assyria]GN'GN$Mat-Aššur",
"f": {"lang": "akk-x-neoass",
"form": "KUR-aš-šur{KI}",
"cf": "Mat-Aššur",
"gw": "Assyria",
"sense": "Assyria",
"norm": "Mat-Aššur",
"pos": "GN",
"epos": "GN"}
}
,
{
"node": "d",
"subtype": "reverse",
"type": "surface",
"ref": "P335165.r.14",
"type": "reverse",
"label": "r"}
,
{
"node": "d",
"type": "line-start",
"ref": "P335165.15",
"n": "1",
"label": "r 1"}
,
{
"node": "l",
"frag": "IGI",
"id": "P335165.l0357e",
"ref": "P335165.15.1",
"inst": "šību[witness]N",
"exosig": "@saao/saa06%akk-x-neoass:IGI=šību[witness//witness]N'N$šību",
"f": {"lang": "akk-x-neoass",
"form": "IGI",
"cf": "šību",
"gw": "witness",
"sense": "witness",
"norm": "šību",
"pos": "N",
"epos": "N"}
}
,
{
"node": "l",
"frag": "{1}man-nu-GIM-10",
"id": "P335165.l0357f",
"ref": "P335165.15.2",
"inst": "Mannu-ki-Adad[1]PN$",
"exosig": "@saao/saa06%akk-x-neoass:{1}man-nu-GIM-10=Mannu-ki-Adad[1//1]PN'PN$Mannu-ki-Adad",
"f": {"lang": "akk-x-neoass",
"form": "{1}man-nu-GIM-10",
"cf": "Mannu-ki-Adad",
"gw": "1",
"sense": "1",
"norm": "Mannu-ki-Adad",
"pos": "PN",
"epos": "PN"}
}
,
{
"node": "l",
"frag": "GAL-[x",
"id": "P335165.l03580",
"ref": "P335165.15.3",
"inst": "u",
"f": {"lang": "akk-x-neoass",
"form": "GAL-x",
"pos": "u"}
}
,
{
"node": "l",
"frag": "x]",
"id": "P335165.l03581",
"ref": "P335165.15.4",
"inst": "u",
"f": {"lang": "akk-x-neoass",
"form": "x",
"pos": "u"}
}
,
{
"node": "d",
"type": "line-start",
"ref": "P335165.16",
"n": "2",
"label": "r 2"}
,
{
"node": "l",
"frag": "IGI",
"id": "P335165.l03582",
"ref": "P335165.16.1",
"inst": "šību[witness]N",
"exosig": "@saao/saa06%akk-x-neoass:IGI=šību[witness//witness]N'N$šību",
"f": {"lang": "akk-x-neoass",
"form": "IGI",
"cf": "šību",
"gw": "witness",
"sense": "witness",
"norm": "šību",
"pos": "N",
"epos": "N"}
}
,
{
"node": "l",
"frag": "{1}ru-ra-di-di",
"id": "P335165.l03583",
"ref": "P335165.16.2",
"inst": "Ruradidi[1]PN$",
"exosig": "@saao/saa06%akk-x-neoass:{1}ru-ra-di-di=Ruradidi[1//1]PN'PN$Ruradidi",
"f": {"lang": "akk-x-neoass",
"form": "{1}ru-ra-di-di",
"cf": "Ruradidi",
"gw": "1",
"sense": "1",
"norm": "Ruradidi",
"pos": "PN",
"epos": "PN"}
}
,
{
"node": "d",
"type": "line-start",
"ref": "P335165.17",
"n": "3",
"label": "r 3"}
,
{
"node": "l",
"frag": "{lu₂v}SAG",
"id": "P335165.l03584",
"ref": "P335165.17.1",
"inst": "ša-rēši[eunuch]N",
"exosig": "@saao/saa06%akk-x-neoass:{LU₂}SAG=ša-rēši[eunuch//eunuch]N'N$ša-rēši",
"f": {"lang": "akk-x-neoass",
"form": "{LU₂}SAG",
"cf": "ša-rēši",
"gw": "eunuch",
"sense": "eunuch",
"norm": "ša-rēši",
"pos": "N",
"epos": "N"}
}
,
{
"node": "l",
"frag": "ša₂",
"id": "P335165.l03585",
"ref": "P335165.17.2",
"inst": "ša[of]DET",
"exosig": "@saao/saa06%akk-x-neoass:ša₂=ša[of//of]DET'DET$ša",
"f": {"lang": "akk-x-neoass",
"form": "ša₂",
"cf": "ša",
"gw": "of",
"sense": "of",
"norm": "ša",
"pos": "DET",
"epos": "DET"}
}
,
{
"node": "l",
"frag": "{mi₂}ša₂-kin₂-te",
"id": "P335165.l03586",
"ref": "P335165.17.3",
"inst": "šakinte[governess]N",
"exosig": "@saao/saa06%akk-x-neoass:{MI₂}ša₂-kin₂-te=šakintu[(a female official)//governess]N'N$šakinte",
"f": {"lang": "akk-x-neoass",
"form": "{MI₂}ša₂-kin₂-te",
"cf": "šakintu",
"gw": "(a female official)",
"sense": "governess",
"norm": "šakinte",
"pos": "N",
"epos": "N"}
}
,
{
"node": "d",
"type": "line-start",
"ref": "P335165.18",
"n": "4",
"label": "r 4"}
,
{
"node": "l",
"frag": "IGI",
"id": "P335165.l03587",
"ref": "P335165.18.1",
"inst": "šību[witness]N",
"exosig": "@saao/saa06%akk-x-neoass:IGI=šību[witness//witness]N'N$šību",
"f": {"lang": "akk-x-neoass",
"form": "IGI",
"cf": "šību",
"gw": "witness",
"sense": "witness",
"norm": "šību",
"pos": "N",
"epos": "N"}
}
,
{
"node": "l",
"frag": "{1}ga-lu-lu",
"id": "P335165.l03588",
"ref": "P335165.18.2",
"inst": "Gallulu[1]PN$",
"exosig": "@saao/saa06%akk-x-neoass:{1}ga-lu-lu=Gallulu[1//1]PN'PN$Gallulu",
"f": {"lang": "akk-x-neoass",
"form": "{1}ga-lu-lu",
"cf": "Gallulu",
"gw": "1",
"sense": "1",
"norm": "Gallulu",
"pos": "PN",
"epos": "PN"}
}
,
{
"node": "l",
"frag": "I₃.DU₈",
"id": "P335165.l03589",
"ref": "P335165.18.3",
"inst": "atû[gatekeeper]N$",
"exosig": "@saao/saa06%akk-x-neoass:I₃.DU₈=atû[gatekeeper//gatekeeper]N'N$atû",
"f": {"lang": "akk-x-neoass",
"form": "I₃.DU₈",
"cf": "atû",
"gw": "gatekeeper",
"sense": "gatekeeper",
"norm": "atû",
"pos": "N",
"epos": "N"}
}
,
{
"node": "d",
"type": "line-start",
"ref": "P335165.19",
"n": "5",
"label": "r 5"}
,
{
"node": "l",
"frag": "IGI",
"id": "P335165.l0358a",
"ref": "P335165.19.1",
"inst": "šību[witness]N",
"exosig": "@saao/saa06%akk-x-neoass:IGI=šību[witness//witness]N'N$šību",
"f": {"lang": "akk-x-neoass",
"form": "IGI",
"cf": "šību",
"gw": "witness",
"sense": "witness",
"norm": "šību",
"pos": "N",
"epos": "N"}
}
,
{
"node": "l",
"frag": "{1}zi-zi-ia",
"id": "P335165.l0358b",
"ref": "P335165.19.2",
"inst": "Zizi[1]PN",
"exosig": "@saao/saa06%akk-x-neoass:{1}zi-zi-ia=Zizi[1//1]PN'PN$Zizi",
"f": {"lang": "akk-x-neoass",
"form": "{1}zi-zi-ia",
"cf": "Zizi",
"gw": "1",
"sense": "1",
"norm": "Zizi",
"pos": "PN",
"epos": "PN"}
}
,
{
"node": "d",
"frag": ":",
"type": "nonw",
"ref": "P335165.19.3",
"lang": "akk-x-neoass",
"type": "punct"}
,
{
"node": "d",
"type": "line-start",
"ref": "P335165.20",
"n": "6",
"label": "r 6"}
,
{
"node": "l",
"frag": "IGI",
"id": "P335165.l0358c",
"ref": "P335165.20.1",
"inst": "šību[witness]N",
"exosig": "@saao/saa06%akk-x-neoass:IGI=šību[witness//witness]N'N$šību",
"f": {"lang": "akk-x-neoass",
"form": "IGI",
"cf": "šību",
"gw": "witness",
"sense": "witness",
"norm": "šību",
"pos": "N",
"epos": "N"}
}
,
{
"node": "l",
"frag": "{1}mu-qa-lil-IDIM-tu₂",
"id": "P335165.l0358d",
"ref": "P335165.20.2",
"inst": "Muqallil-kabti[1]PN$",
"exosig": "@saao/saa06%akk-x-neoass:{1}mu-qa-lil-IDIM-tu₂=Muqallil-kabti[1//1]PN'PN$Muqallil-kabti",
"f": {"lang": "akk-x-neoass",
"form": "{1}mu-qa-lil-IDIM-tu₂",
"cf": "Muqallil-kabti",
"gw": "1",
"sense": "1",
"norm": "Muqallil-kabti",
"pos": "PN",
"epos": "PN"}
}
,
{
"node": "d",
"frag": ":",
"type": "nonw",
"ref": "P335165.20.3",
"lang": "akk-x-neoass",
"type": "punct"}
,
{
"node": "d",
"type": "line-start",
"ref": "P335165.21",
"n": "7",
"label": "r 7"}
,
{
"node": "l",
"frag": "IGI",
"id": "P335165.l0358e",
"ref": "P335165.21.1",
"inst": "šību[witness]N",
"exosig": "@saao/saa06%akk-x-neoass:IGI=šību[witness//witness]N'N$šību",
"f": {"lang": "akk-x-neoass",
"form": "IGI",
"cf": "šību",
"gw": "witness",
"sense": "witness",
"norm": "šību",
"pos": "N",
"epos": "N"}
}
,
{
"node": "l",
"frag": "{1}{d}PA-BAD₃-PAB",
"id": "P335165.l0358f",
"ref": "P335165.21.2",
"inst": "Nabu-duru-uṣur[1]PN",
"exosig": "@saao/saa06%akk-x-neoass:{1}{d}PA-BAD₃-PAB=Nabu-duru-uṣur[1//1]PN'PN$Nabu-duru-uṣur",
"f": {"lang": "akk-x-neoass",
"form": "{1}{d}PA-BAD₃-PAB",
"cf": "Nabu-duru-uṣur",
"gw": "1",
"sense": "1",
"norm": "Nabu-duru-uṣur",
"pos": "PN",
"epos": "PN"}
}
,
{
"node": "l",
"frag": "{lu₂}SAG",
"id": "P335165.l03590",
"ref": "P335165.21.3",
"inst": "ša-rēši[eunuch]N",
"exosig": "@saao/saa06%akk-x-neoass:{LU₂}SAG=ša-rēši[eunuch//eunuch]N'N$ša-rēši",
"f": {"lang": "akk-x-neoass",
"form": "{LU₂}SAG",
"cf": "ša-rēši",
"gw": "eunuch",
"sense": "eunuch",
"norm": "ša-rēši",
"pos": "N",
"epos": "N"}
}
,
{
"node": "d",
"type": "line-start",
"ref": "P335165.22",
"n": "8",
"label": "r 8"}
,
{
"node": "l",
"frag": "IGI",
"id": "P335165.l03591",
"ref": "P335165.22.1",
"inst": "šību[witness]N",
"exosig": "@saao/saa06%akk-x-neoass:IGI=šību[witness//witness]N'N$šību",
"f": {"lang": "akk-x-neoass",
"form": "IGI",
"cf": "šību",
"gw": "witness",
"sense": "witness",
"norm": "šību",
"pos": "N",
"epos": "N"}
}
,
{
"node": "l",
"frag": "{1}[du]-un-qi₂-15",
"id": "P335165.l03592",
"ref": "P335165.22.2",
"inst": "Dunqi-Issar[1]PN$",
"exosig": "@saao/saa06%akk-x-neoass:{1}du-un-qi₂-15=Dunqi-Issar[1//1]PN'PN$Dunqi-Issar",
"f": {"lang": "akk-x-neoass",
"form": "{1}du-un-qi₂-15",
"cf": "Dunqi-Issar",
"gw": "1",
"sense": "1",
"norm": "Dunqi-Issar",
"pos": "PN",
"epos": "PN"}
}
,
{
"node": "l",
"frag": "[o]",
"id": "P335165.l03593",
"ref": "P335165.22.3",
"inst": "u",
"f": {"lang": "akk-x-neoass",
"form": "o",
"pos": "u"}
}
,
{
"node": "d",
"type": "line-start",
"ref": "P335165.23",
"n": "9",
"label": "r 9"}
,
{
"node": "l",
"frag": "[IGI",
"id": "P335165.l03594",
"ref": "P335165.23.1",
"inst": "šību[witness]N",
"exosig": "@saao/saa06%akk-x-neoass:IGI=šību[witness//witness]N'N$šību",
"f": {"lang": "akk-x-neoass",
"form": "IGI",
"cf": "šību",
"gw": "witness",
"sense": "witness",
"norm": "šību",
"pos": "N",
"epos": "N"}
}
,
{
"node": "l",
"frag": "{1}x",
"id": "P335165.l03595",
"ref": "P335165.23.2",
"inst": "u",
"f": {"lang": "akk-x-neoass",
"form": "{1}x",
"pos": "u"}
}
,
{
"node": "l",
"frag": "x",
"id": "P335165.l03596",
"ref": "P335165.23.3",
"inst": "u",
"f": {"lang": "akk-x-neoass",
"form": "x",
"pos": "u"}
}
,
{
"node": "l",
"frag": "x]-a-a",
"id": "P335165.l03597",
"ref": "P335165.23.4",
"inst": "u",
"f": {"lang": "akk-x-neoass",
"form": "x-a-a",
"pos": "u"}
}
,
{
"node": "d",
"type": "nonx",
"ref": "P335165.24",
"strict": "0",
"extent": "rest",
"state": "missing"}
]}
]}
]}
,
{
"linkbase": [{
"type": "linkset",
"xlink_title": "ina libbi[in//(in exchange) for]PRP'PRP",
"id": "P335165.ls00000",
"xlink_type": "extended",
"xlink_role": "psu",
"sig": "{ina[in]PRP libbu[interior]N += ina libbi[in//(in exchange) for]PRP'PRP}::@saao%akk-x-neoass:ina=ina[in//into]PRP'PRP$ina++@saao%akk-x-neoass:ŠA₃-bi=libbu[interior//interior]N'N$libbi",
"links": [
{
"type": "link",
"xlink_title": "ina",
"xlink_type": "locator",
"xlink_href": "#P335165.l0355b",
"xlink_role": "elt"}
,
{
"type": "link",
"xlink_title": "libbi",
"xlink_type": "locator",
"xlink_href": "#P335165.l0355c",
"xlink_role": "elt"}
]}
,
{
"type": "linkset",
"xlink_title": "ina urkiš[in the future//in the future]AV'AV",
"id": "P335165.ls00001",
"xlink_type": "extended",
"xlink_role": "psu",
"sig": "{ina[in]PRP urkiš[later]AV += ina urkiš[in the future//in the future]AV'AV}::@saao%akk-x-neoass:ina=ina[in//into]PRP'PRP$ina++@saao%akk-x-neoass:ur-kiš=urkiš[later//later]AV'AV$urkiš",
"links": [
{
"type": "link",
"xlink_title": "ina",
"xlink_type": "locator",
"xlink_href": "#P335165.l03568",
"xlink_role": "elt"}
,
{
"type": "link",
"xlink_title": "urkiš",
"xlink_type": "locator",
"xlink_href": "#P335165.l03569",
"xlink_role": "elt"}
]}
,
{
"type": "linkset",
"xlink_title": "ina matīma[whenever//whenever]XP'XP",
"id": "P335165.ls00002",
"xlink_type": "extended",
"xlink_role": "psu",
"sig": "{ina[in]PRP matīma[ever]AV += ina matīma[whenever//whenever]XP'XP}::@saao%akk-x-neoass:ina=ina[in//into]PRP'PRP$ina++@saao%akk-x-neoass:ma-ti-ma=matīma[ever//ever]AV'AV$matīma",
"links": [
{
"type": "link",
"xlink_title": "ina",
"xlink_type": "locator",
"xlink_href": "#P335165.l0356b",
"xlink_role": "elt"}
,
{
"type": "link",
"xlink_title": "matīma",
"xlink_type": "locator",
"xlink_href": "#P335165.l0356c",
"xlink_role": "elt"}
]}
]}
]}
