{
"type": "cdl",
  "source": "http://oracc.org/saao/saa06",
  "license": "This data is released under the CC0 license",
  "license-url": "https://creativecommons.org/publicdomain/zero/1.0/",
  "more-info": "http://oracc.org/doc/opendata/",
  "UTC-timestamp": "2017-05-19T11:31:18",
"project": "saao/saa06",
"textid": "P335361",
"cdl": [
{
"node": "c",
"type": "text",
"id": "P335361.U0",
"cdl": [
{
"node": "d",
"type": "object",
"ref": ""}
,
{
"node": "d",
"subtype": "obverse",
"type": "surface",
"ref": "P335361.o.1",
"type": "obverse",
"label": "o"}
,
{
"node": "d",
"type": "nonx",
"ref": "P335361.2",
"strict": "0",
"extent": "beginning",
"state": "missing"}
,
{
"node": "d",
"type": "nonx",
"ref": "P335361.3",
"strict": "0",
"extent": "n",
"scope": "impression",
"state": "other"}
,
{
"node": "c",
"type": "discourse",
"subtype": "body",
"id": "P335361.U1",
"cdl": [
{
"node": "c",
"type": "sentence",
"id": "P335361.U2",
"label": "o 1' - r 24",
"cdl": [
{
"node": "d",
"type": "line-start",
"ref": "P335361.4",
"n": "1'",
"label": "o 1'"}
,
{
"node": "l",
"frag": "[E₂]",
"id": "P335361.l0752d",
"ref": "P335361.4.1",
"inst": "bētu[plot of land]N",
"exosig": "@saao/saa06%akk-x-neoass:E₂=bītu[house//plot of land]N'N$bētu",
"f": {"lang": "akk-x-neoass",
"form": "E₂",
"cf": "bītu",
"gw": "house",
"sense": "plot of land",
"norm": "bētu",
"pos": "N",
"epos": "N"}
}
,
{
"node": "l",
"frag": "02",
"id": "P335361.l0752e",
"ref": "P335361.4.2",
"inst": "n",
"f": {"lang": "akk-x-neoass",
"form": "02",
"pos": "n"}
}
,
{
"node": "l",
"frag": "⸢ANŠE⸣",
"id": "P335361.l0752f",
"ref": "P335361.4.3",
"inst": "imārī[a unit of capacity]N",
"exosig": "@saao/saa06%akk-x-neoass:ANŠE=imēru[unit//a unit of capacity]N'N$imārī",
"f": {"lang": "akk-x-neoass",
"form": "ANŠE",
"cf": "imēru",
"gw": "unit",
"sense": "a unit of capacity",
"norm": "imārī",
"pos": "N",
"epos": "N"}
}
,
{
"node": "l",
"frag": "[A.ŠA₃",
"id": "P335361.l07530",
"ref": "P335361.4.4",
"inst": "eqlu[land]N",
"exosig": "@saao/saa06%akk-x-neoass:A.ŠA₃=eqlu[field//land]N'N$eqlu",
"f": {"lang": "akk-x-neoass",
"form": "A.ŠA₃",
"cf": "eqlu",
"gw": "field",
"sense": "land",
"norm": "eqlu",
"pos": "N",
"epos": "N"}
}
,
{
"node": "l",
"frag": "ša",
"id": "P335361.l07531",
"ref": "P335361.4.5",
"inst": "ša[of]DET",
"exosig": "@saao/saa06%akk-x-neoass:ša=ša[of//of]DET'DET$ša",
"f": {"lang": "akk-x-neoass",
"form": "ša",
"cf": "ša",
"gw": "of",
"sense": "of",
"norm": "ša",
"pos": "DET",
"epos": "DET"}
}
,
{
"node": "l",
"frag": "{lu₂v}x",
"id": "P335361.l07532",
"ref": "P335361.4.6",
"inst": "u",
"f": {"lang": "akk-x-neoass",
"form": "{LU₂}x",
"pos": "u"}
}
,
{
"node": "l",
"frag": "x",
"id": "P335361.l07533",
"ref": "P335361.4.7",
"inst": "u",
"f": {"lang": "akk-x-neoass",
"form": "x",
"pos": "u"}
}
,
{
"node": "l",
"frag": "x",
"id": "P335361.l07534",
"ref": "P335361.4.8",
"inst": "u",
"f": {"lang": "akk-x-neoass",
"form": "x",
"pos": "u"}
}
,
{
"node": "l",
"frag": "x]-⸢a⸣.a",
"id": "P335361.l07535",
"ref": "P335361.4.9",
"inst": "u",
"f": {"lang": "akk-x-neoass",
"form": "x-a.a",
"pos": "u"}
}
,
{
"node": "d",
"type": "line-start",
"ref": "P335361.5",
"n": "2'",
"label": "o 2'"}
,
{
"node": "l",
"frag": "ina",
"id": "P335361.l07536",
"ref": "P335361.5.1",
"inst": "ina[in]PRP",
"exosig": "@saao/saa06%akk-x-neoass:ina=ina[in//in]PRP'PRP$ina",
"f": {"lang": "akk-x-neoass",
"form": "ina",
"cf": "ina",
"gw": "in",
"sense": "in",
"norm": "ina",
"pos": "PRP",
"epos": "PRP"}
}
,
{
"node": "l",
"frag": "{uru}⸢qa⸣-[di-ne₂-e",
"id": "P335361.l07537",
"ref": "P335361.5.2",
"inst": "Qatna[1]GN$Qadine",
"exosig": "@saao/saa06%akk-x-neoass:{URU}qa-di-ne₂-e=Qatna[1//1]GN'GN$Qadine",
"f": {"lang": "akk-x-neoass",
"form": "{URU}qa-di-ne₂-e",
"cf": "Qatna",
"gw": "1",
"sense": "1",
"norm": "Qadine",
"pos": "GN",
"epos": "GN"}
}
,
{
"node": "l",
"frag": "SUHUR",
"id": "P335361.l07538",
"ref": "P335361.5.3",
"inst": "ṭēhi[adjacent to]PRP",
"exosig": "@saao/saa06%akk-x-neoass:SUHUR=ṭāhu[adjacent to//adjacent to]PRP'PRP$ṭēhi",
"f": {"lang": "akk-x-neoass",
"form": "SUHUR",
"cf": "ṭāhu",
"gw": "adjacent to",
"sense": "adjacent to",
"norm": "ṭēhi",
"pos": "PRP",
"epos": "PRP"}
}
,
{
"node": "l",
"frag": "x",
"id": "P335361.l07539",
"ref": "P335361.5.4",
"inst": "u",
"f": {"lang": "akk-x-neoass",
"form": "x",
"pos": "u"}
}
,
{
"node": "l",
"frag": "x",
"id": "P335361.l0753a",
"ref": "P335361.5.5",
"inst": "u",
"f": {"lang": "akk-x-neoass",
"form": "x",
"pos": "u"}
}
,
{
"node": "l",
"frag": "x",
"id": "P335361.l0753b",
"ref": "P335361.5.6",
"inst": "u",
"f": {"lang": "akk-x-neoass",
"form": "x",
"pos": "u"}
}
,
{
"node": "l",
"frag": "x]",
"id": "P335361.l0753c",
"ref": "P335361.5.7",
"inst": "u",
"f": {"lang": "akk-x-neoass",
"form": "x",
"pos": "u"}
}
,
{
"node": "d",
"type": "line-start",
"ref": "P335361.6",
"n": "3'",
"label": "o 3'"}
,
{
"node": "l",
"frag": "SUHUR",
"id": "P335361.l0753d",
"ref": "P335361.6.1",
"inst": "ṭēhi[adjacent to]PRP",
"exosig": "@saao/saa06%akk-x-neoass:SUHUR=ṭāhu[adjacent to//adjacent to]PRP'PRP$ṭēhi",
"f": {"lang": "akk-x-neoass",
"form": "SUHUR",
"cf": "ṭāhu",
"gw": "adjacent to",
"sense": "adjacent to",
"norm": "ṭēhi",
"pos": "PRP",
"epos": "PRP"}
}
,
{
"node": "l",
"frag": "{id₂}⸢ha-bur⸣",
"id": "P335361.l0753e",
"ref": "P335361.6.2",
"inst": "Habur[1]WN$",
"exosig": "@saao/saa06%akk-x-neoass:{ID₂}ha-bur=Habur[1//1]WN'WN$Habur",
"f": {"lang": "akk-x-neoass",
"form": "{ID₂}ha-bur",
"cf": "Habur",
"gw": "1",
"sense": "1",
"norm": "Habur",
"pos": "WN",
"epos": "WN"}
}
,
{
"node": "l",
"frag": "[SUHUR",
"id": "P335361.l0753f",
"ref": "P335361.6.3",
"inst": "ṭēhi[adjacent to]PRP",
"exosig": "@saao/saa06%akk-x-neoass:SUHUR=ṭāhu[adjacent to//adjacent to]PRP'PRP$ṭēhi",
"f": {"lang": "akk-x-neoass",
"form": "SUHUR",
"cf": "ṭāhu",
"gw": "adjacent to",
"sense": "adjacent to",
"norm": "ṭēhi",
"pos": "PRP",
"epos": "PRP"}
}
,
{
"node": "l",
"frag": "{1}x",
"id": "P335361.l07540",
"ref": "P335361.6.4",
"inst": "u",
"f": {"lang": "akk-x-neoass",
"form": "{1}x",
"pos": "u"}
}
,
{
"node": "l",
"frag": "x",
"id": "P335361.l07541",
"ref": "P335361.6.5",
"inst": "u",
"f": {"lang": "akk-x-neoass",
"form": "x",
"pos": "u"}
}
,
{
"node": "l",
"frag": "x]-SI.SA₂",
"id": "P335361.l07542",
"ref": "P335361.6.6",
"inst": "u",
"f": {"lang": "akk-x-neoass",
"form": "x-SI.SA₂",
"pos": "u"}
}
,
{
"node": "d",
"type": "line-start",
"ref": "P335361.7",
"n": "4'",
"label": "o 4'"}
,
{
"node": "l",
"frag": "SUHUR",
"id": "P335361.l07543",
"ref": "P335361.7.1",
"inst": "ṭēhi[adjacent to]PRP",
"exosig": "@saao/saa06%akk-x-neoass:SUHUR=ṭāhu[adjacent to//adjacent to]PRP'PRP$ṭēhi",
"f": {"lang": "akk-x-neoass",
"form": "SUHUR",
"cf": "ṭāhu",
"gw": "adjacent to",
"sense": "adjacent to",
"norm": "ṭēhi",
"pos": "PRP",
"epos": "PRP"}
}
,
{
"node": "l",
"frag": "ma-u₂-te",
"id": "P335361.l07544",
"ref": "P335361.7.2",
"inst": "maʾuttu[subsistence? (field)//maintenance]N$maʾutte",
"exosig": "@saao/saa06%akk-x-neoass:ma-u₂-te=maʾuttu[subsistence? (field)//maintenance]N'N$maʾutte",
"f": {"lang": "akk-x-neoass",
"form": "ma-u₂-te",
"cf": "maʾuttu",
"gw": "subsistence? (field)",
"sense": "maintenance",
"norm": "maʾutte",
"pos": "N",
"epos": "N"}
}
,
{
"node": "l",
"frag": "ša",
"id": "P335361.l07545",
"ref": "P335361.7.3",
"inst": "ša[of]DET",
"exosig": "@saao/saa06%akk-x-neoass:ša=ša[of//of]DET'DET$ša",
"f": {"lang": "akk-x-neoass",
"form": "ša",
"cf": "ša",
"gw": "of",
"sense": "of",
"norm": "ša",
"pos": "DET",
"epos": "DET"}
}
,
{
"node": "l",
"frag": "{1}x",
"id": "P335361.l07546",
"ref": "P335361.7.4",
"inst": "u",
"f": {"lang": "akk-x-neoass",
"form": "{1}x",
"pos": "u"}
}
,
{
"node": "l",
"frag": "x",
"id": "P335361.l07547",
"ref": "P335361.7.5",
"inst": "u",
"f": {"lang": "akk-x-neoass",
"form": "x",
"pos": "u"}
}
,
{
"node": "l",
"frag": "x",
"id": "P335361.l07548",
"ref": "P335361.7.6",
"inst": "u",
"f": {"lang": "akk-x-neoass",
"form": "x",
"pos": "u"}
}
,
{
"node": "l",
"frag": "x",
"id": "P335361.l07549",
"ref": "P335361.7.7",
"inst": "u",
"f": {"lang": "akk-x-neoass",
"form": "x",
"pos": "u"}
}
,
{
"node": "l",
"frag": "x]-⸢ni⸣",
"id": "P335361.l0754a",
"ref": "P335361.7.8",
"inst": "u",
"f": {"lang": "akk-x-neoass",
"form": "x-ni",
"pos": "u"}
}
,
{
"node": "d",
"type": "line-start",
"ref": "P335361.8",
"n": "5'",
"label": "o 5'"}
,
{
"node": "l",
"frag": "E₂",
"id": "P335361.l0754b",
"ref": "P335361.8.1",
"inst": "bētu[plot of land]N",
"exosig": "@saao/saa06%akk-x-neoass:E₂=bītu[house//plot of land]N'N$bētu",
"f": {"lang": "akk-x-neoass",
"form": "E₂",
"cf": "bītu",
"gw": "house",
"sense": "plot of land",
"norm": "bētu",
"pos": "N",
"epos": "N"}
}
,
{
"node": "l",
"frag": "10",
"id": "P335361.l0754c",
"ref": "P335361.8.2",
"inst": "n",
"f": {"lang": "akk-x-neoass",
"form": "10",
"pos": "n"}
}
,
{
"node": "l",
"frag": "ANŠE",
"id": "P335361.l0754d",
"ref": "P335361.8.3",
"inst": "imārī[a unit of capacity]N",
"exosig": "@saao/saa06%akk-x-neoass:ANŠE=imēru[unit//a unit of capacity]N'N$imārī",
"f": {"lang": "akk-x-neoass",
"form": "ANŠE",
"cf": "imēru",
"gw": "unit",
"sense": "a unit of capacity",
"norm": "imārī",
"pos": "N",
"epos": "N"}
}
,
{
"node": "l",
"frag": "A.⸢ŠA₃",
"id": "P335361.l0754e",
"ref": "P335361.8.4",
"inst": "eqlu[land]N",
"exosig": "@saao/saa06%akk-x-neoass:A.ŠA₃=eqlu[field//land]N'N$eqlu",
"f": {"lang": "akk-x-neoass",
"form": "A.ŠA₃",
"cf": "eqlu",
"gw": "field",
"sense": "land",
"norm": "eqlu",
"pos": "N",
"epos": "N"}
}
,
{
"node": "l",
"frag": "ša",
"id": "P335361.l0754f",
"ref": "P335361.8.5",
"inst": "ša[of]DET",
"exosig": "@saao/saa06%akk-x-neoass:ša=ša[of//of]DET'DET$ša",
"f": {"lang": "akk-x-neoass",
"form": "ša",
"cf": "ša",
"gw": "of",
"sense": "of",
"norm": "ša",
"pos": "DET",
"epos": "DET"}
}
,
{
"node": "l",
"frag": "{lu₂v}x",
"id": "P335361.l07550",
"ref": "P335361.8.6",
"inst": "u",
"f": {"lang": "akk-x-neoass",
"form": "{LU₂}x",
"pos": "u"}
}
,
{
"node": "l",
"frag": "x",
"id": "P335361.l07551",
"ref": "P335361.8.7",
"inst": "u",
"f": {"lang": "akk-x-neoass",
"form": "x",
"pos": "u"}
}
,
{
"node": "l",
"frag": "x",
"id": "P335361.l07552",
"ref": "P335361.8.8",
"inst": "u",
"f": {"lang": "akk-x-neoass",
"form": "x",
"pos": "u"}
}
,
{
"node": "l",
"frag": "x⸣-a.a",
"id": "P335361.l07553",
"ref": "P335361.8.9",
"inst": "u",
"f": {"lang": "akk-x-neoass",
"form": "x-a.a",
"pos": "u"}
}
,
{
"node": "d",
"type": "line-start",
"ref": "P335361.9",
"n": "6'",
"label": "o 6'"}
,
{
"node": "l",
"frag": "ina",
"id": "P335361.l07554",
"ref": "P335361.9.1",
"inst": "ina[in]PRP",
"exosig": "@saao/saa06%akk-x-neoass:ina=ina[in//in]PRP'PRP$ina",
"f": {"lang": "akk-x-neoass",
"form": "ina",
"cf": "ina",
"gw": "in",
"sense": "in",
"norm": "ina",
"pos": "PRP",
"epos": "PRP"}
}
,
{
"node": "l",
"frag": "{uru}qa-di-ne₂-e",
"id": "P335361.l07555",
"ref": "P335361.9.2",
"inst": "Qatna[1]GN$Qadine",
"exosig": "@saao/saa06%akk-x-neoass:{URU}qa-di-ne₂-e=Qatna[1//1]GN'GN$Qadine",
"f": {"lang": "akk-x-neoass",
"form": "{URU}qa-di-ne₂-e",
"cf": "Qatna",
"gw": "1",
"sense": "1",
"norm": "Qadine",
"pos": "GN",
"epos": "GN"}
}
,
{
"node": "l",
"frag": "SUHUR",
"id": "P335361.l07556",
"ref": "P335361.9.3",
"inst": "ṭēhi[adjacent to]PRP",
"exosig": "@saao/saa06%akk-x-neoass:SUHUR=ṭāhu[adjacent to//adjacent to]PRP'PRP$ṭēhi",
"f": {"lang": "akk-x-neoass",
"form": "SUHUR",
"cf": "ṭāhu",
"gw": "adjacent to",
"sense": "adjacent to",
"norm": "ṭēhi",
"pos": "PRP",
"epos": "PRP"}
}
,
{
"node": "l",
"frag": "{uru}ŠE-{1}ki-i-ni",
"id": "P335361.l07557",
"ref": "P335361.9.4",
"inst": "Kapar-Kini[1]GN$",
"exosig": "@saao/saa06%akk-x-neoass:{URU}ŠE-{1}ki-i-ni=Kapar-Kini[1//1]GN'GN$Kapar-Kini",
"f": {"lang": "akk-x-neoass",
"form": "{URU}ŠE-{1}ki-i-ni",
"cf": "Kapar-Kini",
"gw": "1",
"sense": "1",
"norm": "Kapar-Kini",
"pos": "GN",
"epos": "GN"}
}
,
{
"node": "d",
"type": "line-start",
"ref": "P335361.10",
"n": "7'",
"label": "o 7'"}
,
{
"node": "l",
"frag": "SUHUR",
"id": "P335361.l07558",
"ref": "P335361.10.1",
"inst": "ṭēhi[adjacent to]PRP",
"exosig": "@saao/saa06%akk-x-neoass:SUHUR=ṭāhu[adjacent to//adjacent to]PRP'PRP$ṭēhi",
"f": {"lang": "akk-x-neoass",
"form": "SUHUR",
"cf": "ṭāhu",
"gw": "adjacent to",
"sense": "adjacent to",
"norm": "ṭēhi",
"pos": "PRP",
"epos": "PRP"}
}
,
{
"node": "l",
"frag": "KA₂.GAL",
"id": "P335361.l07559",
"ref": "P335361.10.2",
"inst": "abulli[(city) gate]N",
"exosig": "@saao/saa06%akk-x-neoass:KA₂.GAL=abullu[(city) gate//(city) gate]N'N$abulli",
"f": {"lang": "akk-x-neoass",
"form": "KA₂.GAL",
"cf": "abullu",
"gw": "(city) gate",
"sense": "(city) gate",
"norm": "abulli",
"pos": "N",
"epos": "N"}
}
,
{
"node": "l",
"frag": "ša",
"id": "P335361.l0755a",
"ref": "P335361.10.3",
"inst": "ša[of]DET",
"exosig": "@saao/saa06%akk-x-neoass:ša=ša[of//of]DET'DET$ša",
"f": {"lang": "akk-x-neoass",
"form": "ša",
"cf": "ša",
"gw": "of",
"sense": "of",
"norm": "ša",
"pos": "DET",
"epos": "DET"}
}
,
{
"node": "l",
"frag": "{uru}qa-di-ne₂-e",
"id": "P335361.l0755b",
"ref": "P335361.10.4",
"inst": "Qatna[1]GN$Qadine",
"exosig": "@saao/saa06%akk-x-neoass:{URU}qa-di-ne₂-e=Qatna[1//1]GN'GN$Qadine",
"f": {"lang": "akk-x-neoass",
"form": "{URU}qa-di-ne₂-e",
"cf": "Qatna",
"gw": "1",
"sense": "1",
"norm": "Qadine",
"pos": "GN",
"epos": "GN"}
}
,
{
"node": "l",
"frag": "SUHUR",
"id": "P335361.l0755c",
"ref": "P335361.10.5",
"inst": "ṭēhi[adjacent to]PRP",
"exosig": "@saao/saa06%akk-x-neoass:SUHUR=ṭāhu[adjacent to//adjacent to]PRP'PRP$ṭēhi",
"f": {"lang": "akk-x-neoass",
"form": "SUHUR",
"cf": "ṭāhu",
"gw": "adjacent to",
"sense": "adjacent to",
"norm": "ṭēhi",
"pos": "PRP",
"epos": "PRP"}
}
,
{
"node": "c",
"type": "phrase",
"tag": "phr",
"id": "P335361.U4",
"ref": "P335361.ls00000",
"cdl": [
{
"node": "l",
"frag": "KASKAL-MAN",
"id": "P335361.l0755d",
"ref": "P335361.10.6",
"cof-tails": "P335361.l0755e",
"inst": "hūlu[way]N$hūl&šarru[king]N$šarri",
"exosig": "@saao/saa06%akk-x-neoass:KASKAL-MAN=hūlu[way//way]N'N$hūl&&@saao%akk-x-neoass:=šarru[king//king]N'N$šarri",
"f": {"lang": "akk-x-neoass",
"form": "KASKAL-MAN",
"cf": "hūlu",
"gw": "way",
"sense": "way",
"norm": "hūl",
"pos": "N",
"epos": "N"}
}
,
{
"node": "l",
"frag": "KASKAL-MAN",
"id": "P335361.l0755e",
"ref": "P335361.10.6",
"cof-head": "P335361.l0755d",
"inst": "hūlu[way]N$hūl&šarru[king]N$šarri",
"tail-sig": "@saao%akk-x-neoass:=šarru[king//king]N'N$šarri",
"f": {"lang": "akk-x-neoass",
"form": "KASKAL-MAN",
"cf": "šarru",
"gw": "king",
"sense": "king",
"norm": "šarri",
"pos": "N",
"epos": "N"}
}
]}
,
{
"node": "d",
"type": "line-start",
"ref": "P335361.11",
"n": "8'",
"label": "o 8'"}
,
{
"node": "l",
"frag": "ša",
"id": "P335361.l0755f",
"ref": "P335361.11.1",
"inst": "ša[of]DET",
"exosig": "@saao/saa06%akk-x-neoass:ša=ša[of//of]DET'DET$ša",
"f": {"lang": "akk-x-neoass",
"form": "ša",
"cf": "ša",
"gw": "of",
"sense": "of",
"norm": "ša",
"pos": "DET",
"epos": "DET"}
}
,
{
"node": "l",
"frag": "{uru}BAD₃-a-du-ku-01-lim",
"id": "P335361.l07560",
"ref": "P335361.11.2",
"inst": "Dur-Katlimmu[1]GN$",
"exosig": "@saao/saa06%akk-x-neoass:{URU}BAD₃-a-du-ku-01-lim=Dur-Katlimmu[1//1]GN'GN$Dur-Katlimmu",
"f": {"lang": "akk-x-neoass",
"form": "{URU}BAD₃-a-du-ku-01-lim",
"cf": "Dur-Katlimmu",
"gw": "1",
"sense": "1",
"norm": "Dur-Katlimmu",
"pos": "GN",
"epos": "GN"}
}
,
{
"node": "l",
"frag": "PAB",
"id": "P335361.l07561",
"ref": "P335361.11.3",
"inst": "gimru[total]N",
"exosig": "@saao/saa06%akk-x-neoass:PAB=gimru[totality//total]N'N$gimru",
"f": {"lang": "akk-x-neoass",
"form": "PAB",
"cf": "gimru",
"gw": "totality",
"sense": "total",
"norm": "gimru",
"pos": "N",
"epos": "N"}
}
,
{
"node": "l",
"frag": "50",
"id": "P335361.l07562",
"ref": "P335361.11.4",
"inst": "n",
"f": {"lang": "akk-x-neoass",
"form": "50",
"pos": "n"}
}
,
{
"node": "l",
"frag": "ANŠE",
"id": "P335361.l07563",
"ref": "P335361.11.5",
"inst": "imārī[a unit of capacity]N",
"exosig": "@saao/saa06%akk-x-neoass:ANŠE=imēru[unit//a unit of capacity]N'N$imārī",
"f": {"lang": "akk-x-neoass",
"form": "ANŠE",
"cf": "imēru",
"gw": "unit",
"sense": "a unit of capacity",
"norm": "imārī",
"pos": "N",
"epos": "N"}
}
,
{
"node": "l",
"frag": "A.ŠA₃",
"id": "P335361.l07564",
"ref": "P335361.11.6",
"inst": "eqlu[land]N",
"exosig": "@saao/saa06%akk-x-neoass:A.ŠA₃=eqlu[field//land]N'N$eqlu",
"f": {"lang": "akk-x-neoass",
"form": "A.ŠA₃",
"cf": "eqlu",
"gw": "field",
"sense": "land",
"norm": "eqlu",
"pos": "N",
"epos": "N"}
}
,
{
"node": "d",
"type": "line-start",
"ref": "P335361.12",
"n": "9'",
"label": "o 9'"}
,
{
"node": "l",
"frag": "E₂",
"id": "P335361.l07565",
"ref": "P335361.12.1",
"inst": "bēt[plot of land]N",
"exosig": "@saao/saa06%akk-x-neoass:E₂=bītu[house//plot of land]N'N$bēt",
"f": {"lang": "akk-x-neoass",
"form": "E₂",
"cf": "bītu",
"gw": "house",
"sense": "plot of land",
"norm": "bēt",
"pos": "N",
"epos": "N"}
}
,
{
"node": "l",
"frag": "ši-qi",
"id": "P335361.l07566",
"ref": "P335361.12.2",
"inst": "šīqi[irrigation]N",
"exosig": "@saao/saa06%akk-x-neoass:ši-qi=šīqu[irrigation//irrigation]N'N$šīqi",
"f": {"lang": "akk-x-neoass",
"form": "ši-qi",
"cf": "šīqu",
"gw": "irrigation",
"sense": "irrigation",
"norm": "šīqi",
"pos": "N",
"epos": "N"}
}
,
{
"node": "l",
"frag": "E₂",
"id": "P335361.l07567",
"ref": "P335361.12.3",
"inst": "bētu[house]N",
"exosig": "@saao/saa06%akk-x-neoass:E₂=bītu[house//house]N'N$bētu",
"f": {"lang": "akk-x-neoass",
"form": "E₂",
"cf": "bītu",
"gw": "house",
"sense": "house",
"norm": "bētu",
"pos": "N",
"epos": "N"}
}
,
{
"node": "l",
"frag": "ad-ru",
"id": "P335361.l07568",
"ref": "P335361.12.4",
"inst": "adru[threshing floor]N",
"exosig": "@saao/saa06%akk-x-neoass:ad-ru=adru[threshing floor//threshing floor]N'N$adru",
"f": {"lang": "akk-x-neoass",
"form": "ad-ru",
"cf": "adru",
"gw": "threshing floor",
"sense": "threshing floor",
"norm": "adru",
"pos": "N",
"epos": "N"}
}
,
{
"node": "l",
"frag": "02",
"id": "P335361.l07569",
"ref": "P335361.12.5",
"inst": "n",
"f": {"lang": "akk-x-neoass",
"form": "02",
"pos": "n"}
}
,
{
"node": "l",
"frag": "{giš}SAR-MEŠ",
"id": "P335361.l0756a",
"ref": "P335361.12.6",
"inst": "kirâti[garden]N",
"exosig": "@saao/saa06%akk-x-neoass:{GIŠ}SAR-MEŠ=kirû[garden//garden]N'N$kirâti",
"f": {"lang": "akk-x-neoass",
"form": "{GIŠ}SAR-MEŠ",
"cf": "kirû",
"gw": "garden",
"sense": "garden",
"norm": "kirâti",
"pos": "N",
"epos": "N"}
}
,
{
"node": "l",
"frag": "{u₂}SAR-MEŠ",
"id": "P335361.l0756b",
"ref": "P335361.12.7",
"inst": "arqu[green//vegetable]'N$urqūti",
"exosig": "@saao/saa06%akk-x-neoass:{U₂}SAR-MEŠ=arqu[green//vegetable]AJ'N$urqūti",
"f": {"lang": "akk-x-neoass",
"form": "{U₂}SAR-MEŠ",
"cf": "arqu",
"gw": "green",
"sense": "vegetable",
"norm": "urqūti",
"pos": "AJ",
"epos": "N"}
}
,
{
"node": "d",
"type": "line-start",
"ref": "P335361.13",
"n": "10'",
"label": "o 10'"}
,
{
"node": "l",
"frag": "ina",
"id": "P335361.l0756c",
"ref": "P335361.13.1",
"inst": "ina[in]PRP",
"exosig": "@saao/saa06%akk-x-neoass:ina=ina[in//in]PRP'PRP$ina",
"f": {"lang": "akk-x-neoass",
"form": "ina",
"cf": "ina",
"gw": "in",
"sense": "in",
"norm": "ina",
"pos": "PRP",
"epos": "PRP"}
}
,
{
"node": "l",
"frag": "{uru}bur-ri-im",
"id": "P335361.l0756d",
"ref": "P335361.13.2",
"inst": "Burrim[1]GN$",
"exosig": "@saao/saa06%akk-x-neoass:{URU}bur-ri-im=Burrim[1//1]GN'GN$Burrim",
"f": {"lang": "akk-x-neoass",
"form": "{URU}bur-ri-im",
"cf": "Burrim",
"gw": "1",
"sense": "1",
"norm": "Burrim",
"pos": "GN",
"epos": "GN"}
}
,
{
"node": "l",
"frag": "UM",
"id": "P335361.l0756e",
"ref": "P335361.13.3",
"inst": "u",
"f": {"lang": "akk-x-neoass",
"form": "UM",
"pos": "u"}
}
,
{
"node": "l",
"frag": "{uru}qa-di-ne₂-e",
"id": "P335361.l0756f",
"ref": "P335361.13.4",
"inst": "Qatna[1]GN$Qadine",
"exosig": "@saao/saa06%akk-x-neoass:{URU}qa-di-ne₂-e=Qatna[1//1]GN'GN$Qadine",
"f": {"lang": "akk-x-neoass",
"form": "{URU}qa-di-ne₂-e",
"cf": "Qatna",
"gw": "1",
"sense": "1",
"norm": "Qadine",
"pos": "GN",
"epos": "GN"}
}
,
{
"node": "d",
"type": "line-start",
"ref": "P335361.14",
"n": "11'",
"label": "o 11'"}
,
{
"node": "l",
"frag": "u₂-piš-ma",
"id": "P335361.l07570",
"ref": "P335361.14.1",
"inst": "uppišma[contract]V",
"exosig": "@saao/saa06%akk-x-neoass:u₂-piš-ma=epēšu[do//contract]V'V$uppišma",
"f": {"lang": "akk-x-neoass",
"form": "u₂-piš-ma",
"cf": "epēšu",
"gw": "do",
"sense": "contract",
"norm": "uppišma",
"pos": "V",
"epos": "V"}
}
,
{
"node": "l",
"frag": "{1}rem₂-a-ni-{d}IM",
"id": "P335361.l07571",
"ref": "P335361.14.2",
"inst": "Remanni-Adad[1]PN",
"exosig": "@saao/saa06%akk-x-neoass:{1}rem₂-a-ni-{d}IM=Remanni-Adad[1//1]PN'PN$Remanni-Adad",
"f": {"lang": "akk-x-neoass",
"form": "{1}rem₂-a-ni-{d}IM",
"cf": "Remanni-Adad",
"gw": "1",
"sense": "1",
"norm": "Remanni-Adad",
"pos": "PN",
"epos": "PN"}
}
,
{
"node": "c",
"type": "phrase",
"tag": "phr",
"id": "P335361.U5",
"ref": "P335361.ls00001",
"cdl": [
{
"node": "l",
"frag": "{lu₂v}mu-kil-{kuš}a-pa-te",
"id": "P335361.l07572",
"ref": "P335361.14.3",
"cof-tails": "P335361.l07573",
"inst": "mukillu[holder]N$mukīl&appatu[bridle]N$appāte",
"exosig": "@saao/saa06%akk-x-neoass:{LU₂}mu-kil-{KUŠ}a-pa-te=mukillu[holder//holder]N'N$mukīl&&@saao%akk-x-neoass:=appatu[bridle//bridle]N'N$appāte",
"f": {"lang": "akk-x-neoass",
"form": "{LU₂}mu-kil-{KUŠ}a-pa-te",
"cf": "mukillu",
"gw": "holder",
"sense": "holder",
"norm": "mukīl",
"pos": "N",
"epos": "N"}
}
,
{
"node": "l",
"frag": "{lu₂v}mu-kil-{kuš}a-pa-te",
"id": "P335361.l07573",
"ref": "P335361.14.3",
"cof-head": "P335361.l07572",
"inst": "mukillu[holder]N$mukīl&appatu[bridle]N$appāte",
"tail-sig": "@saao%akk-x-neoass:=appatu[bridle//bridle]N'N$appāte",
"f": {"lang": "akk-x-neoass",
"form": "{LU₂}mu-kil-{KUŠ}a-pa-te",
"cf": "appatu",
"gw": "bridle",
"sense": "bridle",
"norm": "appāte",
"pos": "N",
"epos": "N"}
}
]}
,
{
"node": "d",
"type": "line-start",
"ref": "P335361.15",
"n": "12'",
"label": "o 12'"}
,
{
"node": "l",
"frag": "dan-nu",
"id": "P335361.l07574",
"ref": "P335361.15.1",
"inst": "dannu[strong]AJ",
"exosig": "@saao/saa06%akk-x-neoass:dan-nu=dannu[strong//strong]AJ'AJ$dannu",
"f": {"lang": "akk-x-neoass",
"form": "dan-nu",
"cf": "dannu",
"gw": "strong",
"sense": "strong",
"norm": "dannu",
"pos": "AJ",
"epos": "AJ"}
}
,
{
"node": "l",
"frag": "ša",
"id": "P335361.l07575",
"ref": "P335361.15.2",
"inst": "ša[of]DET",
"exosig": "@saao/saa06%akk-x-neoass:ša=ša[of//of]DET'DET$ša",
"f": {"lang": "akk-x-neoass",
"form": "ša",
"cf": "ša",
"gw": "of",
"sense": "of",
"norm": "ša",
"pos": "DET",
"epos": "DET"}
}
,
{
"node": "l",
"frag": "{1}aš-šur-DU₃-A",
"id": "P335361.l07576",
"ref": "P335361.15.3",
"inst": "Aššur-bani-apli[1]PN",
"exosig": "@saao/saa06%akk-x-neoass:{1}aš-šur-DU₃-A=Aššur-bani-apli[1//1]PN'PN$Aššur-bani-apli",
"f": {"lang": "akk-x-neoass",
"form": "{1}aš-šur-DU₃-A",
"cf": "Aššur-bani-apli",
"gw": "1",
"sense": "1",
"norm": "Aššur-bani-apli",
"pos": "PN",
"epos": "PN"}
}
,
{
"node": "l",
"frag": "MAN",
"id": "P335361.l07577",
"ref": "P335361.15.4",
"inst": "šar[king]N",
"exosig": "@saao/saa06%akk-x-neoass:MAN=šarru[king//king]N'N$šar",
"f": {"lang": "akk-x-neoass",
"form": "MAN",
"cf": "šarru",
"gw": "king",
"sense": "king",
"norm": "šar",
"pos": "N",
"epos": "N"}
}
,
{
"node": "l",
"frag": "KUR-aš-šur{ki}",
"id": "P335361.l07578",
"ref": "P335361.15.5",
"inst": "+Mat-Aššur[]GN$",
"sig": "@saao/saa10%akk-x-neoass:KUR-aš-šur{KI}=Mat-Aššur[Assyria//Assyria]GN'GN$Mat-Aššur",
"f": {"lang": "akk-x-neoass",
"form": "KUR-aš-šur{KI}",
"cf": "Mat-Aššur",
"gw": "Assyria",
"sense": "Assyria",
"norm": "Mat-Aššur",
"pos": "GN",
"epos": "GN"}
}
,
{
"node": "d",
"subtype": "bottom",
"type": "surface",
"ref": "P335361.b.e..16",
"type": "bottom",
"label": "b.e."}
,
{
"node": "d",
"type": "line-start",
"ref": "P335361.17",
"n": "13'",
"label": "b.e. 13'"}
,
{
"node": "c",
"type": "phrase",
"tag": "phr",
"id": "P335361.U6",
"ref": "P335361.ls00002",
"cdl": [
{
"node": "l",
"frag": "ina",
"id": "P335361.l07579",
"ref": "P335361.17.1",
"inst": "ina[in+=for]PRP",
"exosig": "@saao/saa06%akk-x-neoass:ina=ina[in//in]PRP'PRP$ina",
"f": {"lang": "akk-x-neoass",
"form": "ina",
"cf": "ina",
"gw": "in",
"sense": "in",
"norm": "ina",
"pos": "PRP",
"epos": "PRP"}
}
,
{
"node": "l",
"frag": "ŠA₃-bi",
"id": "P335361.l0757a",
"ref": "P335361.17.2",
"inst": "libbi[interior]N",
"exosig": "@saao/saa06%akk-x-neoass:ŠA₃-bi=libbu[interior//interior]N'N$libbi",
"f": {"lang": "akk-x-neoass",
"form": "ŠA₃-bi",
"cf": "libbu",
"gw": "interior",
"sense": "interior",
"norm": "libbi",
"pos": "N",
"epos": "N"}
}
]}
,
{
"node": "l",
"frag": "10",
"id": "P335361.l0757b",
"ref": "P335361.17.3",
"inst": "n",
"f": {"lang": "akk-x-neoass",
"form": "10",
"pos": "n"}
}
,
{
"node": "l",
"frag": "MA.NA",
"id": "P335361.l0757c",
"ref": "P335361.17.4",
"inst": "manê[a unit of weight]N",
"exosig": "@saao/saa06%akk-x-neoass:MA.NA=manû[unit//a unit of weight]N'N$manê",
"f": {"lang": "akk-x-neoass",
"form": "MA.NA",
"cf": "manû",
"gw": "unit",
"sense": "a unit of weight",
"norm": "manê",
"pos": "N",
"epos": "N"}
}
,
{
"node": "l",
"frag": "KUG.UD",
"id": "P335361.l0757d",
"ref": "P335361.17.5",
"inst": "ṣarpi[silver]N",
"exosig": "@saao/saa06%akk-x-neoass:KUG.UD=ṣarpu[silver//silver]N'N$ṣarpi",
"f": {"lang": "akk-x-neoass",
"form": "KUG.UD",
"cf": "ṣarpu",
"gw": "silver",
"sense": "silver",
"norm": "ṣarpi",
"pos": "N",
"epos": "N"}
}
,
{
"node": "l",
"frag": "ina",
"id": "P335361.l0757e",
"ref": "P335361.17.6",
"inst": "ina[by]PRP",
"exosig": "@saao/saa06%akk-x-neoass:ina=ina[in//by]PRP'PRP$ina",
"f": {"lang": "akk-x-neoass",
"form": "ina",
"cf": "ina",
"gw": "in",
"sense": "by",
"norm": "ina",
"pos": "PRP",
"epos": "PRP"}
}
,
{
"node": "l",
"frag": "ša",
"id": "P335361.l0757f",
"ref": "P335361.17.7",
"inst": "ša[of]DET",
"exosig": "@saao/saa06%akk-x-neoass:ša=ša[of//of]DET'DET$ša",
"f": {"lang": "akk-x-neoass",
"form": "ša",
"cf": "ša",
"gw": "of",
"sense": "of",
"norm": "ša",
"pos": "DET",
"epos": "DET"}
}
,
{
"node": "l",
"frag": "{uru}gar-ga-mis",
"id": "P335361.l07580",
"ref": "P335361.17.8",
"inst": "Gargamis[Carchemish]GN",
"exosig": "@saao/saa06%akk-x-neoass:{URU}gar-ga-mis=Gargamis[Carchemish//Carchemish]GN'GN$Gargamis",
"f": {"lang": "akk-x-neoass",
"form": "{URU}gar-ga-mis",
"cf": "Gargamis",
"gw": "Carchemish",
"sense": "Carchemish",
"norm": "Gargamis",
"pos": "GN",
"epos": "GN"}
}
,
{
"node": "d",
"type": "line-start",
"ref": "P335361.18",
"n": "14'",
"label": "b.e. 14'"}
,
{
"node": "c",
"type": "phrase",
"tag": "phr",
"id": "P335361.U7",
"ref": "P335361.ls00003",
"cdl": [
{
"node": "l",
"frag": "TA@v",
"id": "P335361.l07581",
"ref": "P335361.18.1",
"inst": "issu[from+=from]PRP",
"exosig": "@saao/saa06%akk-x-neoass:TA@v=ištu[from//from]PRP'PRP$issu",
"f": {"lang": "akk-x-neoass",
"form": "TA@v",
"cf": "ištu",
"gw": "from",
"sense": "from",
"norm": "issu",
"pos": "PRP",
"epos": "PRP"}
}
,
{
"node": "l",
"frag": "IGI",
"id": "P335361.l07582",
"ref": "P335361.18.2",
"inst": "pān[front]N",
"exosig": "@saao/saa06%akk-x-neoass:IGI=pānu[front//front]N'N$pān",
"f": {"lang": "akk-x-neoass",
"form": "IGI",
"cf": "pānu",
"gw": "front",
"sense": "front",
"norm": "pān",
"pos": "N",
"epos": "N"}
}
]}
,
{
"node": "l",
"frag": "{1}EN-MAN-PAB",
"id": "P335361.l07583",
"ref": "P335361.18.3",
"inst": "Bel-šarru-uṣur[1]PN",
"exosig": "@saao/saa06%akk-x-neoass:{1}EN-MAN-PAB=Bel-šarru-uṣur[1//1]PN'PN$Bel-šarru-uṣur",
"f": {"lang": "akk-x-neoass",
"form": "{1}EN-MAN-PAB",
"cf": "Bel-šarru-uṣur",
"gw": "1",
"sense": "1",
"norm": "Bel-šarru-uṣur",
"pos": "PN",
"epos": "PN"}
}
,
{
"node": "c",
"type": "phrase",
"tag": "phr",
"id": "P335361.U8",
"ref": "P335361.ls00004",
"cdl": [
{
"node": "l",
"frag": "TA@v",
"id": "P335361.l07584",
"ref": "P335361.18.4",
"inst": "issu[from+=from]PRP",
"exosig": "@saao/saa06%akk-x-neoass:TA@v=ištu[from//from]PRP'PRP$issu",
"f": {"lang": "akk-x-neoass",
"form": "TA@v",
"cf": "ištu",
"gw": "from",
"sense": "from",
"norm": "issu",
"pos": "PRP",
"epos": "PRP"}
}
,
{
"node": "l",
"frag": "IGI",
"id": "P335361.l07585",
"ref": "P335361.18.5",
"inst": "pān[front]N",
"exosig": "@saao/saa06%akk-x-neoass:IGI=pānu[front//front]N'N$pān",
"f": {"lang": "akk-x-neoass",
"form": "IGI",
"cf": "pānu",
"gw": "front",
"sense": "front",
"norm": "pān",
"pos": "N",
"epos": "N"}
}
]}
,
{
"node": "l",
"frag": "{1}{d}PA-u-a",
"id": "P335361.l07586",
"ref": "P335361.18.6",
"inst": "Nabuʾa[1]PN",
"exosig": "@saao/saa06%akk-x-neoass:{1}{d}PA-u-a=Nabuʾa[1//1]PN'PN$Nabuʾa",
"f": {"lang": "akk-x-neoass",
"form": "{1}{d}PA-u-a",
"cf": "Nabuʾa",
"gw": "1",
"sense": "1",
"norm": "Nabuʾa",
"pos": "PN",
"epos": "PN"}
}
,
{
"node": "d",
"type": "line-start",
"ref": "P335361.19",
"n": "15'",
"label": "b.e. 15'"}
,
{
"node": "c",
"type": "phrase",
"tag": "phr",
"id": "P335361.U9",
"ref": "P335361.ls00005",
"cdl": [
{
"node": "l",
"frag": "TA@v",
"id": "P335361.l07587",
"ref": "P335361.19.1",
"inst": "issu[from+=from]PRP",
"exosig": "@saao/saa06%akk-x-neoass:TA@v=ištu[from//from]PRP'PRP$issu",
"f": {"lang": "akk-x-neoass",
"form": "TA@v",
"cf": "ištu",
"gw": "from",
"sense": "from",
"norm": "issu",
"pos": "PRP",
"epos": "PRP"}
}
,
{
"node": "l",
"frag": "IGI",
"id": "P335361.l07588",
"ref": "P335361.19.2",
"inst": "pān[front]N",
"exosig": "@saao/saa06%akk-x-neoass:IGI=pānu[front//front]N'N$pān",
"f": {"lang": "akk-x-neoass",
"form": "IGI",
"cf": "pānu",
"gw": "front",
"sense": "front",
"norm": "pān",
"pos": "N",
"epos": "N"}
}
]}
,
{
"node": "l",
"frag": "{1}aš-šur-ši-i",
"id": "P335361.l07589",
"ref": "P335361.19.3",
"inst": "Aššur-šiʾi[1]PN$",
"exosig": "@saao/saa06%akk-x-neoass:{1}aš-šur-ši-i=Aššur-šiʾi[1//1]PN'PN$Aššur-šiʾi",
"f": {"lang": "akk-x-neoass",
"form": "{1}aš-šur-ši-i",
"cf": "Aššur-šiʾi",
"gw": "1",
"sense": "1",
"norm": "Aššur-šiʾi",
"pos": "PN",
"epos": "PN"}
}
,
{
"node": "l",
"frag": "il-qi",
"id": "P335361.l0758a",
"ref": "P335361.19.4",
"inst": "ilqi[purchase]V",
"exosig": "@saao/saa06%akk-x-neoass:il-qi=leqû[take//purchase]V'V$ilqi",
"f": {"lang": "akk-x-neoass",
"form": "il-qi",
"cf": "leqû",
"gw": "take",
"sense": "purchase",
"norm": "ilqi",
"pos": "V",
"epos": "V"}
}
,
{
"node": "l",
"frag": "kas-pu",
"id": "P335361.l0758b",
"ref": "P335361.19.5",
"inst": "kaspu[money]N",
"exosig": "@saao/saa06%akk-x-neoass:kas-pu=kaspu[silver//money]N'N$kaspu",
"f": {"lang": "akk-x-neoass",
"form": "kas-pu",
"cf": "kaspu",
"gw": "silver",
"sense": "money",
"norm": "kaspu",
"pos": "N",
"epos": "N"}
}
,
{
"node": "d",
"type": "line-start",
"ref": "P335361.20",
"n": "16'",
"label": "b.e. 16'"}
,
{
"node": "l",
"frag": "ga-mur",
"id": "P335361.l0758c",
"ref": "P335361.20.1",
"inst": "gammur[completed]AJ",
"exosig": "@saao/saa06%akk-x-neoass:ga-mur=gammuru[finished//completed]AJ'AJ$gammur",
"f": {"lang": "akk-x-neoass",
"form": "ga-mur",
"cf": "gammuru",
"gw": "finished",
"sense": "completed",
"norm": "gammur",
"pos": "AJ",
"epos": "AJ"}
}
,
{
"node": "l",
"frag": "ta-din-ni",
"id": "P335361.l0758d",
"ref": "P335361.20.2",
"inst": "tadinni[paid]AJ",
"exosig": "@saao/saa06%akk-x-neoass:ta-din-ni=tadnu[given//paid]AJ'AJ$tadinni",
"f": {"lang": "akk-x-neoass",
"form": "ta-din-ni",
"cf": "tadnu",
"gw": "given",
"sense": "paid",
"norm": "tadinni",
"pos": "AJ",
"epos": "AJ"}
}
,
{
"node": "l",
"frag": "A.ŠA₃",
"id": "P335361.l0758e",
"ref": "P335361.20.3",
"inst": "eqlu[field]N",
"exosig": "@saao/saa06%akk-x-neoass:A.ŠA₃=eqlu[field//field]N'N$eqlu",
"f": {"lang": "akk-x-neoass",
"form": "A.ŠA₃",
"cf": "eqlu",
"gw": "field",
"sense": "field",
"norm": "eqlu",
"pos": "N",
"epos": "N"}
}
,
{
"node": "l",
"frag": "E₂",
"id": "P335361.l0758f",
"ref": "P335361.20.4",
"inst": "bētu[plot of land]N",
"exosig": "@saao/saa06%akk-x-neoass:E₂=bītu[house//plot of land]N'N$bētu",
"f": {"lang": "akk-x-neoass",
"form": "E₂",
"cf": "bītu",
"gw": "house",
"sense": "plot of land",
"norm": "bētu",
"pos": "N",
"epos": "N"}
}
,
{
"node": "l",
"frag": "ad-ru",
"id": "P335361.l07590",
"ref": "P335361.20.5",
"inst": "adru[threshing floor]N",
"exosig": "@saao/saa06%akk-x-neoass:ad-ru=adru[threshing floor//threshing floor]N'N$adru",
"f": {"lang": "akk-x-neoass",
"form": "ad-ru",
"cf": "adru",
"gw": "threshing floor",
"sense": "threshing floor",
"norm": "adru",
"pos": "N",
"epos": "N"}
}
,
{
"node": "l",
"frag": "{giš}SAR",
"id": "P335361.l07591",
"ref": "P335361.20.6",
"inst": "kiriu[garden]N",
"exosig": "@saao/saa06%akk-x-neoass:{GIŠ}SAR=kirû[garden//garden]N'N$kiriu",
"f": {"lang": "akk-x-neoass",
"form": "{GIŠ}SAR",
"cf": "kirû",
"gw": "garden",
"sense": "garden",
"norm": "kiriu",
"pos": "N",
"epos": "N"}
}
,
{
"node": "d",
"subtype": "reverse",
"type": "surface",
"ref": "P335361.r.21",
"type": "reverse",
"label": "r"}
,
{
"node": "d",
"type": "line-start",
"ref": "P335361.22",
"n": "1",
"label": "r 1"}
,
{
"node": "l",
"frag": "šu₂-a-tu₂",
"id": "P335361.l07592",
"ref": "P335361.22.1",
"inst": "šuātu[that]'DP",
"exosig": "@saao/saa06%akk-x-neoass:šu₂-a-tu₂=šuāti[him//that]IP'DP$šuātu",
"f": {"lang": "akk-x-neoass",
"form": "šu₂-a-tu₂",
"cf": "šuāti",
"gw": "him",
"sense": "that",
"norm": "šuātu",
"pos": "IP",
"epos": "DP"}
}
,
{
"node": "l",
"frag": "za-ar-pu",
"id": "P335361.l07593",
"ref": "P335361.22.2",
"inst": "zarpu[purchased]AJ",
"exosig": "@saao/saa06%akk-x-neoass:za-ar-pu=zarpu[purchased//purchased]AJ'AJ$zarpu",
"f": {"lang": "akk-x-neoass",
"form": "za-ar-pu",
"cf": "zarpu",
"gw": "purchased",
"sense": "purchased",
"norm": "zarpu",
"pos": "AJ",
"epos": "AJ"}
}
,
{
"node": "l",
"frag": "laq-qi-u₂",
"id": "P335361.l07594",
"ref": "P335361.22.3",
"inst": "laqqiu[acquired]AJ",
"exosig": "@saao/saa06%akk-x-neoass:laq-qi-u₂=leqû[taken//acquired]AJ'AJ$laqqiu",
"f": {"lang": "akk-x-neoass",
"form": "laq-qi-u₂",
"cf": "leqû",
"gw": "taken",
"sense": "acquired",
"norm": "laqqiu",
"pos": "AJ",
"epos": "AJ"}
}
,
{
"node": "l",
"frag": "tu-a-⸢ru⸣",
"id": "P335361.l07595",
"ref": "P335361.22.4",
"inst": "tuāru[revocation]'N",
"exosig": "@saao/saa06%akk-x-neoass:tu-a-ru=târu[turn//revocation]V'N$tuāru",
"f": {"lang": "akk-x-neoass",
"form": "tu-a-ru",
"cf": "târu",
"gw": "turn",
"sense": "revocation",
"norm": "tuāru",
"pos": "V",
"epos": "N"}
}
,
{
"node": "d",
"type": "line-start",
"ref": "P335361.23",
"n": "2",
"label": "r 2"}
,
{
"node": "l",
"frag": "de-e-nu",
"id": "P335361.l07596",
"ref": "P335361.23.1",
"inst": "dēnu[lawsuit]N",
"exosig": "@saao/saa06%akk-x-neoass:de-e-nu=dīnu[legal decision//lawsuit]N'N$dēnu",
"f": {"lang": "akk-x-neoass",
"form": "de-e-nu",
"cf": "dīnu",
"gw": "legal decision",
"sense": "lawsuit",
"norm": "dēnu",
"pos": "N",
"epos": "N"}
}
,
{
"node": "l",
"frag": "DUG₄.DUG₄",
"id": "P335361.l07597",
"ref": "P335361.23.2",
"inst": "dabābu[litigation]'N",
"exosig": "@saao/saa06%akk-x-neoass:DUG₄.DUG₄=dabābu[speak//litigation]V'N$dabābu",
"f": {"lang": "akk-x-neoass",
"form": "DUG₄.DUG₄",
"cf": "dabābu",
"gw": "speak",
"sense": "litigation",
"norm": "dabābu",
"pos": "V",
"epos": "N"}
}
,
{
"node": "l",
"frag": "la-aš₂-šu₂",
"id": "P335361.l07598",
"ref": "P335361.23.3",
"inst": "laššu[(there) is not]V",
"exosig": "@saao/saa06%akk-x-neoass:la-aš₂-šu₂=laššu[(there) is not//(there) is not]V'V$laššu",
"f": {"lang": "akk-x-neoass",
"form": "la-aš₂-šu₂",
"cf": "laššu",
"gw": "(there) is not",
"sense": "(there) is not",
"norm": "laššu",
"pos": "V",
"epos": "V"}
}
,
{
"node": "c",
"type": "phrase",
"tag": "phr",
"id": "P335361.U10",
"ref": "P335361.ls00006",
"cdl": [
{
"node": "l",
"frag": "ina",
"id": "P335361.l07599",
"ref": "P335361.23.4",
"inst": "ina[in+=in the future]PRP",
"exosig": "@saao/saa06%akk-x-neoass:ina=ina[in//in]PRP'PRP$ina",
"f": {"lang": "akk-x-neoass",
"form": "ina",
"cf": "ina",
"gw": "in",
"sense": "in",
"norm": "ina",
"pos": "PRP",
"epos": "PRP"}
}
,
{
"node": "l",
"frag": "ur-kiš-ši",
"id": "P335361.l0759a",
"ref": "P335361.23.5",
"inst": "urkišši[later]AV",
"exosig": "@saao/saa06%akk-x-neoass:ur-kiš-ši=urkiš[later//later]AV'AV$urkišši",
"f": {"lang": "akk-x-neoass",
"form": "ur-kiš-ši",
"cf": "urkiš",
"gw": "later",
"sense": "later",
"norm": "urkišši",
"pos": "AV",
"epos": "AV"}
}
]}
,
{
"node": "d",
"type": "line-start",
"ref": "P335361.24",
"n": "3",
"label": "r 3"}
,
{
"node": "c",
"type": "phrase",
"tag": "phr",
"id": "P335361.U11",
"ref": "P335361.ls00007",
"cdl": [
{
"node": "l",
"frag": "ina",
"id": "P335361.l0759b",
"ref": "P335361.24.1",
"inst": "ina[in+=whenever]PRP$",
"exosig": "@saao/saa06%akk-x-neoass:ina=ina[in//in]PRP'PRP$ina",
"f": {"lang": "akk-x-neoass",
"form": "ina",
"cf": "ina",
"gw": "in",
"sense": "in",
"norm": "ina",
"pos": "PRP",
"epos": "PRP"}
}
,
{
"node": "l",
"frag": "ma-te-ma",
"id": "P335361.l0759c",
"ref": "P335361.24.2",
"inst": "matīma[ever]AV$matēma",
"exosig": "@saao/saa06%akk-x-neoass:ma-te-ma=matīma[ever//ever]AV'AV$matēma",
"f": {"lang": "akk-x-neoass",
"form": "ma-te-ma",
"cf": "matīma",
"gw": "ever",
"sense": "ever",
"norm": "matēma",
"pos": "AV",
"epos": "AV"}
}
]}
,
{
"node": "l",
"frag": "man-nu",
"id": "P335361.l0759d",
"ref": "P335361.24.3",
"inst": "mannu[whoever]'XP",
"exosig": "@saao/saa06%akk-x-neoass:man-nu=mannu[who?//whoever]QP'XP$mannu",
"f": {"lang": "akk-x-neoass",
"form": "man-nu",
"cf": "mannu",
"gw": "who?",
"sense": "whoever",
"norm": "mannu",
"pos": "QP",
"epos": "XP"}
}
,
{
"node": "l",
"frag": "ša",
"id": "P335361.l0759e",
"ref": "P335361.24.4",
"inst": "ša[that]REL",
"exosig": "@saao/saa06%akk-x-neoass:ša=ša[that//that]REL'REL$ša",
"f": {"lang": "akk-x-neoass",
"form": "ša",
"cf": "ša",
"gw": "that",
"sense": "that",
"norm": "ša",
"pos": "REL",
"epos": "REL"}
}
,
{
"node": "l",
"frag": "i-za-qu-pa-a-ni",
"id": "P335361.l0759f",
"ref": "P335361.24.5",
"inst": "izaqqupāni[complain]V",
"exosig": "@saao/saa06%akk-x-neoass:i-za-qu-pa-a-ni=zaqāpu[fix upright//complain]V'V$izaqqupāni",
"f": {"lang": "akk-x-neoass",
"form": "i-za-qu-pa-a-ni",
"cf": "zaqāpu",
"gw": "fix upright",
"sense": "complain",
"norm": "izaqqupāni",
"pos": "V",
"epos": "V"}
}
,
{
"node": "d",
"type": "line-start",
"ref": "P335361.25",
"n": "4",
"label": "r 4"}
,
{
"node": "l",
"frag": "lu-u",
"id": "P335361.l075a0",
"ref": "P335361.25.1",
"inst": "lū[may]MOD",
"exosig": "@saao/saa06%akk-x-neoass:lu-u=lū[may//may]MOD'MOD$lū",
"f": {"lang": "akk-x-neoass",
"form": "lu-u",
"cf": "lū",
"gw": "may",
"sense": "may",
"norm": "lū",
"pos": "MOD",
"epos": "MOD"}
}
,
{
"node": "l",
"frag": "LU₂-MEŠ-e",
"id": "P335361.l075a1",
"ref": "P335361.25.2",
"inst": "amēlē[man]N",
"exosig": "@saao/saa06%akk-x-neoass:LU₂-MEŠ-e=awīlu[man//man]N'N$amēlē",
"f": {"lang": "akk-x-neoass",
"form": "LU₂-MEŠ-e",
"cf": "awīlu",
"gw": "man",
"sense": "man",
"norm": "amēlē",
"pos": "N",
"epos": "N"}
}
,
{
"node": "l",
"frag": "an-nu-te",
"id": "P335361.l075a2",
"ref": "P335361.25.3",
"inst": "annūte[this]DP",
"exosig": "@saao/saa06%akk-x-neoass:an-nu-te=annû[this//this]DP'DP$annūte",
"f": {"lang": "akk-x-neoass",
"form": "an-nu-te",
"cf": "annû",
"gw": "this",
"sense": "this",
"norm": "annūte",
"pos": "DP",
"epos": "DP"}
}
,
{
"node": "l",
"frag": "DUMU-MEŠ-šu₂-nu",
"id": "P335361.l075a3",
"ref": "P335361.25.4",
"inst": "marʾēšunu[son]N",
"exosig": "@saao/saa06%akk-x-neoass:DUMU-MEŠ-šu₂-nu=māru[son//son]N'N$marʾēšunu",
"f": {"lang": "akk-x-neoass",
"form": "DUMU-MEŠ-šu₂-nu",
"cf": "māru",
"gw": "son",
"sense": "son",
"norm": "marʾēšunu",
"pos": "N",
"epos": "N"}
}
,
{
"node": "c",
"type": "phrase",
"tag": "phr",
"id": "P335361.U12",
"ref": "P335361.ls00008",
"cdl": [
{
"node": "l",
"frag": "DUMU-DUMU-MEŠ-šu₂-nu",
"id": "P335361.l075a4",
"ref": "P335361.25.5",
"cof-tails": "P335361.l075a5",
"inst": "māru[son]N$mār&māru[son]N$marʾēšunu",
"exosig": "@saao/saa06%akk-x-neoass:DUMU-DUMU-MEŠ-šu₂-nu=māru[son//son]N'N$mār&&@saao%akk-x-neoass:=māru[son//son]N'N$marʾēšunu",
"f": {"lang": "akk-x-neoass",
"form": "DUMU-DUMU-MEŠ-šu₂-nu",
"cf": "māru",
"gw": "son",
"sense": "son",
"norm": "mār",
"pos": "N",
"epos": "N"}
}
,
{
"node": "l",
"frag": "DUMU-DUMU-MEŠ-šu₂-nu",
"id": "P335361.l075a5",
"ref": "P335361.25.5",
"cof-head": "P335361.l075a4",
"inst": "māru[son]N$mār&māru[son]N$marʾēšunu",
"tail-sig": "@saao%akk-x-neoass:=māru[son//son]N'N$marʾēšunu",
"f": {"lang": "akk-x-neoass",
"form": "DUMU-DUMU-MEŠ-šu₂-nu",
"cf": "māru",
"gw": "son",
"sense": "son",
"norm": "marʾēšunu",
"pos": "N",
"epos": "N"}
}
]}
,
{
"node": "d",
"type": "line-start",
"ref": "P335361.26",
"n": "5",
"label": "r 5"}
,
{
"node": "l",
"frag": "ŠEŠ-MEŠ-šu₂-nu",
"id": "P335361.l075a6",
"ref": "P335361.26.1",
"inst": "!ahhēšunu[brother]N",
"exosig": "@saao/saa06%akk-x-neoass:ŠEŠ-MEŠ-šu₂-nu=ahu[brother//brother]N'N$ahhēšunu",
"f": {"lang": "akk-x-neoass",
"form": "ŠEŠ-MEŠ-šu₂-nu",
"cf": "ahu",
"gw": "brother",
"sense": "brother",
"norm": "ahhēšunu",
"pos": "N",
"epos": "N"}
}
,
{
"node": "c",
"type": "phrase",
"tag": "phr",
"id": "P335361.U13",
"ref": "P335361.ls00009",
"cdl": [
{
"node": "l",
"frag": "DUMU-ŠEŠ-MEŠ-šu₂-<nu>",
"id": "P335361.l075a7",
"ref": "P335361.26.2",
"cof-tails": "P335361.l075a8",
"inst": "māru[son]N$mār&ahu[brother]N$ahhēšunu",
"exosig": "@saao/saa06%akk-x-neoass:DUMU-ŠEŠ-MEŠ-šu₂-nu=māru[son//son]N'N$mār&&@saao%akk-x-neoass:=ahu[brother//brother]N'N$ahhēšunu",
"f": {"lang": "akk-x-neoass",
"form": "DUMU-ŠEŠ-MEŠ-šu₂-nu",
"cf": "māru",
"gw": "son",
"sense": "son",
"norm": "mār",
"pos": "N",
"epos": "N"}
}
,
{
"node": "l",
"frag": "DUMU-ŠEŠ-MEŠ-šu₂-<nu>",
"id": "P335361.l075a8",
"ref": "P335361.26.2",
"cof-head": "P335361.l075a7",
"inst": "māru[son]N$mār&ahu[brother]N$ahhēšunu",
"tail-sig": "@saao%akk-x-neoass:=ahu[brother//brother]N'N$ahhēšunu",
"f": {"lang": "akk-x-neoass",
"form": "DUMU-ŠEŠ-MEŠ-šu₂-nu",
"cf": "ahu",
"gw": "brother",
"sense": "brother",
"norm": "ahhēšunu",
"pos": "N",
"epos": "N"}
}
]}
,
{
"node": "l",
"frag": "{lu₂v}GAR-nu-šu₂-nu",
"id": "P335361.l075a9",
"ref": "P335361.26.3",
"inst": "šaknušunu[prefect]N",
"exosig": "@saao/saa06%akk-x-neoass:{LU₂}GAR-nu-šu₂-nu=šaknu[appointee//prefect]N'N$šaknušunu",
"f": {"lang": "akk-x-neoass",
"form": "{LU₂}GAR-nu-šu₂-nu",
"cf": "šaknu",
"gw": "appointee",
"sense": "prefect",
"norm": "šaknušunu",
"pos": "N",
"epos": "N"}
}
,
{
"node": "l",
"frag": "{lu₂}ha-za-na-šu₂-nu",
"id": "P335361.l075aa",
"ref": "P335361.26.4",
"inst": "hazannašunu[mayor]N",
"exosig": "@saao/saa06%akk-x-neoass:{LU₂}ha-za-na-šu₂-nu=hazannu[mayor//mayor]N'N$hazannašunu",
"f": {"lang": "akk-x-neoass",
"form": "{LU₂}ha-za-na-šu₂-nu",
"cf": "hazannu",
"gw": "mayor",
"sense": "mayor",
"norm": "hazannašunu",
"pos": "N",
"epos": "N"}
}
,
{
"node": "d",
"type": "line-start",
"ref": "P335361.27",
"n": "6",
"label": "r 6"}
,
{
"node": "l",
"frag": "{lu₂v}mu-mu-nu-šu₂-nu",
"id": "P335361.l075ab",
"ref": "P335361.27.1",
"inst": "mammanu-[whosoever//relative]'N$mummunnušunu",
"exosig": "@saao/saa06%akk-x-neoass:{LU₂}mu-mu-nu-šu₂-nu=mammanu-[whosoever//relative]XP'N$mummunnušunu",
"f": {"lang": "akk-x-neoass",
"form": "{LU₂}mu-mu-nu-šu₂-nu",
"cf": "mammanu-",
"gw": "whosoever",
"sense": "relative",
"norm": "mummunnušunu",
"pos": "XP",
"epos": "N"}
}
,
{
"node": "l",
"frag": "qur-bu",
"id": "P335361.l075ac",
"ref": "P335361.27.2",
"inst": "qurbu[near//near]AJ$",
"exosig": "@saao/saa06%akk-x-neoass:qur-bu=qurbu[near//near]AJ'AJ$qurbu",
"f": {"lang": "akk-x-neoass",
"form": "qur-bu",
"cf": "qurbu",
"gw": "near",
"sense": "near",
"norm": "qurbu",
"pos": "AJ",
"epos": "AJ"}
}
,
{
"node": "l",
"frag": "man-nu",
"id": "P335361.l075ad",
"ref": "P335361.27.3",
"inst": "mannu[whoever]'XP",
"exosig": "@saao/saa06%akk-x-neoass:man-nu=mannu[who?//whoever]QP'XP$mannu",
"f": {"lang": "akk-x-neoass",
"form": "man-nu",
"cf": "mannu",
"gw": "who?",
"sense": "whoever",
"norm": "mannu",
"pos": "QP",
"epos": "XP"}
}
,
{
"node": "l",
"frag": "ša",
"id": "P335361.l075ae",
"ref": "P335361.27.4",
"inst": "ša[that]REL",
"exosig": "@saao/saa06%akk-x-neoass:ša=ša[that//that]REL'REL$ša",
"f": {"lang": "akk-x-neoass",
"form": "ša",
"cf": "ša",
"gw": "that",
"sense": "that",
"norm": "ša",
"pos": "REL",
"epos": "REL"}
}
,
{
"node": "l",
"frag": "e-la-a-ni",
"id": "P335361.l075af",
"ref": "P335361.27.5",
"inst": "ellāni[come forward]V",
"exosig": "@saao/saa06%akk-x-neoass:e-la-a-ni=elû[go up//come forward]V'V$ellāni",
"f": {"lang": "akk-x-neoass",
"form": "e-la-a-ni",
"cf": "elû",
"gw": "go up",
"sense": "come forward",
"norm": "ellāni",
"pos": "V",
"epos": "V"}
}
,
{
"node": "d",
"type": "line-start",
"ref": "P335361.28",
"n": "7",
"label": "r 7"}
,
{
"node": "l",
"frag": "TA@v",
"id": "P335361.l075b0",
"ref": "P335361.28.1",
"inst": "issi[with]PRP",
"exosig": "@saao/saa06%akk-x-neoass:TA@v=išti[with//with]PRP'PRP$issi",
"f": {"lang": "akk-x-neoass",
"form": "TA@v",
"cf": "išti",
"gw": "with",
"sense": "with",
"norm": "issi",
"pos": "PRP",
"epos": "PRP"}
}
,
{
"node": "l",
"frag": "{1}rem₂-a-ni-{d}IM",
"id": "P335361.l075b1",
"ref": "P335361.28.2",
"inst": "Remanni-Adad[1]PN",
"exosig": "@saao/saa06%akk-x-neoass:{1}rem₂-a-ni-{d}IM=Remanni-Adad[1//1]PN'PN$Remanni-Adad",
"f": {"lang": "akk-x-neoass",
"form": "{1}rem₂-a-ni-{d}IM",
"cf": "Remanni-Adad",
"gw": "1",
"sense": "1",
"norm": "Remanni-Adad",
"pos": "PN",
"epos": "PN"}
}
,
{
"node": "c",
"type": "phrase",
"tag": "phr",
"id": "P335361.U14",
"ref": "P335361.ls0000a",
"cdl": [
{
"node": "l",
"frag": "{lu₂v}mu-kil-{kuš}a-pa-MEŠ",
"id": "P335361.l075b2",
"ref": "P335361.28.3",
"cof-tails": "P335361.l075b3",
"inst": "mukillu[holder]N$mukīl&appatu[bridle]N$appāti",
"exosig": "@saao/saa06%akk-x-neoass:{LU₂}mu-kil-{KUŠ}a-pa-MEŠ=mukillu[holder//holder]N'N$mukīl&&@saao%akk-x-neoass:=appatu[bridle//bridle]N'N$appāti",
"f": {"lang": "akk-x-neoass",
"form": "{LU₂}mu-kil-{KUŠ}a-pa-MEŠ",
"cf": "mukillu",
"gw": "holder",
"sense": "holder",
"norm": "mukīl",
"pos": "N",
"epos": "N"}
}
,
{
"node": "l",
"frag": "{lu₂v}mu-kil-{kuš}a-pa-MEŠ",
"id": "P335361.l075b3",
"ref": "P335361.28.3",
"cof-head": "P335361.l075b2",
"inst": "mukillu[holder]N$mukīl&appatu[bridle]N$appāti",
"tail-sig": "@saao%akk-x-neoass:=appatu[bridle//bridle]N'N$appāti",
"f": {"lang": "akk-x-neoass",
"form": "{LU₂}mu-kil-{KUŠ}a-pa-MEŠ",
"cf": "appatu",
"gw": "bridle",
"sense": "bridle",
"norm": "appāti",
"pos": "N",
"epos": "N"}
}
]}
,
{
"node": "l",
"frag": "dan-nu",
"id": "P335361.l075b4",
"ref": "P335361.28.4",
"inst": "dannu[strong]AJ",
"exosig": "@saao/saa06%akk-x-neoass:dan-nu=dannu[strong//strong]AJ'AJ$dannu",
"f": {"lang": "akk-x-neoass",
"form": "dan-nu",
"cf": "dannu",
"gw": "strong",
"sense": "strong",
"norm": "dannu",
"pos": "AJ",
"epos": "AJ"}
}
,
{
"node": "d",
"type": "line-start",
"ref": "P335361.29",
"n": "8",
"label": "r 8"}
,
{
"node": "l",
"frag": "TA@v",
"id": "P335361.l075b5",
"ref": "P335361.29.1",
"inst": "issi[with]PRP",
"exosig": "@saao/saa06%akk-x-neoass:TA@v=išti[with//with]PRP'PRP$issi",
"f": {"lang": "akk-x-neoass",
"form": "TA@v",
"cf": "išti",
"gw": "with",
"sense": "with",
"norm": "issi",
"pos": "PRP",
"epos": "PRP"}
}
,
{
"node": "l",
"frag": "DUMU-MEŠ-šu₂",
"id": "P335361.l075b6",
"ref": "P335361.29.2",
"inst": "marʾēšu[son]N",
"sig": "@saao%akk-x-neoass:DUMU-MEŠ-šu₂=māru[son//son]N'N$marʾēšu",
"f": {"lang": "akk-x-neoass",
"form": "DUMU-MEŠ-šu₂",
"cf": "māru",
"gw": "son",
"sense": "son",
"norm": "marʾēšu",
"pos": "N",
"epos": "N"}
}
,
{
"node": "c",
"type": "phrase",
"tag": "phr",
"id": "P335361.U15",
"ref": "P335361.ls0000b",
"cdl": [
{
"node": "l",
"frag": "DUMU-DUMU-MEŠ-šu₂",
"id": "P335361.l075b7",
"ref": "P335361.29.3",
"cof-tails": "P335361.l075b8",
"inst": "māru[son]N$mār&māru[son]N$marʾēšu",
"exosig": "@saao/saa06%akk-x-neoass:DUMU-DUMU-MEŠ-šu₂=māru[son//son]N'N$mār&&@saao%akk-x-neoass:=māru[son//son]N'N$marʾēšu",
"f": {"lang": "akk-x-neoass",
"form": "DUMU-DUMU-MEŠ-šu₂",
"cf": "māru",
"gw": "son",
"sense": "son",
"norm": "mār",
"pos": "N",
"epos": "N"}
}
,
{
"node": "l",
"frag": "DUMU-DUMU-MEŠ-šu₂",
"id": "P335361.l075b8",
"ref": "P335361.29.3",
"cof-head": "P335361.l075b7",
"inst": "māru[son]N$mār&māru[son]N$marʾēšu",
"tail-sig": "@saao%akk-x-neoass:=māru[son//son]N'N$marʾēšu",
"f": {"lang": "akk-x-neoass",
"form": "DUMU-DUMU-MEŠ-šu₂",
"cf": "māru",
"gw": "son",
"sense": "son",
"norm": "marʾēšu",
"pos": "N",
"epos": "N"}
}
]}
,
{
"node": "l",
"frag": "de-e-nu",
"id": "P335361.l075b9",
"ref": "P335361.29.4",
"inst": "dēnu[lawsuit]N",
"exosig": "@saao/saa06%akk-x-neoass:de-e-nu=dīnu[legal decision//lawsuit]N'N$dēnu",
"f": {"lang": "akk-x-neoass",
"form": "de-e-nu",
"cf": "dīnu",
"gw": "legal decision",
"sense": "lawsuit",
"norm": "dēnu",
"pos": "N",
"epos": "N"}
}
,
{
"node": "l",
"frag": "DUG₄.DUG₄",
"id": "P335361.l075ba",
"ref": "P335361.29.5",
"inst": "dabābu[litigation]'N",
"exosig": "@saao/saa06%akk-x-neoass:DUG₄.DUG₄=dabābu[speak//litigation]V'N$dabābu",
"f": {"lang": "akk-x-neoass",
"form": "DUG₄.DUG₄",
"cf": "dabābu",
"gw": "speak",
"sense": "litigation",
"norm": "dabābu",
"pos": "V",
"epos": "N"}
}
,
{
"node": "d",
"type": "line-start",
"ref": "P335361.30",
"n": "9",
"label": "r 9"}
,
{
"node": "l",
"frag": "[ub]-⸢ta⸣-u-ni",
"id": "P335361.l075bb",
"ref": "P335361.30.1",
"inst": "ubtaʾʾūni[seek]V",
"exosig": "@saao/saa06%akk-x-neoass:ub-ta-u-ni=buʾʾû[look for//seek]V'V$ubtaʾʾūni",
"f": {"lang": "akk-x-neoass",
"form": "ub-ta-u-ni",
"cf": "buʾʾû",
"gw": "look for",
"sense": "seek",
"norm": "ubtaʾʾūni",
"pos": "V",
"epos": "V"}
}
,
{
"node": "l",
"frag": "01",
"id": "P335361.l075bc",
"ref": "P335361.30.2",
"inst": "n",
"f": {"lang": "akk-x-neoass",
"form": "01",
"pos": "n"}
}
,
{
"node": "l",
"frag": "GU₂.UN",
"id": "P335361.l075bd",
"ref": "P335361.30.3",
"inst": "biltu[a unit of weight]N",
"exosig": "@saao/saa06%akk-x-neoass:GU₂.UN=biltu[load//a unit of weight]N'N$biltu",
"f": {"lang": "akk-x-neoass",
"form": "GU₂.UN",
"cf": "biltu",
"gw": "load",
"sense": "a unit of weight",
"norm": "biltu",
"pos": "N",
"epos": "N"}
}
,
{
"node": "l",
"frag": "MA.NA",
"id": "P335361.l075be",
"ref": "P335361.30.4",
"inst": "manê[a unit of weight]N",
"exosig": "@saao/saa06%akk-x-neoass:MA.NA=manû[unit//a unit of weight]N'N$manê",
"f": {"lang": "akk-x-neoass",
"form": "MA.NA",
"cf": "manû",
"gw": "unit",
"sense": "a unit of weight",
"norm": "manê",
"pos": "N",
"epos": "N"}
}
,
{
"node": "l",
"frag": "KUG.UD",
"id": "P335361.l075bf",
"ref": "P335361.30.5",
"inst": "ṣarpi[silver]N",
"exosig": "@saao/saa06%akk-x-neoass:KUG.UD=ṣarpu[silver//silver]N'N$ṣarpi",
"f": {"lang": "akk-x-neoass",
"form": "KUG.UD",
"cf": "ṣarpu",
"gw": "silver",
"sense": "silver",
"norm": "ṣarpi",
"pos": "N",
"epos": "N"}
}
,
{
"node": "l",
"frag": "LUH-u",
"id": "P335361.l075c0",
"ref": "P335361.30.6",
"inst": "masû[washed]AJ",
"exosig": "@saao/saa06%akk-x-neoass:LUH-u=mesû[washed//washed]AJ'AJ$masû",
"f": {"lang": "akk-x-neoass",
"form": "LUH-u",
"cf": "mesû",
"gw": "washed",
"sense": "washed",
"norm": "masû",
"pos": "AJ",
"epos": "AJ"}
}
,
{
"node": "l",
"frag": "10",
"id": "P335361.l075c1",
"ref": "P335361.30.7",
"inst": "n",
"f": {"lang": "akk-x-neoass",
"form": "10",
"pos": "n"}
}
,
{
"node": "l",
"frag": "MA.NA",
"id": "P335361.l075c2",
"ref": "P335361.30.8",
"inst": "manê[a unit of weight]N",
"exosig": "@saao/saa06%akk-x-neoass:MA.NA=manû[unit//a unit of weight]N'N$manê",
"f": {"lang": "akk-x-neoass",
"form": "MA.NA",
"cf": "manû",
"gw": "unit",
"sense": "a unit of weight",
"norm": "manê",
"pos": "N",
"epos": "N"}
}
,
{
"node": "l",
"frag": "KUG.GI",
"id": "P335361.l075c3",
"ref": "P335361.30.9",
"inst": "hurāṣi[gold]N",
"exosig": "@saao/saa06%akk-x-neoass:KUG.GI=hurāṣu[gold//gold]N'N$hurāṣi",
"f": {"lang": "akk-x-neoass",
"form": "KUG.GI",
"cf": "hurāṣu",
"gw": "gold",
"sense": "gold",
"norm": "hurāṣi",
"pos": "N",
"epos": "N"}
}
,
{
"node": "d",
"type": "line-start",
"ref": "P335361.31",
"n": "10",
"label": "r 10"}
,
{
"node": "l",
"frag": "sak-ru",
"id": "P335361.l075c4",
"ref": "P335361.31.1",
"inst": "sakru[refined]AJ",
"exosig": "@saao/saa06%akk-x-neoass:sak-ru=sakru[refined//refined]AJ'AJ$sakru",
"f": {"lang": "akk-x-neoass",
"form": "sak-ru",
"cf": "sakru",
"gw": "refined",
"sense": "refined",
"norm": "sakru",
"pos": "AJ",
"epos": "AJ"}
}
,
{
"node": "l",
"frag": "ina",
"id": "P335361.l075c5",
"ref": "P335361.31.2",
"inst": "ina[in]PRP",
"exosig": "@saao/saa06%akk-x-neoass:ina=ina[in//in]PRP'PRP$ina",
"f": {"lang": "akk-x-neoass",
"form": "ina",
"cf": "ina",
"gw": "in",
"sense": "in",
"norm": "ina",
"pos": "PRP",
"epos": "PRP"}
}
,
{
"node": "l",
"frag": "bur-ki",
"id": "P335361.l075c6",
"ref": "P335361.31.3",
"inst": "burki[lap]N",
"exosig": "@saao/saa06%akk-x-neoass:bur-ki=burku[knee//lap]N'N$burki",
"f": {"lang": "akk-x-neoass",
"form": "bur-ki",
"cf": "burku",
"gw": "knee",
"sense": "lap",
"norm": "burki",
"pos": "N",
"epos": "N"}
}
,
{
"node": "l",
"frag": "{d}IŠ.TAR",
"id": "P335361.l075c7",
"ref": "P335361.31.4",
"inst": "Issar[1]DN",
"sig": "@saao%akk-x-neoass:{d}IŠ.TAR=Ištar[1//1]DN'DN$Issar",
"f": {"lang": "akk-x-neoass",
"form": "{d}IŠ.TAR",
"cf": "Ištar",
"gw": "1",
"sense": "1",
"norm": "Issar",
"pos": "DN",
"epos": "DN"}
}
,
{
"node": "l",
"frag": "a-ši-bat",
"id": "P335361.l075c8",
"ref": "P335361.31.5",
"inst": "āšibāt[residing]AJ",
"exosig": "@saao/saa06%akk-x-neoass:a-ši-bat=āšibu[sitting//residing]AJ'AJ$āšibāt",
"f": {"lang": "akk-x-neoass",
"form": "a-ši-bat",
"cf": "āšibu",
"gw": "sitting",
"sense": "residing",
"norm": "āšibāt",
"pos": "AJ",
"epos": "AJ"}
}
,
{
"node": "l",
"frag": "{uru}NINA{ki}",
"id": "P335361.l075c9",
"ref": "P335361.31.6",
"inst": "Ninua[Nineveh]GN",
"exosig": "@saao/saa06%akk-x-neoass:{URU}NINA{KI}=Ninua[Nineveh//Nineveh]GN'GN$Ninua",
"f": {"lang": "akk-x-neoass",
"form": "{URU}NINA{KI}",
"cf": "Ninua",
"gw": "Nineveh",
"sense": "Nineveh",
"norm": "Ninua",
"pos": "GN",
"epos": "GN"}
}
,
{
"node": "d",
"type": "line-start",
"ref": "P335361.32",
"n": "11",
"label": "r 11"}
,
{
"node": "l",
"frag": "i-šak-kan",
"id": "P335361.l075ca",
"ref": "P335361.32.1",
"inst": "išakkan[place]V",
"exosig": "@saao/saa06%akk-x-neoass:i-šak-kan=šakānu[put//place]V'V$išakkan",
"f": {"lang": "akk-x-neoass",
"form": "i-šak-kan",
"cf": "šakānu",
"gw": "put",
"sense": "place",
"norm": "išakkan",
"pos": "V",
"epos": "V"}
}
,
{
"node": "l",
"frag": "kas-pu",
"id": "P335361.l075cb",
"ref": "P335361.32.2",
"inst": "kaspu[money]N",
"exosig": "@saao/saa06%akk-x-neoass:kas-pu=kaspu[silver//money]N'N$kaspu",
"f": {"lang": "akk-x-neoass",
"form": "kas-pu",
"cf": "kaspu",
"gw": "silver",
"sense": "money",
"norm": "kaspu",
"pos": "N",
"epos": "N"}
}
,
{
"node": "c",
"type": "phrase",
"tag": "phr",
"id": "P335361.U16",
"ref": "P335361.ls0000c",
"cdl": [
{
"node": "l",
"frag": "a-na",
"id": "P335361.l075cc",
"ref": "P335361.32.3",
"inst": "ana[to+=tenfold]PRP$",
"exosig": "@saao/saa06%akk-x-neoass:a-na=ana[to//to]PRP'PRP$ana",
"f": {"lang": "akk-x-neoass",
"form": "a-na",
"cf": "ana",
"gw": "to",
"sense": "to",
"norm": "ana",
"pos": "PRP",
"epos": "PRP"}
}
,
{
"node": "l",
"frag": "10-MEŠ-te",
"id": "P335361.l075cd",
"ref": "P335361.32.4",
"inst": "ešriātu[tenfold]AV$ešrāte",
"exosig": "@saao/saa06%akk-x-neoass:10-MEŠ-te=ešriātu[tenfold//tenfold]AV'AV$ešrāte",
"f": {"lang": "akk-x-neoass",
"form": "10-MEŠ-te",
"cf": "ešriātu",
"gw": "tenfold",
"sense": "tenfold",
"norm": "ešrāte",
"pos": "AV",
"epos": "AV"}
}
]}
,
{
"node": "l",
"frag": "ana",
"id": "P335361.l075ce",
"ref": "P335361.32.5",
"inst": "ana[to]PRP",
"exosig": "@saao/saa06%akk-x-neoass:ana=ana[to//to]PRP'PRP$ana",
"f": {"lang": "akk-x-neoass",
"form": "ana",
"cf": "ana",
"gw": "to",
"sense": "to",
"norm": "ana",
"pos": "PRP",
"epos": "PRP"}
}
,
{
"node": "l",
"frag": "EN-MEŠ-šu₂",
"id": "P335361.l075cf",
"ref": "P335361.32.6",
"inst": "bēlēšu[owner]N",
"exosig": "@saao/saa06%akk-x-neoass:EN-MEŠ-šu₂=bēlu[lord//owner]N'N$bēlēšu",
"f": {"lang": "akk-x-neoass",
"form": "EN-MEŠ-šu₂",
"cf": "bēlu",
"gw": "lord",
"sense": "owner",
"norm": "bēlēšu",
"pos": "N",
"epos": "N"}
}
,
{
"node": "l",
"frag": "u₂-⸢ta-ra⸣",
"id": "P335361.l075d0",
"ref": "P335361.32.7",
"inst": "utâra[return]V",
"exosig": "@saao/saa06%akk-x-neoass:u₂-ta-ra=târu[turn//return]V'V$utâra",
"f": {"lang": "akk-x-neoass",
"form": "u₂-ta-ra",
"cf": "târu",
"gw": "turn",
"sense": "return",
"norm": "utâra",
"pos": "V",
"epos": "V"}
}
,
{
"node": "d",
"type": "line-start",
"ref": "P335361.33",
"n": "12",
"label": "r 12"}
,
{
"node": "l",
"frag": "ina",
"id": "P335361.l075d1",
"ref": "P335361.33.1",
"inst": "ina[in]PRP",
"exosig": "@saao/saa06%akk-x-neoass:ina=ina[in//in]PRP'PRP$ina",
"f": {"lang": "akk-x-neoass",
"form": "ina",
"cf": "ina",
"gw": "in",
"sense": "in",
"norm": "ina",
"pos": "PRP",
"epos": "PRP"}
}
,
{
"node": "l",
"frag": "la",
"id": "P335361.l075d2",
"ref": "P335361.33.2",
"inst": "lā[not]MOD",
"exosig": "@saao/saa06%akk-x-neoass:la=lā[not//not]MOD'MOD$lā",
"f": {"lang": "akk-x-neoass",
"form": "la",
"cf": "lā",
"gw": "not",
"sense": "not",
"norm": "lā",
"pos": "MOD",
"epos": "MOD"}
}
,
{
"node": "l",
"frag": "de-ni-šu",
"id": "P335361.l075d3",
"ref": "P335361.33.3",
"inst": "dēnīšu[lawsuit]N",
"exosig": "@saao/saa06%akk-x-neoass:de-ni-šu=dīnu[legal decision//lawsuit]N'N$dēnīšu",
"f": {"lang": "akk-x-neoass",
"form": "de-ni-šu",
"cf": "dīnu",
"gw": "legal decision",
"sense": "lawsuit",
"norm": "dēnīšu",
"pos": "N",
"epos": "N"}
}
,
{
"node": "l",
"frag": "⸢DUG₄.DUG₄⸣-ma",
"id": "P335361.l075d4",
"ref": "P335361.33.4",
"inst": "idabbubma[contest]V",
"exosig": "@saao/saa06%akk-x-neoass:DUG₄.DUG₄-ma=dabābu[speak//contest]V'V$idabbubma",
"f": {"lang": "akk-x-neoass",
"form": "DUG₄.DUG₄-ma",
"cf": "dabābu",
"gw": "speak",
"sense": "contest",
"norm": "idabbubma",
"pos": "V",
"epos": "V"}
}
,
{
"node": "l",
"frag": "la",
"id": "P335361.l075d5",
"ref": "P335361.33.5",
"inst": "lā[not]MOD",
"exosig": "@saao/saa06%akk-x-neoass:la=lā[not//not]MOD'MOD$lā",
"f": {"lang": "akk-x-neoass",
"form": "la",
"cf": "lā",
"gw": "not",
"sense": "not",
"norm": "lā",
"pos": "MOD",
"epos": "MOD"}
}
,
{
"node": "l",
"frag": "⸢i-laq⸣-qi",
"id": "P335361.l075d6",
"ref": "P335361.33.6",
"inst": "ilaqqi[succeed]V",
"exosig": "@saao/saa06%akk-x-neoass:i-laq-qi=leqû[take//succeed]V'V$ilaqqi",
"f": {"lang": "akk-x-neoass",
"form": "i-laq-qi",
"cf": "leqû",
"gw": "take",
"sense": "succeed",
"norm": "ilaqqi",
"pos": "V",
"epos": "V"}
}
,
{
"node": "d",
"type": "nonx",
"ref": "P335361.34",
"strict": "1",
"extent": "n",
"scope": "line",
"state": "ruling"}
,
{
"node": "d",
"type": "line-start",
"ref": "P335361.35",
"n": "13",
"label": "r 13"}
,
{
"node": "l",
"frag": "[IGI",
"id": "P335361.l075d7",
"ref": "P335361.35.1",
"inst": "šību[witness]N",
"exosig": "@saao/saa06%akk-x-neoass:IGI=šību[witness//witness]N'N$šību",
"f": {"lang": "akk-x-neoass",
"form": "IGI",
"cf": "šību",
"gw": "witness",
"sense": "witness",
"norm": "šību",
"pos": "N",
"epos": "N"}
}
,
{
"node": "l",
"frag": "{1}si-lim-aš]-⸢šur⸣",
"id": "P335361.l075d8",
"ref": "P335361.35.2",
"inst": "Silim-Aššur[1]PN",
"exosig": "@saao/saa06%akk-x-neoass:{1}si-lim-aš-šur=Silim-Aššur[1//1]PN'PN$Silim-Aššur",
"f": {"lang": "akk-x-neoass",
"form": "{1}si-lim-aš-šur",
"cf": "Silim-Aššur",
"gw": "1",
"sense": "1",
"norm": "Silim-Aššur",
"pos": "PN",
"epos": "PN"}
}
,
{
"node": "l",
"frag": "{lu₂v}SUKKAL",
"id": "P335361.l075d9",
"ref": "P335361.35.3",
"inst": "šukkalli[vizier]N",
"exosig": "@saao/saa06%akk-x-neoass:{LU₂}SUKKAL=šukkallu[(a court official)//vizier]N'N$šukkalli",
"f": {"lang": "akk-x-neoass",
"form": "{LU₂}SUKKAL",
"cf": "šukkallu",
"gw": "(a court official)",
"sense": "vizier",
"norm": "šukkalli",
"pos": "N",
"epos": "N"}
}
,
{
"node": "l",
"frag": "dan-nu",
"id": "P335361.l075da",
"ref": "P335361.35.4",
"inst": "dannu[strong]AJ",
"exosig": "@saao/saa06%akk-x-neoass:dan-nu=dannu[strong//strong]AJ'AJ$dannu",
"f": {"lang": "akk-x-neoass",
"form": "dan-nu",
"cf": "dannu",
"gw": "strong",
"sense": "strong",
"norm": "dannu",
"pos": "AJ",
"epos": "AJ"}
}
,
{
"node": "d",
"type": "line-start",
"ref": "P335361.36",
"n": "14",
"label": "r 14"}
,
{
"node": "l",
"frag": "[IGI",
"id": "P335361.l075db",
"ref": "P335361.36.1",
"inst": "šību[witness]N",
"exosig": "@saao/saa06%akk-x-neoass:IGI=šību[witness//witness]N'N$šību",
"f": {"lang": "akk-x-neoass",
"form": "IGI",
"cf": "šību",
"gw": "witness",
"sense": "witness",
"norm": "šību",
"pos": "N",
"epos": "N"}
}
,
{
"node": "l",
"frag": "{1}x",
"id": "P335361.l075dc",
"ref": "P335361.36.2",
"inst": "u",
"f": {"lang": "akk-x-neoass",
"form": "{1}x",
"pos": "u"}
}
,
{
"node": "l",
"frag": "x",
"id": "P335361.l075dd",
"ref": "P335361.36.3",
"inst": "u",
"f": {"lang": "akk-x-neoass",
"form": "x",
"pos": "u"}
}
,
{
"node": "l",
"frag": "x",
"id": "P335361.l075de",
"ref": "P335361.36.4",
"inst": "u",
"f": {"lang": "akk-x-neoass",
"form": "x",
"pos": "u"}
}
,
{
"node": "l",
"frag": "x",
"id": "P335361.l075df",
"ref": "P335361.36.5",
"inst": "u",
"f": {"lang": "akk-x-neoass",
"form": "x",
"pos": "u"}
}
,
{
"node": "l",
"frag": "x]",
"id": "P335361.l075e0",
"ref": "P335361.36.6",
"inst": "u",
"f": {"lang": "akk-x-neoass",
"form": "x",
"pos": "u"}
}
,
{
"node": "l",
"frag": "{⸢lu₂v⸣}SUKKAL",
"id": "P335361.l075e1",
"ref": "P335361.36.7",
"inst": "šukkalli[vizier]N",
"exosig": "@saao/saa06%akk-x-neoass:{LU₂}SUKKAL=šukkallu[(a court official)//vizier]N'N$šukkalli",
"f": {"lang": "akk-x-neoass",
"form": "{LU₂}SUKKAL",
"cf": "šukkallu",
"gw": "(a court official)",
"sense": "vizier",
"norm": "šukkalli",
"pos": "N",
"epos": "N"}
}
,
{
"node": "l",
"frag": "02-u",
"id": "P335361.l075e2",
"ref": "P335361.36.8",
"inst": "šaniu[deputy]'N",
"exosig": "@saao/saa06%akk-x-neoass:02-u=šanû[second//deputy]NU'N$šaniu",
"f": {"lang": "akk-x-neoass",
"form": "02-u",
"cf": "šanû",
"gw": "second",
"sense": "deputy",
"norm": "šaniu",
"pos": "NU",
"epos": "N"}
}
,
{
"node": "l",
"frag": "IGI",
"id": "P335361.l075e3",
"ref": "P335361.36.9",
"inst": "šību[witness]N",
"exosig": "@saao/saa06%akk-x-neoass:IGI=šību[witness//witness]N'N$šību",
"f": {"lang": "akk-x-neoass",
"form": "IGI",
"cf": "šību",
"gw": "witness",
"sense": "witness",
"norm": "šību",
"pos": "N",
"epos": "N"}
}
,
{
"node": "l",
"frag": "{1}u₂-bar-bi-si",
"id": "P335361.l075e4",
"ref": "P335361.36.10",
"inst": "Ubarbisi[1]PN",
"sig": "@saao/saa06%akk-x-neoass:{1}u₂-bar-bi-si=Uarbisi[1//1]PN'PN$Ubarbisi",
"f": {"lang": "akk-x-neoass",
"form": "{1}u₂-bar-bi-si",
"cf": "Uarbisi",
"gw": "1",
"sense": "1",
"norm": "Ubarbisi",
"pos": "PN",
"epos": "PN"}
}
,
{
"node": "l",
"frag": "03-si-šu₂",
"id": "P335361.l075e5",
"ref": "P335361.36.11",
"inst": "tašlīšu[third man on chariot]N$tassīšu",
"exosig": "@saao/saa06%akk-x-neoass:03-si-šu₂=tašlīšu[third man on chariot//third man on chariot]N'N$tassīšu",
"f": {"lang": "akk-x-neoass",
"form": "03-si-šu₂",
"cf": "tašlīšu",
"gw": "third man on chariot",
"sense": "third man on chariot",
"norm": "tassīšu",
"pos": "N",
"epos": "N"}
}
,
{
"node": "l",
"frag": "[dan]-nu",
"id": "P335361.l075e6",
"ref": "P335361.36.12",
"inst": "dannu[strong]AJ",
"exosig": "@saao/saa06%akk-x-neoass:dan-nu=dannu[strong//strong]AJ'AJ$dannu",
"f": {"lang": "akk-x-neoass",
"form": "dan-nu",
"cf": "dannu",
"gw": "strong",
"sense": "strong",
"norm": "dannu",
"pos": "AJ",
"epos": "AJ"}
}
,
{
"node": "d",
"type": "line-start",
"ref": "P335361.37",
"n": "15",
"label": "r 15"}
,
{
"node": "l",
"frag": "[IGI",
"id": "P335361.l075e7",
"ref": "P335361.37.1",
"inst": "šību[witness]N",
"exosig": "@saao/saa06%akk-x-neoass:IGI=šību[witness//witness]N'N$šību",
"f": {"lang": "akk-x-neoass",
"form": "IGI",
"cf": "šību",
"gw": "witness",
"sense": "witness",
"norm": "šību",
"pos": "N",
"epos": "N"}
}
,
{
"node": "l",
"frag": "{1}{d}ŠU₂]-⸢MAN⸣-PAB",
"id": "P335361.l075e8",
"ref": "P335361.37.2",
"inst": "Marduk-šarru-uṣur[1]PN",
"exosig": "@saao/saa06%akk-x-neoass:{1}{d}ŠU₂-MAN-PAB=Marduk-šarru-uṣur[1//1]PN'PN$Marduk-šarru-uṣur",
"f": {"lang": "akk-x-neoass",
"form": "{1}{d}ŠU₂-MAN-PAB",
"cf": "Marduk-šarru-uṣur",
"gw": "1",
"sense": "1",
"norm": "Marduk-šarru-uṣur",
"pos": "PN",
"epos": "PN"}
}
,
{
"node": "l",
"frag": "A",
"id": "P335361.l075e9",
"ref": "P335361.37.3",
"inst": "mār[son]N",
"exosig": "@saao/saa06%akk-x-neoass:A=māru[son//son]N'N$mār",
"f": {"lang": "akk-x-neoass",
"form": "A",
"cf": "māru",
"gw": "son",
"sense": "son",
"norm": "mār",
"pos": "N",
"epos": "N"}
}
,
{
"node": "l",
"frag": "{1}gab-be₂-e",
"id": "P335361.l075ea",
"ref": "P335361.37.4",
"inst": "Gabbe[1]PN",
"exosig": "@saao/saa06%akk-x-neoass:{1}gab-be₂-e=Gabbe[1//1]PN'PN$Gabbe",
"f": {"lang": "akk-x-neoass",
"form": "{1}gab-be₂-e",
"cf": "Gabbe",
"gw": "1",
"sense": "1",
"norm": "Gabbe",
"pos": "PN",
"epos": "PN"}
}
,
{
"node": "d",
"type": "line-start",
"ref": "P335361.38",
"n": "16",
"label": "r 16"}
,
{
"node": "l",
"frag": "[IGI",
"id": "P335361.l075eb",
"ref": "P335361.38.1",
"inst": "šību[witness]N",
"exosig": "@saao/saa06%akk-x-neoass:IGI=šību[witness//witness]N'N$šību",
"f": {"lang": "akk-x-neoass",
"form": "IGI",
"cf": "šību",
"gw": "witness",
"sense": "witness",
"norm": "šību",
"pos": "N",
"epos": "N"}
}
,
{
"node": "l",
"frag": "{1}x",
"id": "P335361.l075ec",
"ref": "P335361.38.2",
"inst": "u",
"f": {"lang": "akk-x-neoass",
"form": "{1}x",
"pos": "u"}
}
,
{
"node": "l",
"frag": "x",
"id": "P335361.l075ed",
"ref": "P335361.38.3",
"inst": "u",
"f": {"lang": "akk-x-neoass",
"form": "x",
"pos": "u"}
}
,
{
"node": "l",
"frag": "x",
"id": "P335361.l075ee",
"ref": "P335361.38.4",
"inst": "u",
"f": {"lang": "akk-x-neoass",
"form": "x",
"pos": "u"}
}
,
{
"node": "l",
"frag": "x]",
"id": "P335361.l075ef",
"ref": "P335361.38.5",
"inst": "u",
"f": {"lang": "akk-x-neoass",
"form": "x",
"pos": "u"}
}
,
{
"node": "l",
"frag": "03-si-šu₂",
"id": "P335361.l075f0",
"ref": "P335361.38.6",
"inst": "tašlīšu[third man on chariot]N$tassīšu",
"exosig": "@saao/saa06%akk-x-neoass:03-si-šu₂=tašlīšu[third man on chariot//third man on chariot]N'N$tassīšu",
"f": {"lang": "akk-x-neoass",
"form": "03-si-šu₂",
"cf": "tašlīšu",
"gw": "third man on chariot",
"sense": "third man on chariot",
"norm": "tassīšu",
"pos": "N",
"epos": "N"}
}
,
{
"node": "l",
"frag": "IGI",
"id": "P335361.l075f1",
"ref": "P335361.38.7",
"inst": "šību[witness]N",
"exosig": "@saao/saa06%akk-x-neoass:IGI=šību[witness//witness]N'N$šību",
"f": {"lang": "akk-x-neoass",
"form": "IGI",
"cf": "šību",
"gw": "witness",
"sense": "witness",
"norm": "šību",
"pos": "N",
"epos": "N"}
}
,
{
"node": "l",
"frag": "{1}aš-šur-GIN-PAB",
"id": "P335361.l075f2",
"ref": "P335361.38.8",
"inst": "Aššur-kenu-uṣur[1]PN$",
"exosig": "@saao/saa06%akk-x-neoass:{1}aš-šur-GIN-PAB=Aššur-kenu-uṣur[1//1]PN'PN$Aššur-kenu-uṣur",
"f": {"lang": "akk-x-neoass",
"form": "{1}aš-šur-GIN-PAB",
"cf": "Aššur-kenu-uṣur",
"gw": "1",
"sense": "1",
"norm": "Aššur-kenu-uṣur",
"pos": "PN",
"epos": "PN"}
}
,
{
"node": "l",
"frag": "03-si-šu₂",
"id": "P335361.l075f3",
"ref": "P335361.38.9",
"inst": "tašlīšu[third man on chariot]N$tassīšu",
"exosig": "@saao/saa06%akk-x-neoass:03-si-šu₂=tašlīšu[third man on chariot//third man on chariot]N'N$tassīšu",
"f": {"lang": "akk-x-neoass",
"form": "03-si-šu₂",
"cf": "tašlīšu",
"gw": "third man on chariot",
"sense": "third man on chariot",
"norm": "tassīšu",
"pos": "N",
"epos": "N"}
}
,
{
"node": "d",
"type": "line-start",
"ref": "P335361.39",
"n": "17",
"label": "r 17"}
,
{
"node": "l",
"frag": "[IGI",
"id": "P335361.l075f4",
"ref": "P335361.39.1",
"inst": "šību[witness]N",
"exosig": "@saao/saa06%akk-x-neoass:IGI=šību[witness//witness]N'N$šību",
"f": {"lang": "akk-x-neoass",
"form": "IGI",
"cf": "šību",
"gw": "witness",
"sense": "witness",
"norm": "šību",
"pos": "N",
"epos": "N"}
}
,
{
"node": "l",
"frag": "{1}x",
"id": "P335361.l075f5",
"ref": "P335361.39.2",
"inst": "u",
"f": {"lang": "akk-x-neoass",
"form": "{1}x",
"pos": "u"}
}
,
{
"node": "l",
"frag": "x",
"id": "P335361.l075f6",
"ref": "P335361.39.3",
"inst": "u",
"f": {"lang": "akk-x-neoass",
"form": "x",
"pos": "u"}
}
,
{
"node": "l",
"frag": "x",
"id": "P335361.l075f7",
"ref": "P335361.39.4",
"inst": "u",
"f": {"lang": "akk-x-neoass",
"form": "x",
"pos": "u"}
}
,
{
"node": "l",
"frag": "x",
"id": "P335361.l075f8",
"ref": "P335361.39.5",
"inst": "u",
"f": {"lang": "akk-x-neoass",
"form": "x",
"pos": "u"}
}
,
{
"node": "l",
"frag": "03-⸢si⸣-šu₂",
"id": "P335361.l075f9",
"ref": "P335361.39.6",
"inst": "tašlīšu[third man on chariot]N$tassīšu",
"exosig": "@saao/saa06%akk-x-neoass:03-si-šu₂=tašlīšu[third man on chariot//third man on chariot]N'N$tassīšu",
"f": {"lang": "akk-x-neoass",
"form": "03-si-šu₂",
"cf": "tašlīšu",
"gw": "third man on chariot",
"sense": "third man on chariot",
"norm": "tassīšu",
"pos": "N",
"epos": "N"}
}
,
{
"node": "l",
"frag": "IGI",
"id": "P335361.l075fa",
"ref": "P335361.39.7",
"inst": "šību[witness]N",
"exosig": "@saao/saa06%akk-x-neoass:IGI=šību[witness//witness]N'N$šību",
"f": {"lang": "akk-x-neoass",
"form": "IGI",
"cf": "šību",
"gw": "witness",
"sense": "witness",
"norm": "šību",
"pos": "N",
"epos": "N"}
}
,
{
"node": "l",
"frag": "{1}man-nu-ki-aš-šur",
"id": "P335361.l075fb",
"ref": "P335361.39.8",
"inst": "Mannu-ki-Aššur[1]PN",
"exosig": "@saao/saa06%akk-x-neoass:{1}man-nu-ki-aš-šur=Mannu-ki-Aššur[1//1]PN'PN$Mannu-ki-Aššur",
"f": {"lang": "akk-x-neoass",
"form": "{1}man-nu-ki-aš-šur",
"cf": "Mannu-ki-Aššur",
"gw": "1",
"sense": "1",
"norm": "Mannu-ki-Aššur",
"pos": "PN",
"epos": "PN"}
}
,
{
"node": "d",
"type": "line-start",
"ref": "P335361.40",
"n": "18",
"label": "r 18"}
,
{
"node": "c",
"type": "phrase",
"tag": "phr",
"id": "P335361.U17",
"ref": "P335361.ls0000d",
"cdl": [
{
"node": "l",
"frag": "{[lu₂v}DIB-a-pa-te]",
"id": "P335361.l075fc",
"ref": "P335361.40.1",
"cof-tails": "P335361.l075fd",
"inst": "mukillu[holder]N$mukīl&appatu[bridle]N$appāte",
"exosig": "@saao/saa06%akk-x-neoass:{LU₂}DIB-a-pa-te=mukillu[holder//holder]N'N$mukīl&&@saao%akk-x-neoass:=appatu[bridle//bridle]N'N$appāte",
"f": {"lang": "akk-x-neoass",
"form": "{LU₂}DIB-a-pa-te",
"cf": "mukillu",
"gw": "holder",
"sense": "holder",
"norm": "mukīl",
"pos": "N",
"epos": "N"}
}
,
{
"node": "l",
"frag": "{[lu₂v}DIB-a-pa-te]",
"id": "P335361.l075fd",
"ref": "P335361.40.1",
"cof-head": "P335361.l075fc",
"inst": "mukillu[holder]N$mukīl&appatu[bridle]N$appāte",
"tail-sig": "@saao%akk-x-neoass:=appatu[bridle//bridle]N'N$appāte",
"f": {"lang": "akk-x-neoass",
"form": "{LU₂}DIB-a-pa-te",
"cf": "appatu",
"gw": "bridle",
"sense": "bridle",
"norm": "appāte",
"pos": "N",
"epos": "N"}
}
]}
,
{
"node": "l",
"frag": "⸢ša⸣",
"id": "P335361.l075fe",
"ref": "P335361.40.2",
"inst": "ša[of]DET",
"exosig": "@saao/saa06%akk-x-neoass:ša=ša[of//of]DET'DET$ša",
"f": {"lang": "akk-x-neoass",
"form": "ša",
"cf": "ša",
"gw": "of",
"sense": "of",
"norm": "ša",
"pos": "DET",
"epos": "DET"}
}
,
{
"node": "c",
"type": "phrase",
"tag": "phr",
"id": "P335361.U18",
"ref": "P335361.ls0000e",
"cdl": [
{
"node": "l",
"frag": "DUMU-LUGAL",
"id": "P335361.l075ff",
"ref": "P335361.40.3",
"cof-tails": "P335361.l07600",
"inst": "māru[son]N$mār&šarru[king]N$šarri",
"exosig": "@saao/saa06%akk-x-neoass:DUMU-LUGAL=māru[son//son]N'N$mār&&@saao%akk-x-neoass:=šarru[king//king]N'N$šarri",
"f": {"lang": "akk-x-neoass",
"form": "DUMU-LUGAL",
"cf": "māru",
"gw": "son",
"sense": "son",
"norm": "mār",
"pos": "N",
"epos": "N"}
}
,
{
"node": "l",
"frag": "DUMU-LUGAL",
"id": "P335361.l07600",
"ref": "P335361.40.3",
"cof-head": "P335361.l075ff",
"inst": "māru[son]N$mār&šarru[king]N$šarri",
"tail-sig": "@saao%akk-x-neoass:=šarru[king//king]N'N$šarri",
"f": {"lang": "akk-x-neoass",
"form": "DUMU-LUGAL",
"cf": "šarru",
"gw": "king",
"sense": "king",
"norm": "šarri",
"pos": "N",
"epos": "N"}
}
]}
,
{
"node": "d",
"type": "line-start",
"ref": "P335361.41",
"n": "19",
"label": "r 19"}
,
{
"node": "l",
"frag": "[IGI",
"id": "P335361.l07601",
"ref": "P335361.41.1",
"inst": "šību[witness]N",
"exosig": "@saao/saa06%akk-x-neoass:IGI=šību[witness//witness]N'N$šību",
"f": {"lang": "akk-x-neoass",
"form": "IGI",
"cf": "šību",
"gw": "witness",
"sense": "witness",
"norm": "šību",
"pos": "N",
"epos": "N"}
}
,
{
"node": "l",
"frag": "{1}{d}ša₂-maš-MAN-PAB",
"id": "P335361.l07602",
"ref": "P335361.41.2",
"inst": "Šamaš-šarru-uṣur[1]PN",
"exosig": "@saao/saa06%akk-x-neoass:{1}{d}ša₂-maš-MAN-PAB=Šamaš-šarru-uṣur[1//1]PN'PN$Šamaš-šarru-uṣur",
"f": {"lang": "akk-x-neoass",
"form": "{1}{d}ša₂-maš-MAN-PAB",
"cf": "Šamaš-šarru-uṣur",
"gw": "1",
"sense": "1",
"norm": "Šamaš-šarru-uṣur",
"pos": "PN",
"epos": "PN"}
}
,
{
"node": "c",
"type": "phrase",
"tag": "phr",
"id": "P335361.U19",
"ref": "P335361.ls0000f",
"cdl": [
{
"node": "l",
"frag": "DIB-a-pa]-te",
"id": "P335361.l07603",
"ref": "P335361.41.3",
"cof-tails": "P335361.l07604",
"inst": "mukillu[holder]N$mukīl&appatu[bridle]N$appāte",
"exosig": "@saao/saa06%akk-x-neoass:DIB-a-pa-te=mukillu[holder//holder]N'N$mukīl&&@saao%akk-x-neoass:=appatu[bridle//bridle]N'N$appāte",
"f": {"lang": "akk-x-neoass",
"form": "DIB-a-pa-te",
"cf": "mukillu",
"gw": "holder",
"sense": "holder",
"norm": "mukīl",
"pos": "N",
"epos": "N"}
}
,
{
"node": "l",
"frag": "DIB-a-pa]-te",
"id": "P335361.l07604",
"ref": "P335361.41.3",
"cof-head": "P335361.l07603",
"inst": "mukillu[holder]N$mukīl&appatu[bridle]N$appāte",
"tail-sig": "@saao%akk-x-neoass:=appatu[bridle//bridle]N'N$appāte",
"f": {"lang": "akk-x-neoass",
"form": "DIB-a-pa-te",
"cf": "appatu",
"gw": "bridle",
"sense": "bridle",
"norm": "appāte",
"pos": "N",
"epos": "N"}
}
]}
,
{
"node": "l",
"frag": "IGI",
"id": "P335361.l07605",
"ref": "P335361.41.4",
"inst": "šību[witness]N",
"exosig": "@saao/saa06%akk-x-neoass:IGI=šību[witness//witness]N'N$šību",
"f": {"lang": "akk-x-neoass",
"form": "IGI",
"cf": "šību",
"gw": "witness",
"sense": "witness",
"norm": "šību",
"pos": "N",
"epos": "N"}
}
,
{
"node": "l",
"frag": "{1}bar-ruq",
"id": "P335361.l07606",
"ref": "P335361.41.5",
"inst": "Barruq[1]PN",
"exosig": "@saao/saa06%akk-x-neoass:{1}bar-ruq=Barruqu[1//1]PN'PN$Barruq",
"f": {"lang": "akk-x-neoass",
"form": "{1}bar-ruq",
"cf": "Barruqu",
"gw": "1",
"sense": "1",
"norm": "Barruq",
"pos": "PN",
"epos": "PN"}
}
,
{
"node": "l",
"frag": "KI.MIN",
"id": "P335361.l07607",
"ref": "P335361.41.6",
"inst": "šanīš[ditto]AV",
"exosig": "@saao/saa06%akk-x-neoass:KI.MIN=šanîš[otherwise//ditto]AV'AV$šanīš",
"f": {"lang": "akk-x-neoass",
"form": "KI.MIN",
"cf": "šanîš",
"gw": "otherwise",
"sense": "ditto",
"norm": "šanīš",
"pos": "AV",
"epos": "AV"}
}
,
{
"node": "d",
"type": "line-start",
"ref": "P335361.42",
"n": "20",
"label": "r 20"}
,
{
"node": "l",
"frag": "[IGI",
"id": "P335361.l07608",
"ref": "P335361.42.1",
"inst": "šību[witness]N",
"exosig": "@saao/saa06%akk-x-neoass:IGI=šību[witness//witness]N'N$šību",
"f": {"lang": "akk-x-neoass",
"form": "IGI",
"cf": "šību",
"gw": "witness",
"sense": "witness",
"norm": "šību",
"pos": "N",
"epos": "N"}
}
,
{
"node": "l",
"frag": "{1}{d}PA-še-zib",
"id": "P335361.l07609",
"ref": "P335361.42.2",
"inst": "Nabu-šezib[1]PN",
"exosig": "@saao/saa06%akk-x-neoass:{1}{d}PA-še-zib=Nabu-šezib[1//1]PN'PN$Nabu-šezib",
"f": {"lang": "akk-x-neoass",
"form": "{1}{d}PA-še-zib",
"cf": "Nabu-šezib",
"gw": "1",
"sense": "1",
"norm": "Nabu-šezib",
"pos": "PN",
"epos": "PN"}
}
,
{
"node": "l",
"frag": "KI.MIN",
"id": "P335361.l0760a",
"ref": "P335361.42.3",
"inst": "šanīš[ditto]AV",
"exosig": "@saao/saa06%akk-x-neoass:KI.MIN=šanîš[otherwise//ditto]AV'AV$šanīš",
"f": {"lang": "akk-x-neoass",
"form": "KI.MIN",
"cf": "šanîš",
"gw": "otherwise",
"sense": "ditto",
"norm": "šanīš",
"pos": "AV",
"epos": "AV"}
}
,
{
"node": "l",
"frag": "IGI",
"id": "P335361.l0760b",
"ref": "P335361.42.4",
"inst": "šību[witness]N",
"exosig": "@saao/saa06%akk-x-neoass:IGI=šību[witness//witness]N'N$šību",
"f": {"lang": "akk-x-neoass",
"form": "IGI",
"cf": "šību",
"gw": "witness",
"sense": "witness",
"norm": "šību",
"pos": "N",
"epos": "N"}
}
,
{
"node": "l",
"frag": "{1}NUMUN-GIN",
"id": "P335361.l0760c",
"ref": "P335361.42.5",
"inst": "Zeru-ken[1]PN",
"exosig": "@saao/saa06%akk-x-neoass:{1}NUMUN-GIN=Zeru-ken[1//1]PN'PN$Zeru-ken",
"f": {"lang": "akk-x-neoass",
"form": "{1}NUMUN-GIN",
"cf": "Zeru-ken",
"gw": "1",
"sense": "1",
"norm": "Zeru-ken",
"pos": "PN",
"epos": "PN"}
}
,
{
"node": "l",
"frag": "KI.MIN",
"id": "P335361.l0760d",
"ref": "P335361.42.6",
"inst": "šanīš[ditto]AV",
"exosig": "@saao/saa06%akk-x-neoass:KI.MIN=šanîš[otherwise//ditto]AV'AV$šanīš",
"f": {"lang": "akk-x-neoass",
"form": "KI.MIN",
"cf": "šanîš",
"gw": "otherwise",
"sense": "ditto",
"norm": "šanīš",
"pos": "AV",
"epos": "AV"}
}
,
{
"node": "d",
"type": "line-start",
"ref": "P335361.43",
"n": "21",
"label": "r 21"}
,
{
"node": "l",
"frag": "[IGI",
"id": "P335361.l0760e",
"ref": "P335361.43.1",
"inst": "šību[witness]N",
"exosig": "@saao/saa06%akk-x-neoass:IGI=šību[witness//witness]N'N$šību",
"f": {"lang": "akk-x-neoass",
"form": "IGI",
"cf": "šību",
"gw": "witness",
"sense": "witness",
"norm": "šību",
"pos": "N",
"epos": "N"}
}
,
{
"node": "l",
"frag": "{1}{d}PA-SU",
"id": "P335361.l0760f",
"ref": "P335361.43.2",
"inst": "Nabu-eriba[1]PN",
"exosig": "@saao/saa06%akk-x-neoass:{1}{d}PA-SU=Nabu-eriba[1//1]PN'PN$Nabu-eriba",
"f": {"lang": "akk-x-neoass",
"form": "{1}{d}PA-SU",
"cf": "Nabu-eriba",
"gw": "1",
"sense": "1",
"norm": "Nabu-eriba",
"pos": "PN",
"epos": "PN"}
}
,
{
"node": "l",
"frag": "{lu₂v}02-u",
"id": "P335361.l07610",
"ref": "P335361.43.3",
"inst": "šaniu[deputy]'N",
"exosig": "@saao/saa06%akk-x-neoass:{LU₂}02-u=šanû[second//deputy]NU'N$šaniu",
"f": {"lang": "akk-x-neoass",
"form": "{LU₂}02-u",
"cf": "šanû",
"gw": "second",
"sense": "deputy",
"norm": "šaniu",
"pos": "NU",
"epos": "N"}
}
,
{
"node": "l",
"frag": "ša",
"id": "P335361.l07611",
"ref": "P335361.43.4",
"inst": "ša[of]DET",
"exosig": "@saao/saa06%akk-x-neoass:ša=ša[of//of]DET'DET$ša",
"f": {"lang": "akk-x-neoass",
"form": "ša",
"cf": "ša",
"gw": "of",
"sense": "of",
"norm": "ša",
"pos": "DET",
"epos": "DET"}
}
,
{
"node": "l",
"frag": "GAL]-u₂-rat-MEŠ",
"id": "P335361.l07612",
"ref": "P335361.43.5",
"cof-tails": "P335361.l07613",
"inst": "+rabû[big one]N$rab&+urû[team]N$urāti",
"exosig": "@saao/saa06%akk-x-neoass:GAL-u₂-rat-MEŠ=rabû[big one//big one]N'N$rab&&@saao/saa06%akk-x-neoass:GAL-u₂-rat-MEŠ=urû[team//team]N'N$urāti",
"f": {"lang": "akk-x-neoass",
"form": "GAL-u₂-rat-MEŠ",
"cf": "rabû",
"gw": "big one",
"sense": "big one",
"norm": "rab",
"pos": "N",
"epos": "N"}
}
,
{
"node": "l",
"frag": "GAL]-u₂-rat-MEŠ",
"id": "P335361.l07613",
"ref": "P335361.43.5",
"cof-head": "P335361.l07612",
"inst": "+rabû[big one]N$rab&+urû[team]N$urāti",
"f": {"lang": "akk-x-neoass",
"form": "GAL-u₂-rat-MEŠ",
"cf": "urû",
"gw": "team",
"sense": "team",
"norm": "urāti",
"pos": "N",
"epos": "N"}
}
,
{
"node": "d",
"type": "line-start",
"ref": "P335361.44",
"n": "22",
"label": "r 22"}
,
{
"node": "l",
"frag": "[IGI",
"id": "P335361.l07614",
"ref": "P335361.44.1",
"inst": "šību[witness]N",
"exosig": "@saao/saa06%akk-x-neoass:IGI=šību[witness//witness]N'N$šību",
"f": {"lang": "akk-x-neoass",
"form": "IGI",
"cf": "šību",
"gw": "witness",
"sense": "witness",
"norm": "šību",
"pos": "N",
"epos": "N"}
}
,
{
"node": "l",
"frag": "{1}x",
"id": "P335361.l07615",
"ref": "P335361.44.2",
"inst": "u",
"f": {"lang": "akk-x-neoass",
"form": "{1}x",
"pos": "u"}
}
,
{
"node": "l",
"frag": "x",
"id": "P335361.l07616",
"ref": "P335361.44.3",
"inst": "u",
"f": {"lang": "akk-x-neoass",
"form": "x",
"pos": "u"}
}
,
{
"node": "l",
"frag": "x",
"id": "P335361.l07617",
"ref": "P335361.44.4",
"inst": "u",
"f": {"lang": "akk-x-neoass",
"form": "x",
"pos": "u"}
}
,
{
"node": "l",
"frag": "x",
"id": "P335361.l07618",
"ref": "P335361.44.5",
"inst": "u",
"f": {"lang": "akk-x-neoass",
"form": "x",
"pos": "u"}
}
,
{
"node": "l",
"frag": "x",
"id": "P335361.l07619",
"ref": "P335361.44.6",
"inst": "u",
"f": {"lang": "akk-x-neoass",
"form": "x",
"pos": "u"}
}
,
{
"node": "l",
"frag": "x",
"id": "P335361.l0761a",
"ref": "P335361.44.7",
"inst": "u",
"f": {"lang": "akk-x-neoass",
"form": "x",
"pos": "u"}
}
,
{
"node": "l",
"frag": "x",
"id": "P335361.l0761b",
"ref": "P335361.44.8",
"inst": "u",
"f": {"lang": "akk-x-neoass",
"form": "x",
"pos": "u"}
}
,
{
"node": "l",
"frag": "x",
"id": "P335361.l0761c",
"ref": "P335361.44.9",
"inst": "u",
"f": {"lang": "akk-x-neoass",
"form": "x",
"pos": "u"}
}
,
{
"node": "l",
"frag": "x]+⸢x⸣",
"id": "P335361.l0761d",
"ref": "P335361.44.10",
"inst": "u",
"f": {"lang": "akk-x-neoass",
"form": "x+x",
"pos": "u"}
}
,
{
"node": "d",
"type": "line-start",
"ref": "P335361.45",
"n": "23",
"label": "r 23"}
,
{
"node": "l",
"frag": "[IGI",
"id": "P335361.l0761e",
"ref": "P335361.45.1",
"inst": "šību[witness]N",
"exosig": "@saao/saa06%akk-x-neoass:IGI=šību[witness//witness]N'N$šību",
"f": {"lang": "akk-x-neoass",
"form": "IGI",
"cf": "šību",
"gw": "witness",
"sense": "witness",
"norm": "šību",
"pos": "N",
"epos": "N"}
}
,
{
"node": "l",
"frag": "{1}man-nu-ki-{uru}KASKAL",
"id": "P335361.l0761f",
"ref": "P335361.45.2",
"inst": "Mannu-ki-Harran[1]PN",
"exosig": "@saao/saa06%akk-x-neoass:{1}man-nu-ki-{URU}KASKAL=Mannu-ki-Harran[1//1]PN'PN$Mannu-ki-Harran",
"f": {"lang": "akk-x-neoass",
"form": "{1}man-nu-ki-{URU}KASKAL",
"cf": "Mannu-ki-Harran",
"gw": "1",
"sense": "1",
"norm": "Mannu-ki-Harran",
"pos": "PN",
"epos": "PN"}
}
,
{
"node": "c",
"type": "phrase",
"tag": "phr",
"id": "P335361.U20",
"ref": "P335361.ls00010",
"cdl": [
{
"node": "l",
"frag": "{lu₂v}{giš]}⸢GIGIR⸣-DU₈-MEŠ",
"id": "P335361.l07620",
"ref": "P335361.45.3",
"cof-tails": "P335361.l07621",
"inst": "šušānu[horse-trainer]N$sūsān&ša-pattūti[open chariot]N$",
"exosig": "@saao/saa06%akk-x-neoass:{LU₂}{GIŠ}GIGIR-DU₈-MEŠ=šušānu[horse-trainer//horse-trainer]N'N$sūsān&&@saao%akk-x-neoass:=ša-pattūti[open chariot//open chariot]N'N$ša-pattūti",
"f": {"lang": "akk-x-neoass",
"form": "{LU₂}{GIŠ}GIGIR-DU₈-MEŠ",
"cf": "šušānu",
"gw": "horse-trainer",
"sense": "horse-trainer",
"norm": "sūsān",
"pos": "N",
"epos": "N"}
}
,
{
"node": "l",
"frag": "{lu₂v}{giš]}⸢GIGIR⸣-DU₈-MEŠ",
"id": "P335361.l07621",
"ref": "P335361.45.3",
"cof-head": "P335361.l07620",
"inst": "šušānu[horse-trainer]N$sūsān&ša-pattūti[open chariot]N$",
"tail-sig": "@saao%akk-x-neoass:=ša-pattūti[open chariot//open chariot]N'N$ša-pattūti",
"f": {"lang": "akk-x-neoass",
"form": "{LU₂}{GIŠ}GIGIR-DU₈-MEŠ",
"cf": "ša-pattūti",
"gw": "open chariot",
"sense": "open chariot",
"norm": "ša-pattūti",
"pos": "N",
"epos": "N"}
}
]}
,
{
"node": "d",
"type": "line-start",
"ref": "P335361.46",
"n": "24",
"label": "r 24"}
,
{
"node": "l",
"frag": "[IGI",
"id": "P335361.l07622",
"ref": "P335361.46.1",
"inst": "šību[witness]N",
"exosig": "@saao/saa06%akk-x-neoass:IGI=šību[witness//witness]N'N$šību",
"f": {"lang": "akk-x-neoass",
"form": "IGI",
"cf": "šību",
"gw": "witness",
"sense": "witness",
"norm": "šību",
"pos": "N",
"epos": "N"}
}
,
{
"node": "l",
"frag": "{1}x",
"id": "P335361.l07623",
"ref": "P335361.46.2",
"inst": "u",
"f": {"lang": "akk-x-neoass",
"form": "{1}x",
"pos": "u"}
}
,
{
"node": "l",
"frag": "x",
"id": "P335361.l07624",
"ref": "P335361.46.3",
"inst": "u",
"f": {"lang": "akk-x-neoass",
"form": "x",
"pos": "u"}
}
,
{
"node": "l",
"frag": "x",
"id": "P335361.l07625",
"ref": "P335361.46.4",
"inst": "u",
"f": {"lang": "akk-x-neoass",
"form": "x",
"pos": "u"}
}
,
{
"node": "l",
"frag": "x",
"id": "P335361.l07626",
"ref": "P335361.46.5",
"inst": "u",
"f": {"lang": "akk-x-neoass",
"form": "x",
"pos": "u"}
}
,
{
"node": "l",
"frag": "x",
"id": "P335361.l07627",
"ref": "P335361.46.6",
"inst": "u",
"f": {"lang": "akk-x-neoass",
"form": "x",
"pos": "u"}
}
,
{
"node": "l",
"frag": "x",
"id": "P335361.l07628",
"ref": "P335361.46.7",
"inst": "u",
"f": {"lang": "akk-x-neoass",
"form": "x",
"pos": "u"}
}
,
{
"node": "l",
"frag": "x",
"id": "P335361.l07629",
"ref": "P335361.46.8",
"inst": "u",
"f": {"lang": "akk-x-neoass",
"form": "x",
"pos": "u"}
}
,
{
"node": "l",
"frag": "x",
"id": "P335361.l0762a",
"ref": "P335361.46.9",
"inst": "u",
"f": {"lang": "akk-x-neoass",
"form": "x",
"pos": "u"}
}
,
{
"node": "l",
"frag": "x",
"id": "P335361.l0762b",
"ref": "P335361.46.10",
"inst": "u",
"f": {"lang": "akk-x-neoass",
"form": "x",
"pos": "u"}
}
,
{
"node": "l",
"frag": "x",
"id": "P335361.l0762c",
"ref": "P335361.46.11",
"inst": "u",
"f": {"lang": "akk-x-neoass",
"form": "x",
"pos": "u"}
}
,
{
"node": "l",
"frag": "x",
"id": "P335361.l0762d",
"ref": "P335361.46.12",
"inst": "u",
"f": {"lang": "akk-x-neoass",
"form": "x",
"pos": "u"}
}
,
{
"node": "l",
"frag": "x]+⸢x⸣",
"id": "P335361.l0762e",
"ref": "P335361.46.13",
"inst": "u",
"f": {"lang": "akk-x-neoass",
"form": "x+x",
"pos": "u"}
}
,
{
"node": "d",
"type": "nonx",
"ref": "P335361.47",
"strict": "0",
"extent": "rest",
"state": "missing"}
]}
]}
]}
,
{
"linkbase": [{
"type": "linkset",
"xlink_title": "hūl šarri[royal road//royal road]N'N",
"id": "P335361.ls00000",
"xlink_type": "extended",
"xlink_role": "psu",
"sig": "{hūlu[way]N šarru[king]N += hūl šarri[royal road//royal road]N'N}::@saao%akk-x-neoass:KASKAL.2-LUGAL=hūlu[way//way]N'N$hūl++@saao%akk-x-neoass:KASKAL.2-LUGAL=šarru[king//king]N'N$šarri",
"links": [
{
"type": "link",
"xlink_title": "hūlu",
"xlink_type": "locator",
"xlink_href": "#P335361.l0755d",
"xlink_role": "elt"}
,
{
"type": "link",
"xlink_title": "šarru",
"xlink_type": "locator",
"xlink_href": "#P335361.l0755e",
"xlink_role": "elt"}
]}
,
{
"type": "linkset",
"xlink_title": "mukīl appāti[chariot driver//chariot driver]N'N",
"id": "P335361.ls00001",
"xlink_type": "extended",
"xlink_role": "psu",
"sig": "{mukillu[holder]N appatu[bridle]N += mukīl appāti[chariot driver//chariot driver]N'N}::@saao%akk-x-neoass:DIB-PA-MEŠ=mukillu[holder//holder]N'N$mukīl++@saao%akk-x-neoass:DIB-PA-MEŠ=appatu[bridle//bridle]N'N$appāte",
"links": [
{
"type": "link",
"xlink_title": "mukillu",
"xlink_type": "locator",
"xlink_href": "#P335361.l07572",
"xlink_role": "elt"}
,
{
"type": "link",
"xlink_title": "appatu",
"xlink_type": "locator",
"xlink_href": "#P335361.l07573",
"xlink_role": "elt"}
]}
,
{
"type": "linkset",
"xlink_title": "ina libbi[in//(in exchange) for]PRP'PRP",
"id": "P335361.ls00002",
"xlink_type": "extended",
"xlink_role": "psu",
"sig": "{ina[in]PRP libbu[interior]N += ina libbi[in//(in exchange) for]PRP'PRP}::@saao%akk-x-neoass:ina=ina[in//into]PRP'PRP$ina++@saao%akk-x-neoass:ŠA₃-bi=libbu[interior//interior]N'N$libbi",
"links": [
{
"type": "link",
"xlink_title": "ina",
"xlink_type": "locator",
"xlink_href": "#P335361.l07579",
"xlink_role": "elt"}
,
{
"type": "link",
"xlink_title": "libbi",
"xlink_type": "locator",
"xlink_href": "#P335361.l0757a",
"xlink_role": "elt"}
]}
,
{
"type": "linkset",
"xlink_title": "ištu pān[from//because of]PRP'PRP",
"id": "P335361.ls00003",
"xlink_type": "extended",
"xlink_role": "psu",
"sig": "{ištu[from]PRP pānu[front]N += ištu pān[from//because of]PRP'PRP}::@saao%akk-x-neoass:TA@v=ištu[from//from]PRP'PRP$issu++@saao%akk-x-neoass:IGI=pānu[front//front]N'N$pān",
"links": [
{
"type": "link",
"xlink_title": "issu",
"xlink_type": "locator",
"xlink_href": "#P335361.l07581",
"xlink_role": "elt"}
,
{
"type": "link",
"xlink_title": "pān",
"xlink_type": "locator",
"xlink_href": "#P335361.l07582",
"xlink_role": "elt"}
]}
,
{
"type": "linkset",
"xlink_title": "ištu pān[from//because of]PRP'PRP",
"id": "P335361.ls00004",
"xlink_type": "extended",
"xlink_role": "psu",
"sig": "{ištu[from]PRP pānu[front]N += ištu pān[from//because of]PRP'PRP}::@saao%akk-x-neoass:TA@v=ištu[from//from]PRP'PRP$issu++@saao%akk-x-neoass:IGI=pānu[front//front]N'N$pān",
"links": [
{
"type": "link",
"xlink_title": "issu",
"xlink_type": "locator",
"xlink_href": "#P335361.l07584",
"xlink_role": "elt"}
,
{
"type": "link",
"xlink_title": "pān",
"xlink_type": "locator",
"xlink_href": "#P335361.l07585",
"xlink_role": "elt"}
]}
,
{
"type": "linkset",
"xlink_title": "ištu pān[from//because of]PRP'PRP",
"id": "P335361.ls00005",
"xlink_type": "extended",
"xlink_role": "psu",
"sig": "{ištu[from]PRP pānu[front]N += ištu pān[from//because of]PRP'PRP}::@saao%akk-x-neoass:TA@v=ištu[from//from]PRP'PRP$issu++@saao%akk-x-neoass:IGI=pānu[front//front]N'N$pān",
"links": [
{
"type": "link",
"xlink_title": "issu",
"xlink_type": "locator",
"xlink_href": "#P335361.l07587",
"xlink_role": "elt"}
,
{
"type": "link",
"xlink_title": "pān",
"xlink_type": "locator",
"xlink_href": "#P335361.l07588",
"xlink_role": "elt"}
]}
,
{
"type": "linkset",
"xlink_title": "ina urkiš[in the future//in the future]AV'AV",
"id": "P335361.ls00006",
"xlink_type": "extended",
"xlink_role": "psu",
"sig": "{ina[in]PRP urkiš[later]AV += ina urkiš[in the future//in the future]AV'AV}::@saao%akk-x-neoass:ina=ina[in//into]PRP'PRP$ina++@saao%akk-x-neoass:ur-kiš-ši=urkiš[later//later]AV'AV$urkišši",
"links": [
{
"type": "link",
"xlink_title": "ina",
"xlink_type": "locator",
"xlink_href": "#P335361.l07599",
"xlink_role": "elt"}
,
{
"type": "link",
"xlink_title": "urkišši",
"xlink_type": "locator",
"xlink_href": "#P335361.l0759a",
"xlink_role": "elt"}
]}
,
{
"type": "linkset",
"xlink_title": "ina matīma[whenever//whenever]XP'XP",
"id": "P335361.ls00007",
"xlink_type": "extended",
"xlink_role": "psu",
"sig": "{ina[in]PRP matīma[ever]AV += ina matīma[whenever//whenever]XP'XP}::@saao%akk-x-neoass:ina=ina[in//into]PRP'PRP$ina++@saao%akk-x-neoass:ma-te-ma=matīma[ever//ever]AV'AV$matēma",
"links": [
{
"type": "link",
"xlink_title": "ina",
"xlink_type": "locator",
"xlink_href": "#P335361.l0759b",
"xlink_role": "elt"}
,
{
"type": "link",
"xlink_title": "matīma",
"xlink_type": "locator",
"xlink_href": "#P335361.l0759c",
"xlink_role": "elt"}
]}
,
{
"type": "linkset",
"xlink_title": "mār māri[grandson//grandson]N'N",
"id": "P335361.ls00008",
"xlink_type": "extended",
"xlink_role": "psu",
"sig": "{DUMU-DUMU-MEŠ-šu₂-nu = māru[son]N māru[son]N += mār māri[grandson//grandson]N'N}::@saao/saa10%akk-x-neoass:DUMU-DUMU-MEŠ-šu₂-nu=māru[son//son]N'N$mār++@saao/saa10%akk-x-neoass:DUMU-DUMU-MEŠ-šu₂-nu=māru[son//son]N'N$marʾēšunu",
"links": [
{
"type": "link",
"xlink_title": "māru",
"xlink_type": "locator",
"xlink_href": "#P335361.l075a4",
"xlink_role": "elt"}
,
{
"type": "link",
"xlink_title": "māru",
"xlink_type": "locator",
"xlink_href": "#P335361.l075a5",
"xlink_role": "elt"}
]}
,
{
"type": "linkset",
"xlink_title": "mār ahi[nephew//nephew]N'N",
"id": "P335361.ls00009",
"xlink_type": "extended",
"xlink_role": "psu",
"sig": "{māru[son]N ahu[brother]N += mār ahi[nephew//nephew]N'N}::@saao%akk-x-neoass:DUMU-šu₂=māru[son//son]N'N$māršu++@saao%akk-x-neoass:PAB-šu₂=ahu[brother//brother]N'N$ahūšu",
"links": [
{
"type": "link",
"xlink_title": "māru",
"xlink_type": "locator",
"xlink_href": "#P335361.l075a7",
"xlink_role": "elt"}
,
{
"type": "link",
"xlink_title": "ahu",
"xlink_type": "locator",
"xlink_href": "#P335361.l075a8",
"xlink_role": "elt"}
]}
,
{
"type": "linkset",
"xlink_title": "mukīl appāti[chariot driver//chariot driver]N'N",
"id": "P335361.ls0000a",
"xlink_type": "extended",
"xlink_role": "psu",
"sig": "{mukillu[holder]N appatu[bridle]N += mukīl appāti[chariot driver//chariot driver]N'N}::@saao%akk-x-neoass:{LU₂}mu-kil-{KUŠ}a-pa-te=mukillu[holder//holder]N'N$mukīl++@saao%akk-x-neoass:{LU₂}mu-kil-{KUŠ}a-pa-te=appatu[bridle//bridle]N'N$appāte",
"links": [
{
"type": "link",
"xlink_title": "mukillu",
"xlink_type": "locator",
"xlink_href": "#P335361.l075b2",
"xlink_role": "elt"}
,
{
"type": "link",
"xlink_title": "appatu",
"xlink_type": "locator",
"xlink_href": "#P335361.l075b3",
"xlink_role": "elt"}
]}
,
{
"type": "linkset",
"xlink_title": "mār māri[grandson//grandson]N'N",
"id": "P335361.ls0000b",
"xlink_type": "extended",
"xlink_role": "psu",
"sig": "{māru[son]N māru[son]N += mār māri[grandson//grandson]N'N}::@saao%akk-x-neoass:DUMU-šu₂=māru[son//son]N'N$māršu++@saao%akk-x-neoass:DUMU-DUMU-šu₂=māru[son//son]N'N$mār",
"links": [
{
"type": "link",
"xlink_title": "māru",
"xlink_type": "locator",
"xlink_href": "#P335361.l075b7",
"xlink_role": "elt"}
,
{
"type": "link",
"xlink_title": "māru",
"xlink_type": "locator",
"xlink_href": "#P335361.l075b8",
"xlink_role": "elt"}
]}
,
{
"type": "linkset",
"xlink_title": "ana ešriāti[tenfold//tenfold]AV'AV",
"id": "P335361.ls0000c",
"xlink_type": "extended",
"xlink_role": "psu",
"sig": "{ana[to]PRP ešriātu[tenfold]AV += ana ešriāti[tenfold//tenfold]AV'AV}::@saao%akk-x-neoass:a-na=ana[to//to]PRP'PRP$ana++@saao%akk-x-neoass:10-MEŠ-te=ešriātu[tenfold//tenfold]AV'AV$ešrāte",
"links": [
{
"type": "link",
"xlink_title": "ana",
"xlink_type": "locator",
"xlink_href": "#P335361.l075cc",
"xlink_role": "elt"}
,
{
"type": "link",
"xlink_title": "ešriātu",
"xlink_type": "locator",
"xlink_href": "#P335361.l075cd",
"xlink_role": "elt"}
]}
,
{
"type": "linkset",
"xlink_title": "mukīl appāti[chariot driver//chariot driver]N'N",
"id": "P335361.ls0000d",
"xlink_type": "extended",
"xlink_role": "psu",
"sig": "{mukillu[holder]N appatu[bridle]N += mukīl appāti[chariot driver//chariot driver]N'N}::@saao%akk-x-neoass:DIB-PA-MEŠ=mukillu[holder//holder]N'N$mukīl++@saao%akk-x-neoass:DIB-PA-MEŠ=appatu[bridle//bridle]N'N$appāte",
"links": [
{
"type": "link",
"xlink_title": "mukillu",
"xlink_type": "locator",
"xlink_href": "#P335361.l075fc",
"xlink_role": "elt"}
,
{
"type": "link",
"xlink_title": "appatu",
"xlink_type": "locator",
"xlink_href": "#P335361.l075fd",
"xlink_role": "elt"}
]}
,
{
"type": "linkset",
"xlink_title": "mār šarri[crown prince//crown prince]N'N",
"id": "P335361.ls0000e",
"xlink_type": "extended",
"xlink_role": "psu",
"sig": "{DUMU-LUGAL = māru[son]N šarru[king]N += mār šarri[crown prince//crown prince]N'N}::@saao/saa10%akk-x-neoass:DUMU-LUGAL=māru[son//son]N'N$mār++@saao/saa10%akk-x-neoass:DUMU-LUGAL=šarru[king//king]N'N$šarri",
"links": [
{
"type": "link",
"xlink_title": "māru",
"xlink_type": "locator",
"xlink_href": "#P335361.l075ff",
"xlink_role": "elt"}
,
{
"type": "link",
"xlink_title": "šarru",
"xlink_type": "locator",
"xlink_href": "#P335361.l07600",
"xlink_role": "elt"}
]}
,
{
"type": "linkset",
"xlink_title": "mukīl appāti[chariot driver//chariot driver]N'N",
"id": "P335361.ls0000f",
"xlink_type": "extended",
"xlink_role": "psu",
"sig": "{mukillu[holder]N appatu[bridle]N += mukīl appāti[chariot driver//chariot driver]N'N}::@saao%akk-x-neoass:DIB-PA-MEŠ=mukillu[holder//holder]N'N$mukīl++@saao%akk-x-neoass:DIB-PA-MEŠ=appatu[bridle//bridle]N'N$appāte",
"links": [
{
"type": "link",
"xlink_title": "mukillu",
"xlink_type": "locator",
"xlink_href": "#P335361.l07603",
"xlink_role": "elt"}
,
{
"type": "link",
"xlink_title": "appatu",
"xlink_type": "locator",
"xlink_href": "#P335361.l07604",
"xlink_role": "elt"}
]}
,
{
"type": "linkset",
"xlink_title": "šušān ša-pattūti[horse-trainer of the open chariotry//horse-trainer of the open chariotry]N'N",
"id": "P335361.ls00010",
"xlink_type": "extended",
"xlink_role": "psu",
"sig": "{šušānu[horse-trainer]N ša-pattūti[open chariot]N += šušān ša-pattūti[horse-trainer of the open chariotry//horse-trainer of the open chariotry]N'N}::@saao%akk-x-neoass:{LU₂}{GIŠ}GIGIR-DU₈-MEŠ-te=šušānu[horse-trainer//horse-trainer]N'N$sūsān++@saao%akk-x-neoass:{LU₂}{GIŠ}GIGIR-DU₈-MEŠ-te=ša-pattūti[open chariot//open chariot]N'N$ša-pattūte",
"links": [
{
"type": "link",
"xlink_title": "šušānu",
"xlink_type": "locator",
"xlink_href": "#P335361.l07620",
"xlink_role": "elt"}
,
{
"type": "link",
"xlink_title": "ša-pattūti",
"xlink_type": "locator",
"xlink_href": "#P335361.l07621",
"xlink_role": "elt"}
]}
]}
]}
