{
"type": "cdl",
  "source": "http://oracc.org/saao/saa06",
  "license": "This data is released under the CC0 license",
  "license-url": "https://creativecommons.org/publicdomain/zero/1.0/",
  "more-info": "http://oracc.org/doc/opendata/",
  "UTC-timestamp": "2017-05-19T11:31:02",
"project": "saao/saa06",
"textid": "P335149",
"cdl": [
{
"node": "c",
"type": "text",
"id": "P335149.U0",
"cdl": [
{
"node": "d",
"type": "object",
"ref": ""}
,
{
"node": "d",
"subtype": "obverse",
"type": "surface",
"ref": "P335149.o.1",
"type": "obverse",
"label": "o"}
,
{
"node": "c",
"type": "discourse",
"subtype": "body",
"id": "P335149.U1",
"cdl": [
{
"node": "c",
"type": "sentence",
"id": "P335149.U2",
"label": "o 1 - r 10'",
"cdl": [
{
"node": "d",
"type": "line-start",
"ref": "P335149.2",
"n": "1",
"label": "o 1"}
,
{
"node": "l",
"frag": "{⸢na₄}KIŠIB⸣",
"id": "P335149.l063ec",
"ref": "P335149.2.1",
"inst": "kunuk[seal]N",
"sig": "@saao/saa06%akk-x-neoass:{NA₄}KIŠIB=kunukku[seal//seal]N'N$kunuk",
"f": {"lang": "akk-x-neoass",
"form": "{NA₄}KIŠIB",
"cf": "kunukku",
"gw": "seal",
"sense": "seal",
"norm": "kunuk",
"pos": "N",
"epos": "N"}
}
,
{
"node": "l",
"frag": "{1}sa-⸢ʾu⸣-u₂-ti",
"id": "P335149.l063ed",
"ref": "P335149.2.2",
"inst": "Saʾuti[1]PN$",
"exosig": "@saao/saa06%akk-x-neoass:{1}sa-ʾu-u₂-ti=Saʾuti[1//1]PN'PN$Saʾuti",
"f": {"lang": "akk-x-neoass",
"form": "{1}sa-ʾu-u₂-ti",
"cf": "Saʾuti",
"gw": "1",
"sense": "1",
"norm": "Saʾuti",
"pos": "PN",
"epos": "PN"}
}
,
{
"node": "d",
"type": "line-start",
"ref": "P335149.3",
"n": "2",
"label": "o 2"}
,
{
"node": "l",
"frag": "{⸢na₄}KIŠIB⸣",
"id": "P335149.l063ee",
"ref": "P335149.3.1",
"inst": "kunuk[seal]N",
"sig": "@saao/saa06%akk-x-neoass:{NA₄}KIŠIB=kunukku[seal//seal]N'N$kunuk",
"f": {"lang": "akk-x-neoass",
"form": "{NA₄}KIŠIB",
"cf": "kunukku",
"gw": "seal",
"sense": "seal",
"norm": "kunuk",
"pos": "N",
"epos": "N"}
}
,
{
"node": "l",
"frag": "{1}{d}EN-MAN-PAB",
"id": "P335149.l063ef",
"ref": "P335149.3.2",
"inst": "Bel-šarru-uṣur[1]PN",
"exosig": "@saao/saa06%akk-x-neoass:{1}{d}EN-MAN-PAB=Bel-šarru-uṣur[1//1]PN'PN$Bel-šarru-uṣur",
"f": {"lang": "akk-x-neoass",
"form": "{1}{d}EN-MAN-PAB",
"cf": "Bel-šarru-uṣur",
"gw": "1",
"sense": "1",
"norm": "Bel-šarru-uṣur",
"pos": "PN",
"epos": "PN"}
}
,
{
"node": "d",
"type": "line-start",
"ref": "P335149.4",
"n": "3",
"label": "o 3"}
,
{
"node": "l",
"frag": "{⸢na₄}KIŠIB⸣",
"id": "P335149.l063f0",
"ref": "P335149.4.1",
"inst": "kunuk[seal]N",
"sig": "@saao/saa06%akk-x-neoass:{NA₄}KIŠIB=kunukku[seal//seal]N'N$kunuk",
"f": {"lang": "akk-x-neoass",
"form": "{NA₄}KIŠIB",
"cf": "kunukku",
"gw": "seal",
"sense": "seal",
"norm": "kunuk",
"pos": "N",
"epos": "N"}
}
,
{
"node": "l",
"frag": "{1}ak-bu-ru",
"id": "P335149.l063f1",
"ref": "P335149.4.2",
"inst": "Akburu[1]PN$",
"exosig": "@saao/saa06%akk-x-neoass:{1}ak-bu-ru=Akburu[1//1]PN'PN$Akburu",
"f": {"lang": "akk-x-neoass",
"form": "{1}ak-bu-ru",
"cf": "Akburu",
"gw": "1",
"sense": "1",
"norm": "Akburu",
"pos": "PN",
"epos": "PN"}
}
,
{
"node": "d",
"type": "line-start",
"ref": "P335149.5",
"n": "4",
"label": "o 4"}
,
{
"node": "l",
"frag": "[PAB",
"id": "P335149.l063f2",
"ref": "P335149.5.1",
"inst": "gimru[total]N",
"exosig": "@saao/saa06%akk-x-neoass:PAB=gimru[totality//total]N'N$gimru",
"f": {"lang": "akk-x-neoass",
"form": "PAB",
"cf": "gimru",
"gw": "totality",
"sense": "total",
"norm": "gimru",
"pos": "N",
"epos": "N"}
}
,
{
"node": "l",
"frag": "03",
"id": "P335149.l063f3",
"ref": "P335149.5.2",
"inst": "n",
"f": {"lang": "akk-x-neoass",
"form": "03",
"pos": "n"}
}
,
{
"node": "l",
"frag": "⸢LU₂⸣-MEŠ",
"id": "P335149.l063f4",
"ref": "P335149.5.3",
"inst": "amēlē[man]N",
"exosig": "@saao/saa06%akk-x-neoass:LU₂-MEŠ=awīlu[man//man]N'N$amēlē",
"f": {"lang": "akk-x-neoass",
"form": "LU₂-MEŠ",
"cf": "awīlu",
"gw": "man",
"sense": "man",
"norm": "amēlē",
"pos": "N",
"epos": "N"}
}
,
{
"node": "l",
"frag": "EN",
"id": "P335149.l063f5",
"ref": "P335149.5.4",
"inst": "bēl[owner]N",
"exosig": "@saao/saa06%akk-x-neoass:EN=bēlu[lord//owner]N'N$bēl",
"f": {"lang": "akk-x-neoass",
"form": "EN",
"cf": "bēlu",
"gw": "lord",
"sense": "owner",
"norm": "bēl",
"pos": "N",
"epos": "N"}
}
,
{
"node": "l",
"frag": "LU₂",
"id": "P335149.l063f6",
"ref": "P335149.5.5",
"inst": "amēli[man]N",
"exosig": "@saao/saa06%akk-x-neoass:LU₂=awīlu[man//man]N'N$amēli",
"f": {"lang": "akk-x-neoass",
"form": "LU₂",
"cf": "awīlu",
"gw": "man",
"sense": "man",
"norm": "amēli",
"pos": "N",
"epos": "N"}
}
,
{
"node": "l",
"frag": "SUM-ni",
"id": "P335149.l063f7",
"ref": "P335149.5.6",
"inst": "tadāni[giving]'N",
"exosig": "@saao/saa06%akk-x-neoass:SUM-ni=tadānu[give//giving]V'N$tadāni",
"f": {"lang": "akk-x-neoass",
"form": "SUM-ni",
"cf": "tadānu",
"gw": "give",
"sense": "giving",
"norm": "tadāni",
"pos": "V",
"epos": "N"}
}
,
{
"node": "d",
"type": "nonx",
"ref": "P335149.6",
"strict": "1",
"extent": "n",
"scope": "line",
"state": "ruling",
"flags": "!"}
,
{
"node": "d",
"type": "nonx",
"ref": "P335149.7",
"strict": "0",
"extent": "1",
"scope": "impression",
"state": "other"}
,
{
"node": "d",
"type": "nonx",
"ref": "P335149.8",
"strict": "1",
"extent": "n",
"scope": "line",
"state": "ruling",
"flags": "!"}
,
{
"node": "d",
"type": "line-start",
"ref": "P335149.9",
"n": "5",
"label": "o 5"}
,
{
"node": "l",
"frag": "{1}x",
"id": "P335149.l063f8",
"ref": "P335149.9.1",
"inst": "u",
"f": {"lang": "akk-x-neoass",
"form": "{1}x",
"pos": "u"}
}
,
{
"node": "l",
"frag": "x",
"id": "P335149.l063f9",
"ref": "P335149.9.2",
"inst": "u",
"f": {"lang": "akk-x-neoass",
"form": "x",
"pos": "u"}
}
,
{
"node": "l",
"frag": "x",
"id": "P335149.l063fa",
"ref": "P335149.9.3",
"inst": "u",
"f": {"lang": "akk-x-neoass",
"form": "x",
"pos": "u"}
}
,
{
"node": "l",
"frag": "x",
"id": "P335149.l063fb",
"ref": "P335149.9.4",
"inst": "u",
"f": {"lang": "akk-x-neoass",
"form": "x",
"pos": "u"}
}
,
{
"node": "c",
"type": "phrase",
"tag": "phr",
"id": "P335149.U4",
"ref": "P335149.ls00000",
"cdl": [
{
"node": "l",
"frag": "{lu₂}UŠ]-⸢gam⸣-mal-MEŠ",
"id": "P335149.l063fc",
"ref": "P335149.9.5",
"cof-tails": "P335149.l063fd",
"inst": "rādiu[(caravan) guide]N$rādi&gammalu[camel]N$gammalī",
"exosig": "@saao/saa06%akk-x-neoass:{LU₂}UŠ-gam-mal-MEŠ=rādiu[(caravan) guide//(caravan) guide]N'N$rādi&&@saao%akk-x-neoass:=gammalu[camel//camel]N'N$gammalī",
"f": {"lang": "akk-x-neoass",
"form": "{LU₂}UŠ-gam-mal-MEŠ",
"cf": "rādiu",
"gw": "(caravan) guide",
"sense": "(caravan) guide",
"norm": "rādi",
"pos": "N",
"epos": "N"}
}
,
{
"node": "l",
"frag": "{lu₂}UŠ]-⸢gam⸣-mal-MEŠ",
"id": "P335149.l063fd",
"ref": "P335149.9.5",
"cof-head": "P335149.l063fc",
"inst": "rādiu[(caravan) guide]N$rādi&gammalu[camel]N$gammalī",
"tail-sig": "@saao%akk-x-neoass:=gammalu[camel//camel]N'N$gammalī",
"f": {"lang": "akk-x-neoass",
"form": "{LU₂}UŠ-gam-mal-MEŠ",
"cf": "gammalu",
"gw": "camel",
"sense": "camel",
"norm": "gammalī",
"pos": "N",
"epos": "N"}
}
]}
,
{
"node": "l",
"frag": "{lu₂}ARAD-šu₂-nu",
"id": "P335149.l063fe",
"ref": "P335149.9.6",
"inst": "ardu[slave//servant]N$urdušunu",
"exosig": "@saao/saa06%akk-x-neoass:{LU₂}ARAD-šu₂-nu=ardu[slave//servant]N'N$urdušunu",
"f": {"lang": "akk-x-neoass",
"form": "{LU₂}ARAD-šu₂-nu",
"cf": "ardu",
"gw": "slave",
"sense": "servant",
"norm": "urdušunu",
"pos": "N",
"epos": "N"}
}
,
{
"node": "d",
"type": "line-start",
"ref": "P335149.10",
"n": "6",
"label": "o 6"}
,
{
"node": "l",
"frag": "[ša₂",
"id": "P335149.l063ff",
"ref": "P335149.10.1",
"inst": "ša[of]DET",
"exosig": "@saao/saa06%akk-x-neoass:ša₂=ša[of//of]DET'DET$ša",
"f": {"lang": "akk-x-neoass",
"form": "ša₂",
"cf": "ša",
"gw": "of",
"sense": "of",
"norm": "ša",
"pos": "DET",
"epos": "DET"}
}
,
{
"node": "l",
"frag": "LU₂-MEŠ",
"id": "P335149.l06400",
"ref": "P335149.10.2",
"inst": "amēlē[man]N",
"exosig": "@saao/saa06%akk-x-neoass:LU₂-MEŠ=awīlu[man//man]N'N$amēlē",
"f": {"lang": "akk-x-neoass",
"form": "LU₂-MEŠ",
"cf": "awīlu",
"gw": "man",
"sense": "man",
"norm": "amēlē",
"pos": "N",
"epos": "N"}
}
,
{
"node": "l",
"frag": "an-nu-te]",
"id": "P335149.l06401",
"ref": "P335149.10.3",
"inst": "annūte[this]DP",
"exosig": "@saao/saa06%akk-x-neoass:an-nu-te=annû[this//this]DP'DP$annūte",
"f": {"lang": "akk-x-neoass",
"form": "an-nu-te",
"cf": "annû",
"gw": "this",
"sense": "this",
"norm": "annūte",
"pos": "DP",
"epos": "DP"}
}
,
{
"node": "l",
"frag": "up-piš-ma",
"id": "P335149.l06402",
"ref": "P335149.10.4",
"inst": "uppišma[contract]V",
"exosig": "@saao/saa06%akk-x-neoass:up-piš-ma=epēšu[do//contract]V'V$uppišma",
"f": {"lang": "akk-x-neoass",
"form": "up-piš-ma",
"cf": "epēšu",
"gw": "do",
"sense": "contract",
"norm": "uppišma",
"pos": "V",
"epos": "V"}
}
,
{
"node": "d",
"type": "line-start",
"ref": "P335149.11",
"n": "7",
"label": "o 7"}
,
{
"node": "l",
"frag": "{1}rem₂-a-ni-{d}IM",
"id": "P335149.l06403",
"ref": "P335149.11.1",
"inst": "Remanni-Adad[1]PN",
"exosig": "@saao/saa06%akk-x-neoass:{1}rem₂-a-ni-{d}IM=Remanni-Adad[1//1]PN'PN$Remanni-Adad",
"f": {"lang": "akk-x-neoass",
"form": "{1}rem₂-a-ni-{d}IM",
"cf": "Remanni-Adad",
"gw": "1",
"sense": "1",
"norm": "Remanni-Adad",
"pos": "PN",
"epos": "PN"}
}
,
{
"node": "c",
"type": "phrase",
"tag": "phr",
"id": "P335149.U5",
"ref": "P335149.ls00001",
"cdl": [
{
"node": "l",
"frag": "{lu₂]}⸢mu-kil⸣-{[kuš}PA-MEŠ]",
"id": "P335149.l06404",
"ref": "P335149.11.2",
"cof-tails": "P335149.l06405",
"inst": "mukillu[holder]N$mukīl&appatu[bridle]N$appāti",
"exosig": "@saao/saa06%akk-x-neoass:{LU₂}mu-kil-{KUŠ}PA-MEŠ=mukillu[holder//holder]N'N$mukīl&&@saao%akk-x-neoass:=appatu[bridle//bridle]N'N$appāti",
"f": {"lang": "akk-x-neoass",
"form": "{LU₂}mu-kil-{KUŠ}PA-MEŠ",
"cf": "mukillu",
"gw": "holder",
"sense": "holder",
"norm": "mukīl",
"pos": "N",
"epos": "N"}
}
,
{
"node": "l",
"frag": "{lu₂]}⸢mu-kil⸣-{[kuš}PA-MEŠ]",
"id": "P335149.l06405",
"ref": "P335149.11.2",
"cof-head": "P335149.l06404",
"inst": "mukillu[holder]N$mukīl&appatu[bridle]N$appāti",
"tail-sig": "@saao%akk-x-neoass:=appatu[bridle//bridle]N'N$appāti",
"f": {"lang": "akk-x-neoass",
"form": "{LU₂}mu-kil-{KUŠ}PA-MEŠ",
"cf": "appatu",
"gw": "bridle",
"sense": "bridle",
"norm": "appāti",
"pos": "N",
"epos": "N"}
}
]}
,
{
"node": "d",
"type": "nonx",
"ref": "P335149.12",
"strict": "0",
"extent": "rest",
"state": "missing"}
,
{
"node": "d",
"subtype": "reverse",
"type": "surface",
"ref": "P335149.r.13",
"type": "reverse",
"label": "r"}
,
{
"node": "d",
"type": "nonx",
"ref": "P335149.14",
"strict": "0",
"extent": "beginning",
"state": "missing"}
,
{
"node": "d",
"type": "line-start",
"ref": "P335149.15",
"n": "1'",
"label": "r 1'"}
,
{
"node": "l",
"frag": "[la]",
"id": "P335149.l06406",
"ref": "P335149.15.1",
"inst": "lā[not]MOD",
"exosig": "@saao/saa06%akk-x-neoass:la=lā[not//not]MOD'MOD$lā",
"f": {"lang": "akk-x-neoass",
"form": "la",
"cf": "lā",
"gw": "not",
"sense": "not",
"norm": "lā",
"pos": "MOD",
"epos": "MOD"}
}
,
{
"node": "l",
"frag": "i-⸢laq⸣-[qi]",
"id": "P335149.l06407",
"ref": "P335149.15.2",
"inst": "ilaqqi[succeed]V",
"exosig": "@saao/saa06%akk-x-neoass:i-laq-qi=leqû[take//succeed]V'V$ilaqqi",
"f": {"lang": "akk-x-neoass",
"form": "i-laq-qi",
"cf": "leqû",
"gw": "take",
"sense": "succeed",
"norm": "ilaqqi",
"pos": "V",
"epos": "V"}
}
,
{
"node": "d",
"type": "nonx",
"ref": "P335149.16",
"strict": "1",
"extent": "n",
"scope": "line",
"state": "ruling"}
,
{
"node": "d",
"type": "line-start",
"ref": "P335149.17",
"n": "2'",
"label": "r 2'"}
,
{
"node": "l",
"frag": "[IGI",
"id": "P335149.l06408",
"ref": "P335149.17.1",
"inst": "šību[witness]N",
"exosig": "@saao/saa06%akk-x-neoass:IGI=šību[witness//witness]N'N$šību",
"f": {"lang": "akk-x-neoass",
"form": "IGI",
"cf": "šību",
"gw": "witness",
"sense": "witness",
"norm": "šību",
"pos": "N",
"epos": "N"}
}
,
{
"node": "l",
"frag": "{1}{d]}⸢za⸣-ba₄-ba₄-SU",
"id": "P335149.l06409",
"ref": "P335149.17.2",
"inst": "Zababa-eriba[1]PN",
"exosig": "@saao/saa06%akk-x-neoass:{1}{d}za-ba₄-ba₄-SU=Zababa-eriba[1//1]PN'PN$Zababa-eriba",
"f": {"lang": "akk-x-neoass",
"form": "{1}{d}za-ba₄-ba₄-SU",
"cf": "Zababa-eriba",
"gw": "1",
"sense": "1",
"norm": "Zababa-eriba",
"pos": "PN",
"epos": "PN"}
}
,
{
"node": "c",
"type": "phrase",
"tag": "phr",
"id": "P335149.U6",
"ref": "P335149.ls00002",
"cdl": [
{
"node": "l",
"frag": "{lu₂}[DIB-{kuš}PA-MEŠ]",
"id": "P335149.l0640a",
"ref": "P335149.17.3",
"cof-tails": "P335149.l0640b",
"inst": "mukillu[holder]N$mukīl&appatu[bridle]N$appāti",
"exosig": "@saao/saa06%akk-x-neoass:{LU₂}DIB-{KUŠ}PA-MEŠ=mukillu[holder//holder]N'N$mukīl&&@saao%akk-x-neoass:=appatu[bridle//bridle]N'N$appāti",
"f": {"lang": "akk-x-neoass",
"form": "{LU₂}DIB-{KUŠ}PA-MEŠ",
"cf": "mukillu",
"gw": "holder",
"sense": "holder",
"norm": "mukīl",
"pos": "N",
"epos": "N"}
}
,
{
"node": "l",
"frag": "{lu₂}[DIB-{kuš}PA-MEŠ]",
"id": "P335149.l0640b",
"ref": "P335149.17.3",
"cof-head": "P335149.l0640a",
"inst": "mukillu[holder]N$mukīl&appatu[bridle]N$appāti",
"tail-sig": "@saao%akk-x-neoass:=appatu[bridle//bridle]N'N$appāti",
"f": {"lang": "akk-x-neoass",
"form": "{LU₂}DIB-{KUŠ}PA-MEŠ",
"cf": "appatu",
"gw": "bridle",
"sense": "bridle",
"norm": "appāti",
"pos": "N",
"epos": "N"}
}
]}
,
{
"node": "d",
"type": "line-start",
"ref": "P335149.18",
"n": "3'",
"label": "r 3'"}
,
{
"node": "l",
"frag": "[IGI",
"id": "P335149.l0640c",
"ref": "P335149.18.1",
"inst": "šību[witness]N",
"exosig": "@saao/saa06%akk-x-neoass:IGI=šību[witness//witness]N'N$šību",
"f": {"lang": "akk-x-neoass",
"form": "IGI",
"cf": "šību",
"gw": "witness",
"sense": "witness",
"norm": "šību",
"pos": "N",
"epos": "N"}
}
,
{
"node": "l",
"frag": "{1}{d]}⸢PA⸣-še-zib",
"id": "P335149.l0640d",
"ref": "P335149.18.2",
"inst": "Nabu-šezib[1]PN",
"exosig": "@saao/saa06%akk-x-neoass:{1}{d}PA-še-zib=Nabu-šezib[1//1]PN'PN$Nabu-šezib",
"f": {"lang": "akk-x-neoass",
"form": "{1}{d}PA-še-zib",
"cf": "Nabu-šezib",
"gw": "1",
"sense": "1",
"norm": "Nabu-šezib",
"pos": "PN",
"epos": "PN"}
}
,
{
"node": "c",
"type": "phrase",
"tag": "phr",
"id": "P335149.U7",
"ref": "P335149.ls00003",
"cdl": [
{
"node": "l",
"frag": "{lu₂}{<[:.](DIB-{kuš}PA-MEŠ)>}",
"id": "P335149.l0640e",
"ref": "P335149.18.3",
"cof-tails": "P335149.l0640f",
"inst": "mukillu[holder]N$mukīl&appatu[bridle]N$appāti",
"exosig": "@saao/saa06%akk-x-neoass:{LU₂}DIB-{KUŠ}PA-MEŠ=mukillu[holder//holder]N'N$mukīl&&@saao%akk-x-neoass:=appatu[bridle//bridle]N'N$appāti",
"f": {"lang": "akk-x-neoass",
"form": "{LU₂}DIB-{KUŠ}PA-MEŠ",
"cf": "mukillu",
"gw": "holder",
"sense": "holder",
"norm": "mukīl",
"pos": "N",
"epos": "N"}
}
,
{
"node": "l",
"frag": "{lu₂}{<[:.](DIB-{kuš}PA-MEŠ)>}",
"id": "P335149.l0640f",
"ref": "P335149.18.3",
"cof-head": "P335149.l0640e",
"inst": "mukillu[holder]N$mukīl&appatu[bridle]N$appāti",
"tail-sig": "@saao%akk-x-neoass:=appatu[bridle//bridle]N'N$appāti",
"f": {"lang": "akk-x-neoass",
"form": "{LU₂}DIB-{KUŠ}PA-MEŠ",
"cf": "appatu",
"gw": "bridle",
"sense": "bridle",
"norm": "appāti",
"pos": "N",
"epos": "N"}
}
]}
,
{
"node": "d",
"type": "line-start",
"ref": "P335149.19",
"n": "4'",
"label": "r 4'"}
,
{
"node": "l",
"frag": "[IGI",
"id": "P335149.l06410",
"ref": "P335149.19.1",
"inst": "šību[witness]N",
"exosig": "@saao/saa06%akk-x-neoass:IGI=šību[witness//witness]N'N$šību",
"f": {"lang": "akk-x-neoass",
"form": "IGI",
"cf": "šību",
"gw": "witness",
"sense": "witness",
"norm": "šību",
"pos": "N",
"epos": "N"}
}
,
{
"node": "l",
"frag": "{1}man-nu]-⸢ki⸣-aš-šur",
"id": "P335149.l06411",
"ref": "P335149.19.2",
"inst": "Mannu-ki-Aššur[1]PN",
"exosig": "@saao/saa06%akk-x-neoass:{1}man-nu-ki-aš-šur=Mannu-ki-Aššur[1//1]PN'PN$Mannu-ki-Aššur",
"f": {"lang": "akk-x-neoass",
"form": "{1}man-nu-ki-aš-šur",
"cf": "Mannu-ki-Aššur",
"gw": "1",
"sense": "1",
"norm": "Mannu-ki-Aššur",
"pos": "PN",
"epos": "PN"}
}
,
{
"node": "c",
"type": "phrase",
"tag": "phr",
"id": "P335149.U8",
"ref": "P335149.ls00004",
"cdl": [
{
"node": "l",
"frag": "{lu₂}{<[:.](DIB-{kuš}PA-MEŠ)>}",
"id": "P335149.l06412",
"ref": "P335149.19.3",
"cof-tails": "P335149.l06413",
"inst": "mukillu[holder]N$mukīl&appatu[bridle]N$appāti",
"exosig": "@saao/saa06%akk-x-neoass:{LU₂}DIB-{KUŠ}PA-MEŠ=mukillu[holder//holder]N'N$mukīl&&@saao%akk-x-neoass:=appatu[bridle//bridle]N'N$appāti",
"f": {"lang": "akk-x-neoass",
"form": "{LU₂}DIB-{KUŠ}PA-MEŠ",
"cf": "mukillu",
"gw": "holder",
"sense": "holder",
"norm": "mukīl",
"pos": "N",
"epos": "N"}
}
,
{
"node": "l",
"frag": "{lu₂}{<[:.](DIB-{kuš}PA-MEŠ)>}",
"id": "P335149.l06413",
"ref": "P335149.19.3",
"cof-head": "P335149.l06412",
"inst": "mukillu[holder]N$mukīl&appatu[bridle]N$appāti",
"tail-sig": "@saao%akk-x-neoass:=appatu[bridle//bridle]N'N$appāti",
"f": {"lang": "akk-x-neoass",
"form": "{LU₂}DIB-{KUŠ}PA-MEŠ",
"cf": "appatu",
"gw": "bridle",
"sense": "bridle",
"norm": "appāti",
"pos": "N",
"epos": "N"}
}
]}
,
{
"node": "d",
"type": "line-start",
"ref": "P335149.20",
"n": "5'",
"label": "r 5'"}
,
{
"node": "l",
"frag": "[IGI",
"id": "P335149.l06414",
"ref": "P335149.20.1",
"inst": "šību[witness]N",
"exosig": "@saao/saa06%akk-x-neoass:IGI=šību[witness//witness]N'N$šību",
"f": {"lang": "akk-x-neoass",
"form": "IGI",
"cf": "šību",
"gw": "witness",
"sense": "witness",
"norm": "šību",
"pos": "N",
"epos": "N"}
}
,
{
"node": "l",
"frag": "{1}man-nu]-⸢ki⸣-MAN",
"id": "P335149.l06415",
"ref": "P335149.20.2",
"inst": "Mannu-ki-šarri[1]PN$",
"exosig": "@saao/saa06%akk-x-neoass:{1}man-nu-ki-MAN=Mannu-ki-šarri[1//1]PN'PN$Mannu-ki-šarri",
"f": {"lang": "akk-x-neoass",
"form": "{1}man-nu-ki-MAN",
"cf": "Mannu-ki-šarri",
"gw": "1",
"sense": "1",
"norm": "Mannu-ki-šarri",
"pos": "PN",
"epos": "PN"}
}
,
{
"node": "c",
"type": "phrase",
"tag": "phr",
"id": "P335149.U9",
"ref": "P335149.ls00005",
"cdl": [
{
"node": "l",
"frag": "{lu₂}{<[:.](DIB-{kuš}PA-MEŠ)>}",
"id": "P335149.l06416",
"ref": "P335149.20.3",
"cof-tails": "P335149.l06417",
"inst": "mukillu[holder]N$mukīl&appatu[bridle]N$appāti",
"exosig": "@saao/saa06%akk-x-neoass:{LU₂}DIB-{KUŠ}PA-MEŠ=mukillu[holder//holder]N'N$mukīl&&@saao%akk-x-neoass:=appatu[bridle//bridle]N'N$appāti",
"f": {"lang": "akk-x-neoass",
"form": "{LU₂}DIB-{KUŠ}PA-MEŠ",
"cf": "mukillu",
"gw": "holder",
"sense": "holder",
"norm": "mukīl",
"pos": "N",
"epos": "N"}
}
,
{
"node": "l",
"frag": "{lu₂}{<[:.](DIB-{kuš}PA-MEŠ)>}",
"id": "P335149.l06417",
"ref": "P335149.20.3",
"cof-head": "P335149.l06416",
"inst": "mukillu[holder]N$mukīl&appatu[bridle]N$appāti",
"tail-sig": "@saao%akk-x-neoass:=appatu[bridle//bridle]N'N$appāti",
"f": {"lang": "akk-x-neoass",
"form": "{LU₂}DIB-{KUŠ}PA-MEŠ",
"cf": "appatu",
"gw": "bridle",
"sense": "bridle",
"norm": "appāti",
"pos": "N",
"epos": "N"}
}
]}
,
{
"node": "d",
"type": "line-start",
"ref": "P335149.21",
"n": "6'",
"label": "r 6'"}
,
{
"node": "l",
"frag": "[IGI",
"id": "P335149.l06418",
"ref": "P335149.21.1",
"inst": "šību[witness]N",
"exosig": "@saao/saa06%akk-x-neoass:IGI=šību[witness//witness]N'N$šību",
"f": {"lang": "akk-x-neoass",
"form": "IGI",
"cf": "šību",
"gw": "witness",
"sense": "witness",
"norm": "šību",
"pos": "N",
"epos": "N"}
}
,
{
"node": "l",
"frag": "{1}dan-⸢na⸣-a.a",
"id": "P335149.l06419",
"ref": "P335149.21.2",
"inst": "Dannaya[1]PN",
"exosig": "@saao/saa06%akk-x-neoass:{1}dan-na-a.a=Dannaya[1//1]PN'PN$Dannaya",
"f": {"lang": "akk-x-neoass",
"form": "{1}dan-na-a.a",
"cf": "Dannaya",
"gw": "1",
"sense": "1",
"norm": "Dannaya",
"pos": "PN",
"epos": "PN"}
}
,
{
"node": "c",
"type": "phrase",
"tag": "phr",
"id": "P335149.U10",
"ref": "P335149.ls00006",
"cdl": [
{
"node": "l",
"frag": "{lu₂}{<[:.](DIB-{kuš}PA-MEŠ)>}",
"id": "P335149.l0641a",
"ref": "P335149.21.3",
"cof-tails": "P335149.l0641b",
"inst": "mukillu[holder]N$mukīl&appatu[bridle]N$appāti",
"exosig": "@saao/saa06%akk-x-neoass:{LU₂}DIB-{KUŠ}PA-MEŠ=mukillu[holder//holder]N'N$mukīl&&@saao%akk-x-neoass:=appatu[bridle//bridle]N'N$appāti",
"f": {"lang": "akk-x-neoass",
"form": "{LU₂}DIB-{KUŠ}PA-MEŠ",
"cf": "mukillu",
"gw": "holder",
"sense": "holder",
"norm": "mukīl",
"pos": "N",
"epos": "N"}
}
,
{
"node": "l",
"frag": "{lu₂}{<[:.](DIB-{kuš}PA-MEŠ)>}",
"id": "P335149.l0641b",
"ref": "P335149.21.3",
"cof-head": "P335149.l0641a",
"inst": "mukillu[holder]N$mukīl&appatu[bridle]N$appāti",
"tail-sig": "@saao%akk-x-neoass:=appatu[bridle//bridle]N'N$appāti",
"f": {"lang": "akk-x-neoass",
"form": "{LU₂}DIB-{KUŠ}PA-MEŠ",
"cf": "appatu",
"gw": "bridle",
"sense": "bridle",
"norm": "appāti",
"pos": "N",
"epos": "N"}
}
]}
,
{
"node": "d",
"type": "line-start",
"ref": "P335149.22",
"n": "7'",
"label": "r 7'"}
,
{
"node": "l",
"frag": "[IGI",
"id": "P335149.l0641c",
"ref": "P335149.22.1",
"inst": "šību[witness]N",
"exosig": "@saao/saa06%akk-x-neoass:IGI=šību[witness//witness]N'N$šību",
"f": {"lang": "akk-x-neoass",
"form": "IGI",
"cf": "šību",
"gw": "witness",
"sense": "witness",
"norm": "šību",
"pos": "N",
"epos": "N"}
}
,
{
"node": "l",
"frag": "{1}{d}PA]-NUMUN-AŠ",
"id": "P335149.l0641d",
"ref": "P335149.22.2",
"inst": "Nabu-zeru-iddina[1]PN",
"exosig": "@saao/saa06%akk-x-neoass:{1}{d}PA-NUMUN-AŠ=Nabu-zeru-iddina[1//1]PN'PN$Nabu-zeru-iddina",
"f": {"lang": "akk-x-neoass",
"form": "{1}{d}PA-NUMUN-AŠ",
"cf": "Nabu-zeru-iddina",
"gw": "1",
"sense": "1",
"norm": "Nabu-zeru-iddina",
"pos": "PN",
"epos": "PN"}
}
,
{
"node": "c",
"type": "phrase",
"tag": "phr",
"id": "P335149.U11",
"ref": "P335149.ls00007",
"cdl": [
{
"node": "l",
"frag": "{lu₂}{<[:.](DIB-{kuš}PA-MEŠ)>}",
"id": "P335149.l0641e",
"ref": "P335149.22.3",
"cof-tails": "P335149.l0641f",
"inst": "mukillu[holder]N$mukīl&appatu[bridle]N$appāti",
"exosig": "@saao/saa06%akk-x-neoass:{LU₂}DIB-{KUŠ}PA-MEŠ=mukillu[holder//holder]N'N$mukīl&&@saao%akk-x-neoass:=appatu[bridle//bridle]N'N$appāti",
"f": {"lang": "akk-x-neoass",
"form": "{LU₂}DIB-{KUŠ}PA-MEŠ",
"cf": "mukillu",
"gw": "holder",
"sense": "holder",
"norm": "mukīl",
"pos": "N",
"epos": "N"}
}
,
{
"node": "l",
"frag": "{lu₂}{<[:.](DIB-{kuš}PA-MEŠ)>}",
"id": "P335149.l0641f",
"ref": "P335149.22.3",
"cof-head": "P335149.l0641e",
"inst": "mukillu[holder]N$mukīl&appatu[bridle]N$appāti",
"tail-sig": "@saao%akk-x-neoass:=appatu[bridle//bridle]N'N$appāti",
"f": {"lang": "akk-x-neoass",
"form": "{LU₂}DIB-{KUŠ}PA-MEŠ",
"cf": "appatu",
"gw": "bridle",
"sense": "bridle",
"norm": "appāti",
"pos": "N",
"epos": "N"}
}
]}
,
{
"node": "d",
"type": "line-start",
"ref": "P335149.23",
"n": "8'",
"label": "r 8'"}
,
{
"node": "l",
"frag": "⸢IGI⸣",
"id": "P335149.l06420",
"ref": "P335149.23.1",
"inst": "šību[witness]N",
"exosig": "@saao/saa06%akk-x-neoass:IGI=šību[witness//witness]N'N$šību",
"f": {"lang": "akk-x-neoass",
"form": "IGI",
"cf": "šību",
"gw": "witness",
"sense": "witness",
"norm": "šību",
"pos": "N",
"epos": "N"}
}
,
{
"node": "l",
"frag": "{1}{d}PA-MAN-PAB",
"id": "P335149.l06421",
"ref": "P335149.23.2",
"inst": "Nabu-šarru-uṣur[1]PN",
"exosig": "@saao/saa06%akk-x-neoass:{1}{d}PA-MAN-PAB=Nabu-šarru-uṣur[1//1]PN'PN$Nabu-šarru-uṣur",
"f": {"lang": "akk-x-neoass",
"form": "{1}{d}PA-MAN-PAB",
"cf": "Nabu-šarru-uṣur",
"gw": "1",
"sense": "1",
"norm": "Nabu-šarru-uṣur",
"pos": "PN",
"epos": "PN"}
}
,
{
"node": "c",
"type": "phrase",
"tag": "phr",
"id": "P335149.U12",
"ref": "P335149.ls00008",
"cdl": [
{
"node": "l",
"frag": "{lu₂}[GAL-ki-ṣir]",
"id": "P335149.l06422",
"ref": "P335149.23.3",
"cof-tails": "P335149.l06423",
"inst": "rabû[big one]N$rab&kiṣru[cohort]N$kiṣir",
"exosig": "@saao/saa06%akk-x-neoass:{LU₂}GAL-ki-ṣir=rabû[big one//big one]N'N$rab&&@saao%akk-x-neoass:=kiṣru[knot//cohort]N'N$kiṣir",
"f": {"lang": "akk-x-neoass",
"form": "{LU₂}GAL-ki-ṣir",
"cf": "rabû",
"gw": "big one",
"sense": "big one",
"norm": "rab",
"pos": "N",
"epos": "N"}
}
,
{
"node": "l",
"frag": "{lu₂}[GAL-ki-ṣir]",
"id": "P335149.l06423",
"ref": "P335149.23.3",
"cof-head": "P335149.l06422",
"inst": "rabû[big one]N$rab&kiṣru[cohort]N$kiṣir",
"tail-sig": "@saao%akk-x-neoass:=kiṣru[knot//cohort]N'N$kiṣir",
"f": {"lang": "akk-x-neoass",
"form": "{LU₂}GAL-ki-ṣir",
"cf": "kiṣru",
"gw": "knot",
"sense": "cohort",
"norm": "kiṣir",
"pos": "N",
"epos": "N"}
}
]}
,
{
"node": "d",
"type": "nonx",
"ref": "P335149.24",
"strict": "0",
"extent": "6",
"scope": "line",
"state": "other"}
,
{
"node": "d",
"type": "line-start",
"ref": "P335149.25",
"n": "9'",
"label": "r 9'"}
,
{
"node": "l",
"frag": "{iti}BARAG",
"id": "P335149.l06424",
"ref": "P335149.25.1",
"inst": "Nisanni[Nisan]MN",
"exosig": "@saao/saa06%akk-x-neoass:{ITI}BARAG=Nisannu[Nisan//Nisan]MN'MN$Nisanni",
"f": {"lang": "akk-x-neoass",
"form": "{ITI}BARAG",
"cf": "Nisannu",
"gw": "Nisan",
"sense": "Nisan",
"norm": "Nisanni",
"pos": "MN",
"epos": "MN"}
}
,
{
"node": "l",
"frag": "UD",
"id": "P335149.l06425",
"ref": "P335149.25.2",
"inst": "ūm[day]N",
"exosig": "@saao/saa06%akk-x-neoass:UD=ūmu[day//day]N'N$ūm",
"f": {"lang": "akk-x-neoass",
"form": "UD",
"cf": "ūmu",
"gw": "day",
"sense": "day",
"norm": "ūm",
"pos": "N",
"epos": "N"}
}
,
{
"node": "l",
"frag": "28-KAM",
"id": "P335149.l06426",
"ref": "P335149.25.3",
"inst": "n",
"f": {"lang": "akk-x-neoass",
"form": "28-KAM",
"pos": "n"}
}
,
{
"node": "d",
"type": "line-start",
"ref": "P335149.26",
"n": "10'",
"label": "r 10'"}
,
{
"node": "l",
"frag": "lim-mu",
"id": "P335149.l06427",
"ref": "P335149.26.1",
"inst": "limmu[eponym (of year)]N",
"exosig": "@saao/saa06%akk-x-neoass:lim-mu=līmu[eponym (of year)//eponym (of year)]N'N$limmu",
"f": {"lang": "akk-x-neoass",
"form": "lim-mu",
"cf": "līmu",
"gw": "eponym (of year)",
"sense": "eponym (of year)",
"norm": "limmu",
"pos": "N",
"epos": "N"}
}
,
{
"node": "l",
"frag": "{1}DI-mu-EN-la-aš₂-me",
"id": "P335149.l06428",
"ref": "P335149.26.2",
"inst": "Šulmu-beli-lašme[1]PN",
"exosig": "@saao/saa06%akk-x-neoass:{1}DI-mu-EN-la-aš₂-me=Šulmu-beli-lašme[1//1]PN'PN$Šulmu-beli-lašme",
"f": {"lang": "akk-x-neoass",
"form": "{1}DI-mu-EN-la-aš₂-me",
"cf": "Šulmu-beli-lašme",
"gw": "1",
"sense": "1",
"norm": "Šulmu-beli-lašme",
"pos": "PN",
"epos": "PN"}
}
]}
]}
]}
,
{
"linkbase": [{
"type": "linkset",
"xlink_title": "rādi gammali[camel driver//camel driver]N'N",
"id": "P335149.ls00000",
"xlink_type": "extended",
"xlink_role": "psu",
"sig": "{rādiu[(caravan) guide]N gammalu[camel]N += rādi gammali[camel driver//camel driver]N'N}::@saao%akk-x-neoass:{LU₂}UŠ-gam-mal-MEŠ=rādiu[(caravan) guide//(caravan) guide]N'N$rādi++@saao%akk-x-neoass:{LU₂}UŠ-gam-mal-MEŠ=gammalu[camel//camel]N'N$gammalī",
"links": [
{
"type": "link",
"xlink_title": "rādiu",
"xlink_type": "locator",
"xlink_href": "#P335149.l063fc",
"xlink_role": "elt"}
,
{
"type": "link",
"xlink_title": "gammalu",
"xlink_type": "locator",
"xlink_href": "#P335149.l063fd",
"xlink_role": "elt"}
]}
,
{
"type": "linkset",
"xlink_title": "mukīl appāti[chariot driver//chariot driver]N'N",
"id": "P335149.ls00001",
"xlink_type": "extended",
"xlink_role": "psu",
"sig": "{mukillu[holder]N appatu[bridle]N += mukīl appāti[chariot driver//chariot driver]N'N}::@saao%akk-x-neoass:{LU₂}mu-kil-{KUŠ}a-pa-MEŠ=mukillu[holder//holder]N'N$mukīl++@saao%akk-x-neoass:{LU₂}mu-kil-{KUŠ}a-pa-MEŠ=appatu[bridle//bridle]N'N$appāti",
"links": [
{
"type": "link",
"xlink_title": "mukillu",
"xlink_type": "locator",
"xlink_href": "#P335149.l06404",
"xlink_role": "elt"}
,
{
"type": "link",
"xlink_title": "appatu",
"xlink_type": "locator",
"xlink_href": "#P335149.l06405",
"xlink_role": "elt"}
]}
,
{
"type": "linkset",
"xlink_title": "mukīl appāti[chariot driver//chariot driver]N'N",
"id": "P335149.ls00002",
"xlink_type": "extended",
"xlink_role": "psu",
"sig": "{mukillu[holder]N appatu[bridle]N += mukīl appāti[chariot driver//chariot driver]N'N}::@saao%akk-x-neoass:{LU₂}mu-kil-{KUŠ}a-pa-MEŠ=mukillu[holder//holder]N'N$mukīl++@saao%akk-x-neoass:{LU₂}mu-kil-{KUŠ}a-pa-MEŠ=appatu[bridle//bridle]N'N$appāti",
"links": [
{
"type": "link",
"xlink_title": "mukillu",
"xlink_type": "locator",
"xlink_href": "#P335149.l0640a",
"xlink_role": "elt"}
,
{
"type": "link",
"xlink_title": "appatu",
"xlink_type": "locator",
"xlink_href": "#P335149.l0640b",
"xlink_role": "elt"}
]}
,
{
"type": "linkset",
"xlink_title": "mukīl appāti[chariot driver//chariot driver]N'N",
"id": "P335149.ls00003",
"xlink_type": "extended",
"xlink_role": "psu",
"sig": "{mukillu[holder]N appatu[bridle]N += mukīl appāti[chariot driver//chariot driver]N'N}::@saao%akk-x-neoass:{LU₂}mu-kil-{KUŠ}a-pa-MEŠ=mukillu[holder//holder]N'N$mukīl++@saao%akk-x-neoass:{LU₂}mu-kil-{KUŠ}a-pa-MEŠ=appatu[bridle//bridle]N'N$appāti",
"links": [
{
"type": "link",
"xlink_title": "mukillu",
"xlink_type": "locator",
"xlink_href": "#P335149.l0640e",
"xlink_role": "elt"}
,
{
"type": "link",
"xlink_title": "appatu",
"xlink_type": "locator",
"xlink_href": "#P335149.l0640f",
"xlink_role": "elt"}
]}
,
{
"type": "linkset",
"xlink_title": "mukīl appāti[chariot driver//chariot driver]N'N",
"id": "P335149.ls00004",
"xlink_type": "extended",
"xlink_role": "psu",
"sig": "{mukillu[holder]N appatu[bridle]N += mukīl appāti[chariot driver//chariot driver]N'N}::@saao%akk-x-neoass:{LU₂}mu-kil-{KUŠ}a-pa-MEŠ=mukillu[holder//holder]N'N$mukīl++@saao%akk-x-neoass:{LU₂}mu-kil-{KUŠ}a-pa-MEŠ=appatu[bridle//bridle]N'N$appāti",
"links": [
{
"type": "link",
"xlink_title": "mukillu",
"xlink_type": "locator",
"xlink_href": "#P335149.l06412",
"xlink_role": "elt"}
,
{
"type": "link",
"xlink_title": "appatu",
"xlink_type": "locator",
"xlink_href": "#P335149.l06413",
"xlink_role": "elt"}
]}
,
{
"type": "linkset",
"xlink_title": "mukīl appāti[chariot driver//chariot driver]N'N",
"id": "P335149.ls00005",
"xlink_type": "extended",
"xlink_role": "psu",
"sig": "{mukillu[holder]N appatu[bridle]N += mukīl appāti[chariot driver//chariot driver]N'N}::@saao%akk-x-neoass:{LU₂}mu-kil-{KUŠ}a-pa-MEŠ=mukillu[holder//holder]N'N$mukīl++@saao%akk-x-neoass:{LU₂}mu-kil-{KUŠ}a-pa-MEŠ=appatu[bridle//bridle]N'N$appāti",
"links": [
{
"type": "link",
"xlink_title": "mukillu",
"xlink_type": "locator",
"xlink_href": "#P335149.l06416",
"xlink_role": "elt"}
,
{
"type": "link",
"xlink_title": "appatu",
"xlink_type": "locator",
"xlink_href": "#P335149.l06417",
"xlink_role": "elt"}
]}
,
{
"type": "linkset",
"xlink_title": "mukīl appāti[chariot driver//chariot driver]N'N",
"id": "P335149.ls00006",
"xlink_type": "extended",
"xlink_role": "psu",
"sig": "{mukillu[holder]N appatu[bridle]N += mukīl appāti[chariot driver//chariot driver]N'N}::@saao%akk-x-neoass:{LU₂}mu-kil-{KUŠ}a-pa-MEŠ=mukillu[holder//holder]N'N$mukīl++@saao%akk-x-neoass:{LU₂}mu-kil-{KUŠ}a-pa-MEŠ=appatu[bridle//bridle]N'N$appāti",
"links": [
{
"type": "link",
"xlink_title": "mukillu",
"xlink_type": "locator",
"xlink_href": "#P335149.l0641a",
"xlink_role": "elt"}
,
{
"type": "link",
"xlink_title": "appatu",
"xlink_type": "locator",
"xlink_href": "#P335149.l0641b",
"xlink_role": "elt"}
]}
,
{
"type": "linkset",
"xlink_title": "mukīl appāti[chariot driver//chariot driver]N'N",
"id": "P335149.ls00007",
"xlink_type": "extended",
"xlink_role": "psu",
"sig": "{mukillu[holder]N appatu[bridle]N += mukīl appāti[chariot driver//chariot driver]N'N}::@saao%akk-x-neoass:{LU₂}mu-kil-{KUŠ}a-pa-MEŠ=mukillu[holder//holder]N'N$mukīl++@saao%akk-x-neoass:{LU₂}mu-kil-{KUŠ}a-pa-MEŠ=appatu[bridle//bridle]N'N$appāti",
"links": [
{
"type": "link",
"xlink_title": "mukillu",
"xlink_type": "locator",
"xlink_href": "#P335149.l0641e",
"xlink_role": "elt"}
,
{
"type": "link",
"xlink_title": "appatu",
"xlink_type": "locator",
"xlink_href": "#P335149.l0641f",
"xlink_role": "elt"}
]}
,
{
"type": "linkset",
"xlink_title": "rab kiṣri[centurion//cohort commander]N'N",
"id": "P335149.ls00008",
"xlink_type": "extended",
"xlink_role": "psu",
"sig": "{{LU₂}GAL-ki-ṣir = rabû[big one]N kiṣru[knot]N += rab kiṣri[centurion//cohort commander]N'N}::@saao/saa10%akk-x-neoass:{LU₂}GAL-ki-ṣir=rabû[big one//big one]N'N$rab++@saao/saa10%akk-x-neobab:{LU₂}GAL-ki-ṣir=kiṣru[knot//knot]N'N$kiṣir",
"links": [
{
"type": "link",
"xlink_title": "rabû",
"xlink_type": "locator",
"xlink_href": "#P335149.l06422",
"xlink_role": "elt"}
,
{
"type": "link",
"xlink_title": "kiṣru",
"xlink_type": "locator",
"xlink_href": "#P335149.l06423",
"xlink_role": "elt"}
]}
]}
]}
