{
"type": "cdl",
  "source": "http://oracc.org/saao/saa06",
  "license": "This data is released under the CC0 license",
  "license-url": "https://creativecommons.org/publicdomain/zero/1.0/",
  "more-info": "http://oracc.org/doc/opendata/",
  "UTC-timestamp": "2017-05-19T11:31:33",
"project": "saao/saa06",
"textid": "P335939",
"cdl": [
{
"node": "c",
"type": "text",
"id": "P335939.U0",
"cdl": [
{
"node": "d",
"type": "object",
"ref": ""}
,
{
"node": "d",
"subtype": "obverse",
"type": "surface",
"ref": "P335939.o.1",
"type": "obverse",
"label": "o"}
,
{
"node": "d",
"type": "nonx",
"ref": "P335939.2",
"strict": "0",
"extent": "beginning",
"state": "missing"}
,
{
"node": "d",
"type": "nonx",
"ref": "P335939.3",
"strict": "1",
"extent": "n",
"scope": "line",
"state": "ruling",
"flags": "!"}
,
{
"node": "c",
"type": "discourse",
"subtype": "body",
"id": "P335939.U1",
"cdl": [
{
"node": "c",
"type": "sentence",
"id": "P335939.U2",
"label": "o 1' - e. 1",
"cdl": [
{
"node": "d",
"type": "line-start",
"ref": "P335939.4",
"n": "1'",
"label": "o 1'"}
,
{
"node": "l",
"frag": "{1}⸢PAB⸣-li-ti",
"id": "P335939.l047d5",
"ref": "P335939.4.1",
"inst": "Ahi-leti[1]PN$",
"exosig": "@saao/saa06%akk-x-neoass:{1}PAB-li-ti=Ahi-leti[1//1]PN'PN$Ahi-leti",
"f": {"lang": "akk-x-neoass",
"form": "{1}PAB-li-ti",
"cf": "Ahi-leti",
"gw": "1",
"sense": "1",
"norm": "Ahi-leti",
"pos": "PN",
"epos": "PN"}
}
,
{
"node": "l",
"frag": "⸢ARAD⸣-šu₂",
"id": "P335939.l047d6",
"ref": "P335939.4.2",
"inst": "urdīšu[servant]N",
"exosig": "@saao/saa06%akk-x-neoass:ARAD-šu₂=ardu[slave//servant]N'N$urdīšu",
"f": {"lang": "akk-x-neoass",
"form": "ARAD-šu₂",
"cf": "ardu",
"gw": "slave",
"sense": "servant",
"norm": "urdīšu",
"pos": "N",
"epos": "N"}
}
,
{
"node": "d",
"type": "line-start",
"ref": "P335939.5",
"n": "2'",
"label": "o 2'"}
,
{
"node": "l",
"frag": "u₂-⸢piš⸣-ma",
"id": "P335939.l047d7",
"ref": "P335939.5.1",
"inst": "uppišma[contract]V",
"exosig": "@saao/saa06%akk-x-neoass:u₂-piš-ma=epēšu[do//contract]V'V$uppišma",
"f": {"lang": "akk-x-neoass",
"form": "u₂-piš-ma",
"cf": "epēšu",
"gw": "do",
"sense": "contract",
"norm": "uppišma",
"pos": "V",
"epos": "V"}
}
,
{
"node": "l",
"frag": "{1}man-nu-⸢ki⸣-{uru}arba-il₃",
"id": "P335939.l047d8",
"ref": "P335939.5.2",
"inst": "Mannu-ki-Arbail[1]PN",
"exosig": "@saao/saa06%akk-x-neoass:{1}man-nu-ki-{URU}arba-il₃=Mannu-ki-Arbail[1//1]PN'PN$Mannu-ki-Arbail",
"f": {"lang": "akk-x-neoass",
"form": "{1}man-nu-ki-{URU}arba-il₃",
"cf": "Mannu-ki-Arbail",
"gw": "1",
"sense": "1",
"norm": "Mannu-ki-Arbail",
"pos": "PN",
"epos": "PN"}
}
,
{
"node": "d",
"type": "line-start",
"ref": "P335939.6",
"n": "3'",
"label": "o 3'"}
,
{
"node": "c",
"type": "phrase",
"tag": "phr",
"id": "P335939.U4",
"ref": "P335939.ls00000",
"cdl": [
{
"node": "l",
"frag": "⸢TA@v⸣",
"id": "P335939.l047d9",
"ref": "P335939.6.1",
"inst": "issu[from+=from]PRP",
"exosig": "@saao/saa06%akk-x-neoass:TA@v=ištu[from//from]PRP'PRP$issu",
"f": {"lang": "akk-x-neoass",
"form": "TA@v",
"cf": "ištu",
"gw": "from",
"sense": "from",
"norm": "issu",
"pos": "PRP",
"epos": "PRP"}
}
,
{
"node": "l",
"frag": "[IGI]",
"id": "P335939.l047da",
"ref": "P335939.6.2",
"inst": "pān[front]N",
"exosig": "@saao/saa06%akk-x-neoass:IGI=pānu[front//front]N'N$pān",
"f": {"lang": "akk-x-neoass",
"form": "IGI",
"cf": "pānu",
"gw": "front",
"sense": "front",
"norm": "pān",
"pos": "N",
"epos": "N"}
}
]}
,
{
"node": "l",
"frag": "{1}NUMUN-i",
"id": "P335939.l047db",
"ref": "P335939.6.3",
"inst": "Zari[1]PN",
"exosig": "@saao/saa06%akk-x-neoass:{1}NUMUN-i=Zari[1//1]PN'PN$Zari",
"f": {"lang": "akk-x-neoass",
"form": "{1}NUMUN-i",
"cf": "Zari",
"gw": "1",
"sense": "1",
"norm": "Zari",
"pos": "PN",
"epos": "PN"}
}
,
{
"node": "d",
"type": "line-start",
"ref": "P335939.7",
"n": "4'",
"label": "o 4'"}
,
{
"node": "l",
"frag": "a-na",
"id": "P335939.l047dc",
"ref": "P335939.7.1",
"inst": "ana[for]PRP",
"exosig": "@saao/saa06%akk-x-neoass:a-na=ana[to//for]PRP'PRP$ana",
"f": {"lang": "akk-x-neoass",
"form": "a-na",
"cf": "ana",
"gw": "to",
"sense": "for",
"norm": "ana",
"pos": "PRP",
"epos": "PRP"}
}
,
{
"node": "l",
"frag": "01",
"id": "P335939.l047dd",
"ref": "P335939.7.2",
"inst": "n",
"f": {"lang": "akk-x-neoass",
"form": "01",
"pos": "n"}
}
,
{
"node": "l",
"frag": "1/2",
"id": "P335939.l047de",
"ref": "P335939.7.3",
"inst": "n",
"f": {"lang": "akk-x-neoass",
"form": "1/2",
"pos": "n"}
}
,
{
"node": "l",
"frag": "MA.NA",
"id": "P335939.l047df",
"ref": "P335939.7.4",
"inst": "manê[a unit of weight]N",
"exosig": "@saao/saa06%akk-x-neoass:MA.NA=manû[unit//a unit of weight]N'N$manê",
"f": {"lang": "akk-x-neoass",
"form": "MA.NA",
"cf": "manû",
"gw": "unit",
"sense": "a unit of weight",
"norm": "manê",
"pos": "N",
"epos": "N"}
}
,
{
"node": "l",
"frag": "KUG.UD-MEŠ",
"id": "P335939.l047e0",
"ref": "P335939.7.5",
"inst": "ṣarpī[silver]N",
"exosig": "@saao/saa06%akk-x-neoass:KUG.UD-MEŠ=ṣarpu[silver//silver]N'N$ṣarpī",
"f": {"lang": "akk-x-neoass",
"form": "KUG.UD-MEŠ",
"cf": "ṣarpu",
"gw": "silver",
"sense": "silver",
"norm": "ṣarpī",
"pos": "N",
"epos": "N"}
}
,
{
"node": "d",
"type": "line-start",
"ref": "P335939.8",
"n": "5'",
"label": "o 5'"}
,
{
"node": "l",
"frag": "a-na",
"id": "P335939.l047e1",
"ref": "P335939.8.1",
"inst": "ana[by]PRP",
"exosig": "@saao/saa06%akk-x-neoass:a-na=ana[to//by]PRP'PRP$ana",
"f": {"lang": "akk-x-neoass",
"form": "a-na",
"cf": "ana",
"gw": "to",
"sense": "by",
"norm": "ana",
"pos": "PRP",
"epos": "PRP"}
}
,
{
"node": "l",
"frag": "01",
"id": "P335939.l047e2",
"ref": "P335939.8.2",
"inst": "n",
"f": {"lang": "akk-x-neoass",
"form": "01",
"pos": "n"}
}
,
{
"node": "l",
"frag": "ma-ne₂-e",
"id": "P335939.l047e3",
"ref": "P335939.8.3",
"inst": "manê[a unit of weight]N",
"exosig": "@saao/saa06%akk-x-neoass:ma-ne₂-e=manû[unit//a unit of weight]N'N$manê",
"f": {"lang": "akk-x-neoass",
"form": "ma-ne₂-e",
"cf": "manû",
"gw": "unit",
"sense": "a unit of weight",
"norm": "manê",
"pos": "N",
"epos": "N"}
}
,
{
"node": "l",
"frag": "ša",
"id": "P335939.l047e4",
"ref": "P335939.8.4",
"inst": "ša[of]DET",
"exosig": "@saao/saa06%akk-x-neoass:ša=ša[of//of]DET'DET$ša",
"f": {"lang": "akk-x-neoass",
"form": "ša",
"cf": "ša",
"gw": "of",
"sense": "of",
"norm": "ša",
"pos": "DET",
"epos": "DET"}
}
,
{
"node": "l",
"frag": "{kur}gar-ga-⸢mis⸣",
"id": "P335939.l047e5",
"ref": "P335939.8.5",
"inst": "Gargamis[Carchemish]GN",
"exosig": "@saao/saa06%akk-x-neoass:{KUR}gar-ga-mis=Gargamis[Carchemish//Carchemish]GN'GN$Gargamis",
"f": {"lang": "akk-x-neoass",
"form": "{KUR}gar-ga-mis",
"cf": "Gargamis",
"gw": "Carchemish",
"sense": "Carchemish",
"norm": "Gargamis",
"pos": "GN",
"epos": "GN"}
}
,
{
"node": "d",
"type": "line-start",
"ref": "P335939.9",
"n": "6'",
"label": "o 6'"}
,
{
"node": "l",
"frag": "i-zi-rip",
"id": "P335939.l047e6",
"ref": "P335939.9.1",
"inst": "izzirip[purchase]V",
"exosig": "@saao/saa06%akk-x-neoass:i-zi-rip=zarāpu[purchase//purchase]V'V$izzirip",
"f": {"lang": "akk-x-neoass",
"form": "i-zi-rip",
"cf": "zarāpu",
"gw": "purchase",
"sense": "purchase",
"norm": "izzirip",
"pos": "V",
"epos": "V"}
}
,
{
"node": "l",
"frag": "i-si-qi",
"id": "P335939.l047e7",
"ref": "P335939.9.2",
"inst": "issiqi[acquire]V",
"exosig": "@saao/saa06%akk-x-neoass:i-si-qi=leqû[take//acquire]V'V$issiqi",
"f": {"lang": "akk-x-neoass",
"form": "i-si-qi",
"cf": "leqû",
"gw": "take",
"sense": "acquire",
"norm": "issiqi",
"pos": "V",
"epos": "V"}
}
,
{
"node": "d",
"type": "line-start",
"ref": "P335939.10",
"n": "7'",
"label": "o 7'"}
,
{
"node": "l",
"frag": "kas-pu",
"id": "P335939.l047e8",
"ref": "P335939.10.1",
"inst": "kaspu[money]N",
"exosig": "@saao/saa06%akk-x-neoass:kas-pu=kaspu[silver//money]N'N$kaspu",
"f": {"lang": "akk-x-neoass",
"form": "kas-pu",
"cf": "kaspu",
"gw": "silver",
"sense": "money",
"norm": "kaspu",
"pos": "N",
"epos": "N"}
}
,
{
"node": "l",
"frag": "gam-mur",
"id": "P335939.l047e9",
"ref": "P335939.10.2",
"inst": "gammur[completed]AJ",
"exosig": "@saao/saa06%akk-x-neoass:gam-mur=gammuru[finished//completed]AJ'AJ$gammur",
"f": {"lang": "akk-x-neoass",
"form": "gam-mur",
"cf": "gammuru",
"gw": "finished",
"sense": "completed",
"norm": "gammur",
"pos": "AJ",
"epos": "AJ"}
}
,
{
"node": "l",
"frag": "ta-din-ni",
"id": "P335939.l047ea",
"ref": "P335939.10.3",
"inst": "tadinni[paid]AJ",
"exosig": "@saao/saa06%akk-x-neoass:ta-din-ni=tadnu[given//paid]AJ'AJ$tadinni",
"f": {"lang": "akk-x-neoass",
"form": "ta-din-ni",
"cf": "tadnu",
"gw": "given",
"sense": "paid",
"norm": "tadinni",
"pos": "AJ",
"epos": "AJ"}
}
,
{
"node": "d",
"type": "line-start",
"ref": "P335939.11",
"n": "8'",
"label": "o 8'"}
,
{
"node": "l",
"frag": "⸢LU₂⸣",
"id": "P335939.l047eb",
"ref": "P335939.11.1",
"inst": "amēlu[man]N",
"exosig": "@saao/saa06%akk-x-neoass:LU₂=awīlu[man//man]N'N$amēlu",
"f": {"lang": "akk-x-neoass",
"form": "LU₂",
"cf": "awīlu",
"gw": "man",
"sense": "man",
"norm": "amēlu",
"pos": "N",
"epos": "N"}
}
,
{
"node": "l",
"frag": "šu-a-tum",
"id": "P335939.l047ec",
"ref": "P335939.11.2",
"inst": "šuāti[him//that]IP'DP$šuātum",
"exosig": "@saao/saa06%akk-x-neoass:šu-a-tum=šuāti[him//that]IP'DP$šuātum",
"f": {"lang": "akk-x-neoass",
"form": "šu-a-tum",
"cf": "šuāti",
"gw": "him",
"sense": "that",
"norm": "šuātum",
"pos": "IP",
"epos": "DP"}
}
,
{
"node": "l",
"frag": "za-ar-pi",
"id": "P335939.l047ed",
"ref": "P335939.11.3",
"inst": "zarpi[purchased]AJ",
"exosig": "@saao/saa06%akk-x-neoass:za-ar-pi=zarpu[purchased//purchased]AJ'AJ$zarpi",
"f": {"lang": "akk-x-neoass",
"form": "za-ar-pi",
"cf": "zarpu",
"gw": "purchased",
"sense": "purchased",
"norm": "zarpi",
"pos": "AJ",
"epos": "AJ"}
}
,
{
"node": "d",
"type": "line-start",
"ref": "P335939.12",
"n": "9'",
"label": "o 9'"}
,
{
"node": "l",
"frag": "laq-qi",
"id": "P335939.l047ee",
"ref": "P335939.12.1",
"inst": "laqqi[acquired]AJ",
"exosig": "@saao/saa06%akk-x-neoass:laq-qi=leqû[taken//acquired]AJ'AJ$laqqi",
"f": {"lang": "akk-x-neoass",
"form": "laq-qi",
"cf": "leqû",
"gw": "taken",
"sense": "acquired",
"norm": "laqqi",
"pos": "AJ",
"epos": "AJ"}
}
,
{
"node": "l",
"frag": "tu-a-ru",
"id": "P335939.l047ef",
"ref": "P335939.12.2",
"inst": "tuāru[revocation]'N",
"exosig": "@saao/saa06%akk-x-neoass:tu-a-ru=târu[turn//revocation]V'N$tuāru",
"f": {"lang": "akk-x-neoass",
"form": "tu-a-ru",
"cf": "târu",
"gw": "turn",
"sense": "revocation",
"norm": "tuāru",
"pos": "V",
"epos": "N"}
}
,
{
"node": "l",
"frag": "de-nu",
"id": "P335939.l047f0",
"ref": "P335939.12.3",
"inst": "dēnu[lawsuit]N",
"exosig": "@saao/saa06%akk-x-neoass:de-nu=dīnu[legal decision//lawsuit]N'N$dēnu",
"f": {"lang": "akk-x-neoass",
"form": "de-nu",
"cf": "dīnu",
"gw": "legal decision",
"sense": "lawsuit",
"norm": "dēnu",
"pos": "N",
"epos": "N"}
}
,
{
"node": "d",
"type": "line-start",
"ref": "P335939.13",
"n": "10'",
"label": "o 10'"}
,
{
"node": "l",
"frag": "⸢DUG₄⸣.DUG₄",
"id": "P335939.l047f1",
"ref": "P335939.13.1",
"inst": "dabābu[litigation]'N",
"exosig": "@saao/saa06%akk-x-neoass:DUG₄.DUG₄=dabābu[speak//litigation]V'N$dabābu",
"f": {"lang": "akk-x-neoass",
"form": "DUG₄.DUG₄",
"cf": "dabābu",
"gw": "speak",
"sense": "litigation",
"norm": "dabābu",
"pos": "V",
"epos": "N"}
}
,
{
"node": "l",
"frag": "la-aš₂-šu₂",
"id": "P335939.l047f2",
"ref": "P335939.13.2",
"inst": "laššu[(there) is not]V",
"exosig": "@saao/saa06%akk-x-neoass:la-aš₂-šu₂=laššu[(there) is not//(there) is not]V'V$laššu",
"f": {"lang": "akk-x-neoass",
"form": "la-aš₂-šu₂",
"cf": "laššu",
"gw": "(there) is not",
"sense": "(there) is not",
"norm": "laššu",
"pos": "V",
"epos": "V"}
}
,
{
"node": "d",
"type": "line-start",
"ref": "P335939.14",
"n": "11'",
"label": "o 11'"}
,
{
"node": "l",
"frag": "[ṣib]-⸢tu₂⸣",
"id": "P335939.l047f3",
"ref": "P335939.14.1",
"inst": "ṣibtu[seizure]N",
"exosig": "@saao/saa06%akk-x-neoass:ṣib-tu₂=ṣibtu[seizure//seizure]N'N$ṣibtu",
"f": {"lang": "akk-x-neoass",
"form": "ṣib-tu₂",
"cf": "ṣibtu",
"gw": "seizure",
"sense": "seizure",
"norm": "ṣibtu",
"pos": "N",
"epos": "N"}
}
,
{
"node": "l",
"frag": "EN-e-nu",
"id": "P335939.l047f4",
"ref": "P335939.14.2",
"inst": "bennu[epilepsy]N$",
"exosig": "@saao/saa06%akk-x-neoass:EN-e-nu=bennu[epilepsy//epilepsy]N'N$bennu",
"f": {"lang": "akk-x-neoass",
"form": "EN-e-nu",
"cf": "bennu",
"gw": "epilepsy",
"sense": "epilepsy",
"norm": "bennu",
"pos": "N",
"epos": "N"}
}
,
{
"node": "l",
"frag": "a-na",
"id": "P335939.l047f5",
"ref": "P335939.14.3",
"inst": "ana[for]PRP",
"exosig": "@saao/saa06%akk-x-neoass:a-na=ana[to//for]PRP'PRP$ana",
"f": {"lang": "akk-x-neoass",
"form": "a-na",
"cf": "ana",
"gw": "to",
"sense": "for",
"norm": "ana",
"pos": "PRP",
"epos": "PRP"}
}
,
{
"node": "l",
"frag": "01",
"id": "P335939.l047f6",
"ref": "P335939.14.4",
"inst": "n",
"f": {"lang": "akk-x-neoass",
"form": "01",
"pos": "n"}
}
,
{
"node": "l",
"frag": "me",
"id": "P335939.l047f7",
"ref": "P335939.14.5",
"inst": "mē[(one) hundred]NU",
"exosig": "@saao/saa06%akk-x-neoass:me=meʾatu[(one) hundred//(one) hundred]NU'NU$mē",
"f": {"lang": "akk-x-neoass",
"form": "me",
"cf": "meʾatu",
"gw": "(one) hundred",
"sense": "(one) hundred",
"norm": "mē",
"pos": "NU",
"epos": "NU"}
}
,
{
"node": "l",
"frag": "UD-me",
"id": "P335939.l047f8",
"ref": "P335939.14.6",
"inst": "ūme[day]N",
"exosig": "@saao/saa06%akk-x-neoass:UD-me=ūmu[day//day]N'N$ūme",
"f": {"lang": "akk-x-neoass",
"form": "UD-me",
"cf": "ūmu",
"gw": "day",
"sense": "day",
"norm": "ūme",
"pos": "N",
"epos": "N"}
}
,
{
"node": "d",
"type": "line-start",
"ref": "P335939.15",
"n": "12'",
"label": "o 12'"}
,
{
"node": "l",
"frag": "[sa]-⸢ar⸣-tu₂",
"id": "P335939.l047f9",
"ref": "P335939.15.1",
"inst": "sartu[fraud]N",
"exosig": "@saao/saa06%akk-x-neoass:sa-ar-tu₂=sartu[falsehood//fraud]N'N$sartu",
"f": {"lang": "akk-x-neoass",
"form": "sa-ar-tu₂",
"cf": "sartu",
"gw": "falsehood",
"sense": "fraud",
"norm": "sartu",
"pos": "N",
"epos": "N"}
}
,
{
"node": "l",
"frag": "ina",
"id": "P335939.l047fa",
"ref": "P335939.15.2",
"inst": "ina[for]PRP",
"exosig": "@saao/saa06%akk-x-neoass:ina=ina[in//for]PRP'PRP$ina",
"f": {"lang": "akk-x-neoass",
"form": "ina",
"cf": "ina",
"gw": "in",
"sense": "for",
"norm": "ina",
"pos": "PRP",
"epos": "PRP"}
}
,
{
"node": "l",
"frag": "kal",
"id": "P335939.l047fb",
"ref": "P335939.15.3",
"inst": "kal[all]'AJ",
"exosig": "@saao/saa06%akk-x-neoass:kal=kalû[totality//all]N'AJ$kal",
"f": {"lang": "akk-x-neoass",
"form": "kal",
"cf": "kalû",
"gw": "totality",
"sense": "all",
"norm": "kal",
"pos": "N",
"epos": "AJ"}
}
,
{
"node": "l",
"frag": "MU.AN.NA-MEŠ",
"id": "P335939.l047fc",
"ref": "P335939.15.4",
"inst": "šanāti[year]N",
"exosig": "@saao/saa06%akk-x-neoass:MU.AN.NA-MEŠ=šattu[year//year]N'N$šanāti",
"f": {"lang": "akk-x-neoass",
"form": "MU.AN.NA-MEŠ",
"cf": "šattu",
"gw": "year",
"sense": "year",
"norm": "šanāti",
"pos": "N",
"epos": "N"}
}
,
{
"node": "d",
"subtype": "reverse",
"type": "surface",
"ref": "P335939.r.16",
"type": "reverse",
"label": "r"}
,
{
"node": "d",
"type": "line-start",
"ref": "P335939.17",
"n": "1",
"label": "r 1"}
,
{
"node": "l",
"frag": "man-nu",
"id": "P335939.l047fd",
"ref": "P335939.17.1",
"inst": "mannu[whoever]'XP",
"exosig": "@saao/saa06%akk-x-neoass:man-nu=mannu[who?//whoever]QP'XP$mannu",
"f": {"lang": "akk-x-neoass",
"form": "man-nu",
"cf": "mannu",
"gw": "who?",
"sense": "whoever",
"norm": "mannu",
"pos": "QP",
"epos": "XP"}
}
,
{
"node": "l",
"frag": "ša",
"id": "P335939.l047fe",
"ref": "P335939.17.2",
"inst": "ša[that]REL",
"exosig": "@saao/saa06%akk-x-neoass:ša=ša[that//that]REL'REL$ša",
"f": {"lang": "akk-x-neoass",
"form": "ša",
"cf": "ša",
"gw": "that",
"sense": "that",
"norm": "ša",
"pos": "REL",
"epos": "REL"}
}
,
{
"node": "c",
"type": "phrase",
"tag": "phr",
"id": "P335939.U5",
"ref": "P335939.ls00001",
"cdl": [
{
"node": "l",
"frag": "ina",
"id": "P335939.l047ff",
"ref": "P335939.17.3",
"inst": "ina[in+=in the future]PRP",
"exosig": "@saao/saa06%akk-x-neoass:ina=ina[in//in]PRP'PRP$ina",
"f": {"lang": "akk-x-neoass",
"form": "ina",
"cf": "ina",
"gw": "in",
"sense": "in",
"norm": "ina",
"pos": "PRP",
"epos": "PRP"}
}
,
{
"node": "l",
"frag": "ur-kiš",
"id": "P335939.l04800",
"ref": "P335939.17.4",
"inst": "urkiš[later]AV",
"exosig": "@saao/saa06%akk-x-neoass:ur-kiš=urkiš[later//later]AV'AV$urkiš",
"f": {"lang": "akk-x-neoass",
"form": "ur-kiš",
"cf": "urkiš",
"gw": "later",
"sense": "later",
"norm": "urkiš",
"pos": "AV",
"epos": "AV"}
}
]}
,
{
"node": "c",
"type": "phrase",
"tag": "phr",
"id": "P335939.U6",
"ref": "P335939.ls00002",
"cdl": [
{
"node": "l",
"frag": "ina",
"id": "P335939.l04801",
"ref": "P335939.17.5",
"inst": "ina[in+=whenever]PRP$",
"exosig": "@saao/saa06%akk-x-neoass:ina=ina[in//in]PRP'PRP$ina",
"f": {"lang": "akk-x-neoass",
"form": "ina",
"cf": "ina",
"gw": "in",
"sense": "in",
"norm": "ina",
"pos": "PRP",
"epos": "PRP"}
}
,
{
"node": "l",
"frag": "ma-ti-mu",
"id": "P335939.l04802",
"ref": "P335939.17.6",
"inst": "matīma[ever]AV$matīmu",
"exosig": "@saao/saa06%akk-x-neoass:ma-ti-mu=matīma[ever//ever]AV'AV$matīmu",
"f": {"lang": "akk-x-neoass",
"form": "ma-ti-mu",
"cf": "matīma",
"gw": "ever",
"sense": "ever",
"norm": "matīmu",
"pos": "AV",
"epos": "AV"}
}
]}
,
{
"node": "d",
"type": "line-start",
"ref": "P335939.18",
"n": "2",
"label": "r 2"}
,
{
"node": "l",
"frag": "lu-u",
"id": "P335939.l04803",
"ref": "P335939.18.1",
"inst": "lū[may]MOD",
"exosig": "@saao/saa06%akk-x-neoass:lu-u=lū[may//may]MOD'MOD$lū",
"f": {"lang": "akk-x-neoass",
"form": "lu-u",
"cf": "lū",
"gw": "may",
"sense": "may",
"norm": "lū",
"pos": "MOD",
"epos": "MOD"}
}
,
{
"node": "l",
"frag": "{1}NUMUN-i",
"id": "P335939.l04804",
"ref": "P335939.18.2",
"inst": "Zari[1]PN",
"exosig": "@saao/saa06%akk-x-neoass:{1}NUMUN-i=Zari[1//1]PN'PN$Zari",
"f": {"lang": "akk-x-neoass",
"form": "{1}NUMUN-i",
"cf": "Zari",
"gw": "1",
"sense": "1",
"norm": "Zari",
"pos": "PN",
"epos": "PN"}
}
,
{
"node": "l",
"frag": "lu-u",
"id": "P335939.l04805",
"ref": "P335939.18.3",
"inst": "lū[may]MOD",
"exosig": "@saao/saa06%akk-x-neoass:lu-u=lū[may//may]MOD'MOD$lū",
"f": {"lang": "akk-x-neoass",
"form": "lu-u",
"cf": "lū",
"gw": "may",
"sense": "may",
"norm": "lū",
"pos": "MOD",
"epos": "MOD"}
}
,
{
"node": "l",
"frag": "DUMU-MEŠ-šu₂",
"id": "P335939.l04806",
"ref": "P335939.18.4",
"inst": "marʾēšu[son]N",
"sig": "@saao%akk-x-neoass:DUMU-MEŠ-šu₂=māru[son//son]N'N$marʾēšu",
"f": {"lang": "akk-x-neoass",
"form": "DUMU-MEŠ-šu₂",
"cf": "māru",
"gw": "son",
"sense": "son",
"norm": "marʾēšu",
"pos": "N",
"epos": "N"}
}
,
{
"node": "d",
"type": "line-start",
"ref": "P335939.19",
"n": "3",
"label": "r 3"}
,
{
"node": "l",
"frag": "lu-u",
"id": "P335939.l04807",
"ref": "P335939.19.1",
"inst": "lū[may]MOD",
"exosig": "@saao/saa06%akk-x-neoass:lu-u=lū[may//may]MOD'MOD$lū",
"f": {"lang": "akk-x-neoass",
"form": "lu-u",
"cf": "lū",
"gw": "may",
"sense": "may",
"norm": "lū",
"pos": "MOD",
"epos": "MOD"}
}
,
{
"node": "c",
"type": "phrase",
"tag": "phr",
"id": "P335939.U7",
"ref": "P335939.ls00003",
"cdl": [
{
"node": "l",
"frag": "DUMU-DUMU-MEŠ-šu₂",
"id": "P335939.l04808",
"ref": "P335939.19.2",
"cof-tails": "P335939.l04809",
"inst": "māru[son]N$mār&māru[son]N$marʾēšu",
"exosig": "@saao/saa06%akk-x-neoass:DUMU-DUMU-MEŠ-šu₂=māru[son//son]N'N$mār&&@saao%akk-x-neoass:=māru[son//son]N'N$marʾēšu",
"f": {"lang": "akk-x-neoass",
"form": "DUMU-DUMU-MEŠ-šu₂",
"cf": "māru",
"gw": "son",
"sense": "son",
"norm": "mār",
"pos": "N",
"epos": "N"}
}
,
{
"node": "l",
"frag": "DUMU-DUMU-MEŠ-šu₂",
"id": "P335939.l04809",
"ref": "P335939.19.2",
"cof-head": "P335939.l04808",
"inst": "māru[son]N$mār&māru[son]N$marʾēšu",
"tail-sig": "@saao%akk-x-neoass:=māru[son//son]N'N$marʾēšu",
"f": {"lang": "akk-x-neoass",
"form": "DUMU-DUMU-MEŠ-šu₂",
"cf": "māru",
"gw": "son",
"sense": "son",
"norm": "marʾēšu",
"pos": "N",
"epos": "N"}
}
]}
,
{
"node": "l",
"frag": "lu-u",
"id": "P335939.l0480a",
"ref": "P335939.19.3",
"inst": "lū[may]MOD",
"exosig": "@saao/saa06%akk-x-neoass:lu-u=lū[may//may]MOD'MOD$lū",
"f": {"lang": "akk-x-neoass",
"form": "lu-u",
"cf": "lū",
"gw": "may",
"sense": "may",
"norm": "lū",
"pos": "MOD",
"epos": "MOD"}
}
,
{
"node": "l",
"frag": "ŠEŠ-MEŠ-šu₂",
"id": "P335939.l0480b",
"ref": "P335939.19.4",
"inst": "ahhēšu[brother]N",
"exosig": "@saao/saa06%akk-x-neoass:ŠEŠ-MEŠ-šu₂=ahu[brother//brother]N'N$ahhēšu",
"f": {"lang": "akk-x-neoass",
"form": "ŠEŠ-MEŠ-šu₂",
"cf": "ahu",
"gw": "brother",
"sense": "brother",
"norm": "ahhēšu",
"pos": "N",
"epos": "N"}
}
,
{
"node": "d",
"type": "line-start",
"ref": "P335939.20",
"n": "4",
"label": "r 4"}
,
{
"node": "l",
"frag": "lu-u",
"id": "P335939.l0480c",
"ref": "P335939.20.1",
"inst": "lū[may]MOD",
"exosig": "@saao/saa06%akk-x-neoass:lu-u=lū[may//may]MOD'MOD$lū",
"f": {"lang": "akk-x-neoass",
"form": "lu-u",
"cf": "lū",
"gw": "may",
"sense": "may",
"norm": "lū",
"pos": "MOD",
"epos": "MOD"}
}
,
{
"node": "c",
"type": "phrase",
"tag": "phr",
"id": "P335939.U8",
"ref": "P335939.ls00004",
"cdl": [
{
"node": "l",
"frag": "EN-il-ki-šu₂",
"id": "P335939.l0480d",
"ref": "P335939.20.2",
"cof-tails": "P335939.l0480e",
"inst": "bēlu[lord]N$bēl&ilku[state service]N$ilkīšu",
"exosig": "@saao/saa06%akk-x-neoass:EN-il-ki-šu₂=bēlu[lord//lord]N'N$bēl&&@saao%akk-x-neoass:=ilku[state service//state service]N'N$ilkīšu",
"f": {"lang": "akk-x-neoass",
"form": "EN-il-ki-šu₂",
"cf": "bēlu",
"gw": "lord",
"sense": "lord",
"norm": "bēl",
"pos": "N",
"epos": "N"}
}
,
{
"node": "l",
"frag": "EN-il-ki-šu₂",
"id": "P335939.l0480e",
"ref": "P335939.20.2",
"cof-head": "P335939.l0480d",
"inst": "bēlu[lord]N$bēl&ilku[state service]N$ilkīšu",
"tail-sig": "@saao%akk-x-neoass:=ilku[state service//state service]N'N$ilkīšu",
"f": {"lang": "akk-x-neoass",
"form": "EN-il-ki-šu₂",
"cf": "ilku",
"gw": "state service",
"sense": "state service",
"norm": "ilkīšu",
"pos": "N",
"epos": "N"}
}
]}
,
{
"node": "l",
"frag": "ša",
"id": "P335939.l0480f",
"ref": "P335939.20.3",
"inst": "ša[that]REL",
"exosig": "@saao/saa06%akk-x-neoass:ša=ša[that//that]REL'REL$ša",
"f": {"lang": "akk-x-neoass",
"form": "ša",
"cf": "ša",
"gw": "that",
"sense": "that",
"norm": "ša",
"pos": "REL",
"epos": "REL"}
}
,
{
"node": "l",
"frag": "de-nu",
"id": "P335939.l04810",
"ref": "P335939.20.4",
"inst": "dēnu[lawsuit]N",
"exosig": "@saao/saa06%akk-x-neoass:de-nu=dīnu[legal decision//lawsuit]N'N$dēnu",
"f": {"lang": "akk-x-neoass",
"form": "de-nu",
"cf": "dīnu",
"gw": "legal decision",
"sense": "lawsuit",
"norm": "dēnu",
"pos": "N",
"epos": "N"}
}
,
{
"node": "d",
"type": "line-start",
"ref": "P335939.21",
"n": "5",
"label": "r 5"}
,
{
"node": "l",
"frag": "DUG₄.DUG₄",
"id": "P335939.l04811",
"ref": "P335939.21.1",
"inst": "dabābu[litigation]'N",
"exosig": "@saao/saa06%akk-x-neoass:DUG₄.DUG₄=dabābu[speak//litigation]V'N$dabābu",
"f": {"lang": "akk-x-neoass",
"form": "DUG₄.DUG₄",
"cf": "dabābu",
"gw": "speak",
"sense": "litigation",
"norm": "dabābu",
"pos": "V",
"epos": "N"}
}
,
{
"node": "l",
"frag": "TA@v",
"id": "P335939.l04812",
"ref": "P335939.21.2",
"inst": "issi[with]PRP",
"exosig": "@saao/saa06%akk-x-neoass:TA@v=išti[with//with]PRP'PRP$issi",
"f": {"lang": "akk-x-neoass",
"form": "TA@v",
"cf": "išti",
"gw": "with",
"sense": "with",
"norm": "issi",
"pos": "PRP",
"epos": "PRP"}
}
,
{
"node": "l",
"frag": "{1}man-⸢nu⸣-ki-{⸢uru⸣}arba-il₃",
"id": "P335939.l04813",
"ref": "P335939.21.3",
"inst": "Mannu-ki-Arbail[1]PN",
"exosig": "@saao/saa06%akk-x-neoass:{1}man-nu-ki-{URU}arba-il₃=Mannu-ki-Arbail[1//1]PN'PN$Mannu-ki-Arbail",
"f": {"lang": "akk-x-neoass",
"form": "{1}man-nu-ki-{URU}arba-il₃",
"cf": "Mannu-ki-Arbail",
"gw": "1",
"sense": "1",
"norm": "Mannu-ki-Arbail",
"pos": "PN",
"epos": "PN"}
}
,
{
"node": "d",
"type": "line-start",
"ref": "P335939.22",
"n": "6",
"label": "r 6"}
,
{
"node": "l",
"frag": "u₃",
"id": "P335939.l04814",
"ref": "P335939.22.1",
"inst": "u[and]CNJ",
"exosig": "@saao/saa06%akk-x-neoass:u₃=u[and//and]CNJ'CNJ$u",
"f": {"lang": "akk-x-neoass",
"form": "u₃",
"cf": "u",
"gw": "and",
"sense": "and",
"norm": "u",
"pos": "CNJ",
"epos": "CNJ"}
}
,
{
"node": "l",
"frag": "DUMU-MEŠ-šu₂",
"id": "P335939.l04815",
"ref": "P335939.22.2",
"inst": "marʾēšu[son]N",
"sig": "@saao%akk-x-neoass:DUMU-MEŠ-šu₂=māru[son//son]N'N$marʾēšu",
"f": {"lang": "akk-x-neoass",
"form": "DUMU-MEŠ-šu₂",
"cf": "māru",
"gw": "son",
"sense": "son",
"norm": "marʾēšu",
"pos": "N",
"epos": "N"}
}
,
{
"node": "l",
"frag": "u₃",
"id": "P335939.l04816",
"ref": "P335939.22.3",
"inst": "u[and]CNJ",
"exosig": "@saao/saa06%akk-x-neoass:u₃=u[and//and]CNJ'CNJ$u",
"f": {"lang": "akk-x-neoass",
"form": "u₃",
"cf": "u",
"gw": "and",
"sense": "and",
"norm": "u",
"pos": "CNJ",
"epos": "CNJ"}
}
,
{
"node": "c",
"type": "phrase",
"tag": "phr",
"id": "P335939.U9",
"ref": "P335939.ls00005",
"cdl": [
{
"node": "l",
"frag": "DUMU-DUMU-MEŠ-šu₂",
"id": "P335939.l04817",
"ref": "P335939.22.4",
"cof-tails": "P335939.l04818",
"inst": "māru[son]N$mār&māru[son]N$marʾēšu",
"exosig": "@saao/saa06%akk-x-neoass:DUMU-DUMU-MEŠ-šu₂=māru[son//son]N'N$mār&&@saao%akk-x-neoass:=māru[son//son]N'N$marʾēšu",
"f": {"lang": "akk-x-neoass",
"form": "DUMU-DUMU-MEŠ-šu₂",
"cf": "māru",
"gw": "son",
"sense": "son",
"norm": "mār",
"pos": "N",
"epos": "N"}
}
,
{
"node": "l",
"frag": "DUMU-DUMU-MEŠ-šu₂",
"id": "P335939.l04818",
"ref": "P335939.22.4",
"cof-head": "P335939.l04817",
"inst": "māru[son]N$mār&māru[son]N$marʾēšu",
"tail-sig": "@saao%akk-x-neoass:=māru[son//son]N'N$marʾēšu",
"f": {"lang": "akk-x-neoass",
"form": "DUMU-DUMU-MEŠ-šu₂",
"cf": "māru",
"gw": "son",
"sense": "son",
"norm": "marʾēšu",
"pos": "N",
"epos": "N"}
}
]}
,
{
"node": "d",
"type": "line-start",
"ref": "P335939.23",
"n": "7",
"label": "r 7"}
,
{
"node": "l",
"frag": "ub-ta-ʾu-u-ni",
"id": "P335939.l04819",
"ref": "P335939.23.1",
"inst": "ubtaʾʾūni[seek]V",
"exosig": "@saao/saa06%akk-x-neoass:ub-ta-ʾu-u-ni=buʾʾû[look for//seek]V'V$ubtaʾʾūni",
"f": {"lang": "akk-x-neoass",
"form": "ub-ta-ʾu-u-ni",
"cf": "buʾʾû",
"gw": "look for",
"sense": "seek",
"norm": "ubtaʾʾūni",
"pos": "V",
"epos": "V"}
}
,
{
"node": "l",
"frag": "GU₂.UN",
"id": "P335939.l0481a",
"ref": "P335939.23.2",
"inst": "bilāt[a unit of weight]N",
"exosig": "@saao/saa06%akk-x-neoass:GU₂.UN=biltu[load//a unit of weight]N'N$bilāt",
"f": {"lang": "akk-x-neoass",
"form": "GU₂.UN",
"cf": "biltu",
"gw": "load",
"sense": "a unit of weight",
"norm": "bilāt",
"pos": "N",
"epos": "N"}
}
,
{
"node": "l",
"frag": "MA.NA",
"id": "P335939.l0481b",
"ref": "P335939.23.3",
"inst": "manê[a unit of weight]N",
"exosig": "@saao/saa06%akk-x-neoass:MA.NA=manû[unit//a unit of weight]N'N$manê",
"f": {"lang": "akk-x-neoass",
"form": "MA.NA",
"cf": "manû",
"gw": "unit",
"sense": "a unit of weight",
"norm": "manê",
"pos": "N",
"epos": "N"}
}
,
{
"node": "l",
"frag": "KUG.UD",
"id": "P335939.l0481c",
"ref": "P335939.23.4",
"inst": "ṣarpi[silver]N",
"exosig": "@saao/saa06%akk-x-neoass:KUG.UD=ṣarpu[silver//silver]N'N$ṣarpi",
"f": {"lang": "akk-x-neoass",
"form": "KUG.UD",
"cf": "ṣarpu",
"gw": "silver",
"sense": "silver",
"norm": "ṣarpi",
"pos": "N",
"epos": "N"}
}
,
{
"node": "d",
"type": "line-start",
"ref": "P335939.24",
"n": "8",
"label": "r 8"}
,
{
"node": "l",
"frag": "01",
"id": "P335939.l0481d",
"ref": "P335939.24.1",
"inst": "n",
"f": {"lang": "akk-x-neoass",
"form": "01",
"pos": "n"}
}
,
{
"node": "l",
"frag": "MA.NA",
"id": "P335939.l0481e",
"ref": "P335939.24.2",
"inst": "manû[a unit of weight]N",
"exosig": "@saao/saa06%akk-x-neoass:MA.NA=manû[unit//a unit of weight]N'N$manû",
"f": {"lang": "akk-x-neoass",
"form": "MA.NA",
"cf": "manû",
"gw": "unit",
"sense": "a unit of weight",
"norm": "manû",
"pos": "N",
"epos": "N"}
}
,
{
"node": "l",
"frag": "KUG.GI",
"id": "P335939.l0481f",
"ref": "P335939.24.3",
"inst": "hurāṣi[gold]N",
"exosig": "@saao/saa06%akk-x-neoass:KUG.GI=hurāṣu[gold//gold]N'N$hurāṣi",
"f": {"lang": "akk-x-neoass",
"form": "KUG.GI",
"cf": "hurāṣu",
"gw": "gold",
"sense": "gold",
"norm": "hurāṣi",
"pos": "N",
"epos": "N"}
}
,
{
"node": "l",
"frag": "ina",
"id": "P335939.l04820",
"ref": "P335939.24.4",
"inst": "ina[in]PRP",
"exosig": "@saao/saa06%akk-x-neoass:ina=ina[in//in]PRP'PRP$ina",
"f": {"lang": "akk-x-neoass",
"form": "ina",
"cf": "ina",
"gw": "in",
"sense": "in",
"norm": "ina",
"pos": "PRP",
"epos": "PRP"}
}
,
{
"node": "l",
"frag": "bur-ki",
"id": "P335939.l04821",
"ref": "P335939.24.5",
"inst": "burki[lap]N",
"exosig": "@saao/saa06%akk-x-neoass:bur-ki=burku[knee//lap]N'N$burki",
"f": {"lang": "akk-x-neoass",
"form": "bur-ki",
"cf": "burku",
"gw": "knee",
"sense": "lap",
"norm": "burki",
"pos": "N",
"epos": "N"}
}
,
{
"node": "l",
"frag": "{d}IŠ.TAR",
"id": "P335939.l04822",
"ref": "P335939.24.6",
"inst": "Issar[1]DN",
"sig": "@saao%akk-x-neoass:{d}IŠ.TAR=Ištar[1//1]DN'DN$Issar",
"f": {"lang": "akk-x-neoass",
"form": "{d}IŠ.TAR",
"cf": "Ištar",
"gw": "1",
"sense": "1",
"norm": "Issar",
"pos": "DN",
"epos": "DN"}
}
,
{
"node": "d",
"type": "line-start",
"ref": "P335939.25",
"n": "9",
"label": "r 9"}
,
{
"node": "l",
"frag": "a-ši-bat",
"id": "P335939.l04823",
"ref": "P335939.25.1",
"inst": "āšibāt[residing]AJ",
"exosig": "@saao/saa06%akk-x-neoass:a-ši-bat=āšibu[sitting//residing]AJ'AJ$āšibāt",
"f": {"lang": "akk-x-neoass",
"form": "a-ši-bat",
"cf": "āšibu",
"gw": "sitting",
"sense": "residing",
"norm": "āšibāt",
"pos": "AJ",
"epos": "AJ"}
}
,
{
"node": "l",
"frag": "{uru}arba-⸢il₃⸣",
"id": "P335939.l04824",
"ref": "P335939.25.2",
"inst": "Arbail[Arbela]GN",
"exosig": "@saao/saa06%akk-x-neoass:{URU}arba-il₃=Arbail[Arbela//Arbela]GN'GN$Arbail",
"f": {"lang": "akk-x-neoass",
"form": "{URU}arba-il₃",
"cf": "Arbail",
"gw": "Arbela",
"sense": "Arbela",
"norm": "Arbail",
"pos": "GN",
"epos": "GN"}
}
,
{
"node": "l",
"frag": "i-šak-kan",
"id": "P335939.l04825",
"ref": "P335939.25.3",
"inst": "išakkan[place]V",
"exosig": "@saao/saa06%akk-x-neoass:i-šak-kan=šakānu[put//place]V'V$išakkan",
"f": {"lang": "akk-x-neoass",
"form": "i-šak-kan",
"cf": "šakānu",
"gw": "put",
"sense": "place",
"norm": "išakkan",
"pos": "V",
"epos": "V"}
}
,
{
"node": "l",
"frag": "kas-⸢pu⸣",
"id": "P335939.l04826",
"ref": "P335939.25.4",
"inst": "kaspu[money]N",
"exosig": "@saao/saa06%akk-x-neoass:kas-pu=kaspu[silver//money]N'N$kaspu",
"f": {"lang": "akk-x-neoass",
"form": "kas-pu",
"cf": "kaspu",
"gw": "silver",
"sense": "money",
"norm": "kaspu",
"pos": "N",
"epos": "N"}
}
,
{
"node": "d",
"type": "line-start",
"ref": "P335939.26",
"n": "10",
"label": "r 10"}
,
{
"node": "c",
"type": "phrase",
"tag": "phr",
"id": "P335939.U10",
"ref": "P335939.ls00006",
"cdl": [
{
"node": "l",
"frag": "a-na",
"id": "P335939.l04827",
"ref": "P335939.26.1",
"inst": "ana[to+=tenfold]PRP$",
"exosig": "@saao/saa06%akk-x-neoass:a-na=ana[to//to]PRP'PRP$ana",
"f": {"lang": "akk-x-neoass",
"form": "a-na",
"cf": "ana",
"gw": "to",
"sense": "to",
"norm": "ana",
"pos": "PRP",
"epos": "PRP"}
}
,
{
"node": "l",
"frag": "10-MEŠ-te",
"id": "P335939.l04828",
"ref": "P335939.26.2",
"inst": "ešriātu[tenfold]AV$ešrāte",
"exosig": "@saao/saa06%akk-x-neoass:10-MEŠ-te=ešriātu[tenfold//tenfold]AV'AV$ešrāte",
"f": {"lang": "akk-x-neoass",
"form": "10-MEŠ-te",
"cf": "ešriātu",
"gw": "tenfold",
"sense": "tenfold",
"norm": "ešrāte",
"pos": "AV",
"epos": "AV"}
}
]}
,
{
"node": "l",
"frag": "ina",
"id": "P335939.l04829",
"ref": "P335939.26.3",
"inst": "ina[to]PRP",
"exosig": "@saao/saa06%akk-x-neoass:ina=ina[in//to]PRP'PRP$ina",
"f": {"lang": "akk-x-neoass",
"form": "ina",
"cf": "ina",
"gw": "in",
"sense": "to",
"norm": "ina",
"pos": "PRP",
"epos": "PRP"}
}
,
{
"node": "l",
"frag": "EN-MEŠ-šu₂",
"id": "P335939.l0482a",
"ref": "P335939.26.4",
"inst": "bēlēšu[owner]N",
"exosig": "@saao/saa06%akk-x-neoass:EN-MEŠ-šu₂=bēlu[lord//owner]N'N$bēlēšu",
"f": {"lang": "akk-x-neoass",
"form": "EN-MEŠ-šu₂",
"cf": "bēlu",
"gw": "lord",
"sense": "owner",
"norm": "bēlēšu",
"pos": "N",
"epos": "N"}
}
,
{
"node": "l",
"frag": "⸢GUR⸣-ra",
"id": "P335939.l0482b",
"ref": "P335939.26.5",
"inst": "itūra[return]V",
"exosig": "@saao/saa06%akk-x-neoass:GUR-ra=târu[turn//return]V'V$itūra",
"f": {"lang": "akk-x-neoass",
"form": "GUR-ra",
"cf": "târu",
"gw": "turn",
"sense": "return",
"norm": "itūra",
"pos": "V",
"epos": "V"}
}
,
{
"node": "d",
"type": "line-start",
"ref": "P335939.27",
"n": "11",
"label": "r 11"}
,
{
"node": "l",
"frag": "a-na",
"id": "P335939.l0482c",
"ref": "P335939.27.1",
"inst": "ana[in]PRP",
"exosig": "@saao/saa06%akk-x-neoass:a-na=ana[to//in]PRP'PRP$ana",
"f": {"lang": "akk-x-neoass",
"form": "a-na",
"cf": "ana",
"gw": "to",
"sense": "in",
"norm": "ana",
"pos": "PRP",
"epos": "PRP"}
}
,
{
"node": "l",
"frag": "de-ni-šu₂",
"id": "P335939.l0482d",
"ref": "P335939.27.2",
"inst": "dēnīšu[lawsuit]N",
"exosig": "@saao/saa06%akk-x-neoass:de-ni-šu₂=dīnu[legal decision//lawsuit]N'N$dēnīšu",
"f": {"lang": "akk-x-neoass",
"form": "de-ni-šu₂",
"cf": "dīnu",
"gw": "legal decision",
"sense": "lawsuit",
"norm": "dēnīšu",
"pos": "N",
"epos": "N"}
}
,
{
"node": "l",
"frag": "DUG₄.DUG₄-ma",
"id": "P335939.l0482e",
"ref": "P335939.27.3",
"inst": "idabbubma[contest]V",
"exosig": "@saao/saa06%akk-x-neoass:DUG₄.DUG₄-ma=dabābu[speak//contest]V'V$idabbubma",
"f": {"lang": "akk-x-neoass",
"form": "DUG₄.DUG₄-ma",
"cf": "dabābu",
"gw": "speak",
"sense": "contest",
"norm": "idabbubma",
"pos": "V",
"epos": "V"}
}
,
{
"node": "l",
"frag": "la",
"id": "P335939.l0482f",
"ref": "P335939.27.4",
"inst": "lā[not]MOD",
"exosig": "@saao/saa06%akk-x-neoass:la=lā[not//not]MOD'MOD$lā",
"f": {"lang": "akk-x-neoass",
"form": "la",
"cf": "lā",
"gw": "not",
"sense": "not",
"norm": "lā",
"pos": "MOD",
"epos": "MOD"}
}
,
{
"node": "l",
"frag": "i-laq-qi",
"id": "P335939.l04830",
"ref": "P335939.27.5",
"inst": "ilaqqi[succeed]V",
"exosig": "@saao/saa06%akk-x-neoass:i-laq-qi=leqû[take//succeed]V'V$ilaqqi",
"f": {"lang": "akk-x-neoass",
"form": "i-laq-qi",
"cf": "leqû",
"gw": "take",
"sense": "succeed",
"norm": "ilaqqi",
"pos": "V",
"epos": "V"}
}
,
{
"node": "d",
"type": "line-start",
"ref": "P335939.28",
"n": "12",
"label": "r 12"}
,
{
"node": "l",
"frag": "de-in-šu₂",
"id": "P335939.l04831",
"ref": "P335939.28.1",
"inst": "dīnu[legal decision//case]N$dēnšu",
"exosig": "@saao/saa06%akk-x-neoass:de-in-šu₂=dīnu[legal decision//case]N'N$dēnšu",
"f": {"lang": "akk-x-neoass",
"form": "de-in-šu₂",
"cf": "dīnu",
"gw": "legal decision",
"sense": "case",
"norm": "dēnšu",
"pos": "N",
"epos": "N"}
}
,
{
"node": "l",
"frag": "{d}DI.⸢KUD⸣",
"id": "P335939.l04832",
"ref": "P335939.28.2",
"inst": "Madanu[1]DN$",
"exosig": "@saao/saa06%akk-x-neoass:{d}DI.KUD=Madanu[1//1]DN'DN$Madanu",
"f": {"lang": "akk-x-neoass",
"form": "{d}DI.KUD",
"cf": "Madanu",
"gw": "1",
"sense": "1",
"norm": "Madanu",
"pos": "DN",
"epos": "DN"}
}
,
{
"node": "l",
"frag": "la",
"id": "P335939.l04833",
"ref": "P335939.28.3",
"inst": "lā[not]MOD",
"exosig": "@saao/saa06%akk-x-neoass:la=lā[not//not]MOD'MOD$lā",
"f": {"lang": "akk-x-neoass",
"form": "la",
"cf": "lā",
"gw": "not",
"sense": "not",
"norm": "lā",
"pos": "MOD",
"epos": "MOD"}
}
,
{
"node": "l",
"frag": "i-ša₂-mu",
"id": "P335939.l04834",
"ref": "P335939.28.4",
"inst": "išammu[listen to]V",
"exosig": "@saao/saa06%akk-x-neoass:i-ša₂-mu=šemû[hear//listen to]V'V$išammu",
"f": {"lang": "akk-x-neoass",
"form": "i-ša₂-mu",
"cf": "šemû",
"gw": "hear",
"sense": "listen to",
"norm": "išammu",
"pos": "V",
"epos": "V"}
}
,
{
"node": "d",
"type": "nonx",
"ref": "P335939.29",
"strict": "1",
"extent": "n",
"scope": "line",
"state": "ruling"}
,
{
"node": "d",
"type": "line-start",
"ref": "P335939.30",
"n": "13",
"label": "r 13"}
,
{
"node": "l",
"frag": "⸢IGI⸣",
"id": "P335939.l04835",
"ref": "P335939.30.1",
"inst": "šību[witness]N",
"exosig": "@saao/saa06%akk-x-neoass:IGI=šību[witness//witness]N'N$šību",
"f": {"lang": "akk-x-neoass",
"form": "IGI",
"cf": "šību",
"gw": "witness",
"sense": "witness",
"norm": "šību",
"pos": "N",
"epos": "N"}
}
,
{
"node": "l",
"frag": "{1}[x",
"id": "P335939.l04836",
"ref": "P335939.30.2",
"inst": "u",
"f": {"lang": "akk-x-neoass",
"form": "{1}x",
"pos": "u"}
}
,
{
"node": "l",
"frag": "x",
"id": "P335939.l04837",
"ref": "P335939.30.3",
"inst": "u",
"f": {"lang": "akk-x-neoass",
"form": "x",
"pos": "u"}
}
,
{
"node": "l",
"frag": "x",
"id": "P335939.l04838",
"ref": "P335939.30.4",
"inst": "u",
"f": {"lang": "akk-x-neoass",
"form": "x",
"pos": "u"}
}
,
{
"node": "l",
"frag": "x",
"id": "P335939.l04839",
"ref": "P335939.30.5",
"inst": "u",
"f": {"lang": "akk-x-neoass",
"form": "x",
"pos": "u"}
}
,
{
"node": "l",
"frag": "x",
"id": "P335939.l0483a",
"ref": "P335939.30.6",
"inst": "u",
"f": {"lang": "akk-x-neoass",
"form": "x",
"pos": "u"}
}
,
{
"node": "l",
"frag": "x",
"id": "P335939.l0483b",
"ref": "P335939.30.7",
"inst": "u",
"f": {"lang": "akk-x-neoass",
"form": "x",
"pos": "u"}
}
,
{
"node": "l",
"frag": "x",
"id": "P335939.l0483c",
"ref": "P335939.30.8",
"inst": "u",
"f": {"lang": "akk-x-neoass",
"form": "x",
"pos": "u"}
}
,
{
"node": "l",
"frag": "x",
"id": "P335939.l0483d",
"ref": "P335939.30.9",
"inst": "u",
"f": {"lang": "akk-x-neoass",
"form": "x",
"pos": "u"}
}
,
{
"node": "l",
"frag": "x]",
"id": "P335939.l0483e",
"ref": "P335939.30.10",
"inst": "u",
"f": {"lang": "akk-x-neoass",
"form": "x",
"pos": "u"}
}
,
{
"node": "d",
"type": "nonx",
"ref": "P335939.31",
"strict": "0",
"extent": "rest",
"state": "missing"}
,
{
"node": "d",
"subtype": "edge",
"type": "surface",
"ref": "P335939.e..32",
"type": "edge",
"label": "e."}
,
{
"node": "d",
"type": "line-start",
"ref": "P335939.33",
"n": "1",
"label": "e. 1"}
,
{
"node": "l",
"frag": "IGI",
"id": "P335939.l0483f",
"ref": "P335939.33.1",
"inst": "šību[witness]N",
"exosig": "@saao/saa06%akk-x-neoass:IGI=šību[witness//witness]N'N$šību",
"f": {"lang": "akk-x-neoass",
"form": "IGI",
"cf": "šību",
"gw": "witness",
"sense": "witness",
"norm": "šību",
"pos": "N",
"epos": "N"}
}
,
{
"node": "c",
"type": "phrase",
"tag": "phr",
"id": "P335939.U11",
"ref": "P335939.ls00007",
"cdl": [
{
"node": "l",
"frag": "{d}NU-⸢LUGAL⸣",
"id": "P335939.l04840",
"ref": "P335939.33.2",
"cof-tails": "P335939.l04841",
"inst": "ṣalmu[effigy//statue]N$ṣalam&šarru[king]N$šarri",
"exosig": "@saao/saa06%akk-x-neoass:{d}NU-LUGAL=ṣalmu[effigy//statue]N'N$ṣalam&&@saao%akk-x-neoass:=šarru[king//king]N'N$šarri",
"f": {"lang": "akk-x-neoass",
"form": "{d}NU-LUGAL",
"cf": "ṣalmu",
"gw": "effigy",
"sense": "statue",
"norm": "ṣalam",
"pos": "N",
"epos": "N"}
}
,
{
"node": "l",
"frag": "{d}NU-⸢LUGAL⸣",
"id": "P335939.l04841",
"ref": "P335939.33.2",
"cof-head": "P335939.l04840",
"inst": "ṣalmu[effigy//statue]N$ṣalam&šarru[king]N$šarri",
"tail-sig": "@saao%akk-x-neoass:=šarru[king//king]N'N$šarri",
"f": {"lang": "akk-x-neoass",
"form": "{d}NU-LUGAL",
"cf": "šarru",
"gw": "king",
"sense": "king",
"norm": "šarri",
"pos": "N",
"epos": "N"}
}
]}
,
{
"node": "d",
"type": "nonw",
"ref": ""}
,
{
"node": "l",
"frag": "[x",
"id": "P335939.l04842",
"ref": "P335939.33.3",
"inst": "u",
"f": {"lang": "akk-x-neoass",
"form": "x",
"pos": "u"}
}
,
{
"node": "l",
"frag": "x",
"id": "P335939.l04843",
"ref": "P335939.33.4",
"inst": "u",
"f": {"lang": "akk-x-neoass",
"form": "x",
"pos": "u"}
}
,
{
"node": "l",
"frag": "x",
"id": "P335939.l04844",
"ref": "P335939.33.5",
"inst": "u",
"f": {"lang": "akk-x-neoass",
"form": "x",
"pos": "u"}
}
,
{
"node": "l",
"frag": "x",
"id": "P335939.l04845",
"ref": "P335939.33.6",
"inst": "u",
"f": {"lang": "akk-x-neoass",
"form": "x",
"pos": "u"}
}
,
{
"node": "l",
"frag": "x]",
"id": "P335939.l04846",
"ref": "P335939.33.7",
"inst": "u",
"f": {"lang": "akk-x-neoass",
"form": "x",
"pos": "u"}
}
]}
]}
]}
,
{
"linkbase": [{
"type": "linkset",
"xlink_title": "ištu pān[from//because of]PRP'PRP",
"id": "P335939.ls00000",
"xlink_type": "extended",
"xlink_role": "psu",
"sig": "{ištu[from]PRP pānu[front]N += ištu pān[from//because of]PRP'PRP}::@saao%akk-x-neoass:TA@v=ištu[from//from]PRP'PRP$issu++@saao%akk-x-neoass:IGI=pānu[front//front]N'N$pān",
"links": [
{
"type": "link",
"xlink_title": "issu",
"xlink_type": "locator",
"xlink_href": "#P335939.l047d9",
"xlink_role": "elt"}
,
{
"type": "link",
"xlink_title": "pān",
"xlink_type": "locator",
"xlink_href": "#P335939.l047da",
"xlink_role": "elt"}
]}
,
{
"type": "linkset",
"xlink_title": "ina urkiš[in the future//in the future]AV'AV",
"id": "P335939.ls00001",
"xlink_type": "extended",
"xlink_role": "psu",
"sig": "{ina[in]PRP urkiš[later]AV += ina urkiš[in the future//in the future]AV'AV}::@saao%akk-x-neoass:ina=ina[in//into]PRP'PRP$ina++@saao%akk-x-neoass:ur-kiš=urkiš[later//later]AV'AV$urkiš",
"links": [
{
"type": "link",
"xlink_title": "ina",
"xlink_type": "locator",
"xlink_href": "#P335939.l047ff",
"xlink_role": "elt"}
,
{
"type": "link",
"xlink_title": "urkiš",
"xlink_type": "locator",
"xlink_href": "#P335939.l04800",
"xlink_role": "elt"}
]}
,
{
"type": "linkset",
"xlink_title": "ina matīma[whenever//whenever]XP'XP",
"id": "P335939.ls00002",
"xlink_type": "extended",
"xlink_role": "psu",
"sig": "{ina[in]PRP matīma[ever]AV += ina matīma[whenever//whenever]XP'XP}::@saao%akk-x-neoass:ina=ina[in//into]PRP'PRP$ina++@saao%akk-x-neoass:ma-ti-mu=matīma[ever//ever]AV'AV$matīmu",
"links": [
{
"type": "link",
"xlink_title": "ina",
"xlink_type": "locator",
"xlink_href": "#P335939.l04801",
"xlink_role": "elt"}
,
{
"type": "link",
"xlink_title": "matīma",
"xlink_type": "locator",
"xlink_href": "#P335939.l04802",
"xlink_role": "elt"}
]}
,
{
"type": "linkset",
"xlink_title": "mār māri[grandson//grandson]N'N",
"id": "P335939.ls00003",
"xlink_type": "extended",
"xlink_role": "psu",
"sig": "{māru[son]N māru[son]N += mār māri[grandson//grandson]N'N}::@saao%akk-x-neoass:DUMU-DUMU-šu₂=māru[son//son]N'N$mār++@saao%akk-x-neoass:DUMU-DUMU-šu₂=māru[son//son]N'N$marʾīšu",
"links": [
{
"type": "link",
"xlink_title": "māru",
"xlink_type": "locator",
"xlink_href": "#P335939.l04808",
"xlink_role": "elt"}
,
{
"type": "link",
"xlink_title": "māru",
"xlink_type": "locator",
"xlink_href": "#P335939.l04809",
"xlink_role": "elt"}
]}
,
{
"type": "linkset",
"xlink_title": "bēl ilki[labour-duty superior//labour-duty superior]N'N",
"id": "P335939.ls00004",
"xlink_type": "extended",
"xlink_role": "psu",
"sig": "{bēlu[lord]N ilku[state service]N += bēl ilki[labour-duty superior//labour-duty superior]N'N}::@saao%akk-x-neoass:EN-il-ki-šu₂-nu=bēlu[lord//lord]N'N$bēl++@saao%akk-x-neoass:EN-il-ki-šu₂-nu=ilku[state service//state service]N'N$ilkišunu",
"links": [
{
"type": "link",
"xlink_title": "bēlu",
"xlink_type": "locator",
"xlink_href": "#P335939.l0480d",
"xlink_role": "elt"}
,
{
"type": "link",
"xlink_title": "ilku",
"xlink_type": "locator",
"xlink_href": "#P335939.l0480e",
"xlink_role": "elt"}
]}
,
{
"type": "linkset",
"xlink_title": "mār māri[grandson//grandson]N'N",
"id": "P335939.ls00005",
"xlink_type": "extended",
"xlink_role": "psu",
"sig": "{māru[son]N māru[son]N += mār māri[grandson//grandson]N'N}::@saao%akk-x-neoass:DUMU-DUMU-šu₂=māru[son//son]N'N$mār++@saao%akk-x-neoass:DUMU-DUMU-šu₂=māru[son//son]N'N$marʾīšu",
"links": [
{
"type": "link",
"xlink_title": "māru",
"xlink_type": "locator",
"xlink_href": "#P335939.l04817",
"xlink_role": "elt"}
,
{
"type": "link",
"xlink_title": "māru",
"xlink_type": "locator",
"xlink_href": "#P335939.l04818",
"xlink_role": "elt"}
]}
,
{
"type": "linkset",
"xlink_title": "ana ešriāti[tenfold//tenfold]AV'AV",
"id": "P335939.ls00006",
"xlink_type": "extended",
"xlink_role": "psu",
"sig": "{ana[to]PRP ešriātu[tenfold]AV += ana ešriāti[tenfold//tenfold]AV'AV}::@saao%akk-x-neoass:a-na=ana[to//to]PRP'PRP$ana++@saao%akk-x-neoass:10-MEŠ-te=ešriātu[tenfold//tenfold]AV'AV$ešrāte",
"links": [
{
"type": "link",
"xlink_title": "ana",
"xlink_type": "locator",
"xlink_href": "#P335939.l04827",
"xlink_role": "elt"}
,
{
"type": "link",
"xlink_title": "ešriātu",
"xlink_type": "locator",
"xlink_href": "#P335939.l04828",
"xlink_role": "elt"}
]}
,
{
"type": "linkset",
"xlink_title": "ṣalam šarri[kingʾs statue//kingʾs statue]N'N",
"id": "P335939.ls00007",
"xlink_type": "extended",
"xlink_role": "psu",
"sig": "{ṣalmu[effigy]N šarru[king]N += ṣalam šarri[kingʾs statue//kingʾs statue]N'N}::@saao%akk-x-neoass:{d}NU-LUGAL=ṣalmu[effigy//effigy]N'N$ṣalam++@saao%akk-x-neoass:{d}NU-LUGAL=šarru[king//king]N'N$šarri",
"links": [
{
"type": "link",
"xlink_title": "ṣalmu",
"xlink_type": "locator",
"xlink_href": "#P335939.l04840",
"xlink_role": "elt"}
,
{
"type": "link",
"xlink_title": "šarru",
"xlink_type": "locator",
"xlink_href": "#P335939.l04841",
"xlink_role": "elt"}
]}
]}
]}
