{
"type": "cdl",
  "source": "http://oracc.org/saao/saa06",
  "license": "This data is released under the CC0 license",
  "license-url": "https://creativecommons.org/publicdomain/zero/1.0/",
  "more-info": "http://oracc.org/doc/opendata/",
  "UTC-timestamp": "2017-05-19T11:31:28",
"project": "saao/saa06",
"textid": "P335521",
"cdl": [
{
"node": "c",
"type": "text",
"id": "P335521.U0",
"cdl": [
{
"node": "d",
"type": "object",
"ref": ""}
,
{
"node": "d",
"subtype": "obverse",
"type": "surface",
"ref": "P335521.o.1",
"type": "obverse",
"label": "o"}
,
{
"node": "d",
"type": "nonx",
"ref": "P335521.2",
"strict": "0",
"state": "missing"}
,
{
"node": "d",
"subtype": "reverse",
"type": "surface",
"ref": "P335521.r.3",
"type": "reverse",
"label": "r"}
,
{
"node": "d",
"type": "nonx",
"ref": "P335521.4",
"strict": "0",
"extent": "beginning",
"state": "missing"}
,
{
"node": "c",
"type": "discourse",
"subtype": "body",
"id": "P335521.U1",
"cdl": [
{
"node": "c",
"type": "sentence",
"id": "P335521.U2",
"label": "r 1' - r 8'",
"cdl": [
{
"node": "d",
"type": "line-start",
"ref": "P335521.5",
"n": "1'",
"label": "r 1'"}
,
{
"node": "l",
"frag": "IGI",
"id": "P335521.l04f35",
"ref": "P335521.5.1",
"inst": "šību[witness]N",
"exosig": "@saao/saa06%akk-x-neoass:IGI=šību[witness//witness]N'N$šību",
"f": {"lang": "akk-x-neoass",
"form": "IGI",
"cf": "šību",
"gw": "witness",
"sense": "witness",
"norm": "šību",
"pos": "N",
"epos": "N"}
}
,
{
"node": "l",
"frag": "{1}man-nu-ki-⸢arba⸣-[il₃",
"id": "P335521.l04f36",
"ref": "P335521.5.2",
"inst": "Mannu-ki-Arbail[1]PN",
"exosig": "@saao/saa06%akk-x-neoass:{1}man-nu-ki-arba-il₃=Mannu-ki-Arbail[1//1]PN'PN$Mannu-ki-Arbail",
"f": {"lang": "akk-x-neoass",
"form": "{1}man-nu-ki-arba-il₃",
"cf": "Mannu-ki-Arbail",
"gw": "1",
"sense": "1",
"norm": "Mannu-ki-Arbail",
"pos": "PN",
"epos": "PN"}
}
,
{
"node": "l",
"frag": "x",
"id": "P335521.l04f37",
"ref": "P335521.5.3",
"inst": "u",
"f": {"lang": "akk-x-neoass",
"form": "x",
"pos": "u"}
}
,
{
"node": "l",
"frag": "x",
"id": "P335521.l04f38",
"ref": "P335521.5.4",
"inst": "u",
"f": {"lang": "akk-x-neoass",
"form": "x",
"pos": "u"}
}
,
{
"node": "l",
"frag": "x",
"id": "P335521.l04f39",
"ref": "P335521.5.5",
"inst": "u",
"f": {"lang": "akk-x-neoass",
"form": "x",
"pos": "u"}
}
,
{
"node": "l",
"frag": "x]",
"id": "P335521.l04f3a",
"ref": "P335521.5.6",
"inst": "u",
"f": {"lang": "akk-x-neoass",
"form": "x",
"pos": "u"}
}
,
{
"node": "d",
"type": "line-start",
"ref": "P335521.6",
"n": "2'",
"label": "r 2'"}
,
{
"node": "l",
"frag": "IGI",
"id": "P335521.l04f3b",
"ref": "P335521.6.1",
"inst": "šību[witness]N",
"exosig": "@saao/saa06%akk-x-neoass:IGI=šību[witness//witness]N'N$šību",
"f": {"lang": "akk-x-neoass",
"form": "IGI",
"cf": "šību",
"gw": "witness",
"sense": "witness",
"norm": "šību",
"pos": "N",
"epos": "N"}
}
,
{
"node": "l",
"frag": "{1}DINGIR-lu-[x",
"id": "P335521.l04f3c",
"ref": "P335521.6.2",
"inst": "u",
"f": {"lang": "akk-x-neoass",
"form": "{1}DINGIR-lu-x",
"pos": "u"}
}
,
{
"node": "l",
"frag": "x",
"id": "P335521.l04f3d",
"ref": "P335521.6.3",
"inst": "u",
"f": {"lang": "akk-x-neoass",
"form": "x",
"pos": "u"}
}
,
{
"node": "l",
"frag": "x",
"id": "P335521.l04f3e",
"ref": "P335521.6.4",
"inst": "u",
"f": {"lang": "akk-x-neoass",
"form": "x",
"pos": "u"}
}
,
{
"node": "l",
"frag": "x",
"id": "P335521.l04f3f",
"ref": "P335521.6.5",
"inst": "u",
"f": {"lang": "akk-x-neoass",
"form": "x",
"pos": "u"}
}
,
{
"node": "l",
"frag": "x",
"id": "P335521.l04f40",
"ref": "P335521.6.6",
"inst": "u",
"f": {"lang": "akk-x-neoass",
"form": "x",
"pos": "u"}
}
,
{
"node": "l",
"frag": "x",
"id": "P335521.l04f41",
"ref": "P335521.6.7",
"inst": "u",
"f": {"lang": "akk-x-neoass",
"form": "x",
"pos": "u"}
}
,
{
"node": "l",
"frag": "x]",
"id": "P335521.l04f42",
"ref": "P335521.6.8",
"inst": "u",
"f": {"lang": "akk-x-neoass",
"form": "x",
"pos": "u"}
}
,
{
"node": "d",
"type": "line-start",
"ref": "P335521.7",
"n": "3'",
"label": "r 3'"}
,
{
"node": "l",
"frag": "IGI",
"id": "P335521.l04f43",
"ref": "P335521.7.1",
"inst": "šību[witness]N",
"exosig": "@saao/saa06%akk-x-neoass:IGI=šību[witness//witness]N'N$šību",
"f": {"lang": "akk-x-neoass",
"form": "IGI",
"cf": "šību",
"gw": "witness",
"sense": "witness",
"norm": "šību",
"pos": "N",
"epos": "N"}
}
,
{
"node": "l",
"frag": "{1}HE₂.NUN-[a.a",
"id": "P335521.l04f44",
"ref": "P335521.7.2",
"inst": "Nuhšaya[1]PN",
"exosig": "@saao/saa06%akk-x-neoass:{1}HE₂.NUN-a.a=Nuhšaya[1//1]PN'PN$Nuhšaya",
"f": {"lang": "akk-x-neoass",
"form": "{1}HE₂.NUN-a.a",
"cf": "Nuhšaya",
"gw": "1",
"sense": "1",
"norm": "Nuhšaya",
"pos": "PN",
"epos": "PN"}
}
,
{
"node": "l",
"frag": "{lu₂}I₃.DU₈]",
"id": "P335521.l04f45",
"ref": "P335521.7.3",
"inst": "atû[gatekeeper]N",
"exosig": "@saao/saa06%akk-x-neoass:{LU₂}I₃.DU₈=atû[gatekeeper//gatekeeper]N'N$atû",
"f": {"lang": "akk-x-neoass",
"form": "{LU₂}I₃.DU₈",
"cf": "atû",
"gw": "gatekeeper",
"sense": "gatekeeper",
"norm": "atû",
"pos": "N",
"epos": "N"}
}
,
{
"node": "d",
"type": "line-start",
"ref": "P335521.8",
"n": "4'",
"label": "r 4'"}
,
{
"node": "l",
"frag": "IGI",
"id": "P335521.l04f46",
"ref": "P335521.8.1",
"inst": "šību[witness]N",
"exosig": "@saao/saa06%akk-x-neoass:IGI=šību[witness//witness]N'N$šību",
"f": {"lang": "akk-x-neoass",
"form": "IGI",
"cf": "šību",
"gw": "witness",
"sense": "witness",
"norm": "šību",
"pos": "N",
"epos": "N"}
}
,
{
"node": "l",
"frag": "{1}{d}15--[x",
"id": "P335521.l04f47",
"ref": "P335521.8.2",
"inst": "u",
"f": {"lang": "akk-x-neoass",
"form": "{1}{d}15-x",
"pos": "u"}
}
,
{
"node": "l",
"frag": "x",
"id": "P335521.l04f48",
"ref": "P335521.8.3",
"inst": "u",
"f": {"lang": "akk-x-neoass",
"form": "x",
"pos": "u"}
}
,
{
"node": "l",
"frag": "x",
"id": "P335521.l04f49",
"ref": "P335521.8.4",
"inst": "u",
"f": {"lang": "akk-x-neoass",
"form": "x",
"pos": "u"}
}
,
{
"node": "l",
"frag": "x",
"id": "P335521.l04f4a",
"ref": "P335521.8.5",
"inst": "u",
"f": {"lang": "akk-x-neoass",
"form": "x",
"pos": "u"}
}
,
{
"node": "l",
"frag": "x",
"id": "P335521.l04f4b",
"ref": "P335521.8.6",
"inst": "u",
"f": {"lang": "akk-x-neoass",
"form": "x",
"pos": "u"}
}
,
{
"node": "l",
"frag": "x",
"id": "P335521.l04f4c",
"ref": "P335521.8.7",
"inst": "u",
"f": {"lang": "akk-x-neoass",
"form": "x",
"pos": "u"}
}
,
{
"node": "l",
"frag": "x]",
"id": "P335521.l04f4d",
"ref": "P335521.8.8",
"inst": "u",
"f": {"lang": "akk-x-neoass",
"form": "x",
"pos": "u"}
}
,
{
"node": "d",
"type": "line-start",
"ref": "P335521.9",
"n": "5'",
"label": "r 5'"}
,
{
"node": "l",
"frag": "IGI",
"id": "P335521.l04f4e",
"ref": "P335521.9.1",
"inst": "šību[witness]N",
"exosig": "@saao/saa06%akk-x-neoass:IGI=šību[witness//witness]N'N$šību",
"f": {"lang": "akk-x-neoass",
"form": "IGI",
"cf": "šību",
"gw": "witness",
"sense": "witness",
"norm": "šību",
"pos": "N",
"epos": "N"}
}
,
{
"node": "l",
"frag": "{1}{d}PA-u-[a",
"id": "P335521.l04f4f",
"ref": "P335521.9.2",
"inst": "Nabuʾa[1]PN",
"exosig": "@saao/saa06%akk-x-neoass:{1}{d}PA-u-a=Nabuʾa[1//1]PN'PN$Nabuʾa",
"f": {"lang": "akk-x-neoass",
"form": "{1}{d}PA-u-a",
"cf": "Nabuʾa",
"gw": "1",
"sense": "1",
"norm": "Nabuʾa",
"pos": "PN",
"epos": "PN"}
}
,
{
"node": "c",
"type": "phrase",
"tag": "phr",
"id": "P335521.U4",
"ref": "P335521.ls00000",
"cdl": [
{
"node": "l",
"frag": "{lu₂}GAL-KA.KEŠ₂]",
"id": "P335521.l04f50",
"ref": "P335521.9.3",
"cof-tails": "P335521.l04f51",
"inst": "rabû[big one]N$rab&kiṣru[knot]N$kiṣri",
"exosig": "@saao/saa06%akk-x-neoass:{LU₂}GAL-KA.KEŠ₂=rabû[big one//big one]N'N$rab&&@saao%akk-x-neoass:=kiṣru[knot//knot]N'N$kiṣri",
"f": {"lang": "akk-x-neoass",
"form": "{LU₂}GAL-KA.KEŠ₂",
"cf": "rabû",
"gw": "big one",
"sense": "big one",
"norm": "rab",
"pos": "N",
"epos": "N"}
}
,
{
"node": "l",
"frag": "{lu₂}GAL-KA.KEŠ₂]",
"id": "P335521.l04f51",
"ref": "P335521.9.3",
"cof-head": "P335521.l04f50",
"inst": "rabû[big one]N$rab&kiṣru[knot]N$kiṣri",
"tail-sig": "@saao%akk-x-neoass:=kiṣru[knot//knot]N'N$kiṣri",
"f": {"lang": "akk-x-neoass",
"form": "{LU₂}GAL-KA.KEŠ₂",
"cf": "kiṣru",
"gw": "knot",
"sense": "knot",
"norm": "kiṣri",
"pos": "N",
"epos": "N"}
}
]}
,
{
"node": "d",
"type": "line-start",
"ref": "P335521.10",
"n": "6'",
"label": "r 6'"}
,
{
"node": "l",
"frag": "IGI",
"id": "P335521.l04f52",
"ref": "P335521.10.1",
"inst": "šību[witness]N",
"exosig": "@saao/saa06%akk-x-neoass:IGI=šību[witness//witness]N'N$šību",
"f": {"lang": "akk-x-neoass",
"form": "IGI",
"cf": "šību",
"gw": "witness",
"sense": "witness",
"norm": "šību",
"pos": "N",
"epos": "N"}
}
,
{
"node": "l",
"frag": "{1}qur-di-{d}15",
"id": "P335521.l04f53",
"ref": "P335521.10.2",
"inst": "Qurdi-Issar[1]PN",
"exosig": "@saao/saa06%akk-x-neoass:{1}qur-di-{d}15=Qurdi-Issar[1//1]PN'PN$Qurdi-Issar",
"f": {"lang": "akk-x-neoass",
"form": "{1}qur-di-{d}15",
"cf": "Qurdi-Issar",
"gw": "1",
"sense": "1",
"norm": "Qurdi-Issar",
"pos": "PN",
"epos": "PN"}
}
,
{
"node": "c",
"type": "phrase",
"tag": "phr",
"id": "P335521.U5",
"ref": "P335521.ls00001",
"cdl": [
{
"node": "l",
"frag": "{lu₂}[GAL-KA.KEŠ₂]",
"id": "P335521.l04f54",
"ref": "P335521.10.3",
"cof-tails": "P335521.l04f55",
"inst": "rabû[big one]N$rab&kiṣru[knot]N$kiṣri",
"exosig": "@saao/saa06%akk-x-neoass:{LU₂}GAL-KA.KEŠ₂=rabû[big one//big one]N'N$rab&&@saao%akk-x-neoass:=kiṣru[knot//knot]N'N$kiṣri",
"f": {"lang": "akk-x-neoass",
"form": "{LU₂}GAL-KA.KEŠ₂",
"cf": "rabû",
"gw": "big one",
"sense": "big one",
"norm": "rab",
"pos": "N",
"epos": "N"}
}
,
{
"node": "l",
"frag": "{lu₂}[GAL-KA.KEŠ₂]",
"id": "P335521.l04f55",
"ref": "P335521.10.3",
"cof-head": "P335521.l04f54",
"inst": "rabû[big one]N$rab&kiṣru[knot]N$kiṣri",
"tail-sig": "@saao%akk-x-neoass:=kiṣru[knot//knot]N'N$kiṣri",
"f": {"lang": "akk-x-neoass",
"form": "{LU₂}GAL-KA.KEŠ₂",
"cf": "kiṣru",
"gw": "knot",
"sense": "knot",
"norm": "kiṣri",
"pos": "N",
"epos": "N"}
}
]}
,
{
"node": "d",
"type": "line-start",
"ref": "P335521.11",
"n": "7'",
"label": "r 7'"}
,
{
"node": "l",
"frag": "IGI",
"id": "P335521.l04f56",
"ref": "P335521.11.1",
"inst": "šību[witness]N",
"exosig": "@saao/saa06%akk-x-neoass:IGI=šību[witness//witness]N'N$šību",
"f": {"lang": "akk-x-neoass",
"form": "IGI",
"cf": "šību",
"gw": "witness",
"sense": "witness",
"norm": "šību",
"pos": "N",
"epos": "N"}
}
,
{
"node": "l",
"frag": "{1}ma-mi₃-i",
"id": "P335521.l04f57",
"ref": "P335521.11.2",
"inst": "Mami[1]PN",
"exosig": "@saao/saa06%akk-x-neoass:{1}ma-mi₃-i=Mami[1//1]PN'PN$Mami",
"f": {"lang": "akk-x-neoass",
"form": "{1}ma-mi₃-i",
"cf": "Mami",
"gw": "1",
"sense": "1",
"norm": "Mami",
"pos": "PN",
"epos": "PN"}
}
,
{
"node": "c",
"type": "phrase",
"tag": "phr",
"id": "P335521.U6",
"ref": "P335521.ls00002",
"cdl": [
{
"node": "l",
"frag": "{lu₂}GAL-KA.⸢KEŠ₂⸣",
"id": "P335521.l04f58",
"ref": "P335521.11.3",
"cof-tails": "P335521.l04f59",
"inst": "rabû[big one]N$rab&kiṣru[knot]N$kiṣri",
"exosig": "@saao/saa06%akk-x-neoass:{LU₂}GAL-KA.KEŠ₂=rabû[big one//big one]N'N$rab&&@saao%akk-x-neoass:=kiṣru[knot//knot]N'N$kiṣri",
"f": {"lang": "akk-x-neoass",
"form": "{LU₂}GAL-KA.KEŠ₂",
"cf": "rabû",
"gw": "big one",
"sense": "big one",
"norm": "rab",
"pos": "N",
"epos": "N"}
}
,
{
"node": "l",
"frag": "{lu₂}GAL-KA.⸢KEŠ₂⸣",
"id": "P335521.l04f59",
"ref": "P335521.11.3",
"cof-head": "P335521.l04f58",
"inst": "rabû[big one]N$rab&kiṣru[knot]N$kiṣri",
"tail-sig": "@saao%akk-x-neoass:=kiṣru[knot//knot]N'N$kiṣri",
"f": {"lang": "akk-x-neoass",
"form": "{LU₂}GAL-KA.KEŠ₂",
"cf": "kiṣru",
"gw": "knot",
"sense": "knot",
"norm": "kiṣri",
"pos": "N",
"epos": "N"}
}
]}
,
{
"node": "d",
"type": "line-start",
"ref": "P335521.12",
"n": "8'",
"label": "r 8'"}
,
{
"node": "l",
"frag": "IGI",
"id": "P335521.l04f5a",
"ref": "P335521.12.1",
"inst": "šību[witness]N",
"exosig": "@saao/saa06%akk-x-neoass:IGI=šību[witness//witness]N'N$šību",
"f": {"lang": "akk-x-neoass",
"form": "IGI",
"cf": "šību",
"gw": "witness",
"sense": "witness",
"norm": "šību",
"pos": "N",
"epos": "N"}
}
,
{
"node": "l",
"frag": "{1}{d}PA-MU-GAR-un",
"id": "P335521.l04f5b",
"ref": "P335521.12.2",
"inst": "Nabu-šumu-iškun[1]PN",
"exosig": "@saao/saa06%akk-x-neoass:{1}{d}PA-MU-GAR-un=Nabu-šumu-iškun[1//1]PN'PN$Nabu-šumu-iškun",
"f": {"lang": "akk-x-neoass",
"form": "{1}{d}PA-MU-GAR-un",
"cf": "Nabu-šumu-iškun",
"gw": "1",
"sense": "1",
"norm": "Nabu-šumu-iškun",
"pos": "PN",
"epos": "PN"}
}
,
{
"node": "l",
"frag": "{[lu₂}A.BA]",
"id": "P335521.l04f5c",
"ref": "P335521.12.3",
"inst": "ṭupšarru[scribe]N",
"exosig": "@saao/saa06%akk-x-neoass:{LU₂}A.BA=ṭupšarru[scribe//scribe]N'N$ṭupšarru",
"f": {"lang": "akk-x-neoass",
"form": "{LU₂}A.BA",
"cf": "ṭupšarru",
"gw": "scribe",
"sense": "scribe",
"norm": "ṭupšarru",
"pos": "N",
"epos": "N"}
}
,
{
"node": "d",
"type": "nonx",
"ref": "P335521.13",
"strict": "0",
"extent": "rest",
"state": "missing"}
]}
]}
]}
,
{
"linkbase": [{
"type": "linkset",
"xlink_title": "rab kiṣri[centurion//cohort commander]N'N",
"id": "P335521.ls00000",
"xlink_type": "extended",
"xlink_role": "psu",
"sig": "{rabû[big one]N kiṣru[knot]N += rab kiṣri[centurion//cohort commander]N'N}::@saao%akk-x-neoass:{LU₂}GAL-ki-ṣir=rabû[big one//big one]N'N$rab++@saao%akk-x-neoass:{LU₂}GAL-ki-ṣir=kiṣru[knot//knot]N'N$kiṣir",
"links": [
{
"type": "link",
"xlink_title": "rabû",
"xlink_type": "locator",
"xlink_href": "#P335521.l04f50",
"xlink_role": "elt"}
,
{
"type": "link",
"xlink_title": "kiṣru",
"xlink_type": "locator",
"xlink_href": "#P335521.l04f51",
"xlink_role": "elt"}
]}
,
{
"type": "linkset",
"xlink_title": "rab kiṣri[centurion//cohort commander]N'N",
"id": "P335521.ls00001",
"xlink_type": "extended",
"xlink_role": "psu",
"sig": "{rabû[big one]N kiṣru[knot]N += rab kiṣri[centurion//cohort commander]N'N}::@saao%akk-x-neoass:{LU₂}GAL-ki-ṣir=rabû[big one//big one]N'N$rab++@saao%akk-x-neoass:{LU₂}GAL-ki-ṣir=kiṣru[knot//knot]N'N$kiṣir",
"links": [
{
"type": "link",
"xlink_title": "rabû",
"xlink_type": "locator",
"xlink_href": "#P335521.l04f54",
"xlink_role": "elt"}
,
{
"type": "link",
"xlink_title": "kiṣru",
"xlink_type": "locator",
"xlink_href": "#P335521.l04f55",
"xlink_role": "elt"}
]}
,
{
"type": "linkset",
"xlink_title": "rab kiṣri[centurion//cohort commander]N'N",
"id": "P335521.ls00002",
"xlink_type": "extended",
"xlink_role": "psu",
"sig": "{rabû[big one]N kiṣru[knot]N += rab kiṣri[centurion//cohort commander]N'N}::@saao%akk-x-neoass:{LU₂}GAL-ki-ṣir=rabû[big one//big one]N'N$rab++@saao%akk-x-neoass:{LU₂}GAL-ki-ṣir=kiṣru[knot//knot]N'N$kiṣir",
"links": [
{
"type": "link",
"xlink_title": "rabû",
"xlink_type": "locator",
"xlink_href": "#P335521.l04f58",
"xlink_role": "elt"}
,
{
"type": "link",
"xlink_title": "kiṣru",
"xlink_type": "locator",
"xlink_href": "#P335521.l04f59",
"xlink_role": "elt"}
]}
]}
]}
