{
"type": "cdl",
  "source": "http://oracc.org/saao/saa06",
  "license": "This data is released under the CC0 license",
  "license-url": "https://creativecommons.org/publicdomain/zero/1.0/",
  "more-info": "http://oracc.org/doc/opendata/",
  "UTC-timestamp": "2017-05-19T11:31:16",
"project": "saao/saa06",
"textid": "P335326",
"cdl": [
{
"node": "c",
"type": "text",
"id": "P335326.U0",
"cdl": [
{
"node": "d",
"type": "object",
"ref": ""}
,
{
"node": "d",
"subtype": "obverse",
"type": "surface",
"ref": "P335326.o.1",
"type": "obverse",
"label": "o"}
,
{
"node": "c",
"type": "discourse",
"subtype": "body",
"id": "P335326.U1",
"cdl": [
{
"node": "c",
"type": "sentence",
"id": "P335326.U2",
"label": "o 1 - r 8'",
"cdl": [
{
"node": "d",
"type": "line-start",
"ref": "P335326.2",
"n": "1",
"label": "o 1"}
,
{
"node": "l",
"frag": "⸢ku-um⸣",
"id": "P335326.l0052e",
"ref": "P335326.2.1",
"inst": "kūm[instead of]PRP",
"exosig": "@saao/saa06%akk-x-neoass:ku-um=kūm[instead of//instead of]PRP'PRP$kūm",
"f": {"lang": "akk-x-neoass",
"form": "ku-um",
"cf": "kūm",
"gw": "instead of",
"sense": "instead of",
"norm": "kūm",
"pos": "PRP",
"epos": "PRP"}
}
,
{
"node": "l",
"frag": "{na₄}KIŠIB-šu₂",
"id": "P335326.l0052f",
"ref": "P335326.2.2",
"inst": "kunukku[seal]N$kunukkīšu",
"exosig": "@saao/saa06%akk-x-neoass:{NA₄}KIŠIB-šu₂=kunukku[seal//seal]N'N$kunukkīšu",
"f": {"lang": "akk-x-neoass",
"form": "{NA₄}KIŠIB-šu₂",
"cf": "kunukku",
"gw": "seal",
"sense": "seal",
"norm": "kunukkīšu",
"pos": "N",
"epos": "N"}
}
,
{
"node": "l",
"frag": "ṣu-pur-šu₂",
"id": "P335326.l00530",
"ref": "P335326.2.3",
"inst": "ṣupuršu[fingernail]N",
"exosig": "@saao/saa06%akk-x-neoass:ṣu-pur-šu₂=ṣupru[nail//fingernail]N'N$ṣupuršu",
"f": {"lang": "akk-x-neoass",
"form": "ṣu-pur-šu₂",
"cf": "ṣupru",
"gw": "nail",
"sense": "fingernail",
"norm": "ṣupuršu",
"pos": "N",
"epos": "N"}
}
,
{
"node": "l",
"frag": "⸢iš-kun⸣",
"id": "P335326.l00531",
"ref": "P335326.2.4",
"inst": "iškun[place]V",
"exosig": "@saao/saa06%akk-x-neoass:iš-kun=šakānu[put//place]V'V$iškun",
"f": {"lang": "akk-x-neoass",
"form": "iš-kun",
"cf": "šakānu",
"gw": "put",
"sense": "place",
"norm": "iškun",
"pos": "V",
"epos": "V"}
}
,
{
"node": "d",
"type": "line-start",
"ref": "P335326.3",
"n": "2",
"label": "o 2"}
,
{
"node": "l",
"frag": "[ṣu]-⸢pur⸣",
"id": "P335326.l00532",
"ref": "P335326.3.1",
"inst": "ṣupur[fingernail]N",
"exosig": "@saao/saa06%akk-x-neoass:ṣu-pur=ṣupru[nail//fingernail]N'N$ṣupur",
"f": {"lang": "akk-x-neoass",
"form": "ṣu-pur",
"cf": "ṣupru",
"gw": "nail",
"sense": "fingernail",
"norm": "ṣupur",
"pos": "N",
"epos": "N"}
}
,
{
"node": "l",
"frag": "{1}{d}UTU-tab-ni-PAB",
"id": "P335326.l00533",
"ref": "P335326.3.2",
"inst": "Šamaš-tabni-uṣur[1]PN$",
"exosig": "@saao/saa06%akk-x-neoass:{1}{d}UTU-tab-ni-PAB=Šamaš-tabni-uṣur[1//1]PN'PN$Šamaš-tabni-uṣur",
"f": {"lang": "akk-x-neoass",
"form": "{1}{d}UTU-tab-ni-PAB",
"cf": "Šamaš-tabni-uṣur",
"gw": "1",
"sense": "1",
"norm": "Šamaš-tabni-uṣur",
"pos": "PN",
"epos": "PN"}
}
,
{
"node": "l",
"frag": "A",
"id": "P335326.l00534",
"ref": "P335326.3.3",
"inst": "mār[son]N",
"exosig": "@saao/saa06%akk-x-neoass:A=māru[son//son]N'N$mār",
"f": {"lang": "akk-x-neoass",
"form": "A",
"cf": "māru",
"gw": "son",
"sense": "son",
"norm": "mār",
"pos": "N",
"epos": "N"}
}
,
{
"node": "l",
"frag": "{lu₂}AZU",
"id": "P335326.l00535",
"ref": "P335326.3.4",
"inst": "bārû[diviner]N$bārî",
"exosig": "@saao/saa06%akk-x-neoass:{LU₂}AZU=bārû[diviner//diviner]N'N$bārî",
"f": {"lang": "akk-x-neoass",
"form": "{LU₂}AZU",
"cf": "bārû",
"gw": "diviner",
"sense": "diviner",
"norm": "bārî",
"pos": "N",
"epos": "N"}
}
,
{
"node": "d",
"type": "line-start",
"ref": "P335326.4",
"n": "3",
"label": "o 3"}
,
{
"node": "l",
"frag": "[EN]",
"id": "P335326.l00536",
"ref": "P335326.4.1",
"inst": "bēl[owner]N",
"exosig": "@saao/saa06%akk-x-neoass:EN=bēlu[lord//owner]N'N$bēl",
"f": {"lang": "akk-x-neoass",
"form": "EN",
"cf": "bēlu",
"gw": "lord",
"sense": "owner",
"norm": "bēl",
"pos": "N",
"epos": "N"}
}
,
{
"node": "l",
"frag": "A.ŠA₃",
"id": "P335326.l00537",
"ref": "P335326.4.2",
"inst": "eqlu[field//land]N$eqli",
"exosig": "@saao/saa06%akk-x-neoass:A.ŠA₃=eqlu[field//land]N'N$eqli",
"f": {"lang": "akk-x-neoass",
"form": "A.ŠA₃",
"cf": "eqlu",
"gw": "field",
"sense": "land",
"norm": "eqli",
"pos": "N",
"epos": "N"}
}
,
{
"node": "l",
"frag": "SUM-⸢ni⸣",
"id": "P335326.l00538",
"ref": "P335326.4.3",
"inst": "tadānu[give//giving]'N$tadāni",
"exosig": "@saao/saa06%akk-x-neoass:SUM-ni=tadānu[give//giving]V'N$tadāni",
"f": {"lang": "akk-x-neoass",
"form": "SUM-ni",
"cf": "tadānu",
"gw": "give",
"sense": "giving",
"norm": "tadāni",
"pos": "V",
"epos": "N"}
}
,
{
"node": "d",
"type": "nonx",
"ref": "P335326.5",
"strict": "1",
"extent": "n",
"scope": "line",
"state": "ruling"}
,
{
"node": "d",
"type": "nonx",
"ref": "P335326.6",
"strict": "0",
"extent": "n",
"scope": "impression",
"state": "other"}
,
{
"node": "d",
"type": "nonx",
"ref": "P335326.7",
"strict": "1",
"extent": "n",
"scope": "line",
"state": "ruling"}
,
{
"node": "d",
"type": "line-start",
"ref": "P335326.8",
"n": "4",
"label": "o 4"}
,
{
"node": "l",
"frag": "E₂",
"id": "P335326.l00539",
"ref": "P335326.8.1",
"inst": "bītu[house//plot of land]N$bētu",
"exosig": "@saao/saa06%akk-x-neoass:E₂=bītu[house//plot of land]N'N$bētu",
"f": {"lang": "akk-x-neoass",
"form": "E₂",
"cf": "bītu",
"gw": "house",
"sense": "plot of land",
"norm": "bētu",
"pos": "N",
"epos": "N"}
}
,
{
"node": "l",
"frag": "01",
"id": "P335326.l0053a",
"ref": "P335326.8.2",
"inst": "n",
"f": {"lang": "akk-x-neoass",
"form": "01",
"pos": "n"}
}
,
{
"node": "l",
"frag": "ANŠE",
"id": "P335326.l0053b",
"ref": "P335326.8.3",
"inst": "imēru[unit//a unit of area]N$imāru",
"exosig": "@saao/saa06%akk-x-neoass:ANŠE=imēru[unit//a unit of area]N'N$imāru",
"f": {"lang": "akk-x-neoass",
"form": "ANŠE",
"cf": "imēru",
"gw": "unit",
"sense": "a unit of area",
"norm": "imāru",
"pos": "N",
"epos": "N"}
}
,
{
"node": "l",
"frag": "A.ŠA₃",
"id": "P335326.l0053c",
"ref": "P335326.8.4",
"inst": "eqlu[field//land]N$",
"exosig": "@saao/saa06%akk-x-neoass:A.ŠA₃=eqlu[field//land]N'N$eqlu",
"f": {"lang": "akk-x-neoass",
"form": "A.ŠA₃",
"cf": "eqlu",
"gw": "field",
"sense": "land",
"norm": "eqlu",
"pos": "N",
"epos": "N"}
}
,
{
"node": "l",
"frag": "i-na",
"id": "P335326.l0053d",
"ref": "P335326.8.5",
"inst": "ina[in]PRP",
"exosig": "@saao/saa06%akk-x-neoass:i-na=ina[in//in]PRP'PRP$ina",
"f": {"lang": "akk-x-neoass",
"form": "i-na",
"cf": "ina",
"gw": "in",
"sense": "in",
"norm": "ina",
"pos": "PRP",
"epos": "PRP"}
}
,
{
"node": "l",
"frag": "ma-al-gu-te",
"id": "P335326.l0053e",
"ref": "P335326.8.6",
"inst": "malgūtu[(meaning unknown)]N$malgūte",
"exosig": "@saao/saa06%akk-x-neoass:ma-al-gu-te=malgūtu[(meaning unknown)//(meaning unknown)]N'N$malgūte",
"f": {"lang": "akk-x-neoass",
"form": "ma-al-gu-te",
"cf": "malgūtu",
"gw": "(meaning unknown)",
"sense": "(meaning unknown)",
"norm": "malgūte",
"pos": "N",
"epos": "N"}
}
,
{
"node": "d",
"type": "line-start",
"ref": "P335326.9",
"n": "5",
"label": "o 5"}
,
{
"node": "l",
"frag": "SUHUR",
"id": "P335326.l0053f",
"ref": "P335326.9.1",
"inst": "ṭēhi[adjacent to]PRP",
"exosig": "@saao/saa06%akk-x-neoass:SUHUR=ṭāhu[adjacent to//adjacent to]PRP'PRP$ṭēhi",
"f": {"lang": "akk-x-neoass",
"form": "SUHUR",
"cf": "ṭāhu",
"gw": "adjacent to",
"sense": "adjacent to",
"norm": "ṭēhi",
"pos": "PRP",
"epos": "PRP"}
}
,
{
"node": "l",
"frag": "A.ŠA₃",
"id": "P335326.l00540",
"ref": "P335326.9.2",
"inst": "eqlu[field//land]N$eqli",
"exosig": "@saao/saa06%akk-x-neoass:A.ŠA₃=eqlu[field//land]N'N$eqli",
"f": {"lang": "akk-x-neoass",
"form": "A.ŠA₃",
"cf": "eqlu",
"gw": "field",
"sense": "land",
"norm": "eqli",
"pos": "N",
"epos": "N"}
}
,
{
"node": "l",
"frag": "ša₂",
"id": "P335326.l00541",
"ref": "P335326.9.3",
"inst": "ša[of]DET",
"exosig": "@saao/saa06%akk-x-neoass:ša₂=ša[of//of]DET'DET$ša",
"f": {"lang": "akk-x-neoass",
"form": "ša₂",
"cf": "ša",
"gw": "of",
"sense": "of",
"norm": "ša",
"pos": "DET",
"epos": "DET"}
}
,
{
"node": "l",
"frag": "{lu₂}SUKKAL",
"id": "P335326.l00542",
"ref": "P335326.9.4",
"inst": "šukkalli[vizier]N",
"exosig": "@saao/saa06%akk-x-neoass:{LU₂}SUKKAL=šukkallu[(a court official)//vizier]N'N$šukkalli",
"f": {"lang": "akk-x-neoass",
"form": "{LU₂}SUKKAL",
"cf": "šukkallu",
"gw": "(a court official)",
"sense": "vizier",
"norm": "šukkalli",
"pos": "N",
"epos": "N"}
}
,
{
"node": "l",
"frag": "SUHUR",
"id": "P335326.l00543",
"ref": "P335326.9.5",
"inst": "ṭēhi[adjacent to]PRP",
"exosig": "@saao/saa06%akk-x-neoass:SUHUR=ṭāhu[adjacent to//adjacent to]PRP'PRP$ṭēhi",
"f": {"lang": "akk-x-neoass",
"form": "SUHUR",
"cf": "ṭāhu",
"gw": "adjacent to",
"sense": "adjacent to",
"norm": "ṭēhi",
"pos": "PRP",
"epos": "PRP"}
}
,
{
"node": "l",
"frag": "A.ŠA₃",
"id": "P335326.l00544",
"ref": "P335326.9.6",
"inst": "eqlu[field//land]N$eqli",
"exosig": "@saao/saa06%akk-x-neoass:A.ŠA₃=eqlu[field//land]N'N$eqli",
"f": {"lang": "akk-x-neoass",
"form": "A.ŠA₃",
"cf": "eqlu",
"gw": "field",
"sense": "land",
"norm": "eqli",
"pos": "N",
"epos": "N"}
}
,
{
"node": "l",
"frag": "ša₂",
"id": "P335326.l00545",
"ref": "P335326.9.7",
"inst": "ša[of]DET",
"exosig": "@saao/saa06%akk-x-neoass:ša₂=ša[of//of]DET'DET$ša",
"f": {"lang": "akk-x-neoass",
"form": "ša₂",
"cf": "ša",
"gw": "of",
"sense": "of",
"norm": "ša",
"pos": "DET",
"epos": "DET"}
}
,
{
"node": "l",
"frag": "{1}A-i",
"id": "P335326.l00546",
"ref": "P335326.9.8",
"inst": "Apli[1]PN$",
"exosig": "@saao/saa06%akk-x-neoass:{1}A-i=Apli[1//1]PN'PN$Apli",
"f": {"lang": "akk-x-neoass",
"form": "{1}A-i",
"cf": "Apli",
"gw": "1",
"sense": "1",
"norm": "Apli",
"pos": "PN",
"epos": "PN"}
}
,
{
"node": "d",
"type": "line-start",
"ref": "P335326.10",
"n": "6",
"label": "o 6"}
,
{
"node": "l",
"frag": "E₂",
"id": "P335326.l00547",
"ref": "P335326.10.1",
"inst": "bītu[house//plot of land]N$bētu",
"exosig": "@saao/saa06%akk-x-neoass:E₂=bītu[house//plot of land]N'N$bētu",
"f": {"lang": "akk-x-neoass",
"form": "E₂",
"cf": "bītu",
"gw": "house",
"sense": "plot of land",
"norm": "bētu",
"pos": "N",
"epos": "N"}
}
,
{
"node": "l",
"frag": "8(ban₂)",
"id": "P335326.l00548",
"ref": "P335326.10.2",
"inst": "n",
"f": {"lang": "akk-x-neoass",
"form": "8(ban₂)",
"pos": "n"}
}
,
{
"node": "l",
"frag": "A.ŠA₃",
"id": "P335326.l00549",
"ref": "P335326.10.3",
"inst": "eqlu[field//land]N$",
"exosig": "@saao/saa06%akk-x-neoass:A.ŠA₃=eqlu[field//land]N'N$eqlu",
"f": {"lang": "akk-x-neoass",
"form": "A.ŠA₃",
"cf": "eqlu",
"gw": "field",
"sense": "land",
"norm": "eqlu",
"pos": "N",
"epos": "N"}
}
,
{
"node": "l",
"frag": "i-na",
"id": "P335326.l0054a",
"ref": "P335326.10.4",
"inst": "ina[on]PRP",
"exosig": "@saao/saa06%akk-x-neoass:i-na=ina[in//on]PRP'PRP$ina",
"f": {"lang": "akk-x-neoass",
"form": "i-na",
"cf": "ina",
"gw": "in",
"sense": "on",
"norm": "ina",
"pos": "PRP",
"epos": "PRP"}
}
,
{
"node": "l",
"frag": "KASKAL",
"id": "P335326.l0054b",
"ref": "P335326.10.5",
"inst": "hūli[road]N",
"exosig": "@saao/saa06%akk-x-neoass:KASKAL=hūlu[way//road]N'N$hūli",
"f": {"lang": "akk-x-neoass",
"form": "KASKAL",
"cf": "hūlu",
"gw": "way",
"sense": "road",
"norm": "hūli",
"pos": "N",
"epos": "N"}
}
,
{
"node": "l",
"frag": "qa-at-ni",
"id": "P335326.l0054c",
"ref": "P335326.10.6",
"inst": "qatnu[thin//narrow]AJ$qatni",
"exosig": "@saao/saa06%akk-x-neoass:qa-at-ni=qatnu[thin//narrow]AJ'AJ$qatni",
"f": {"lang": "akk-x-neoass",
"form": "qa-at-ni",
"cf": "qatnu",
"gw": "thin",
"sense": "narrow",
"norm": "qatni",
"pos": "AJ",
"epos": "AJ"}
}
,
{
"node": "d",
"type": "line-start",
"ref": "P335326.11",
"n": "7",
"label": "o 7"}
,
{
"node": "l",
"frag": "SUHUR",
"id": "P335326.l0054d",
"ref": "P335326.11.1",
"inst": "ṭēhi[adjacent to]PRP",
"exosig": "@saao/saa06%akk-x-neoass:SUHUR=ṭāhu[adjacent to//adjacent to]PRP'PRP$ṭēhi",
"f": {"lang": "akk-x-neoass",
"form": "SUHUR",
"cf": "ṭāhu",
"gw": "adjacent to",
"sense": "adjacent to",
"norm": "ṭēhi",
"pos": "PRP",
"epos": "PRP"}
}
,
{
"node": "l",
"frag": "A.ŠA₃",
"id": "P335326.l0054e",
"ref": "P335326.11.2",
"inst": "eqlu[field//land]N$eqli",
"exosig": "@saao/saa06%akk-x-neoass:A.ŠA₃=eqlu[field//land]N'N$eqli",
"f": {"lang": "akk-x-neoass",
"form": "A.ŠA₃",
"cf": "eqlu",
"gw": "field",
"sense": "land",
"norm": "eqli",
"pos": "N",
"epos": "N"}
}
,
{
"node": "l",
"frag": "ša₂",
"id": "P335326.l0054f",
"ref": "P335326.11.3",
"inst": "ša[of]DET",
"exosig": "@saao/saa06%akk-x-neoass:ša₂=ša[of//of]DET'DET$ša",
"f": {"lang": "akk-x-neoass",
"form": "ša₂",
"cf": "ša",
"gw": "of",
"sense": "of",
"norm": "ša",
"pos": "DET",
"epos": "DET"}
}
,
{
"node": "l",
"frag": "{1}PAB-DUG₃.GA",
"id": "P335326.l00550",
"ref": "P335326.11.4",
"inst": "Ahu-ṭaba[1]PN",
"exosig": "@saao/saa06%akk-x-neoass:{1}PAB-DUG₃.GA=Ahu-ṭaba[1//1]PN'PN$Ahu-ṭaba",
"f": {"lang": "akk-x-neoass",
"form": "{1}PAB-DUG₃.GA",
"cf": "Ahu-ṭaba",
"gw": "1",
"sense": "1",
"norm": "Ahu-ṭaba",
"pos": "PN",
"epos": "PN"}
}
,
{
"node": "l",
"frag": "SUHUR",
"id": "P335326.l00551",
"ref": "P335326.11.5",
"inst": "ṭēhi[adjacent to]PRP",
"exosig": "@saao/saa06%akk-x-neoass:SUHUR=ṭāhu[adjacent to//adjacent to]PRP'PRP$ṭēhi",
"f": {"lang": "akk-x-neoass",
"form": "SUHUR",
"cf": "ṭāhu",
"gw": "adjacent to",
"sense": "adjacent to",
"norm": "ṭēhi",
"pos": "PRP",
"epos": "PRP"}
}
,
{
"node": "l",
"frag": "A.ŠA₃",
"id": "P335326.l00552",
"ref": "P335326.11.6",
"inst": "eqlu[field//land]N$eqli",
"exosig": "@saao/saa06%akk-x-neoass:A.ŠA₃=eqlu[field//land]N'N$eqli",
"f": {"lang": "akk-x-neoass",
"form": "A.ŠA₃",
"cf": "eqlu",
"gw": "field",
"sense": "land",
"norm": "eqli",
"pos": "N",
"epos": "N"}
}
,
{
"node": "l",
"frag": "{1}ARAD-AN.GAL",
"id": "P335326.l00553",
"ref": "P335326.11.7",
"inst": "Urdu-Issaran[1]PN$",
"exosig": "@saao/saa06%akk-x-neoass:{1}ARAD-AN.GAL=Urdu-Issaran[1//1]PN'PN$Urdu-Issaran",
"f": {"lang": "akk-x-neoass",
"form": "{1}ARAD-AN.GAL",
"cf": "Urdu-Issaran",
"gw": "1",
"sense": "1",
"norm": "Urdu-Issaran",
"pos": "PN",
"epos": "PN"}
}
,
{
"node": "d",
"type": "line-start",
"ref": "P335326.12",
"n": "8",
"label": "o 8"}
,
{
"node": "l",
"frag": "E₂",
"id": "P335326.l00554",
"ref": "P335326.12.1",
"inst": "bītu[house//plot of land]N$bētu",
"exosig": "@saao/saa06%akk-x-neoass:E₂=bītu[house//plot of land]N'N$bētu",
"f": {"lang": "akk-x-neoass",
"form": "E₂",
"cf": "bītu",
"gw": "house",
"sense": "plot of land",
"norm": "bētu",
"pos": "N",
"epos": "N"}
}
,
{
"node": "l",
"frag": "01",
"id": "P335326.l00555",
"ref": "P335326.12.2",
"inst": "n",
"f": {"lang": "akk-x-neoass",
"form": "01",
"pos": "n"}
}
,
{
"node": "l",
"frag": "ANŠE",
"id": "P335326.l00556",
"ref": "P335326.12.3",
"inst": "imēru[unit//a unit of area]N$imāru",
"exosig": "@saao/saa06%akk-x-neoass:ANŠE=imēru[unit//a unit of area]N'N$imāru",
"f": {"lang": "akk-x-neoass",
"form": "ANŠE",
"cf": "imēru",
"gw": "unit",
"sense": "a unit of area",
"norm": "imāru",
"pos": "N",
"epos": "N"}
}
,
{
"node": "l",
"frag": "A.ŠA₃",
"id": "P335326.l00557",
"ref": "P335326.12.4",
"inst": "eqlu[field//land]N",
"exosig": "@saao/saa06%akk-x-neoass:A.ŠA₃=eqlu[field//land]N'N$eqlu",
"f": {"lang": "akk-x-neoass",
"form": "A.ŠA₃",
"cf": "eqlu",
"gw": "field",
"sense": "land",
"norm": "eqlu",
"pos": "N",
"epos": "N"}
}
,
{
"node": "c",
"type": "phrase",
"tag": "phr",
"id": "P335326.U4",
"ref": "P335326.ls00000",
"cdl": [
{
"node": "l",
"frag": "ina",
"id": "P335326.l00558",
"ref": "P335326.12.5",
"inst": "ina[in+=along]PRP$",
"exosig": "@saao/saa06%akk-x-neoass:ina=ina[in//in]PRP'PRP$ina",
"f": {"lang": "akk-x-neoass",
"form": "ina",
"cf": "ina",
"gw": "in",
"sense": "in",
"norm": "ina",
"pos": "PRP",
"epos": "PRP"}
}
,
{
"node": "l",
"frag": "UGU",
"id": "P335326.l00559",
"ref": "P335326.12.6",
"inst": "muhhu[skull]N$muhhi",
"exosig": "@saao/saa06%akk-x-neoass:UGU=muhhu[skull//skull]N'N$muhhi",
"f": {"lang": "akk-x-neoass",
"form": "UGU",
"cf": "muhhu",
"gw": "skull",
"sense": "skull",
"norm": "muhhi",
"pos": "N",
"epos": "N"}
}
]}
,
{
"node": "l",
"frag": "AMA",
"id": "P335326.l0055a",
"ref": "P335326.12.7",
"inst": "ummu[mother//side road?]N$ummi",
"exosig": "@saao/saa06%akk-x-neoass:AMA=ummu[mother//side road?]N'N$ummi",
"f": {"lang": "akk-x-neoass",
"form": "AMA",
"cf": "ummu",
"gw": "mother",
"sense": "side road?",
"norm": "ummi",
"pos": "N",
"epos": "N"}
}
,
{
"node": "l",
"frag": "ša₂",
"id": "P335326.l0055b",
"ref": "P335326.12.8",
"inst": "ša[of]DET",
"exosig": "@saao/saa06%akk-x-neoass:ša₂=ša[of//of]DET'DET$ša",
"f": {"lang": "akk-x-neoass",
"form": "ša₂",
"cf": "ša",
"gw": "of",
"sense": "of",
"norm": "ša",
"pos": "DET",
"epos": "DET"}
}
,
{
"node": "l",
"frag": "{lu₂}kal-da-a",
"id": "P335326.l0055c",
"ref": "P335326.12.9",
"inst": "Kaldaya[Chaldean]EN$",
"exosig": "@saao/saa06%akk-x-neoass:{LU₂}kal-da-a=Kaldaya[Chaldean//Chaldean]EN'EN$Kaldaya",
"f": {"lang": "akk-x-neoass",
"form": "{LU₂}kal-da-a",
"cf": "Kaldaya",
"gw": "Chaldean",
"sense": "Chaldean",
"norm": "Kaldaya",
"pos": "EN",
"epos": "EN"}
}
,
{
"node": "d",
"type": "line-start",
"ref": "P335326.13",
"n": "9",
"label": "o 9"}
,
{
"node": "l",
"frag": "SUHUR",
"id": "P335326.l0055d",
"ref": "P335326.13.1",
"inst": "ṭēhi[adjacent to]PRP",
"exosig": "@saao/saa06%akk-x-neoass:SUHUR=ṭāhu[adjacent to//adjacent to]PRP'PRP$ṭēhi",
"f": {"lang": "akk-x-neoass",
"form": "SUHUR",
"cf": "ṭāhu",
"gw": "adjacent to",
"sense": "adjacent to",
"norm": "ṭēhi",
"pos": "PRP",
"epos": "PRP"}
}
,
{
"node": "l",
"frag": "A.ŠA₃",
"id": "P335326.l0055e",
"ref": "P335326.13.2",
"inst": "eqlu[field//land]N$eqli",
"exosig": "@saao/saa06%akk-x-neoass:A.ŠA₃=eqlu[field//land]N'N$eqli",
"f": {"lang": "akk-x-neoass",
"form": "A.ŠA₃",
"cf": "eqlu",
"gw": "field",
"sense": "land",
"norm": "eqli",
"pos": "N",
"epos": "N"}
}
,
{
"node": "l",
"frag": "ša₂",
"id": "P335326.l0055f",
"ref": "P335326.13.3",
"inst": "ša[of]DET",
"exosig": "@saao/saa06%akk-x-neoass:ša₂=ša[of//of]DET'DET$ša",
"f": {"lang": "akk-x-neoass",
"form": "ša₂",
"cf": "ša",
"gw": "of",
"sense": "of",
"norm": "ša",
"pos": "DET",
"epos": "DET"}
}
,
{
"node": "l",
"frag": "{1}{d}PA-PAB-MEŠ-SU",
"id": "P335326.l00560",
"ref": "P335326.13.4",
"inst": "Nabu-ahhe-eriba[1]PN$",
"exosig": "@saao/saa06%akk-x-neoass:{1}{d}PA-PAB-MEŠ-SU=Nabu-ahhe-eriba[1//1]PN'PN$Nabu-ahhe-eriba",
"f": {"lang": "akk-x-neoass",
"form": "{1}{d}PA-PAB-MEŠ-SU",
"cf": "Nabu-ahhe-eriba",
"gw": "1",
"sense": "1",
"norm": "Nabu-ahhe-eriba",
"pos": "PN",
"epos": "PN"}
}
,
{
"node": "l",
"frag": "SUHUR",
"id": "P335326.l00561",
"ref": "P335326.13.5",
"inst": "ṭēhi[adjacent to]PRP",
"exosig": "@saao/saa06%akk-x-neoass:SUHUR=ṭāhu[adjacent to//adjacent to]PRP'PRP$ṭēhi",
"f": {"lang": "akk-x-neoass",
"form": "SUHUR",
"cf": "ṭāhu",
"gw": "adjacent to",
"sense": "adjacent to",
"norm": "ṭēhi",
"pos": "PRP",
"epos": "PRP"}
}
,
{
"node": "l",
"frag": "A.ŠA₃",
"id": "P335326.l00562",
"ref": "P335326.13.6",
"inst": "eqlu[field//land]N$eqli",
"exosig": "@saao/saa06%akk-x-neoass:A.ŠA₃=eqlu[field//land]N'N$eqli",
"f": {"lang": "akk-x-neoass",
"form": "A.ŠA₃",
"cf": "eqlu",
"gw": "field",
"sense": "land",
"norm": "eqli",
"pos": "N",
"epos": "N"}
}
,
{
"node": "d",
"type": "line-start",
"ref": "P335326.14",
"n": "10",
"label": "o 10"}
,
{
"node": "l",
"frag": "ša₂",
"id": "P335326.l00563",
"ref": "P335326.14.1",
"inst": "ša[of]DET",
"exosig": "@saao/saa06%akk-x-neoass:ša₂=ša[of//of]DET'DET$ša",
"f": {"lang": "akk-x-neoass",
"form": "ša₂",
"cf": "ša",
"gw": "of",
"sense": "of",
"norm": "ša",
"pos": "DET",
"epos": "DET"}
}
,
{
"node": "l",
"frag": "{1}{d}ŠU₂-EN-PAB",
"id": "P335326.l00564",
"ref": "P335326.14.2",
"inst": "Marduk-belu-uṣur[1]PN$",
"exosig": "@saao/saa06%akk-x-neoass:{1}{d}ŠU₂-EN-PAB=Marduk-belu-uṣur[1//1]PN'PN$Marduk-belu-uṣur",
"f": {"lang": "akk-x-neoass",
"form": "{1}{d}ŠU₂-EN-PAB",
"cf": "Marduk-belu-uṣur",
"gw": "1",
"sense": "1",
"norm": "Marduk-belu-uṣur",
"pos": "PN",
"epos": "PN"}
}
,
{
"node": "l",
"frag": "E₂",
"id": "P335326.l00565",
"ref": "P335326.14.3",
"inst": "bītu[house//plot of land]N$bētu",
"exosig": "@saao/saa06%akk-x-neoass:E₂=bītu[house//plot of land]N'N$bētu",
"f": {"lang": "akk-x-neoass",
"form": "E₂",
"cf": "bītu",
"gw": "house",
"sense": "plot of land",
"norm": "bētu",
"pos": "N",
"epos": "N"}
}
,
{
"node": "l",
"frag": "8(ban₂)",
"id": "P335326.l00566",
"ref": "P335326.14.4",
"inst": "n",
"f": {"lang": "akk-x-neoass",
"form": "8(ban₂)",
"pos": "n"}
}
,
{
"node": "l",
"frag": "A.ŠA₃",
"id": "P335326.l00567",
"ref": "P335326.14.5",
"inst": "eqlu[field//land]N$",
"exosig": "@saao/saa06%akk-x-neoass:A.ŠA₃=eqlu[field//land]N'N$eqlu",
"f": {"lang": "akk-x-neoass",
"form": "A.ŠA₃",
"cf": "eqlu",
"gw": "field",
"sense": "land",
"norm": "eqlu",
"pos": "N",
"epos": "N"}
}
,
{
"node": "l",
"frag": "SUHUR",
"id": "P335326.l00568",
"ref": "P335326.14.6",
"inst": "ṭēhi[adjacent to]PRP",
"exosig": "@saao/saa06%akk-x-neoass:SUHUR=ṭāhu[adjacent to//adjacent to]PRP'PRP$ṭēhi",
"f": {"lang": "akk-x-neoass",
"form": "SUHUR",
"cf": "ṭāhu",
"gw": "adjacent to",
"sense": "adjacent to",
"norm": "ṭēhi",
"pos": "PRP",
"epos": "PRP"}
}
,
{
"node": "l",
"frag": "A.ŠA₃",
"id": "P335326.l00569",
"ref": "P335326.14.7",
"inst": "eqlu[field//land]N$eqli",
"exosig": "@saao/saa06%akk-x-neoass:A.ŠA₃=eqlu[field//land]N'N$eqli",
"f": {"lang": "akk-x-neoass",
"form": "A.ŠA₃",
"cf": "eqlu",
"gw": "field",
"sense": "land",
"norm": "eqli",
"pos": "N",
"epos": "N"}
}
,
{
"node": "d",
"type": "line-start",
"ref": "P335326.15",
"n": "11",
"label": "o 11"}
,
{
"node": "l",
"frag": "⸢ša₂⸣",
"id": "P335326.l0056a",
"ref": "P335326.15.1",
"inst": "ša[of]DET",
"exosig": "@saao/saa06%akk-x-neoass:ša₂=ša[of//of]DET'DET$ša",
"f": {"lang": "akk-x-neoass",
"form": "ša₂",
"cf": "ša",
"gw": "of",
"sense": "of",
"norm": "ša",
"pos": "DET",
"epos": "DET"}
}
,
{
"node": "l",
"frag": "{1}{⸢d}PA-PAB-MEŠ-SU",
"id": "P335326.l0056b",
"ref": "P335326.15.2",
"inst": "Nabu-ahhe-eriba[1]PN$",
"exosig": "@saao/saa06%akk-x-neoass:{1}{d}PA-PAB-MEŠ-SU=Nabu-ahhe-eriba[1//1]PN'PN$Nabu-ahhe-eriba",
"f": {"lang": "akk-x-neoass",
"form": "{1}{d}PA-PAB-MEŠ-SU",
"cf": "Nabu-ahhe-eriba",
"gw": "1",
"sense": "1",
"norm": "Nabu-ahhe-eriba",
"pos": "PN",
"epos": "PN"}
}
,
{
"node": "l",
"frag": "SUHUR⸣",
"id": "P335326.l0056c",
"ref": "P335326.15.3",
"inst": "ṭēhi[adjacent to]PRP",
"exosig": "@saao/saa06%akk-x-neoass:SUHUR=ṭāhu[adjacent to//adjacent to]PRP'PRP$ṭēhi",
"f": {"lang": "akk-x-neoass",
"form": "SUHUR",
"cf": "ṭāhu",
"gw": "adjacent to",
"sense": "adjacent to",
"norm": "ṭēhi",
"pos": "PRP",
"epos": "PRP"}
}
,
{
"node": "l",
"frag": "A.ŠA₃",
"id": "P335326.l0056d",
"ref": "P335326.15.4",
"inst": "eqlu[field//land]N$eqli",
"exosig": "@saao/saa06%akk-x-neoass:A.ŠA₃=eqlu[field//land]N'N$eqli",
"f": {"lang": "akk-x-neoass",
"form": "A.ŠA₃",
"cf": "eqlu",
"gw": "field",
"sense": "land",
"norm": "eqli",
"pos": "N",
"epos": "N"}
}
,
{
"node": "l",
"frag": "ša₂",
"id": "P335326.l0056e",
"ref": "P335326.15.5",
"inst": "ša[of]DET",
"exosig": "@saao/saa06%akk-x-neoass:ša₂=ša[of//of]DET'DET$ša",
"f": {"lang": "akk-x-neoass",
"form": "ša₂",
"cf": "ša",
"gw": "of",
"sense": "of",
"norm": "ša",
"pos": "DET",
"epos": "DET"}
}
,
{
"node": "l",
"frag": "{1}AD-DUG₃.GA",
"id": "P335326.l0056f",
"ref": "P335326.15.6",
"inst": "Abu-ṭaba[1]PN$",
"exosig": "@saao/saa06%akk-x-neoass:{1}AD-DUG₃.GA=Abu-ṭaba[1//1]PN'PN$Abu-ṭaba",
"f": {"lang": "akk-x-neoass",
"form": "{1}AD-DUG₃.GA",
"cf": "Abu-ṭaba",
"gw": "1",
"sense": "1",
"norm": "Abu-ṭaba",
"pos": "PN",
"epos": "PN"}
}
,
{
"node": "d",
"type": "line-start",
"ref": "P335326.16",
"n": "12",
"label": "o 12"}
,
{
"node": "l",
"frag": "[x",
"id": "P335326.l00570",
"ref": "P335326.16.1",
"inst": "u",
"f": {"lang": "akk-x-neoass",
"form": "x",
"pos": "u"}
}
,
{
"node": "l",
"frag": "x",
"id": "P335326.l00571",
"ref": "P335326.16.2",
"inst": "u",
"f": {"lang": "akk-x-neoass",
"form": "x",
"pos": "u"}
}
,
{
"node": "l",
"frag": "x",
"id": "P335326.l00572",
"ref": "P335326.16.3",
"inst": "u",
"f": {"lang": "akk-x-neoass",
"form": "x",
"pos": "u"}
}
,
{
"node": "l",
"frag": "x",
"id": "P335326.l00573",
"ref": "P335326.16.4",
"inst": "u",
"f": {"lang": "akk-x-neoass",
"form": "x",
"pos": "u"}
}
,
{
"node": "l",
"frag": "x",
"id": "P335326.l00574",
"ref": "P335326.16.5",
"inst": "u",
"f": {"lang": "akk-x-neoass",
"form": "x",
"pos": "u"}
}
,
{
"node": "l",
"frag": "x]-ra-a-te",
"id": "P335326.l00575",
"ref": "P335326.16.6",
"inst": "u",
"f": {"lang": "akk-x-neoass",
"form": "x-ra-a-te",
"pos": "u"}
}
,
{
"node": "d",
"type": "line-start",
"ref": "P335326.17",
"n": "13",
"label": "o 13"}
,
{
"node": "l",
"frag": "[x",
"id": "P335326.l00576",
"ref": "P335326.17.1",
"inst": "u",
"f": {"lang": "akk-x-neoass",
"form": "x",
"pos": "u"}
}
,
{
"node": "l",
"frag": "x",
"id": "P335326.l00577",
"ref": "P335326.17.2",
"inst": "u",
"f": {"lang": "akk-x-neoass",
"form": "x",
"pos": "u"}
}
,
{
"node": "l",
"frag": "x",
"id": "P335326.l00578",
"ref": "P335326.17.3",
"inst": "u",
"f": {"lang": "akk-x-neoass",
"form": "x",
"pos": "u"}
}
,
{
"node": "l",
"frag": "x]",
"id": "P335326.l00579",
"ref": "P335326.17.4",
"inst": "u",
"f": {"lang": "akk-x-neoass",
"form": "x",
"pos": "u"}
}
,
{
"node": "l",
"frag": "⸢E₂",
"id": "P335326.l0057a",
"ref": "P335326.17.5",
"inst": "bītu[house//plot of land]N$bētu",
"exosig": "@saao/saa06%akk-x-neoass:E₂=bītu[house//plot of land]N'N$bētu",
"f": {"lang": "akk-x-neoass",
"form": "E₂",
"cf": "bītu",
"gw": "house",
"sense": "plot of land",
"norm": "bētu",
"pos": "N",
"epos": "N"}
}
,
{
"node": "l",
"frag": "02",
"id": "P335326.l0057b",
"ref": "P335326.17.6",
"inst": "n",
"f": {"lang": "akk-x-neoass",
"form": "02",
"pos": "n"}
}
,
{
"node": "l",
"frag": "ANŠE⸣",
"id": "P335326.l0057c",
"ref": "P335326.17.7",
"inst": "imārī[a unit of area]N",
"exosig": "@saao/saa06%akk-x-neoass:ANŠE=imēru[unit//a unit of area]N'N$imārī",
"f": {"lang": "akk-x-neoass",
"form": "ANŠE",
"cf": "imēru",
"gw": "unit",
"sense": "a unit of area",
"norm": "imārī",
"pos": "N",
"epos": "N"}
}
,
{
"node": "l",
"frag": "5(ban₂)",
"id": "P335326.l0057d",
"ref": "P335326.17.8",
"inst": "n",
"f": {"lang": "akk-x-neoass",
"form": "5(ban₂)",
"pos": "n"}
}
,
{
"node": "l",
"frag": "A.ŠA₃",
"id": "P335326.l0057e",
"ref": "P335326.17.9",
"inst": "eqlu[field//land]N$",
"exosig": "@saao/saa06%akk-x-neoass:A.ŠA₃=eqlu[field//land]N'N$eqlu",
"f": {"lang": "akk-x-neoass",
"form": "A.ŠA₃",
"cf": "eqlu",
"gw": "field",
"sense": "land",
"norm": "eqlu",
"pos": "N",
"epos": "N"}
}
,
{
"node": "d",
"type": "line-start",
"ref": "P335326.18",
"n": "14",
"label": "o 14"}
,
{
"node": "l",
"frag": "[x",
"id": "P335326.l0057f",
"ref": "P335326.18.1",
"inst": "u",
"f": {"lang": "akk-x-neoass",
"form": "x",
"pos": "u"}
}
,
{
"node": "l",
"frag": "x",
"id": "P335326.l00580",
"ref": "P335326.18.2",
"inst": "u",
"f": {"lang": "akk-x-neoass",
"form": "x",
"pos": "u"}
}
,
{
"node": "l",
"frag": "x",
"id": "P335326.l00581",
"ref": "P335326.18.3",
"inst": "u",
"f": {"lang": "akk-x-neoass",
"form": "x",
"pos": "u"}
}
,
{
"node": "l",
"frag": "x",
"id": "P335326.l00582",
"ref": "P335326.18.4",
"inst": "u",
"f": {"lang": "akk-x-neoass",
"form": "x",
"pos": "u"}
}
,
{
"node": "l",
"frag": "x",
"id": "P335326.l00583",
"ref": "P335326.18.5",
"inst": "u",
"f": {"lang": "akk-x-neoass",
"form": "x",
"pos": "u"}
}
,
{
"node": "l",
"frag": "x",
"id": "P335326.l00584",
"ref": "P335326.18.6",
"inst": "u",
"f": {"lang": "akk-x-neoass",
"form": "x",
"pos": "u"}
}
,
{
"node": "l",
"frag": "x",
"id": "P335326.l00585",
"ref": "P335326.18.7",
"inst": "u",
"f": {"lang": "akk-x-neoass",
"form": "x",
"pos": "u"}
}
,
{
"node": "l",
"frag": "x]-a.a",
"id": "P335326.l00586",
"ref": "P335326.18.8",
"inst": "u",
"f": {"lang": "akk-x-neoass",
"form": "x-a.a",
"pos": "u"}
}
,
{
"node": "d",
"type": "nonx",
"ref": "P335326.19",
"strict": "0",
"extent": "rest",
"state": "missing"}
,
{
"node": "d",
"subtype": "reverse",
"type": "surface",
"ref": "P335326.r.20",
"type": "reverse",
"label": "r"}
,
{
"node": "d",
"type": "nonx",
"ref": "P335326.21",
"strict": "0",
"extent": "beginning",
"state": "missing"}
,
{
"node": "d",
"type": "line-start",
"ref": "P335326.22",
"n": "1'",
"label": "r 1'"}
,
{
"node": "l",
"frag": "⸢IGI⸣",
"id": "P335326.l00587",
"ref": "P335326.22.1",
"inst": "šību[old man//witness]N$",
"exosig": "@saao/saa06%akk-x-neoass:IGI=šību[witness//witness]N'N$šību",
"f": {"lang": "akk-x-neoass",
"form": "IGI",
"cf": "šību",
"gw": "witness",
"sense": "witness",
"norm": "šību",
"pos": "N",
"epos": "N"}
}
,
{
"node": "l",
"frag": "{1}suk-ka-a.a",
"id": "P335326.l00588",
"ref": "P335326.22.2",
"inst": "Sukkaya[1]PN$",
"exosig": "@saao/saa06%akk-x-neoass:{1}suk-ka-a.a=Sukkaya[1//1]PN'PN$Sukkaya",
"f": {"lang": "akk-x-neoass",
"form": "{1}suk-ka-a.a",
"cf": "Sukkaya",
"gw": "1",
"sense": "1",
"norm": "Sukkaya",
"pos": "PN",
"epos": "PN"}
}
,
{
"node": "c",
"type": "phrase",
"tag": "phr",
"id": "P335326.U5",
"ref": "P335326.ls00001",
"cdl": [
{
"node": "l",
"frag": "ina",
"id": "P335326.l00589",
"ref": "P335326.22.3",
"inst": "ina[in+=in the presence of]PRP$",
"exosig": "@saao/saa06%akk-x-neoass:ina=ina[in//in]PRP'PRP$ina",
"f": {"lang": "akk-x-neoass",
"form": "ina",
"cf": "ina",
"gw": "in",
"sense": "in",
"norm": "ina",
"pos": "PRP",
"epos": "PRP"}
}
,
{
"node": "l",
"frag": "IGI",
"id": "P335326.l0058a",
"ref": "P335326.22.4",
"inst": "pānu[front]N$pān",
"exosig": "@saao/saa06%akk-x-neoass:IGI=pānu[front//front]N'N$pān",
"f": {"lang": "akk-x-neoass",
"form": "IGI",
"cf": "pānu",
"gw": "front",
"sense": "front",
"norm": "pān",
"pos": "N",
"epos": "N"}
}
]}
,
{
"node": "l",
"frag": "IGI-MEŠ",
"id": "P335326.l0058b",
"ref": "P335326.22.5",
"inst": "šību[old man//witness]N$šībūti",
"exosig": "@saao/saa06%akk-x-neoass:IGI-MEŠ=šību[witness//witness]N'N$šībūti",
"f": {"lang": "akk-x-neoass",
"form": "IGI-MEŠ",
"cf": "šību",
"gw": "witness",
"sense": "witness",
"norm": "šībūti",
"pos": "N",
"epos": "N"}
}
,
{
"node": "c",
"type": "phrase",
"tag": "phr",
"id": "P335326.U6",
"ref": "P335326.ls00002",
"cdl": [
{
"node": "l",
"frag": "⸢DUMU-NINA⸣",
"id": "P335326.l0058c",
"ref": "P335326.22.6",
"cof-tails": "P335326.l0058d",
"inst": "māru[son]N$mār&Ninua[Nineveh]GN$",
"exosig": "@saao/saa06%akk-x-neoass:DUMU-NINA=māru[son//son]N'N$mār&&@saao%akk-x-neoass:=Ninua[Nineveh//Nineveh]GN'GN$Ninua",
"f": {"lang": "akk-x-neoass",
"form": "DUMU-NINA",
"cf": "māru",
"gw": "son",
"sense": "son",
"norm": "mār",
"pos": "N",
"epos": "N"}
}
,
{
"node": "l",
"frag": "⸢DUMU-NINA⸣",
"id": "P335326.l0058d",
"ref": "P335326.22.6",
"cof-head": "P335326.l0058c",
"inst": "māru[son]N$mār&Ninua[Nineveh]GN$",
"tail-sig": "@saao%akk-x-neoass:=Ninua[Nineveh//Nineveh]GN'GN$Ninua",
"f": {"lang": "akk-x-neoass",
"form": "DUMU-NINA",
"cf": "Ninua",
"gw": "Nineveh",
"sense": "Nineveh",
"norm": "Ninua",
"pos": "GN",
"epos": "GN"}
}
]}
,
{
"node": "d",
"type": "line-start",
"ref": "P335326.23",
"n": "2'",
"label": "r 2'"}
,
{
"node": "l",
"frag": "IGI",
"id": "P335326.l0058e",
"ref": "P335326.23.1",
"inst": "šību[old man//witness]N$",
"exosig": "@saao/saa06%akk-x-neoass:IGI=šību[witness//witness]N'N$šību",
"f": {"lang": "akk-x-neoass",
"form": "IGI",
"cf": "šību",
"gw": "witness",
"sense": "witness",
"norm": "šību",
"pos": "N",
"epos": "N"}
}
,
{
"node": "l",
"frag": "{1}GIR₃.2-{d}15",
"id": "P335326.l0058f",
"ref": "P335326.23.2",
"inst": "Šep-Issar[1]PN$",
"exosig": "@saao/saa06%akk-x-neoass:{1}GIR₃.2-{d}15=Šep-Issar[1//1]PN'PN$Šep-Issar",
"f": {"lang": "akk-x-neoass",
"form": "{1}GIR₃.2-{d}15",
"cf": "Šep-Issar",
"gw": "1",
"sense": "1",
"norm": "Šep-Issar",
"pos": "PN",
"epos": "PN"}
}
,
{
"node": "l",
"frag": "IGI",
"id": "P335326.l00590",
"ref": "P335326.23.3",
"inst": "šību[old man//witness]N$",
"exosig": "@saao/saa06%akk-x-neoass:IGI=šību[witness//witness]N'N$šību",
"f": {"lang": "akk-x-neoass",
"form": "IGI",
"cf": "šību",
"gw": "witness",
"sense": "witness",
"norm": "šību",
"pos": "N",
"epos": "N"}
}
,
{
"node": "l",
"frag": "{1}PAB-u.a-a",
"id": "P335326.l00591",
"ref": "P335326.23.4",
"inst": "Ahuʾa[1]PN$",
"exosig": "@saao/saa06%akk-x-neoass:{1}PAB-u.a-a=Ahuʾa[1//1]PN'PN$Ahuʾa",
"f": {"lang": "akk-x-neoass",
"form": "{1}PAB-u.a-a",
"cf": "Ahuʾa",
"gw": "1",
"sense": "1",
"norm": "Ahuʾa",
"pos": "PN",
"epos": "PN"}
}
,
{
"node": "d",
"type": "line-start",
"ref": "P335326.24",
"n": "3'",
"label": "r 3'"}
,
{
"node": "l",
"frag": "IGI",
"id": "P335326.l00592",
"ref": "P335326.24.1",
"inst": "šību[old man//witness]N$",
"exosig": "@saao/saa06%akk-x-neoass:IGI=šību[witness//witness]N'N$šību",
"f": {"lang": "akk-x-neoass",
"form": "IGI",
"cf": "šību",
"gw": "witness",
"sense": "witness",
"norm": "šību",
"pos": "N",
"epos": "N"}
}
,
{
"node": "l",
"frag": "{1}SUHUŠ-{d}15",
"id": "P335326.l00593",
"ref": "P335326.24.2",
"inst": "Ubru-Issar[1]PN$",
"exosig": "@saao/saa06%akk-x-neoass:{1}SUHUŠ-{d}15=Ubru-Issar[1//1]PN'PN$Ubru-Issar",
"f": {"lang": "akk-x-neoass",
"form": "{1}SUHUŠ-{d}15",
"cf": "Ubru-Issar",
"gw": "1",
"sense": "1",
"norm": "Ubru-Issar",
"pos": "PN",
"epos": "PN"}
}
,
{
"node": "l",
"frag": "{lu₂}⸢KAŠ.LUL⸣",
"id": "P335326.l00594",
"ref": "P335326.24.3",
"inst": "šāqû[butler//cupbearer]N$",
"exosig": "@saao/saa06%akk-x-neoass:{LU₂}KAŠ.LUL=šāqû[butler//cupbearer]N'N$šāqû",
"f": {"lang": "akk-x-neoass",
"form": "{LU₂}KAŠ.LUL",
"cf": "šāqû",
"gw": "butler",
"sense": "cupbearer",
"norm": "šāqû",
"pos": "N",
"epos": "N"}
}
,
{
"node": "l",
"frag": "ša₂",
"id": "P335326.l00595",
"ref": "P335326.24.4",
"inst": "ša[of]DET",
"exosig": "@saao/saa06%akk-x-neoass:ša₂=ša[of//of]DET'DET$ša",
"f": {"lang": "akk-x-neoass",
"form": "ša₂",
"cf": "ša",
"gw": "of",
"sense": "of",
"norm": "ša",
"pos": "DET",
"epos": "DET"}
}
,
{
"node": "l",
"frag": "{lu₂}SUKKAL",
"id": "P335326.l00596",
"ref": "P335326.24.5",
"inst": "šukkalli[vizier]N",
"exosig": "@saao/saa06%akk-x-neoass:{LU₂}SUKKAL=šukkallu[(a court official)//vizier]N'N$šukkalli",
"f": {"lang": "akk-x-neoass",
"form": "{LU₂}SUKKAL",
"cf": "šukkallu",
"gw": "(a court official)",
"sense": "vizier",
"norm": "šukkalli",
"pos": "N",
"epos": "N"}
}
,
{
"node": "d",
"type": "line-start",
"ref": "P335326.25",
"n": "4'",
"label": "r 4'"}
,
{
"node": "l",
"frag": "IGI",
"id": "P335326.l00597",
"ref": "P335326.25.1",
"inst": "šību[old man//witness]N$",
"exosig": "@saao/saa06%akk-x-neoass:IGI=šību[witness//witness]N'N$šību",
"f": {"lang": "akk-x-neoass",
"form": "IGI",
"cf": "šību",
"gw": "witness",
"sense": "witness",
"norm": "šību",
"pos": "N",
"epos": "N"}
}
,
{
"node": "l",
"frag": "{1}{d}AMAR.UTU-AŠ",
"id": "P335326.l00598",
"ref": "P335326.25.2",
"inst": "Marduk-iddina[1]PN$",
"exosig": "@saao/saa06%akk-x-neoass:{1}{d}AMAR.UTU-AŠ=Marduk-iddina[1//1]PN'PN$Marduk-iddina",
"f": {"lang": "akk-x-neoass",
"form": "{1}{d}AMAR.UTU-AŠ",
"cf": "Marduk-iddina",
"gw": "1",
"sense": "1",
"norm": "Marduk-iddina",
"pos": "PN",
"epos": "PN"}
}
,
{
"node": "l",
"frag": "{lu₂}A.BA",
"id": "P335326.l00599",
"ref": "P335326.25.3",
"inst": "ṭupšarru[scribe]N",
"exosig": "@saao/saa06%akk-x-neoass:{LU₂}A.BA=ṭupšarru[scribe//scribe]N'N$ṭupšarru",
"f": {"lang": "akk-x-neoass",
"form": "{LU₂}A.BA",
"cf": "ṭupšarru",
"gw": "scribe",
"sense": "scribe",
"norm": "ṭupšarru",
"pos": "N",
"epos": "N"}
}
,
{
"node": "d",
"type": "line-start",
"ref": "P335326.26",
"n": "5'",
"label": "r 5'"}
,
{
"node": "l",
"frag": "ṣa-bit",
"id": "P335326.l0059a",
"ref": "P335326.26.1",
"inst": "ṣābit[keeper]N",
"exosig": "@saao/saa06%akk-x-neoass:ṣa-bit=ṣābitu[recipient//keeper]N'N$ṣābit",
"f": {"lang": "akk-x-neoass",
"form": "ṣa-bit",
"cf": "ṣābitu",
"gw": "recipient",
"sense": "keeper",
"norm": "ṣābit",
"pos": "N",
"epos": "N"}
}
,
{
"node": "l",
"frag": "dan-ni-te",
"id": "P335326.l0059b",
"ref": "P335326.26.2",
"inst": "dannite[binding document]N",
"exosig": "@saao/saa06%akk-x-neoass:dan-ni-te=dannutu[binding document//binding document]N'N$dannite",
"f": {"lang": "akk-x-neoass",
"form": "dan-ni-te",
"cf": "dannutu",
"gw": "binding document",
"sense": "binding document",
"norm": "dannite",
"pos": "N",
"epos": "N"}
}
,
{
"node": "d",
"type": "nonx",
"ref": "P335326.27",
"strict": "0",
"extent": "n",
"scope": "line",
"state": "blank"}
,
{
"node": "d",
"type": "line-start",
"ref": "P335326.28",
"n": "6'",
"label": "r 6'"}
,
{
"node": "l",
"frag": "lim-mu",
"id": "P335326.l0059c",
"ref": "P335326.28.1",
"inst": "limmu[eponym (of year)]N",
"exosig": "@saao/saa06%akk-x-neoass:lim-mu=līmu[eponym (of year)//eponym (of year)]N'N$limmu",
"f": {"lang": "akk-x-neoass",
"form": "lim-mu",
"cf": "līmu",
"gw": "eponym (of year)",
"sense": "eponym (of year)",
"norm": "limmu",
"pos": "N",
"epos": "N"}
}
,
{
"node": "l",
"frag": "{1}tak₃-lak-a-na-{[d]}EN",
"id": "P335326.l0059d",
"ref": "P335326.28.2",
"inst": "Taklak-ana-Bel[1]PN$",
"exosig": "@saao/saa06%akk-x-neoass:{1}tak₃-lak-a-na-{d}EN=Taklak-ana-Bel[1//1]PN'PN$Taklak-ana-Bel",
"f": {"lang": "akk-x-neoass",
"form": "{1}tak₃-lak-a-na-{d}EN",
"cf": "Taklak-ana-Bel",
"gw": "1",
"sense": "1",
"norm": "Taklak-ana-Bel",
"pos": "PN",
"epos": "PN"}
}
,
{
"node": "d",
"type": "line-start",
"ref": "P335326.29",
"n": "7'",
"label": "r 7'"}
,
{
"node": "c",
"type": "phrase",
"tag": "phr",
"id": "P335326.U7",
"ref": "P335326.ls00003",
"cdl": [
{
"node": "l",
"frag": "{lu₂}GAR.KUR",
"id": "P335326.l0059e",
"ref": "P335326.29.1",
"cof-tails": "P335326.l0059f",
"inst": "šaknu[appointee]N$šakin&mātu[land]N$māt",
"exosig": "@saao/saa06%akk-x-neoass:{LU₂}GAR.KUR=šaknu[appointee//appointee]N'N$šakin&&@saao%akk-x-neoass:=mātu[land//land]N'N$māt",
"f": {"lang": "akk-x-neoass",
"form": "{LU₂}GAR.KUR",
"cf": "šaknu",
"gw": "appointee",
"sense": "appointee",
"norm": "šakin",
"pos": "N",
"epos": "N"}
}
,
{
"node": "l",
"frag": "{lu₂}GAR.KUR",
"id": "P335326.l0059f",
"ref": "P335326.29.1",
"cof-head": "P335326.l0059e",
"inst": "šaknu[appointee]N$šakin&mātu[land]N$māt",
"tail-sig": "@saao%akk-x-neoass:=mātu[land//land]N'N$māt",
"f": {"lang": "akk-x-neoass",
"form": "{LU₂}GAR.KUR",
"cf": "mātu",
"gw": "land",
"sense": "land",
"norm": "māt",
"pos": "N",
"epos": "N"}
}
]}
,
{
"node": "l",
"frag": "{uru}na-ṣi-⸢bi⸣-[na]",
"id": "P335326.l005a0",
"ref": "P335326.29.2",
"inst": "Naṣibina[1]GN",
"exosig": "@saao/saa06%akk-x-neoass:{URU}na-ṣi-bi-na=Naṣibina[1//1]GN'GN$Naṣibina",
"f": {"lang": "akk-x-neoass",
"form": "{URU}na-ṣi-bi-na",
"cf": "Naṣibina",
"gw": "1",
"sense": "1",
"norm": "Naṣibina",
"pos": "GN",
"epos": "GN"}
}
,
{
"node": "d",
"type": "line-start",
"ref": "P335326.30",
"n": "8'",
"label": "r 8'"}
,
{
"node": "l",
"frag": "03",
"id": "P335326.l005a1",
"ref": "P335326.30.1",
"inst": "n",
"f": {"lang": "akk-x-neoass",
"form": "03",
"pos": "n"}
}
,
{
"node": "l",
"frag": "MA.NA",
"id": "P335326.l005a2",
"ref": "P335326.30.2",
"inst": "manê[a unit of weight]N",
"exosig": "@saao/saa06%akk-x-neoass:MA.NA=manû[unit//a unit of weight]N'N$manê",
"f": {"lang": "akk-x-neoass",
"form": "MA.NA",
"cf": "manû",
"gw": "unit",
"sense": "a unit of weight",
"norm": "manê",
"pos": "N",
"epos": "N"}
}
,
{
"node": "l",
"frag": "URUDU-MEŠ",
"id": "P335326.l005a3",
"ref": "P335326.30.3",
"inst": "erî[copper]N",
"exosig": "@saao/saa06%akk-x-neoass:URUDU-MEŠ=erû[copper//copper]N'N$erî",
"f": {"lang": "akk-x-neoass",
"form": "URUDU-MEŠ",
"cf": "erû",
"gw": "copper",
"sense": "copper",
"norm": "erî",
"pos": "N",
"epos": "N"}
}
,
{
"node": "l",
"frag": "ša",
"id": "P335326.l005a4",
"ref": "P335326.30.4",
"inst": "ša[of//for]DET'PRP$",
"exosig": "@saao/saa06%akk-x-neoass:ša=ša[of//for]DET'PRP$ša",
"f": {"lang": "akk-x-neoass",
"form": "ša",
"cf": "ša",
"gw": "of",
"sense": "for",
"norm": "ša",
"pos": "DET",
"epos": "PRP"}
}
,
{
"node": "l",
"frag": "⸢ṣu-pur-šu₂⸣",
"id": "P335326.l005a5",
"ref": "P335326.30.5",
"inst": "ṣupuršu[fingernail]N",
"exosig": "@saao/saa06%akk-x-neoass:ṣu-pur-šu₂=ṣupru[nail//fingernail]N'N$ṣupuršu",
"f": {"lang": "akk-x-neoass",
"form": "ṣu-pur-šu₂",
"cf": "ṣupru",
"gw": "nail",
"sense": "fingernail",
"norm": "ṣupuršu",
"pos": "N",
"epos": "N"}
}
]}
]}
]}
,
{
"linkbase": [{
"type": "linkset",
"xlink_title": "ina muhhi[on//about]PRP'PRP",
"id": "P335326.ls00000",
"xlink_type": "extended",
"xlink_role": "psu",
"sig": "{ina[in]PRP muhhu[skull]N += ina muhhi[on//about]PRP'PRP}::@saao%akk-x-neoass:ina=ina[in//into]PRP'PRP$ina++@saao%akk-x-neoass:UGU=muhhu[skull//skull]N'N$muhhi",
"links": [
{
"type": "link",
"xlink_title": "ina",
"xlink_type": "locator",
"xlink_href": "#P335326.l00558",
"xlink_role": "elt"}
,
{
"type": "link",
"xlink_title": "muhhu",
"xlink_type": "locator",
"xlink_href": "#P335326.l00559",
"xlink_role": "elt"}
]}
,
{
"type": "linkset",
"xlink_title": "ina pān[in the presence of//at the disposal of]PRP'PRP",
"id": "P335326.ls00001",
"xlink_type": "extended",
"xlink_role": "psu",
"sig": "{ina[in]PRP pānu[front]N += ina pān[in the presence of//at the disposal of]PRP'PRP}::@saao%akk-x-neoass:ina=ina[in//into]PRP'PRP$ina++@saao%akk-x-neoass:IGI=pānu[front//front]N'N$pān",
"links": [
{
"type": "link",
"xlink_title": "ina",
"xlink_type": "locator",
"xlink_href": "#P335326.l00589",
"xlink_role": "elt"}
,
{
"type": "link",
"xlink_title": "pānu",
"xlink_type": "locator",
"xlink_href": "#P335326.l0058a",
"xlink_role": "elt"}
]}
,
{
"type": "linkset",
"xlink_title": "mar Ninua[Ninevite//Ninevite]EN'EN",
"id": "P335326.ls00002",
"xlink_type": "extended",
"xlink_role": "psu",
"sig": "{māru[son]N Ninua[Nineveh]GN += mar Ninua[Ninevite//Ninevite]EN'EN}::@saao%akk-x-neoass:DUMU-NINA=māru[son//son]N'N$mār++@saao%akk-x-neoass:DUMU-NINA=Ninua[Nineveh//Nineveh]GN'GN$Ninua",
"links": [
{
"type": "link",
"xlink_title": "māru",
"xlink_type": "locator",
"xlink_href": "#P335326.l0058c",
"xlink_role": "elt"}
,
{
"type": "link",
"xlink_title": "Ninua",
"xlink_type": "locator",
"xlink_href": "#P335326.l0058d",
"xlink_role": "elt"}
]}
,
{
"type": "linkset",
"xlink_title": "šakin māti[governor//governor]N'N",
"id": "P335326.ls00003",
"xlink_type": "extended",
"xlink_role": "psu",
"sig": "{šaknu[appointee]N mātu[land]N += šakin māti[governor//governor]N'N}::@saao%akk-x-neoass:{LU₂}GAR.KUR=šaknu[appointee//appointee]N'N$šakin++@saao%akk-x-neoass:{LU₂}GAR.KUR=mātu[land//land]N'N$māt",
"links": [
{
"type": "link",
"xlink_title": "šaknu",
"xlink_type": "locator",
"xlink_href": "#P335326.l0059e",
"xlink_role": "elt"}
,
{
"type": "link",
"xlink_title": "mātu",
"xlink_type": "locator",
"xlink_href": "#P335326.l0059f",
"xlink_role": "elt"}
]}
]}
]}
