{
"type": "cdl",
  "source": "http://oracc.org/saao/saa06",
  "license": "This data is released under the CC0 license",
  "license-url": "https://creativecommons.org/publicdomain/zero/1.0/",
  "more-info": "http://oracc.org/doc/opendata/",
  "UTC-timestamp": "2017-05-19T11:31:09",
"project": "saao/saa06",
"textid": "P335224",
"cdl": [
{
"node": "c",
"type": "text",
"id": "P335224.U0",
"cdl": [
{
"node": "d",
"type": "object",
"ref": ""}
,
{
"node": "d",
"subtype": "obverse",
"type": "surface",
"ref": "P335224.o.1",
"type": "obverse",
"label": "o"}
,
{
"node": "c",
"type": "discourse",
"subtype": "body",
"id": "P335224.U1",
"cdl": [
{
"node": "c",
"type": "sentence",
"id": "P335224.U2",
"label": "o 1 - e. 1",
"cdl": [
{
"node": "d",
"type": "line-start",
"ref": "P335224.2",
"n": "1",
"label": "o 1"}
,
{
"node": "l",
"frag": "{na₄}KIŠIB",
"id": "P335224.l03ff5",
"ref": "P335224.2.1",
"inst": "kunukku[seal]N",
"sig": "@saao/saa06%akk-x-neoass:{NA₄}KIŠIB=kunukku[seal//seal]N'N$kunuk",
"f": {"lang": "akk-x-neoass",
"form": "{NA₄}KIŠIB",
"cf": "kunukku",
"gw": "seal",
"sense": "seal",
"norm": "kunuk",
"pos": "N",
"epos": "N"}
}
,
{
"node": "l",
"frag": "{1}{⸢d}AG⸣-SU",
"id": "P335224.l03ff6",
"ref": "P335224.2.2",
"inst": "Nabu-eriba[1]PN$",
"exosig": "@saao/saa06%akk-x-neoass:{1}{d}AG-SU=Nabu-eriba[1//1]PN'PN$Nabu-eriba",
"f": {"lang": "akk-x-neoass",
"form": "{1}{d}AG-SU",
"cf": "Nabu-eriba",
"gw": "1",
"sense": "1",
"norm": "Nabu-eriba",
"pos": "PN",
"epos": "PN"}
}
,
{
"node": "l",
"frag": "{⸢lu₂⸣}[x",
"id": "P335224.l03ff7",
"ref": "P335224.2.3",
"inst": "u",
"f": {"lang": "akk-x-neoass",
"form": "{LU₂}x",
"pos": "u"}
}
,
{
"node": "l",
"frag": "x",
"id": "P335224.l03ff8",
"ref": "P335224.2.4",
"inst": "u",
"f": {"lang": "akk-x-neoass",
"form": "x",
"pos": "u"}
}
,
{
"node": "l",
"frag": "x]",
"id": "P335224.l03ff9",
"ref": "P335224.2.5",
"inst": "u",
"f": {"lang": "akk-x-neoass",
"form": "x",
"pos": "u"}
}
,
{
"node": "d",
"type": "line-start",
"ref": "P335224.3",
"n": "2",
"label": "o 2"}
,
{
"node": "l",
"frag": "⸢ARAD⸣",
"id": "P335224.l03ffa",
"ref": "P335224.3.1",
"inst": "urdu[servant]N",
"exosig": "@saao/saa06%akk-x-neoass:ARAD=ardu[slave//servant]N'N$urdu",
"f": {"lang": "akk-x-neoass",
"form": "ARAD",
"cf": "ardu",
"gw": "slave",
"sense": "servant",
"norm": "urdu",
"pos": "N",
"epos": "N"}
}
,
{
"node": "l",
"frag": "{lu₂}⸢EN⸣.[NAM]",
"id": "P335224.l03ffb",
"ref": "P335224.3.2",
"inst": "pāhiti[governor]N",
"exosig": "@saao/saa06%akk-x-neoass:{LU₂}EN.NAM=pīhātu[responsibility//governor]N'N$pāhiti",
"f": {"lang": "akk-x-neoass",
"form": "{LU₂}EN.NAM",
"cf": "pīhātu",
"gw": "responsibility",
"sense": "governor",
"norm": "pāhiti",
"pos": "N",
"epos": "N"}
}
,
{
"node": "l",
"frag": "EN",
"id": "P335224.l03ffc",
"ref": "P335224.3.3",
"inst": "bēl[owner]N",
"exosig": "@saao/saa06%akk-x-neoass:EN=bēlu[lord//owner]N'N$bēl",
"f": {"lang": "akk-x-neoass",
"form": "EN",
"cf": "bēlu",
"gw": "lord",
"sense": "owner",
"norm": "bēl",
"pos": "N",
"epos": "N"}
}
,
{
"node": "l",
"frag": "UN-MEŠ",
"id": "P335224.l03ffd",
"ref": "P335224.3.4",
"inst": "nišē[people]N",
"exosig": "@saao/saa06%akk-x-neoass:UN-MEŠ=nišu[people//people]N'N$nišē",
"f": {"lang": "akk-x-neoass",
"form": "UN-MEŠ",
"cf": "nišu",
"gw": "people",
"sense": "people",
"norm": "nišē",
"pos": "N",
"epos": "N"}
}
,
{
"node": "l",
"frag": "⸢SUM⸣-[ni]",
"id": "P335224.l03ffe",
"ref": "P335224.3.5",
"inst": "tadāni[giving]'N",
"exosig": "@saao/saa06%akk-x-neoass:SUM-ni=tadānu[give//giving]V'N$tadāni",
"f": {"lang": "akk-x-neoass",
"form": "SUM-ni",
"cf": "tadānu",
"gw": "give",
"sense": "giving",
"norm": "tadāni",
"pos": "V",
"epos": "N"}
}
,
{
"node": "d",
"type": "nonx",
"ref": "P335224.4",
"strict": "1",
"extent": "n",
"scope": "line",
"state": "ruling",
"flags": "!"}
,
{
"node": "d",
"type": "nonx",
"ref": "P335224.5",
"strict": "0",
"extent": "2",
"scope": "impression",
"state": "other"}
,
{
"node": "d",
"type": "nonx",
"ref": "P335224.6",
"strict": "1",
"extent": "n",
"scope": "line",
"state": "ruling",
"flags": "!"}
,
{
"node": "d",
"type": "line-start",
"ref": "P335224.7",
"n": "3",
"label": "o 3"}
,
{
"node": "l",
"frag": "{1}x",
"id": "P335224.l03fff",
"ref": "P335224.7.1",
"inst": "u",
"f": {"lang": "akk-x-neoass",
"form": "{1}x",
"pos": "u"}
}
,
{
"node": "l",
"frag": "x",
"id": "P335224.l04000",
"ref": "P335224.7.2",
"inst": "u",
"f": {"lang": "akk-x-neoass",
"form": "x",
"pos": "u"}
}
,
{
"node": "l",
"frag": "x]-NUMUN",
"id": "P335224.l04001",
"ref": "P335224.7.3",
"inst": "u",
"f": {"lang": "akk-x-neoass",
"form": "x-NUMUN",
"pos": "u"}
}
,
{
"node": "l",
"frag": "MI₂-šu₂",
"id": "P335224.l04002",
"ref": "P335224.7.4",
"inst": "issušu[woman]N",
"exosig": "@saao/saa06%akk-x-neoass:MI₂-šu₂=sinništu[woman//woman]N'N$issušu",
"f": {"lang": "akk-x-neoass",
"form": "MI₂-šu₂",
"cf": "sinništu",
"gw": "woman",
"sense": "woman",
"norm": "issušu",
"pos": "N",
"epos": "N"}
}
,
{
"node": "l",
"frag": "PAB",
"id": "P335224.l04003",
"ref": "P335224.7.5",
"inst": "gimru[total]N",
"exosig": "@saao/saa06%akk-x-neoass:PAB=gimru[totality//total]N'N$gimru",
"f": {"lang": "akk-x-neoass",
"form": "PAB",
"cf": "gimru",
"gw": "totality",
"sense": "total",
"norm": "gimru",
"pos": "N",
"epos": "N"}
}
,
{
"node": "l",
"frag": "02",
"id": "P335224.l04004",
"ref": "P335224.7.6",
"inst": "n",
"f": {"lang": "akk-x-neoass",
"form": "02",
"pos": "n"}
}
,
{
"node": "l",
"frag": "[o]",
"id": "P335224.l04005",
"ref": "P335224.7.7",
"inst": "u",
"f": {"lang": "akk-x-neoass",
"form": "o",
"pos": "u"}
}
,
{
"node": "d",
"type": "line-start",
"ref": "P335224.8",
"n": "4",
"label": "o 4"}
,
{
"node": "l",
"frag": "{1}x",
"id": "P335224.l04006",
"ref": "P335224.8.1",
"inst": "u",
"f": {"lang": "akk-x-neoass",
"form": "{1}x",
"pos": "u"}
}
,
{
"node": "l",
"frag": "x",
"id": "P335224.l04007",
"ref": "P335224.8.2",
"inst": "u",
"f": {"lang": "akk-x-neoass",
"form": "x",
"pos": "u"}
}
,
{
"node": "l",
"frag": "x",
"id": "P335224.l04008",
"ref": "P335224.8.3",
"inst": "u",
"f": {"lang": "akk-x-neoass",
"form": "x",
"pos": "u"}
}
,
{
"node": "l",
"frag": "x]",
"id": "P335224.l04009",
"ref": "P335224.8.4",
"inst": "u",
"f": {"lang": "akk-x-neoass",
"form": "x",
"pos": "u"}
}
,
{
"node": "l",
"frag": "MI₂-šu₂",
"id": "P335224.l0400a",
"ref": "P335224.8.5",
"inst": "issušu[woman]N",
"exosig": "@saao/saa06%akk-x-neoass:MI₂-šu₂=sinništu[woman//woman]N'N$issušu",
"f": {"lang": "akk-x-neoass",
"form": "MI₂-šu₂",
"cf": "sinništu",
"gw": "woman",
"sense": "woman",
"norm": "issušu",
"pos": "N",
"epos": "N"}
}
,
{
"node": "l",
"frag": "PAB",
"id": "P335224.l0400b",
"ref": "P335224.8.6",
"inst": "gimru[total]N",
"exosig": "@saao/saa06%akk-x-neoass:PAB=gimru[totality//total]N'N$gimru",
"f": {"lang": "akk-x-neoass",
"form": "PAB",
"cf": "gimru",
"gw": "totality",
"sense": "total",
"norm": "gimru",
"pos": "N",
"epos": "N"}
}
,
{
"node": "l",
"frag": "02",
"id": "P335224.l0400c",
"ref": "P335224.8.7",
"inst": "n",
"f": {"lang": "akk-x-neoass",
"form": "02",
"pos": "n"}
}
,
{
"node": "l",
"frag": "[o]",
"id": "P335224.l0400d",
"ref": "P335224.8.8",
"inst": "u",
"f": {"lang": "akk-x-neoass",
"form": "o",
"pos": "u"}
}
,
{
"node": "d",
"type": "line-start",
"ref": "P335224.9",
"n": "5",
"label": "o 5"}
,
{
"node": "l",
"frag": "{1}x",
"id": "P335224.l0400e",
"ref": "P335224.9.1",
"inst": "u",
"f": {"lang": "akk-x-neoass",
"form": "{1}x",
"pos": "u"}
}
,
{
"node": "l",
"frag": "x",
"id": "P335224.l0400f",
"ref": "P335224.9.2",
"inst": "u",
"f": {"lang": "akk-x-neoass",
"form": "x",
"pos": "u"}
}
,
{
"node": "l",
"frag": "x",
"id": "P335224.l04010",
"ref": "P335224.9.3",
"inst": "u",
"f": {"lang": "akk-x-neoass",
"form": "x",
"pos": "u"}
}
,
{
"node": "l",
"frag": "x]",
"id": "P335224.l04011",
"ref": "P335224.9.4",
"inst": "u",
"f": {"lang": "akk-x-neoass",
"form": "x",
"pos": "u"}
}
,
{
"node": "l",
"frag": "02",
"id": "P335224.l04012",
"ref": "P335224.9.5",
"inst": "n",
"f": {"lang": "akk-x-neoass",
"form": "02",
"pos": "n"}
}
,
{
"node": "l",
"frag": "DUMU-MEŠ-šu₂",
"id": "P335224.l04013",
"ref": "P335224.9.6",
"inst": "marʾēšu[son]N",
"sig": "@saao%akk-x-neoass:DUMU-MEŠ-šu₂=māru[son//son]N'N$marʾēšu",
"f": {"lang": "akk-x-neoass",
"form": "DUMU-MEŠ-šu₂",
"cf": "māru",
"gw": "son",
"sense": "son",
"norm": "marʾēšu",
"pos": "N",
"epos": "N"}
}
,
{
"node": "l",
"frag": "⸢x⸣+[x",
"id": "P335224.l04014",
"ref": "P335224.9.7",
"inst": "u",
"f": {"lang": "akk-x-neoass",
"form": "x+x",
"pos": "u"}
}
,
{
"node": "l",
"frag": "x",
"id": "P335224.l04015",
"ref": "P335224.9.8",
"inst": "u",
"f": {"lang": "akk-x-neoass",
"form": "x",
"pos": "u"}
}
,
{
"node": "l",
"frag": "x]",
"id": "P335224.l04016",
"ref": "P335224.9.9",
"inst": "u",
"f": {"lang": "akk-x-neoass",
"form": "x",
"pos": "u"}
}
,
{
"node": "d",
"type": "line-start",
"ref": "P335224.10",
"n": "6",
"label": "o 6"}
,
{
"node": "l",
"frag": "{[mi₂}x",
"id": "P335224.l04017",
"ref": "P335224.10.1",
"inst": "u",
"f": {"lang": "akk-x-neoass",
"form": "{MI₂}x",
"pos": "u"}
}
,
{
"node": "l",
"frag": "x",
"id": "P335224.l04018",
"ref": "P335224.10.2",
"inst": "u",
"f": {"lang": "akk-x-neoass",
"form": "x",
"pos": "u"}
}
,
{
"node": "l",
"frag": "x",
"id": "P335224.l04019",
"ref": "P335224.10.3",
"inst": "u",
"f": {"lang": "akk-x-neoass",
"form": "x",
"pos": "u"}
}
,
{
"node": "l",
"frag": "x]",
"id": "P335224.l0401a",
"ref": "P335224.10.4",
"inst": "u",
"f": {"lang": "akk-x-neoass",
"form": "x",
"pos": "u"}
}
,
{
"node": "l",
"frag": "DUMU-ša₂",
"id": "P335224.l0401b",
"ref": "P335224.10.5",
"inst": "marʾūša[son]N",
"exosig": "@saao/saa06%akk-x-neoass:DUMU-ša₂=māru[son//son]N'N$marʾūša",
"f": {"lang": "akk-x-neoass",
"form": "DUMU-ša₂",
"cf": "māru",
"gw": "son",
"sense": "son",
"norm": "marʾūša",
"pos": "N",
"epos": "N"}
}
,
{
"node": "l",
"frag": "PAB",
"id": "P335224.l0401c",
"ref": "P335224.10.6",
"inst": "gimru[total]N",
"exosig": "@saao/saa06%akk-x-neoass:PAB=gimru[totality//total]N'N$gimru",
"f": {"lang": "akk-x-neoass",
"form": "PAB",
"cf": "gimru",
"gw": "totality",
"sense": "total",
"norm": "gimru",
"pos": "N",
"epos": "N"}
}
,
{
"node": "l",
"frag": "02",
"id": "P335224.l0401d",
"ref": "P335224.10.7",
"inst": "n",
"f": {"lang": "akk-x-neoass",
"form": "02",
"pos": "n"}
}
,
{
"node": "d",
"type": "line-start",
"ref": "P335224.11",
"n": "7",
"label": "o 7"}
,
{
"node": "l",
"frag": "[x",
"id": "P335224.l0401e",
"ref": "P335224.11.1",
"inst": "u",
"f": {"lang": "akk-x-neoass",
"form": "x",
"pos": "u"}
}
,
{
"node": "l",
"frag": "x",
"id": "P335224.l0401f",
"ref": "P335224.11.2",
"inst": "u",
"f": {"lang": "akk-x-neoass",
"form": "x",
"pos": "u"}
}
,
{
"node": "l",
"frag": "x",
"id": "P335224.l04020",
"ref": "P335224.11.3",
"inst": "u",
"f": {"lang": "akk-x-neoass",
"form": "x",
"pos": "u"}
}
,
{
"node": "l",
"frag": "x",
"id": "P335224.l04021",
"ref": "P335224.11.4",
"inst": "u",
"f": {"lang": "akk-x-neoass",
"form": "x",
"pos": "u"}
}
,
{
"node": "l",
"frag": "x]",
"id": "P335224.l04022",
"ref": "P335224.11.5",
"inst": "u",
"f": {"lang": "akk-x-neoass",
"form": "x",
"pos": "u"}
}
,
{
"node": "l",
"frag": "{⸢uru⸣}hi-⸢x⸣+[x",
"id": "P335224.l04023",
"ref": "P335224.11.6",
"inst": "u",
"f": {"lang": "akk-x-neoass",
"form": "{URU}hi-x+x",
"pos": "u"}
}
,
{
"node": "l",
"frag": "x",
"id": "P335224.l04024",
"ref": "P335224.11.7",
"inst": "u",
"f": {"lang": "akk-x-neoass",
"form": "x",
"pos": "u"}
}
,
{
"node": "l",
"frag": "x",
"id": "P335224.l04025",
"ref": "P335224.11.8",
"inst": "u",
"f": {"lang": "akk-x-neoass",
"form": "x",
"pos": "u"}
}
,
{
"node": "l",
"frag": "x]",
"id": "P335224.l04026",
"ref": "P335224.11.9",
"inst": "u",
"f": {"lang": "akk-x-neoass",
"form": "x",
"pos": "u"}
}
,
{
"node": "d",
"type": "nonx",
"ref": "P335224.12",
"strict": "0",
"extent": "rest",
"scope": "obverse",
"state": "missing"}
,
{
"node": "d",
"subtype": "reverse",
"type": "surface",
"ref": "P335224.r.13",
"type": "reverse",
"label": "r"}
,
{
"node": "d",
"type": "nonx",
"ref": "P335224.14",
"strict": "0",
"extent": "beginning",
"state": "missing"}
,
{
"node": "d",
"type": "line-start",
"ref": "P335224.15",
"n": "1'",
"label": "r 1'"}
,
{
"node": "l",
"frag": "[x",
"id": "P335224.l04027",
"ref": "P335224.15.1",
"inst": "u",
"f": {"lang": "akk-x-neoass",
"form": "x",
"pos": "u"}
}
,
{
"node": "l",
"frag": "x",
"id": "P335224.l04028",
"ref": "P335224.15.2",
"inst": "u",
"f": {"lang": "akk-x-neoass",
"form": "x",
"pos": "u"}
}
,
{
"node": "l",
"frag": "x",
"id": "P335224.l04029",
"ref": "P335224.15.3",
"inst": "u",
"f": {"lang": "akk-x-neoass",
"form": "x",
"pos": "u"}
}
,
{
"node": "l",
"frag": "x",
"id": "P335224.l0402a",
"ref": "P335224.15.4",
"inst": "u",
"f": {"lang": "akk-x-neoass",
"form": "x",
"pos": "u"}
}
,
{
"node": "l",
"frag": "x]",
"id": "P335224.l0402b",
"ref": "P335224.15.5",
"inst": "u",
"f": {"lang": "akk-x-neoass",
"form": "x",
"pos": "u"}
}
,
{
"node": "l",
"frag": "ni",
"id": "P335224.l0402c",
"ref": "P335224.15.6",
"inst": "u",
"f": {"lang": "akk-x-neoass",
"form": "ni",
"pos": "u"}
}
,
{
"node": "l",
"frag": "[x",
"id": "P335224.l0402d",
"ref": "P335224.15.7",
"inst": "u",
"f": {"lang": "akk-x-neoass",
"form": "x",
"pos": "u"}
}
,
{
"node": "l",
"frag": "x",
"id": "P335224.l0402e",
"ref": "P335224.15.8",
"inst": "u",
"f": {"lang": "akk-x-neoass",
"form": "x",
"pos": "u"}
}
,
{
"node": "l",
"frag": "x",
"id": "P335224.l0402f",
"ref": "P335224.15.9",
"inst": "u",
"f": {"lang": "akk-x-neoass",
"form": "x",
"pos": "u"}
}
,
{
"node": "l",
"frag": "x",
"id": "P335224.l04030",
"ref": "P335224.15.10",
"inst": "u",
"f": {"lang": "akk-x-neoass",
"form": "x",
"pos": "u"}
}
,
{
"node": "l",
"frag": "x]",
"id": "P335224.l04031",
"ref": "P335224.15.11",
"inst": "u",
"f": {"lang": "akk-x-neoass",
"form": "x",
"pos": "u"}
}
,
{
"node": "d",
"type": "line-start",
"ref": "P335224.16",
"n": "2'",
"label": "r 2'"}
,
{
"node": "l",
"frag": "[x",
"id": "P335224.l04032",
"ref": "P335224.16.1",
"inst": "u",
"f": {"lang": "akk-x-neoass",
"form": "x",
"pos": "u"}
}
,
{
"node": "l",
"frag": "x",
"id": "P335224.l04033",
"ref": "P335224.16.2",
"inst": "u",
"f": {"lang": "akk-x-neoass",
"form": "x",
"pos": "u"}
}
,
{
"node": "l",
"frag": "x",
"id": "P335224.l04034",
"ref": "P335224.16.3",
"inst": "u",
"f": {"lang": "akk-x-neoass",
"form": "x",
"pos": "u"}
}
,
{
"node": "l",
"frag": "x",
"id": "P335224.l04035",
"ref": "P335224.16.4",
"inst": "u",
"f": {"lang": "akk-x-neoass",
"form": "x",
"pos": "u"}
}
,
{
"node": "l",
"frag": "EN]-⸢MEŠ⸣-šu₂",
"id": "P335224.l04036",
"ref": "P335224.16.5",
"inst": "bēlēšu[owner]N",
"exosig": "@saao/saa06%akk-x-neoass:EN-MEŠ-šu₂=bēlu[lord//owner]N'N$bēlēšu",
"f": {"lang": "akk-x-neoass",
"form": "EN-MEŠ-šu₂",
"cf": "bēlu",
"gw": "lord",
"sense": "owner",
"norm": "bēlēšu",
"pos": "N",
"epos": "N"}
}
,
{
"node": "l",
"frag": "u₂-[ta-ra]",
"id": "P335224.l04037",
"ref": "P335224.16.6",
"inst": "utâra[return]V",
"exosig": "@saao/saa06%akk-x-neoass:u₂-ta-ra=târu[turn//return]V'V$utâra",
"f": {"lang": "akk-x-neoass",
"form": "u₂-ta-ra",
"cf": "târu",
"gw": "turn",
"sense": "return",
"norm": "utâra",
"pos": "V",
"epos": "V"}
}
,
{
"node": "d",
"type": "nonx",
"ref": "P335224.17",
"strict": "1",
"extent": "n",
"scope": "line",
"state": "ruling"}
,
{
"node": "d",
"type": "line-start",
"ref": "P335224.18",
"n": "3'",
"label": "r 3'"}
,
{
"node": "l",
"frag": "[IGI",
"id": "P335224.l04038",
"ref": "P335224.18.1",
"inst": "šību[witness]N",
"exosig": "@saao/saa06%akk-x-neoass:IGI=šību[witness//witness]N'N$šību",
"f": {"lang": "akk-x-neoass",
"form": "IGI",
"cf": "šību",
"gw": "witness",
"sense": "witness",
"norm": "šību",
"pos": "N",
"epos": "N"}
}
,
{
"node": "l",
"frag": "{1}⸢U.GUR⸣-DU₃",
"id": "P335224.l04039",
"ref": "P335224.18.2",
"inst": "Nergal-ibni[1]PN$",
"exosig": "@saao/saa06%akk-x-neoass:{1}U.GUR-DU₃=Nergal-ibni[1//1]PN'PN$Nergal-ibni",
"f": {"lang": "akk-x-neoass",
"form": "{1}U.GUR-DU₃",
"cf": "Nergal-ibni",
"gw": "1",
"sense": "1",
"norm": "Nergal-ibni",
"pos": "PN",
"epos": "PN"}
}
,
{
"node": "l",
"frag": "{lu₂}03-[šu₂]",
"id": "P335224.l0403a",
"ref": "P335224.18.3",
"inst": "tašlīšu[third man on chariot]N",
"exosig": "@saao/saa06%akk-x-neoass:{LU₂}03-šu₂=tašlīšu[third man on chariot//third man on chariot]N'N$tašlīšu",
"f": {"lang": "akk-x-neoass",
"form": "{LU₂}03-šu₂",
"cf": "tašlīšu",
"gw": "third man on chariot",
"sense": "third man on chariot",
"norm": "tašlīšu",
"pos": "N",
"epos": "N"}
}
,
{
"node": "d",
"type": "line-start",
"ref": "P335224.19",
"n": "4'",
"label": "r 4'"}
,
{
"node": "l",
"frag": "[IGI",
"id": "P335224.l0403b",
"ref": "P335224.19.1",
"inst": "šību[witness]N",
"exosig": "@saao/saa06%akk-x-neoass:IGI=šību[witness//witness]N'N$šību",
"f": {"lang": "akk-x-neoass",
"form": "IGI",
"cf": "šību",
"gw": "witness",
"sense": "witness",
"norm": "šību",
"pos": "N",
"epos": "N"}
}
,
{
"node": "l",
"frag": "{1}man-nu-ki-PAB-MEŠ",
"id": "P335224.l0403c",
"ref": "P335224.19.2",
"inst": "Mannu-ki-ahhe[1]PN$",
"exosig": "@saao/saa06%akk-x-neoass:{1}man-nu-ki-PAB-MEŠ=Mannu-ki-ahhe[1//1]PN'PN$Mannu-ki-ahhe",
"f": {"lang": "akk-x-neoass",
"form": "{1}man-nu-ki-PAB-MEŠ",
"cf": "Mannu-ki-ahhe",
"gw": "1",
"sense": "1",
"norm": "Mannu-ki-ahhe",
"pos": "PN",
"epos": "PN"}
}
,
{
"node": "l",
"frag": "{⸢lu₂⸣}[x",
"id": "P335224.l0403d",
"ref": "P335224.19.3",
"inst": "u",
"f": {"lang": "akk-x-neoass",
"form": "{LU₂}x",
"pos": "u"}
}
,
{
"node": "l",
"frag": "x",
"id": "P335224.l0403e",
"ref": "P335224.19.4",
"inst": "u",
"f": {"lang": "akk-x-neoass",
"form": "x",
"pos": "u"}
}
,
{
"node": "l",
"frag": "x",
"id": "P335224.l0403f",
"ref": "P335224.19.5",
"inst": "u",
"f": {"lang": "akk-x-neoass",
"form": "x",
"pos": "u"}
}
,
{
"node": "l",
"frag": "x]",
"id": "P335224.l04040",
"ref": "P335224.19.6",
"inst": "u",
"f": {"lang": "akk-x-neoass",
"form": "x",
"pos": "u"}
}
,
{
"node": "d",
"type": "line-start",
"ref": "P335224.20",
"n": "5'",
"label": "r 5'"}
,
{
"node": "l",
"frag": "[IGI",
"id": "P335224.l04041",
"ref": "P335224.20.1",
"inst": "šību[witness]N",
"exosig": "@saao/saa06%akk-x-neoass:IGI=šību[witness//witness]N'N$šību",
"f": {"lang": "akk-x-neoass",
"form": "IGI",
"cf": "šību",
"gw": "witness",
"sense": "witness",
"norm": "šību",
"pos": "N",
"epos": "N"}
}
,
{
"node": "l",
"frag": "{1}DUG₃.GA-i",
"id": "P335224.l04042",
"ref": "P335224.20.2",
"inst": "Ṭabi[1]PN",
"exosig": "@saao/saa06%akk-x-neoass:{1}DUG₃.GA-i=Ṭabi[1//1]PN'PN$Ṭabi",
"f": {"lang": "akk-x-neoass",
"form": "{1}DUG₃.GA-i",
"cf": "Ṭabi",
"gw": "1",
"sense": "1",
"norm": "Ṭabi",
"pos": "PN",
"epos": "PN"}
}
,
{
"node": "l",
"frag": "{lu₂}rak-[su]",
"id": "P335224.l04043",
"ref": "P335224.20.3",
"inst": "raksu[conscript]N",
"exosig": "@saao/saa06%akk-x-neoass:{LU₂}rak-su=raksu[recruit//conscript]N'N$raksu",
"f": {"lang": "akk-x-neoass",
"form": "{LU₂}rak-su",
"cf": "raksu",
"gw": "recruit",
"sense": "conscript",
"norm": "raksu",
"pos": "N",
"epos": "N"}
}
,
{
"node": "d",
"type": "line-start",
"ref": "P335224.21",
"n": "6'",
"label": "r 6'"}
,
{
"node": "l",
"frag": "[IGI",
"id": "P335224.l04044",
"ref": "P335224.21.1",
"inst": "šību[witness]N",
"exosig": "@saao/saa06%akk-x-neoass:IGI=šību[witness//witness]N'N$šību",
"f": {"lang": "akk-x-neoass",
"form": "IGI",
"cf": "šību",
"gw": "witness",
"sense": "witness",
"norm": "šību",
"pos": "N",
"epos": "N"}
}
,
{
"node": "l",
"frag": "{1}EN-PAB-AŠ",
"id": "P335224.l04045",
"ref": "P335224.21.2",
"inst": "Bel-ahu-iddina[1]PN",
"exosig": "@saao/saa06%akk-x-neoass:{1}EN-PAB-AŠ=Bel-ahu-iddina[1//1]PN'PN$Bel-ahu-iddina",
"f": {"lang": "akk-x-neoass",
"form": "{1}EN-PAB-AŠ",
"cf": "Bel-ahu-iddina",
"gw": "1",
"sense": "1",
"norm": "Bel-ahu-iddina",
"pos": "PN",
"epos": "PN"}
}
,
{
"node": "c",
"type": "phrase",
"tag": "phr",
"id": "P335224.U4",
"ref": "P335224.ls00000",
"cdl": [
{
"node": "l",
"frag": "{lu₂}{giš}GIGIR-na-[kam-ti]",
"id": "P335224.l04046",
"ref": "P335224.21.3",
"cof-tails": "P335224.l04047",
"inst": "šušānu[horse-trainer]N$sūsān&nakkamtu[treasure]N$nakkamti",
"exosig": "@saao/saa06%akk-x-neoass:{LU₂}{GIŠ}GIGIR-na-kam-ti=šušānu[horse-trainer//horse-trainer]N'N$sūsān&&@saao%akk-x-neoass:=nakkamtu[treasure//treasure]N'N$nakkamti",
"f": {"lang": "akk-x-neoass",
"form": "{LU₂}{GIŠ}GIGIR-na-kam-ti",
"cf": "šušānu",
"gw": "horse-trainer",
"sense": "horse-trainer",
"norm": "sūsān",
"pos": "N",
"epos": "N"}
}
,
{
"node": "l",
"frag": "{lu₂}{giš}GIGIR-na-[kam-ti]",
"id": "P335224.l04047",
"ref": "P335224.21.3",
"cof-head": "P335224.l04046",
"inst": "šušānu[horse-trainer]N$sūsān&nakkamtu[treasure]N$nakkamti",
"tail-sig": "@saao%akk-x-neoass:=nakkamtu[treasure//treasure]N'N$nakkamti",
"f": {"lang": "akk-x-neoass",
"form": "{LU₂}{GIŠ}GIGIR-na-kam-ti",
"cf": "nakkamtu",
"gw": "treasure",
"sense": "treasure",
"norm": "nakkamti",
"pos": "N",
"epos": "N"}
}
]}
,
{
"node": "d",
"type": "line-start",
"ref": "P335224.22",
"n": "8'",
"label": "r 8'"}
,
{
"node": "l",
"frag": "IGI",
"id": "P335224.l04048",
"ref": "P335224.22.1",
"inst": "šību[witness]N",
"exosig": "@saao/saa06%akk-x-neoass:IGI=šību[witness//witness]N'N$šību",
"f": {"lang": "akk-x-neoass",
"form": "IGI",
"cf": "šību",
"gw": "witness",
"sense": "witness",
"norm": "šību",
"pos": "N",
"epos": "N"}
}
,
{
"node": "l",
"frag": "{1}ARAD-{d}gu-la",
"id": "P335224.l04049",
"ref": "P335224.22.2",
"inst": "Urdu-Gula[1]PN$",
"exosig": "@saao/saa06%akk-x-neoass:{1}ARAD-{d}gu-la=Urdu-Gula[1//1]PN'PN$Urdu-Gula",
"f": {"lang": "akk-x-neoass",
"form": "{1}ARAD-{d}gu-la",
"cf": "Urdu-Gula",
"gw": "1",
"sense": "1",
"norm": "Urdu-Gula",
"pos": "PN",
"epos": "PN"}
}
,
{
"node": "l",
"frag": "{lu₂}02-u₂",
"id": "P335224.l0404a",
"ref": "P335224.22.3",
"inst": "šaniu[deputy]'N",
"exosig": "@saao/saa06%akk-x-neoass:{LU₂}02-u₂=šanû[second//deputy]NU'N$šaniu",
"f": {"lang": "akk-x-neoass",
"form": "{LU₂}02-u₂",
"cf": "šanû",
"gw": "second",
"sense": "deputy",
"norm": "šaniu",
"pos": "NU",
"epos": "N"}
}
,
{
"node": "d",
"type": "line-start",
"ref": "P335224.23",
"n": "9'",
"label": "r 9'"}
,
{
"node": "d",
"type": "nonw",
"ref": ""}
,
{
"node": "l",
"frag": "ša",
"id": "P335224.l0404b",
"ref": "P335224.23.1",
"inst": "ša[of]DET",
"exosig": "@saao/saa06%akk-x-neoass:ša=ša[of//of]DET'DET$ša",
"f": {"lang": "akk-x-neoass",
"form": "ša",
"cf": "ša",
"gw": "of",
"sense": "of",
"norm": "ša",
"pos": "DET",
"epos": "DET"}
}
,
{
"node": "c",
"type": "phrase",
"tag": "phr",
"id": "P335224.U5",
"ref": "P335224.ls00001",
"cdl": [
{
"node": "l",
"frag": "{lu₂}GAL-A.ZU",
"id": "P335224.l0404c",
"ref": "P335224.23.2",
"cof-tails": "P335224.l0404d",
"inst": "rabû[big one]N$rab&asû[physician]N$asê",
"exosig": "@saao/saa06%akk-x-neoass:{LU₂}GAL-A.ZU=rabû[big one//big one]N'N$rab&&@saao%akk-x-neoass:=asû[physician//physician]N'N$asê",
"f": {"lang": "akk-x-neoass",
"form": "{LU₂}GAL-A.ZU",
"cf": "rabû",
"gw": "big one",
"sense": "big one",
"norm": "rab",
"pos": "N",
"epos": "N"}
}
,
{
"node": "l",
"frag": "{lu₂}GAL-A.ZU",
"id": "P335224.l0404d",
"ref": "P335224.23.2",
"cof-head": "P335224.l0404c",
"inst": "rabû[big one]N$rab&asû[physician]N$asê",
"tail-sig": "@saao%akk-x-neoass:=asû[physician//physician]N'N$asê",
"f": {"lang": "akk-x-neoass",
"form": "{LU₂}GAL-A.ZU",
"cf": "asû",
"gw": "physician",
"sense": "physician",
"norm": "asê",
"pos": "N",
"epos": "N"}
}
]}
,
{
"node": "d",
"type": "line-start",
"ref": "P335224.24",
"n": "10'",
"label": "r 10'"}
,
{
"node": "l",
"frag": "[IGI]",
"id": "P335224.l0404e",
"ref": "P335224.24.1",
"inst": "šību[witness]N",
"exosig": "@saao/saa06%akk-x-neoass:IGI=šību[witness//witness]N'N$šību",
"f": {"lang": "akk-x-neoass",
"form": "IGI",
"cf": "šību",
"gw": "witness",
"sense": "witness",
"norm": "šību",
"pos": "N",
"epos": "N"}
}
,
{
"node": "l",
"frag": "{1}{d}PA-⸢MU⸣-[x]",
"id": "P335224.l0404f",
"ref": "P335224.24.2",
"inst": "u",
"f": {"lang": "akk-x-neoass",
"form": "{1}{d}PA-MU-x",
"pos": "u"}
}
,
{
"node": "l",
"frag": "{lu₂}A.BA",
"id": "P335224.l04050",
"ref": "P335224.24.3",
"inst": "ṭupšarru[scribe]N",
"exosig": "@saao/saa06%akk-x-neoass:{LU₂}A.BA=ṭupšarru[scribe//scribe]N'N$ṭupšarru",
"f": {"lang": "akk-x-neoass",
"form": "{LU₂}A.BA",
"cf": "ṭupšarru",
"gw": "scribe",
"sense": "scribe",
"norm": "ṭupšarru",
"pos": "N",
"epos": "N"}
}
,
{
"node": "l",
"frag": "⸢ṣa⸣-[bit",
"id": "P335224.l04051",
"ref": "P335224.24.4",
"inst": "ṣābit[keeper]N",
"exosig": "@saao/saa06%akk-x-neoass:ṣa-bit=ṣābitu[recipient//keeper]N'N$ṣābit",
"f": {"lang": "akk-x-neoass",
"form": "ṣa-bit",
"cf": "ṣābitu",
"gw": "recipient",
"sense": "keeper",
"norm": "ṣābit",
"pos": "N",
"epos": "N"}
}
,
{
"node": "l",
"frag": "dan-ni-te]",
"id": "P335224.l04052",
"ref": "P335224.24.5",
"inst": "dannite[binding document]N",
"exosig": "@saao/saa06%akk-x-neoass:dan-ni-te=dannutu[binding document//binding document]N'N$dannite",
"f": {"lang": "akk-x-neoass",
"form": "dan-ni-te",
"cf": "dannutu",
"gw": "binding document",
"sense": "binding document",
"norm": "dannite",
"pos": "N",
"epos": "N"}
}
,
{
"node": "d",
"type": "line-start",
"ref": "P335224.25",
"n": "11'",
"label": "r 11'"}
,
{
"node": "l",
"frag": "{[iti]}⸢GUD⸣",
"id": "P335224.l04053",
"ref": "P335224.25.1",
"inst": "Ayari[Iyyar]MN",
"exosig": "@saao/saa06%akk-x-neoass:{ITI}GUD=Ayaru[Iyyar//Iyyar]MN'MN$Ayari",
"f": {"lang": "akk-x-neoass",
"form": "{ITI}GUD",
"cf": "Ayaru",
"gw": "Iyyar",
"sense": "Iyyar",
"norm": "Ayari",
"pos": "MN",
"epos": "MN"}
}
,
{
"node": "l",
"frag": "UD",
"id": "P335224.l04054",
"ref": "P335224.25.2",
"inst": "ūm[day]N",
"exosig": "@saao/saa06%akk-x-neoass:UD=ūmu[day//day]N'N$ūm",
"f": {"lang": "akk-x-neoass",
"form": "UD",
"cf": "ūmu",
"gw": "day",
"sense": "day",
"norm": "ūm",
"pos": "N",
"epos": "N"}
}
,
{
"node": "l",
"frag": "12-KAM₂",
"id": "P335224.l04055",
"ref": "P335224.25.3",
"inst": "n",
"f": {"lang": "akk-x-neoass",
"form": "12-KAM₂",
"pos": "n"}
}
,
{
"node": "d",
"subtype": "right",
"type": "surface",
"ref": "P335224.r.e..26",
"type": "right",
"label": "r.e."}
,
{
"node": "d",
"type": "line-start",
"ref": "P335224.27",
"n": "12",
"label": "r.e. 12"}
,
{
"node": "l",
"frag": "[lim]-⸢mu⸣",
"id": "P335224.l04056",
"ref": "P335224.27.1",
"inst": "limmu[eponym (of year)]N",
"exosig": "@saao/saa06%akk-x-neoass:lim-mu=līmu[eponym (of year)//eponym (of year)]N'N$limmu",
"f": {"lang": "akk-x-neoass",
"form": "lim-mu",
"cf": "līmu",
"gw": "eponym (of year)",
"sense": "eponym (of year)",
"norm": "limmu",
"pos": "N",
"epos": "N"}
}
,
{
"node": "l",
"frag": "{1}{d}PA-PAB-MEŠ-[KAM-eš]",
"id": "P335224.l04057",
"ref": "P335224.27.2",
"inst": "Nabu-ahhe-ereš[1]PN$",
"exosig": "@saao/saa06%akk-x-neoass:{1}{d}PA-PAB-MEŠ-KAM-eš=Nabu-ahhe-ereš[1//1]PN'PN$Nabu-ahhe-ereš",
"f": {"lang": "akk-x-neoass",
"form": "{1}{d}PA-PAB-MEŠ-KAM-eš",
"cf": "Nabu-ahhe-ereš",
"gw": "1",
"sense": "1",
"norm": "Nabu-ahhe-ereš",
"pos": "PN",
"epos": "PN"}
}
,
{
"node": "d",
"type": "line-start",
"ref": "P335224.28",
"n": "13",
"label": "r.e. 13"}
,
{
"node": "c",
"type": "phrase",
"tag": "phr",
"id": "P335224.U6",
"ref": "P335224.ls00002",
"cdl": [
{
"node": "l",
"frag": "{[lu₂}GAR].KUR",
"id": "P335224.l04058",
"ref": "P335224.28.1",
"cof-tails": "P335224.l04059",
"inst": "šaknu[appointee]N$šakin&mātu[land]N$māti",
"exosig": "@saao/saa06%akk-x-neoass:{LU₂}GAR.KUR=šaknu[appointee//appointee]N'N$šakin&&@saao%akk-x-neoass:=mātu[land//land]N'N$māti",
"f": {"lang": "akk-x-neoass",
"form": "{LU₂}GAR.KUR",
"cf": "šaknu",
"gw": "appointee",
"sense": "appointee",
"norm": "šakin",
"pos": "N",
"epos": "N"}
}
,
{
"node": "l",
"frag": "{[lu₂}GAR].KUR",
"id": "P335224.l04059",
"ref": "P335224.28.1",
"cof-head": "P335224.l04058",
"inst": "šaknu[appointee]N$šakin&mātu[land]N$māti",
"tail-sig": "@saao%akk-x-neoass:=mātu[land//land]N'N$māti",
"f": {"lang": "akk-x-neoass",
"form": "{LU₂}GAR.KUR",
"cf": "mātu",
"gw": "land",
"sense": "land",
"norm": "māti",
"pos": "N",
"epos": "N"}
}
]}
,
{
"node": "l",
"frag": "ša",
"id": "P335224.l0405a",
"ref": "P335224.28.2",
"inst": "ša[of]DET",
"exosig": "@saao/saa06%akk-x-neoass:ša=ša[of//of]DET'DET$ša",
"f": {"lang": "akk-x-neoass",
"form": "ša",
"cf": "ša",
"gw": "of",
"sense": "of",
"norm": "ša",
"pos": "DET",
"epos": "DET"}
}
,
{
"node": "l",
"frag": "sa-ma-[al-la]",
"id": "P335224.l0405b",
"ref": "P335224.28.3",
"inst": "Samʾalla[Zincirli]GN$",
"exosig": "@saao/saa06%akk-x-neoass:sa-ma-al-la=Samʾalla[Zincirli//Zincirli]GN'GN$Samʾalla",
"f": {"lang": "akk-x-neoass",
"form": "sa-ma-al-la",
"cf": "Samʾalla",
"gw": "Zincirli",
"sense": "Zincirli",
"norm": "Samʾalla",
"pos": "GN",
"epos": "GN"}
}
,
{
"node": "d",
"subtype": "edge",
"type": "surface",
"ref": "P335224.e..29",
"type": "edge",
"label": "e."}
,
{
"node": "d",
"type": "line-start",
"ref": "P335224.30",
"n": "1",
"label": "e. 1"}
,
{
"node": "l",
"frag": "[x",
"id": "P335224.l0405c",
"ref": "P335224.30.1",
"inst": "u",
"f": {"lang": "akk-x-neoass",
"form": "x",
"pos": "u"}
}
,
{
"node": "l",
"frag": "x",
"id": "P335224.l0405d",
"ref": "P335224.30.2",
"inst": "u",
"f": {"lang": "akk-x-neoass",
"form": "x",
"pos": "u"}
}
,
{
"node": "l",
"frag": "x",
"id": "P335224.l0405e",
"ref": "P335224.30.3",
"inst": "u",
"f": {"lang": "akk-x-neoass",
"form": "x",
"pos": "u"}
}
,
{
"node": "l",
"frag": "x",
"id": "P335224.l0405f",
"ref": "P335224.30.4",
"inst": "u",
"f": {"lang": "akk-x-neoass",
"form": "x",
"pos": "u"}
}
,
{
"node": "l",
"frag": "x",
"id": "P335224.l04060",
"ref": "P335224.30.5",
"inst": "u",
"f": {"lang": "akk-x-neoass",
"form": "x",
"pos": "u"}
}
,
{
"node": "l",
"frag": "x",
"id": "P335224.l04061",
"ref": "P335224.30.6",
"inst": "u",
"f": {"lang": "akk-x-neoass",
"form": "x",
"pos": "u"}
}
,
{
"node": "l",
"frag": "x",
"id": "P335224.l04062",
"ref": "P335224.30.7",
"inst": "u",
"f": {"lang": "akk-x-neoass",
"form": "x",
"pos": "u"}
}
,
{
"node": "l",
"frag": "x]+⸢x⸣-a",
"id": "P335224.l04063",
"ref": "P335224.30.8",
"inst": "u",
"f": {"lang": "akk-x-neoass",
"form": "x+x-a",
"pos": "u"}
}
,
{
"node": "l",
"frag": "ša",
"id": "P335224.l04064",
"ref": "P335224.30.9",
"inst": "ša[of]DET",
"exosig": "@saao/saa06%akk-x-neoass:ša=ša[of//of]DET'DET$ša",
"f": {"lang": "akk-x-neoass",
"form": "ša",
"cf": "ša",
"gw": "of",
"sense": "of",
"norm": "ša",
"pos": "DET",
"epos": "DET"}
}
,
{
"node": "l",
"frag": "{kur}[x",
"id": "P335224.l04065",
"ref": "P335224.30.10",
"inst": "u",
"f": {"lang": "akk-x-neoass",
"form": "{KUR}x",
"pos": "u"}
}
,
{
"node": "l",
"frag": "x]",
"id": "P335224.l04066",
"ref": "P335224.30.11",
"inst": "u",
"f": {"lang": "akk-x-neoass",
"form": "x",
"pos": "u"}
}
]}
]}
]}
,
{
"linkbase": [{
"type": "linkset",
"xlink_title": "šušān nakkamti[trainer of reserve horses//trainer of reserve horses]N'N",
"id": "P335224.ls00000",
"xlink_type": "extended",
"xlink_role": "psu",
"sig": "{šušānu[horse-trainer]N nakkamtu[treasure]N += šušān nakkamti[trainer of reserve horses//trainer of reserve horses]N'N}::@saao%akk-x-neoass:{LU₂}{GIŠ}GIGIR-na-kam-ti=šušānu[horse-trainer//horse-trainer]N'N$sūsān++@saao%akk-x-neoass:{LU₂}{GIŠ}GIGIR-na-kam-ti=nakkamtu[treasure//treasure]N'N$nakkamti",
"links": [
{
"type": "link",
"xlink_title": "šušānu",
"xlink_type": "locator",
"xlink_href": "#P335224.l04046",
"xlink_role": "elt"}
,
{
"type": "link",
"xlink_title": "nakkamtu",
"xlink_type": "locator",
"xlink_href": "#P335224.l04047",
"xlink_role": "elt"}
]}
,
{
"type": "linkset",
"xlink_title": "rab asê[chief physician//chief physician]N'N",
"id": "P335224.ls00001",
"xlink_type": "extended",
"xlink_role": "psu",
"sig": "{rabû[big one]N asû[physician]N += rab asê[chief physician//chief physician]N'N}::@saao%akk-x-neoass:{LU₂}GAL-A.ZU=rabû[big one//big one]N'N$rab++@saao%akk-x-neoass:{LU₂}GAL-A.ZU=asû[physician//physician]N'N$asê",
"links": [
{
"type": "link",
"xlink_title": "rabû",
"xlink_type": "locator",
"xlink_href": "#P335224.l0404c",
"xlink_role": "elt"}
,
{
"type": "link",
"xlink_title": "asû",
"xlink_type": "locator",
"xlink_href": "#P335224.l0404d",
"xlink_role": "elt"}
]}
,
{
"type": "linkset",
"xlink_title": "šakin māti[governor//governor]N'N",
"id": "P335224.ls00002",
"xlink_type": "extended",
"xlink_role": "psu",
"sig": "{šaknu[appointee]N mātu[land]N += šakin māti[governor//governor]N'N}::@saao%akk-x-neoass:GAR.KUR=šaknu[appointee//appointee]N'N$šakin++@saao%akk-x-neoass:GAR.KUR=mātu[land//land]N'N$māti",
"links": [
{
"type": "link",
"xlink_title": "šaknu",
"xlink_type": "locator",
"xlink_href": "#P335224.l04058",
"xlink_role": "elt"}
,
{
"type": "link",
"xlink_title": "mātu",
"xlink_type": "locator",
"xlink_href": "#P335224.l04059",
"xlink_role": "elt"}
]}
]}
]}
