{
"type": "cdl",
  "source": "http://oracc.org/saao/saa06",
  "license": "This data is released under the CC0 license",
  "license-url": "https://creativecommons.org/publicdomain/zero/1.0/",
  "more-info": "http://oracc.org/doc/opendata/",
  "UTC-timestamp": "2017-05-19T11:31:01",
"project": "saao/saa06",
"textid": "P335146",
"cdl": [
{
"node": "c",
"type": "text",
"id": "P335146.U0",
"cdl": [
{
"node": "d",
"type": "object",
"ref": ""}
,
{
"node": "d",
"subtype": "obverse",
"type": "surface",
"ref": "P335146.o.1",
"type": "obverse",
"label": "o"}
,
{
"node": "c",
"type": "discourse",
"subtype": "body",
"id": "P335146.U1",
"cdl": [
{
"node": "c",
"type": "sentence",
"id": "P335146.U2",
"label": "o 1 - r 2'",
"cdl": [
{
"node": "d",
"type": "line-start",
"ref": "P335146.2",
"n": "1",
"label": "o 1"}
,
{
"node": "l",
"frag": "ku-um",
"id": "P335146.l0612e",
"ref": "P335146.2.1",
"inst": "kūm[instead of]PRP",
"exosig": "@saao/saa06%akk-x-neoass:ku-um=kūm[instead of//instead of]PRP'PRP$kūm",
"f": {"lang": "akk-x-neoass",
"form": "ku-um",
"cf": "kūm",
"gw": "instead of",
"sense": "instead of",
"norm": "kūm",
"pos": "PRP",
"epos": "PRP"}
}
,
{
"node": "l",
"frag": "{na₄}KIŠIB-šu₂",
"id": "P335146.l0612f",
"ref": "P335146.2.2",
"inst": "kunukkīšu[seal]N",
"exosig": "@saao/saa06%akk-x-neoass:{NA₄}KIŠIB-šu₂=kunukku[seal//seal]N'N$kunukkīšu",
"f": {"lang": "akk-x-neoass",
"form": "{NA₄}KIŠIB-šu₂",
"cf": "kunukku",
"gw": "seal",
"sense": "seal",
"norm": "kunukkīšu",
"pos": "N",
"epos": "N"}
}
,
{
"node": "l",
"frag": "ṣu-⸢pur⸣-šu₂",
"id": "P335146.l06130",
"ref": "P335146.2.3",
"inst": "ṣupuršu[fingernail]N",
"exosig": "@saao/saa06%akk-x-neoass:ṣu-pur-šu₂=ṣupru[nail//fingernail]N'N$ṣupuršu",
"f": {"lang": "akk-x-neoass",
"form": "ṣu-pur-šu₂",
"cf": "ṣupru",
"gw": "nail",
"sense": "fingernail",
"norm": "ṣupuršu",
"pos": "N",
"epos": "N"}
}
,
{
"node": "l",
"frag": "GAR-⸢un⸣",
"id": "P335146.l06131",
"ref": "P335146.2.4",
"inst": "iškun[place]V",
"exosig": "@saao/saa06%akk-x-neoass:GAR-un=šakānu[put//place]V'V$iškun",
"f": {"lang": "akk-x-neoass",
"form": "GAR-un",
"cf": "šakānu",
"gw": "put",
"sense": "place",
"norm": "iškun",
"pos": "V",
"epos": "V"}
}
,
{
"node": "d",
"type": "nonx",
"ref": "P335146.3",
"strict": "1",
"extent": "n",
"scope": "line",
"state": "ruling",
"flags": "!"}
,
{
"node": "d",
"type": "nonx",
"ref": "P335146.4",
"strict": "1",
"extent": "1",
"scope": "space",
"state": "blank"}
,
{
"node": "d",
"type": "nonx",
"ref": "P335146.5",
"strict": "1",
"extent": "n",
"scope": "line",
"state": "ruling",
"flags": "!"}
,
{
"node": "d",
"type": "line-start",
"ref": "P335146.6",
"n": "2",
"label": "o 2"}
,
{
"node": "l",
"frag": "ṣu-pur",
"id": "P335146.l06132",
"ref": "P335146.6.1",
"inst": "ṣupur[fingernail]N",
"exosig": "@saao/saa06%akk-x-neoass:ṣu-pur=ṣupru[nail//fingernail]N'N$ṣupur",
"f": {"lang": "akk-x-neoass",
"form": "ṣu-pur",
"cf": "ṣupru",
"gw": "nail",
"sense": "fingernail",
"norm": "ṣupur",
"pos": "N",
"epos": "N"}
}
,
{
"node": "l",
"frag": "{1}aš-šur-PAB-ir",
"id": "P335146.l06133",
"ref": "P335146.6.2",
"inst": "Aššur-naṣir[1]PN",
"exosig": "@saao/saa06%akk-x-neoass:{1}aš-šur-PAB-ir=Aššur-naṣir[1//1]PN'PN$Aššur-naṣir",
"f": {"lang": "akk-x-neoass",
"form": "{1}aš-šur-PAB-ir",
"cf": "Aššur-naṣir",
"gw": "1",
"sense": "1",
"norm": "Aššur-naṣir",
"pos": "PN",
"epos": "PN"}
}
,
{
"node": "l",
"frag": "EN",
"id": "P335146.l06134",
"ref": "P335146.6.3",
"inst": "bēl[owner]N",
"exosig": "@saao/saa06%akk-x-neoass:EN=bēlu[lord//owner]N'N$bēl",
"f": {"lang": "akk-x-neoass",
"form": "EN",
"cf": "bēlu",
"gw": "lord",
"sense": "owner",
"norm": "bēl",
"pos": "N",
"epos": "N"}
}
,
{
"node": "l",
"frag": "LU₂",
"id": "P335146.l06135",
"ref": "P335146.6.4",
"inst": "amēli[man]N",
"exosig": "@saao/saa06%akk-x-neoass:LU₂=awīlu[man//man]N'N$amēli",
"f": {"lang": "akk-x-neoass",
"form": "LU₂",
"cf": "awīlu",
"gw": "man",
"sense": "man",
"norm": "amēli",
"pos": "N",
"epos": "N"}
}
,
{
"node": "l",
"frag": "{1}PAB-le-⸢ʾi-ti⸣",
"id": "P335146.l06136",
"ref": "P335146.6.5",
"inst": "Ahu-leʾuti[1]PN",
"exosig": "@saao/saa06%akk-x-neoass:{1}PAB-le-ʾi-ti=Ahu-leʾuti[1//1]PN'PN$Ahu-leʾuti",
"f": {"lang": "akk-x-neoass",
"form": "{1}PAB-le-ʾi-ti",
"cf": "Ahu-leʾuti",
"gw": "1",
"sense": "1",
"norm": "Ahu-leʾuti",
"pos": "PN",
"epos": "PN"}
}
,
{
"node": "d",
"type": "line-start",
"ref": "P335146.7",
"n": "3",
"label": "o 3"}
,
{
"node": "l",
"frag": "ARAD-šu₂",
"id": "P335146.l06137",
"ref": "P335146.7.1",
"inst": "urdīšu[servant]N",
"exosig": "@saao/saa06%akk-x-neoass:ARAD-šu₂=ardu[slave//servant]N'N$urdīšu",
"f": {"lang": "akk-x-neoass",
"form": "ARAD-šu₂",
"cf": "ardu",
"gw": "slave",
"sense": "servant",
"norm": "urdīšu",
"pos": "N",
"epos": "N"}
}
,
{
"node": "l",
"frag": "u₂-piš-ma",
"id": "P335146.l06138",
"ref": "P335146.7.2",
"inst": "uppišma[contract]V",
"exosig": "@saao/saa06%akk-x-neoass:u₂-piš-ma=epēšu[do//contract]V'V$uppišma",
"f": {"lang": "akk-x-neoass",
"form": "u₂-piš-ma",
"cf": "epēšu",
"gw": "do",
"sense": "contract",
"norm": "uppišma",
"pos": "V",
"epos": "V"}
}
,
{
"node": "l",
"frag": "{1}{d}UTU-AD-PAB",
"id": "P335146.l06139",
"ref": "P335146.7.3",
"inst": "Šamaš-abu-uṣur[1]PN",
"exosig": "@saao/saa06%akk-x-neoass:{1}{d}UTU-AD-PAB=Šamaš-abu-uṣur[1//1]PN'PN$Šamaš-abu-uṣur",
"f": {"lang": "akk-x-neoass",
"form": "{1}{d}UTU-AD-PAB",
"cf": "Šamaš-abu-uṣur",
"gw": "1",
"sense": "1",
"norm": "Šamaš-abu-uṣur",
"pos": "PN",
"epos": "PN"}
}
,
{
"node": "d",
"type": "line-start",
"ref": "P335146.8",
"n": "4",
"label": "o 4"}
,
{
"node": "c",
"type": "phrase",
"tag": "phr",
"id": "P335146.U4",
"ref": "P335146.ls00000",
"cdl": [
{
"node": "l",
"frag": "TA@v",
"id": "P335146.l0613a",
"ref": "P335146.8.1",
"inst": "issu[from+=from]PRP",
"exosig": "@saao/saa06%akk-x-neoass:TA@v=ištu[from//from]PRP'PRP$issu",
"f": {"lang": "akk-x-neoass",
"form": "TA@v",
"cf": "ištu",
"gw": "from",
"sense": "from",
"norm": "issu",
"pos": "PRP",
"epos": "PRP"}
}
,
{
"node": "l",
"frag": "IGI",
"id": "P335146.l0613b",
"ref": "P335146.8.2",
"inst": "pān[front]N",
"exosig": "@saao/saa06%akk-x-neoass:IGI=pānu[front//front]N'N$pān",
"f": {"lang": "akk-x-neoass",
"form": "IGI",
"cf": "pānu",
"gw": "front",
"sense": "front",
"norm": "pān",
"pos": "N",
"epos": "N"}
}
]}
,
{
"node": "l",
"frag": "{1}aš-šur-PAB-ir",
"id": "P335146.l0613c",
"ref": "P335146.8.3",
"inst": "Aššur-naṣir[1]PN",
"exosig": "@saao/saa06%akk-x-neoass:{1}aš-šur-PAB-ir=Aššur-naṣir[1//1]PN'PN$Aššur-naṣir",
"f": {"lang": "akk-x-neoass",
"form": "{1}aš-šur-PAB-ir",
"cf": "Aššur-naṣir",
"gw": "1",
"sense": "1",
"norm": "Aššur-naṣir",
"pos": "PN",
"epos": "PN"}
}
,
{
"node": "c",
"type": "phrase",
"tag": "phr",
"id": "P335146.U5",
"ref": "P335146.ls00001",
"cdl": [
{
"node": "l",
"frag": "ina",
"id": "P335146.l0613d",
"ref": "P335146.8.4",
"inst": "ina[in+=for]PRP",
"exosig": "@saao/saa06%akk-x-neoass:ina=ina[in//in]PRP'PRP$ina",
"f": {"lang": "akk-x-neoass",
"form": "ina",
"cf": "ina",
"gw": "in",
"sense": "in",
"norm": "ina",
"pos": "PRP",
"epos": "PRP"}
}
,
{
"node": "l",
"frag": "ŠA₃",
"id": "P335146.l0613e",
"ref": "P335146.8.5",
"inst": "libbi[interior]N",
"exosig": "@saao/saa06%akk-x-neoass:ŠA₃=libbu[interior//interior]N'N$libbi",
"f": {"lang": "akk-x-neoass",
"form": "ŠA₃",
"cf": "libbu",
"gw": "interior",
"sense": "interior",
"norm": "libbi",
"pos": "N",
"epos": "N"}
}
]}
,
{
"node": "l",
"frag": "50",
"id": "P335146.l0613f",
"ref": "P335146.8.6",
"inst": "n",
"f": {"lang": "akk-x-neoass",
"form": "50",
"pos": "n"}
}
,
{
"node": "l",
"frag": "MA.NA",
"id": "P335146.l06140",
"ref": "P335146.8.7",
"inst": "manê[a unit of weight]N",
"exosig": "@saao/saa06%akk-x-neoass:MA.NA=manû[unit//a unit of weight]N'N$manê",
"f": {"lang": "akk-x-neoass",
"form": "MA.NA",
"cf": "manû",
"gw": "unit",
"sense": "a unit of weight",
"norm": "manê",
"pos": "N",
"epos": "N"}
}
,
{
"node": "d",
"type": "line-start",
"ref": "P335146.9",
"n": "5",
"label": "o 5"}
,
{
"node": "l",
"frag": "URUDU-MEŠ",
"id": "P335146.l06141",
"ref": "P335146.9.1",
"inst": "erî[copper]N",
"exosig": "@saao/saa06%akk-x-neoass:URUDU-MEŠ=erû[copper//copper]N'N$erî",
"f": {"lang": "akk-x-neoass",
"form": "URUDU-MEŠ",
"cf": "erû",
"gw": "copper",
"sense": "copper",
"norm": "erî",
"pos": "N",
"epos": "N"}
}
,
{
"node": "l",
"frag": "is-si-qi₂",
"id": "P335146.l06142",
"ref": "P335146.9.2",
"inst": "leqû[take//purchase]V$issiqi",
"exosig": "@saao/saa06%akk-x-neoass:is-si-qi₂=leqû[take//purchase]V'V$issiqi",
"f": {"lang": "akk-x-neoass",
"form": "is-si-qi₂",
"cf": "leqû",
"gw": "take",
"sense": "purchase",
"norm": "issiqi",
"pos": "V",
"epos": "V"}
}
,
{
"node": "l",
"frag": "kas-pu",
"id": "P335146.l06143",
"ref": "P335146.9.3",
"inst": "kaspu[money]N",
"exosig": "@saao/saa06%akk-x-neoass:kas-pu=kaspu[silver//money]N'N$kaspu",
"f": {"lang": "akk-x-neoass",
"form": "kas-pu",
"cf": "kaspu",
"gw": "silver",
"sense": "money",
"norm": "kaspu",
"pos": "N",
"epos": "N"}
}
,
{
"node": "l",
"frag": "gam-mur",
"id": "P335146.l06144",
"ref": "P335146.9.4",
"inst": "gammur[completed]AJ",
"exosig": "@saao/saa06%akk-x-neoass:gam-mur=gammuru[finished//completed]AJ'AJ$gammur",
"f": {"lang": "akk-x-neoass",
"form": "gam-mur",
"cf": "gammuru",
"gw": "finished",
"sense": "completed",
"norm": "gammur",
"pos": "AJ",
"epos": "AJ"}
}
,
{
"node": "d",
"type": "line-start",
"ref": "P335146.10",
"n": "6",
"label": "o 6"}
,
{
"node": "l",
"frag": "ta-ad-din",
"id": "P335146.l06145",
"ref": "P335146.10.1",
"inst": "taddin[paid]AJ",
"exosig": "@saao/saa06%akk-x-neoass:ta-ad-din=tadnu[given//paid]AJ'AJ$taddin",
"f": {"lang": "akk-x-neoass",
"form": "ta-ad-din",
"cf": "tadnu",
"gw": "given",
"sense": "paid",
"norm": "taddin",
"pos": "AJ",
"epos": "AJ"}
}
,
{
"node": "l",
"frag": "LU₂",
"id": "P335146.l06146",
"ref": "P335146.10.2",
"inst": "amēlu[man]N",
"exosig": "@saao/saa06%akk-x-neoass:LU₂=awīlu[man//man]N'N$amēlu",
"f": {"lang": "akk-x-neoass",
"form": "LU₂",
"cf": "awīlu",
"gw": "man",
"sense": "man",
"norm": "amēlu",
"pos": "N",
"epos": "N"}
}
,
{
"node": "l",
"frag": "šu-a-tu₂",
"id": "P335146.l06147",
"ref": "P335146.10.3",
"inst": "šuātu[that]'DP",
"exosig": "@saao/saa06%akk-x-neoass:šu-a-tu₂=šuāti[him//that]IP'DP$šuātu",
"f": {"lang": "akk-x-neoass",
"form": "šu-a-tu₂",
"cf": "šuāti",
"gw": "him",
"sense": "that",
"norm": "šuātu",
"pos": "IP",
"epos": "DP"}
}
,
{
"node": "l",
"frag": "za-rip",
"id": "P335146.l06148",
"ref": "P335146.10.4",
"inst": "zarip[purchased]AJ",
"exosig": "@saao/saa06%akk-x-neoass:za-rip=zarpu[purchased//purchased]AJ'AJ$zarip",
"f": {"lang": "akk-x-neoass",
"form": "za-rip",
"cf": "zarpu",
"gw": "purchased",
"sense": "purchased",
"norm": "zarip",
"pos": "AJ",
"epos": "AJ"}
}
,
{
"node": "l",
"frag": "⸢TI⸣-qi₂",
"id": "P335146.l06149",
"ref": "P335146.10.5",
"inst": "leqû[taken//acquired]AJ$laqî",
"exosig": "@saao/saa06%akk-x-neoass:TI-qi₂=leqû[taken//acquired]AJ'AJ$laqî",
"f": {"lang": "akk-x-neoass",
"form": "TI-qi₂",
"cf": "leqû",
"gw": "taken",
"sense": "acquired",
"norm": "laqî",
"pos": "AJ",
"epos": "AJ"}
}
,
{
"node": "d",
"type": "line-start",
"ref": "P335146.11",
"n": "7",
"label": "o 7"}
,
{
"node": "l",
"frag": "⸢GUR⸣",
"id": "P335146.l0614a",
"ref": "P335146.11.1",
"inst": "târu[turn//revocation]V'N$tuāru",
"exosig": "@saao/saa06%akk-x-neoass:GUR=târu[turn//revocation]V'N$tuāru",
"f": {"lang": "akk-x-neoass",
"form": "GUR",
"cf": "târu",
"gw": "turn",
"sense": "revocation",
"norm": "tuāru",
"pos": "V",
"epos": "N"}
}
,
{
"node": "l",
"frag": "de-e-nu",
"id": "P335146.l0614b",
"ref": "P335146.11.2",
"inst": "dēnu[lawsuit]N",
"exosig": "@saao/saa06%akk-x-neoass:de-e-nu=dīnu[legal decision//lawsuit]N'N$dēnu",
"f": {"lang": "akk-x-neoass",
"form": "de-e-nu",
"cf": "dīnu",
"gw": "legal decision",
"sense": "lawsuit",
"norm": "dēnu",
"pos": "N",
"epos": "N"}
}
,
{
"node": "l",
"frag": "DUG₄.DUG₄",
"id": "P335146.l0614c",
"ref": "P335146.11.3",
"inst": "dabābu[litigation]'N",
"exosig": "@saao/saa06%akk-x-neoass:DUG₄.DUG₄=dabābu[speak//litigation]V'N$dabābu",
"f": {"lang": "akk-x-neoass",
"form": "DUG₄.DUG₄",
"cf": "dabābu",
"gw": "speak",
"sense": "litigation",
"norm": "dabābu",
"pos": "V",
"epos": "N"}
}
,
{
"node": "l",
"frag": "la-aš₂-šu₂",
"id": "P335146.l0614d",
"ref": "P335146.11.4",
"inst": "laššu[(there) is not]V",
"exosig": "@saao/saa06%akk-x-neoass:la-aš₂-šu₂=laššu[(there) is not//(there) is not]V'V$laššu",
"f": {"lang": "akk-x-neoass",
"form": "la-aš₂-šu₂",
"cf": "laššu",
"gw": "(there) is not",
"sense": "(there) is not",
"norm": "laššu",
"pos": "V",
"epos": "V"}
}
,
{
"node": "d",
"type": "line-start",
"ref": "P335146.12",
"n": "8",
"label": "o 8"}
,
{
"node": "l",
"frag": "[man-nu",
"id": "P335146.l0614e",
"ref": "P335146.12.1",
"inst": "mannu[whoever]'XP",
"exosig": "@saao/saa06%akk-x-neoass:man-nu=mannu[who?//whoever]QP'XP$mannu",
"f": {"lang": "akk-x-neoass",
"form": "man-nu",
"cf": "mannu",
"gw": "who?",
"sense": "whoever",
"norm": "mannu",
"pos": "QP",
"epos": "XP"}
}
,
{
"node": "l",
"frag": "ša₂",
"id": "P335146.l0614f",
"ref": "P335146.12.2",
"inst": "ša[that]REL",
"exosig": "@saao/saa06%akk-x-neoass:ša₂=ša[that//that]REL'REL$ša",
"f": {"lang": "akk-x-neoass",
"form": "ša₂",
"cf": "ša",
"gw": "that",
"sense": "that",
"norm": "ša",
"pos": "REL",
"epos": "REL"}
}
,
{
"node": "c",
"type": "phrase",
"tag": "phr",
"id": "P335146.U6",
"ref": "P335146.ls00002",
"cdl": [
{
"node": "l",
"frag": "ina]",
"id": "P335146.l06150",
"ref": "P335146.12.3",
"inst": "ina[in+=in the future]PRP",
"exosig": "@saao/saa06%akk-x-neoass:ina=ina[in//in]PRP'PRP$ina",
"f": {"lang": "akk-x-neoass",
"form": "ina",
"cf": "ina",
"gw": "in",
"sense": "in",
"norm": "ina",
"pos": "PRP",
"epos": "PRP"}
}
,
{
"node": "l",
"frag": "⸢ur⸣-kiš",
"id": "P335146.l06151",
"ref": "P335146.12.4",
"inst": "urkiš[later]AV",
"exosig": "@saao/saa06%akk-x-neoass:ur-kiš=urkiš[later//later]AV'AV$urkiš",
"f": {"lang": "akk-x-neoass",
"form": "ur-kiš",
"cf": "urkiš",
"gw": "later",
"sense": "later",
"norm": "urkiš",
"pos": "AV",
"epos": "AV"}
}
]}
,
{
"node": "c",
"type": "phrase",
"tag": "phr",
"id": "P335146.U7",
"ref": "P335146.ls00003",
"cdl": [
{
"node": "l",
"frag": "ina",
"id": "P335146.l06152",
"ref": "P335146.12.5",
"inst": "ina[in+=whenever]PRP$",
"exosig": "@saao/saa06%akk-x-neoass:ina=ina[in//in]PRP'PRP$ina",
"f": {"lang": "akk-x-neoass",
"form": "ina",
"cf": "ina",
"gw": "in",
"sense": "in",
"norm": "ina",
"pos": "PRP",
"epos": "PRP"}
}
,
{
"node": "l",
"frag": "ma-te-ma",
"id": "P335146.l06153",
"ref": "P335146.12.6",
"inst": "matīma[ever]AV$matēma",
"exosig": "@saao/saa06%akk-x-neoass:ma-te-ma=matīma[ever//ever]AV'AV$matēma",
"f": {"lang": "akk-x-neoass",
"form": "ma-te-ma",
"cf": "matīma",
"gw": "ever",
"sense": "ever",
"norm": "matēma",
"pos": "AV",
"epos": "AV"}
}
]}
,
{
"node": "d",
"type": "line-start",
"ref": "P335146.13",
"n": "9",
"label": "o 9"}
,
{
"node": "l",
"frag": "[lu-u",
"id": "P335146.l06154",
"ref": "P335146.13.1",
"inst": "lū[may]MOD",
"exosig": "@saao/saa06%akk-x-neoass:lu-u=lū[may//may]MOD'MOD$lū",
"f": {"lang": "akk-x-neoass",
"form": "lu-u",
"cf": "lū",
"gw": "may",
"sense": "may",
"norm": "lū",
"pos": "MOD",
"epos": "MOD"}
}
,
{
"node": "l",
"frag": "{1}aš-šur-PAB]-ir",
"id": "P335146.l06155",
"ref": "P335146.13.2",
"inst": "Aššur-naṣir[1]PN",
"exosig": "@saao/saa06%akk-x-neoass:{1}aš-šur-PAB-ir=Aššur-naṣir[1//1]PN'PN$Aššur-naṣir",
"f": {"lang": "akk-x-neoass",
"form": "{1}aš-šur-PAB-ir",
"cf": "Aššur-naṣir",
"gw": "1",
"sense": "1",
"norm": "Aššur-naṣir",
"pos": "PN",
"epos": "PN"}
}
,
{
"node": "l",
"frag": "lu-u",
"id": "P335146.l06156",
"ref": "P335146.13.3",
"inst": "lū[may]MOD",
"exosig": "@saao/saa06%akk-x-neoass:lu-u=lū[may//may]MOD'MOD$lū",
"f": {"lang": "akk-x-neoass",
"form": "lu-u",
"cf": "lū",
"gw": "may",
"sense": "may",
"norm": "lū",
"pos": "MOD",
"epos": "MOD"}
}
,
{
"node": "l",
"frag": "DUMU-MEŠ-šu₂",
"id": "P335146.l06157",
"ref": "P335146.13.4",
"inst": "marʾēšu[son]N",
"sig": "@saao%akk-x-neoass:DUMU-MEŠ-šu₂=māru[son//son]N'N$marʾēšu",
"f": {"lang": "akk-x-neoass",
"form": "DUMU-MEŠ-šu₂",
"cf": "māru",
"gw": "son",
"sense": "son",
"norm": "marʾēšu",
"pos": "N",
"epos": "N"}
}
,
{
"node": "d",
"type": "line-start",
"ref": "P335146.14",
"n": "10",
"label": "o 10"}
,
{
"node": "l",
"frag": "[lu-u",
"id": "P335146.l06158",
"ref": "P335146.14.1",
"inst": "lū[may]MOD",
"exosig": "@saao/saa06%akk-x-neoass:lu-u=lū[may//may]MOD'MOD$lū",
"f": {"lang": "akk-x-neoass",
"form": "lu-u",
"cf": "lū",
"gw": "may",
"sense": "may",
"norm": "lū",
"pos": "MOD",
"epos": "MOD"}
}
,
{
"node": "l",
"frag": "ŠEŠ-MEŠ-šu₂]",
"id": "P335146.l06159",
"ref": "P335146.14.2",
"inst": "ahhēšu[brother]N",
"exosig": "@saao/saa06%akk-x-neoass:ŠEŠ-MEŠ-šu₂=ahu[brother//brother]N'N$ahhēšu",
"f": {"lang": "akk-x-neoass",
"form": "ŠEŠ-MEŠ-šu₂",
"cf": "ahu",
"gw": "brother",
"sense": "brother",
"norm": "ahhēšu",
"pos": "N",
"epos": "N"}
}
,
{
"node": "l",
"frag": "⸢lu⸣-u",
"id": "P335146.l0615a",
"ref": "P335146.14.3",
"inst": "lū[may]MOD",
"exosig": "@saao/saa06%akk-x-neoass:lu-u=lū[may//may]MOD'MOD$lū",
"f": {"lang": "akk-x-neoass",
"form": "lu-u",
"cf": "lū",
"gw": "may",
"sense": "may",
"norm": "lū",
"pos": "MOD",
"epos": "MOD"}
}
,
{
"node": "l",
"frag": "{lu₂}EN.NAM-su",
"id": "P335146.l0615b",
"ref": "P335146.14.4",
"inst": "pāhussu[governor]N",
"exosig": "@saao/saa06%akk-x-neoass:{LU₂}EN.NAM-su=pīhātu[responsibility//governor]N'N$pāhussu",
"f": {"lang": "akk-x-neoass",
"form": "{LU₂}EN.NAM-su",
"cf": "pīhātu",
"gw": "responsibility",
"sense": "governor",
"norm": "pāhussu",
"pos": "N",
"epos": "N"}
}
,
{
"node": "d",
"type": "line-start",
"ref": "P335146.15",
"n": "11",
"label": "o 11"}
,
{
"node": "l",
"frag": "[ša",
"id": "P335146.l0615c",
"ref": "P335146.15.1",
"inst": "ša[that]REL",
"exosig": "@saao/saa06%akk-x-neoass:ša=ša[that//that]REL'REL$ša",
"f": {"lang": "akk-x-neoass",
"form": "ša",
"cf": "ša",
"gw": "that",
"sense": "that",
"norm": "ša",
"pos": "REL",
"epos": "REL"}
}
,
{
"node": "l",
"frag": "de-e-nu",
"id": "P335146.l0615d",
"ref": "P335146.15.2",
"inst": "dēnu[lawsuit]N",
"exosig": "@saao/saa06%akk-x-neoass:de-e-nu=dīnu[legal decision//lawsuit]N'N$dēnu",
"f": {"lang": "akk-x-neoass",
"form": "de-e-nu",
"cf": "dīnu",
"gw": "legal decision",
"sense": "lawsuit",
"norm": "dēnu",
"pos": "N",
"epos": "N"}
}
,
{
"node": "l",
"frag": "DUG₄.DUG₄",
"id": "P335146.l0615e",
"ref": "P335146.15.3",
"inst": "dabābu[litigation]'N",
"exosig": "@saao/saa06%akk-x-neoass:DUG₄.DUG₄=dabābu[speak//litigation]V'N$dabābu",
"f": {"lang": "akk-x-neoass",
"form": "DUG₄.DUG₄",
"cf": "dabābu",
"gw": "speak",
"sense": "litigation",
"norm": "dabābu",
"pos": "V",
"epos": "N"}
}
,
{
"node": "l",
"frag": "TA@v",
"id": "P335146.l0615f",
"ref": "P335146.15.4",
"inst": "issi[with]PRP",
"exosig": "@saao/saa06%akk-x-neoass:TA@v=išti[with//with]PRP'PRP$issi",
"f": {"lang": "akk-x-neoass",
"form": "TA@v",
"cf": "išti",
"gw": "with",
"sense": "with",
"norm": "issi",
"pos": "PRP",
"epos": "PRP"}
}
,
{
"node": "l",
"frag": "{1}{d}UTU-AD-PAB",
"id": "P335146.l06160",
"ref": "P335146.15.5",
"inst": "Šamaš-abu-uṣur[1]PN",
"exosig": "@saao/saa06%akk-x-neoass:{1}{d}UTU-AD-PAB=Šamaš-abu-uṣur[1//1]PN'PN$Šamaš-abu-uṣur",
"f": {"lang": "akk-x-neoass",
"form": "{1}{d}UTU-AD-PAB",
"cf": "Šamaš-abu-uṣur",
"gw": "1",
"sense": "1",
"norm": "Šamaš-abu-uṣur",
"pos": "PN",
"epos": "PN"}
}
,
{
"node": "d",
"type": "line-start",
"ref": "P335146.16",
"n": "12",
"label": "o 12"}
,
{
"node": "l",
"frag": "[DUMU-MEŠ-šu₂",
"id": "P335146.l06161",
"ref": "P335146.16.1",
"inst": "marʾēšu[son]N",
"sig": "@saao%akk-x-neoass:DUMU-MEŠ-šu₂=māru[son//son]N'N$marʾēšu",
"f": {"lang": "akk-x-neoass",
"form": "DUMU-MEŠ-šu₂",
"cf": "māru",
"gw": "son",
"sense": "son",
"norm": "marʾēšu",
"pos": "N",
"epos": "N"}
}
,
{
"node": "c",
"type": "phrase",
"tag": "phr",
"id": "P335146.U8",
"ref": "P335146.ls00004",
"cdl": [
{
"node": "l",
"frag": "DUMU-DUMU-MEŠ-šu₂",
"id": "P335146.l06162",
"ref": "P335146.16.2",
"cof-tails": "P335146.l06163",
"inst": "māru[son]N$mār&māru[son]N$marʾēšu",
"exosig": "@saao/saa06%akk-x-neoass:DUMU-DUMU-MEŠ-šu₂=māru[son//son]N'N$mār&&@saao%akk-x-neoass:=māru[son//son]N'N$marʾēšu",
"f": {"lang": "akk-x-neoass",
"form": "DUMU-DUMU-MEŠ-šu₂",
"cf": "māru",
"gw": "son",
"sense": "son",
"norm": "mār",
"pos": "N",
"epos": "N"}
}
,
{
"node": "l",
"frag": "DUMU-DUMU-MEŠ-šu₂",
"id": "P335146.l06163",
"ref": "P335146.16.2",
"cof-head": "P335146.l06162",
"inst": "māru[son]N$mār&māru[son]N$marʾēšu",
"tail-sig": "@saao%akk-x-neoass:=māru[son//son]N'N$marʾēšu",
"f": {"lang": "akk-x-neoass",
"form": "DUMU-DUMU-MEŠ-šu₂",
"cf": "māru",
"gw": "son",
"sense": "son",
"norm": "marʾēšu",
"pos": "N",
"epos": "N"}
}
]}
,
{
"node": "l",
"frag": "ub-ta-ʾu]-⸢u⸣-ni",
"id": "P335146.l06164",
"ref": "P335146.16.3",
"inst": "ubtaʾʾūni[seek]V",
"exosig": "@saao/saa06%akk-x-neoass:ub-ta-ʾu-u-ni=buʾʾû[look for//seek]V'V$ubtaʾʾūni",
"f": {"lang": "akk-x-neoass",
"form": "ub-ta-ʾu-u-ni",
"cf": "buʾʾû",
"gw": "look for",
"sense": "seek",
"norm": "ubtaʾʾūni",
"pos": "V",
"epos": "V"}
}
,
{
"node": "d",
"type": "line-start",
"ref": "P335146.17",
"n": "13",
"label": "o 13"}
,
{
"node": "l",
"frag": "[x",
"id": "P335146.l06165",
"ref": "P335146.17.1",
"inst": "u",
"f": {"lang": "akk-x-neoass",
"form": "x",
"pos": "u"}
}
,
{
"node": "l",
"frag": "MA.NA",
"id": "P335146.l06166",
"ref": "P335146.17.2",
"inst": "manû[a unit of weight]N",
"exosig": "@saao/saa06%akk-x-neoass:MA.NA=manû[unit//a unit of weight]N'N$manû",
"f": {"lang": "akk-x-neoass",
"form": "MA.NA",
"cf": "manû",
"gw": "unit",
"sense": "a unit of weight",
"norm": "manû",
"pos": "N",
"epos": "N"}
}
,
{
"node": "l",
"frag": "KUG.UD",
"id": "P335146.l06167",
"ref": "P335146.17.3",
"inst": "ṣarpi[silver]N",
"exosig": "@saao/saa06%akk-x-neoass:KUG.UD=ṣarpu[silver//silver]N'N$ṣarpi",
"f": {"lang": "akk-x-neoass",
"form": "KUG.UD",
"cf": "ṣarpu",
"gw": "silver",
"sense": "silver",
"norm": "ṣarpi",
"pos": "N",
"epos": "N"}
}
,
{
"node": "l",
"frag": "LUH-u",
"id": "P335146.l06168",
"ref": "P335146.17.4",
"inst": "masû[washed]AJ",
"exosig": "@saao/saa06%akk-x-neoass:LUH-u=mesû[washed//washed]AJ'AJ$masû",
"f": {"lang": "akk-x-neoass",
"form": "LUH-u",
"cf": "mesû",
"gw": "washed",
"sense": "washed",
"norm": "masû",
"pos": "AJ",
"epos": "AJ"}
}
,
{
"node": "l",
"frag": "1",
"id": "P335146.l06169",
"ref": "P335146.17.5",
"inst": "n",
"f": {"lang": "akk-x-neoass",
"form": "1",
"pos": "n"}
}
,
{
"node": "l",
"frag": "MA.NA",
"id": "P335146.l0616a",
"ref": "P335146.17.6",
"inst": "manû[a unit of weight]N",
"exosig": "@saao/saa06%akk-x-neoass:MA.NA=manû[unit//a unit of weight]N'N$manû",
"f": {"lang": "akk-x-neoass",
"form": "MA.NA",
"cf": "manû",
"gw": "unit",
"sense": "a unit of weight",
"norm": "manû",
"pos": "N",
"epos": "N"}
}
,
{
"node": "l",
"frag": "KUG].⸢GI⸣",
"id": "P335146.l0616b",
"ref": "P335146.17.7",
"inst": "hurāṣi[gold]N",
"exosig": "@saao/saa06%akk-x-neoass:KUG.GI=hurāṣu[gold//gold]N'N$hurāṣi",
"f": {"lang": "akk-x-neoass",
"form": "KUG.GI",
"cf": "hurāṣu",
"gw": "gold",
"sense": "gold",
"norm": "hurāṣi",
"pos": "N",
"epos": "N"}
}
,
{
"node": "d",
"type": "nonx",
"ref": "P335146.18",
"strict": "0",
"extent": "rest",
"state": "missing"}
,
{
"node": "d",
"subtype": "reverse",
"type": "surface",
"ref": "P335146.r.19",
"type": "reverse",
"label": "r"}
,
{
"node": "d",
"type": "nonx",
"ref": "P335146.20",
"strict": "0",
"extent": "beginning",
"state": "missing"}
,
{
"node": "d",
"type": "line-start",
"ref": "P335146.21",
"n": "1'",
"label": "r 1'"}
,
{
"node": "c",
"type": "phrase",
"tag": "phr",
"id": "P335146.U9",
"ref": "P335146.ls00005",
"cdl": [
{
"node": "l",
"frag": "{[lu₂v}GAR.KUR]",
"id": "P335146.l0616c",
"ref": "P335146.21.1",
"cof-tails": "P335146.l0616d",
"inst": "šaknu[appointee]N$šakin&mātu[land]N$māti",
"exosig": "@saao/saa06%akk-x-neoass:{LU₂}GAR.KUR=šaknu[appointee//appointee]N'N$šakin&&@saao%akk-x-neoass:=mātu[land//land]N'N$māti",
"f": {"lang": "akk-x-neoass",
"form": "{LU₂}GAR.KUR",
"cf": "šaknu",
"gw": "appointee",
"sense": "appointee",
"norm": "šakin",
"pos": "N",
"epos": "N"}
}
,
{
"node": "l",
"frag": "{[lu₂v}GAR.KUR]",
"id": "P335146.l0616d",
"ref": "P335146.21.1",
"cof-head": "P335146.l0616c",
"inst": "šaknu[appointee]N$šakin&mātu[land]N$māti",
"tail-sig": "@saao%akk-x-neoass:=mātu[land//land]N'N$māti",
"f": {"lang": "akk-x-neoass",
"form": "{LU₂}GAR.KUR",
"cf": "mātu",
"gw": "land",
"sense": "land",
"norm": "māti",
"pos": "N",
"epos": "N"}
}
]}
,
{
"node": "l",
"frag": "{⸢uru⸣}de-[e-ri]",
"id": "P335146.l0616e",
"ref": "P335146.21.2",
"inst": "Deri[Der]GN",
"exosig": "@saao/saa06%akk-x-neoass:{URU}de-e-ri=Deru[Der//Der]GN'GN$Deri",
"f": {"lang": "akk-x-neoass",
"form": "{URU}de-e-ri",
"cf": "Deru",
"gw": "Der",
"sense": "Der",
"norm": "Deri",
"pos": "GN",
"epos": "GN"}
}
,
{
"node": "d",
"type": "line-start",
"ref": "P335146.22",
"n": "2'",
"label": "r 2'"}
,
{
"node": "l",
"frag": "[x",
"id": "P335146.l0616f",
"ref": "P335146.22.1",
"inst": "u",
"f": {"lang": "akk-x-neoass",
"form": "x",
"pos": "u"}
}
,
{
"node": "l",
"frag": "MA.NA]",
"id": "P335146.l06170",
"ref": "P335146.22.2",
"inst": "manê[a unit of weight]N",
"exosig": "@saao/saa06%akk-x-neoass:MA.NA=manû[unit//a unit of weight]N'N$manê",
"f": {"lang": "akk-x-neoass",
"form": "MA.NA",
"cf": "manû",
"gw": "unit",
"sense": "a unit of weight",
"norm": "manê",
"pos": "N",
"epos": "N"}
}
,
{
"node": "l",
"frag": "⸢URUDU⸣",
"id": "P335146.l06171",
"ref": "P335146.22.3",
"inst": "erû[copper]N$erî",
"exosig": "@saao/saa06%akk-x-neoass:URUDU=erû[copper//copper]N'N$erî",
"f": {"lang": "akk-x-neoass",
"form": "URUDU",
"cf": "erû",
"gw": "copper",
"sense": "copper",
"norm": "erî",
"pos": "N",
"epos": "N"}
}
,
{
"node": "l",
"frag": "ša₂",
"id": "P335146.l06172",
"ref": "P335146.22.4",
"inst": "ša[for]'PRP",
"exosig": "@saao/saa06%akk-x-neoass:ša₂=ša[of//for]DET'PRP$ša",
"f": {"lang": "akk-x-neoass",
"form": "ša₂",
"cf": "ša",
"gw": "of",
"sense": "for",
"norm": "ša",
"pos": "DET",
"epos": "PRP"}
}
,
{
"node": "l",
"frag": "ṣu-pur-[šu₂]",
"id": "P335146.l06173",
"ref": "P335146.22.5",
"inst": "ṣupuršu[fingernail]N",
"exosig": "@saao/saa06%akk-x-neoass:ṣu-pur-šu₂=ṣupru[nail//fingernail]N'N$ṣupuršu",
"f": {"lang": "akk-x-neoass",
"form": "ṣu-pur-šu₂",
"cf": "ṣupru",
"gw": "nail",
"sense": "fingernail",
"norm": "ṣupuršu",
"pos": "N",
"epos": "N"}
}
]}
]}
]}
,
{
"linkbase": [{
"type": "linkset",
"xlink_title": "ištu pān[from//because of]PRP'PRP",
"id": "P335146.ls00000",
"xlink_type": "extended",
"xlink_role": "psu",
"sig": "{ištu[from]PRP pānu[front]N += ištu pān[from//because of]PRP'PRP}::@saao%akk-x-neoass:TA@v=ištu[from//from]PRP'PRP$issu++@saao%akk-x-neoass:IGI=pānu[front//front]N'N$pān",
"links": [
{
"type": "link",
"xlink_title": "issu",
"xlink_type": "locator",
"xlink_href": "#P335146.l0613a",
"xlink_role": "elt"}
,
{
"type": "link",
"xlink_title": "pān",
"xlink_type": "locator",
"xlink_href": "#P335146.l0613b",
"xlink_role": "elt"}
]}
,
{
"type": "linkset",
"xlink_title": "ina libbi[in//(in exchange) for]PRP'PRP",
"id": "P335146.ls00001",
"xlink_type": "extended",
"xlink_role": "psu",
"sig": "{ina[in]PRP libbu[interior]N += ina libbi[in//(in exchange) for]PRP'PRP}::@saao%akk-x-neoass:ina=ina[in//into]PRP'PRP$ina++@saao%akk-x-neoass:ŠA₃=libbu[interior//interior]N'N$libbi",
"links": [
{
"type": "link",
"xlink_title": "ina",
"xlink_type": "locator",
"xlink_href": "#P335146.l0613d",
"xlink_role": "elt"}
,
{
"type": "link",
"xlink_title": "libbi",
"xlink_type": "locator",
"xlink_href": "#P335146.l0613e",
"xlink_role": "elt"}
]}
,
{
"type": "linkset",
"xlink_title": "ina urkiš[in the future//in the future]AV'AV",
"id": "P335146.ls00002",
"xlink_type": "extended",
"xlink_role": "psu",
"sig": "{ina[in]PRP urkiš[later]AV += ina urkiš[in the future//in the future]AV'AV}::@saao%akk-x-neoass:ina=ina[in//into]PRP'PRP$ina++@saao%akk-x-neoass:ur-kiš=urkiš[later//later]AV'AV$urkiš",
"links": [
{
"type": "link",
"xlink_title": "ina",
"xlink_type": "locator",
"xlink_href": "#P335146.l06150",
"xlink_role": "elt"}
,
{
"type": "link",
"xlink_title": "urkiš",
"xlink_type": "locator",
"xlink_href": "#P335146.l06151",
"xlink_role": "elt"}
]}
,
{
"type": "linkset",
"xlink_title": "ina matīma[whenever//whenever]XP'XP",
"id": "P335146.ls00003",
"xlink_type": "extended",
"xlink_role": "psu",
"sig": "{ina[in]PRP matīma[ever]AV += ina matīma[whenever//whenever]XP'XP}::@saao%akk-x-neoass:ina=ina[in//into]PRP'PRP$ina++@saao%akk-x-neoass:ma-te-ma=matīma[ever//ever]AV'AV$matēma",
"links": [
{
"type": "link",
"xlink_title": "ina",
"xlink_type": "locator",
"xlink_href": "#P335146.l06152",
"xlink_role": "elt"}
,
{
"type": "link",
"xlink_title": "matīma",
"xlink_type": "locator",
"xlink_href": "#P335146.l06153",
"xlink_role": "elt"}
]}
,
{
"type": "linkset",
"xlink_title": "mār māri[grandson//grandson]N'N",
"id": "P335146.ls00004",
"xlink_type": "extended",
"xlink_role": "psu",
"sig": "{māru[son]N māru[son]N += mār māri[grandson//grandson]N'N}::@saao%akk-x-neoass:DUMU-DUMU-šu₂=māru[son//son]N'N$mār++@saao%akk-x-neoass:DUMU-DUMU-šu₂=māru[son//son]N'N$marʾīšu",
"links": [
{
"type": "link",
"xlink_title": "māru",
"xlink_type": "locator",
"xlink_href": "#P335146.l06162",
"xlink_role": "elt"}
,
{
"type": "link",
"xlink_title": "māru",
"xlink_type": "locator",
"xlink_href": "#P335146.l06163",
"xlink_role": "elt"}
]}
,
{
"type": "linkset",
"xlink_title": "šakin māti[governor//governor]N'N",
"id": "P335146.ls00005",
"xlink_type": "extended",
"xlink_role": "psu",
"sig": "{šaknu[appointee]N mātu[land]N += šakin māti[governor//governor]N'N}::@saao%akk-x-neoass:GAR.KUR=šaknu[appointee//appointee]N'N$šakin++@saao%akk-x-neoass:GAR.KUR=mātu[land//land]N'N$māti",
"links": [
{
"type": "link",
"xlink_title": "šaknu",
"xlink_type": "locator",
"xlink_href": "#P335146.l0616c",
"xlink_role": "elt"}
,
{
"type": "link",
"xlink_title": "mātu",
"xlink_type": "locator",
"xlink_href": "#P335146.l0616d",
"xlink_role": "elt"}
]}
]}
]}
