{
"type": "cdl",
  "source": "http://oracc.org/saao/saa06",
  "license": "This data is released under the CC0 license",
  "license-url": "https://creativecommons.org/publicdomain/zero/1.0/",
  "more-info": "http://oracc.org/doc/opendata/",
  "UTC-timestamp": "2017-05-19T11:31:24",
"project": "saao/saa06",
"textid": "P335413",
"cdl": [
{
"node": "c",
"type": "text",
"id": "P335413.U0",
"cdl": [
{
"node": "d",
"type": "object",
"ref": ""}
,
{
"node": "d",
"subtype": "obverse",
"type": "surface",
"ref": "P335413.o.1",
"type": "obverse",
"label": "o"}
,
{
"node": "d",
"type": "nonx",
"ref": "P335413.2",
"strict": "0",
"extent": "beginning",
"state": "missing"}
,
{
"node": "c",
"type": "discourse",
"subtype": "body",
"id": "P335413.U1",
"cdl": [
{
"node": "c",
"type": "sentence",
"id": "P335413.U2",
"label": "o 1' - r 14",
"cdl": [
{
"node": "d",
"type": "line-start",
"ref": "P335413.3",
"n": "1'",
"label": "o 1'"}
,
{
"node": "l",
"frag": "[ina",
"id": "P335413.l024ad",
"ref": "P335413.3.1",
"inst": "ina[in]PRP",
"exosig": "@saao/saa06%akk-x-neoass:ina=ina[in//in]PRP'PRP$ina",
"f": {"lang": "akk-x-neoass",
"form": "ina",
"cf": "ina",
"gw": "in",
"sense": "in",
"norm": "ina",
"pos": "PRP",
"epos": "PRP"}
}
,
{
"node": "l",
"frag": "{uru}x",
"id": "P335413.l024ae",
"ref": "P335413.3.2",
"inst": "u",
"f": {"lang": "akk-x-neoass",
"form": "{URU}x",
"pos": "u"}
}
,
{
"node": "l",
"frag": "x",
"id": "P335413.l024af",
"ref": "P335413.3.3",
"inst": "u",
"f": {"lang": "akk-x-neoass",
"form": "x",
"pos": "u"}
}
,
{
"node": "l",
"frag": "x",
"id": "P335413.l024b0",
"ref": "P335413.3.4",
"inst": "u",
"f": {"lang": "akk-x-neoass",
"form": "x",
"pos": "u"}
}
,
{
"node": "l",
"frag": "x",
"id": "P335413.l024b1",
"ref": "P335413.3.5",
"inst": "u",
"f": {"lang": "akk-x-neoass",
"form": "x",
"pos": "u"}
}
,
{
"node": "l",
"frag": "{1}ab-di-ku]-⸢bu⸣-[bi]",
"id": "P335413.l024b2",
"ref": "P335413.3.6",
"inst": "Abdi-Kububi[1]PN$",
"exosig": "@saao/saa06%akk-x-neoass:{1}ab-di-ku-bu-bi=Abdi-Kububi[1//1]PN'PN$Abdi-Kububi",
"f": {"lang": "akk-x-neoass",
"form": "{1}ab-di-ku-bu-bi",
"cf": "Abdi-Kububi",
"gw": "1",
"sense": "1",
"norm": "Abdi-Kububi",
"pos": "PN",
"epos": "PN"}
}
,
{
"node": "d",
"type": "line-start",
"ref": "P335413.4",
"n": "2'",
"label": "o 2'"}
,
{
"node": "l",
"frag": "[MI₂-šu₂",
"id": "P335413.l024b3",
"ref": "P335413.4.1",
"inst": "issušu[woman]N",
"exosig": "@saao/saa06%akk-x-neoass:MI₂-šu₂=sinništu[woman//woman]N'N$issušu",
"f": {"lang": "akk-x-neoass",
"form": "MI₂-šu₂",
"cf": "sinništu",
"gw": "woman",
"sense": "woman",
"norm": "issušu",
"pos": "N",
"epos": "N"}
}
,
{
"node": "l",
"frag": "02",
"id": "P335413.l024b4",
"ref": "P335413.4.2",
"inst": "n",
"f": {"lang": "akk-x-neoass",
"form": "02",
"pos": "n"}
}
,
{
"node": "l",
"frag": "DUMU-MEŠ-šu₂",
"id": "P335413.l024b5",
"ref": "P335413.4.3",
"inst": "marʾēšu[son]N",
"sig": "@saao%akk-x-neoass:DUMU-MEŠ-šu₂=māru[son//son]N'N$marʾēšu",
"f": {"lang": "akk-x-neoass",
"form": "DUMU-MEŠ-šu₂",
"cf": "māru",
"gw": "son",
"sense": "son",
"norm": "marʾēšu",
"pos": "N",
"epos": "N"}
}
,
{
"node": "l",
"frag": "PAB",
"id": "P335413.l024b6",
"ref": "P335413.4.4",
"inst": "gimru[total]N",
"exosig": "@saao/saa06%akk-x-neoass:PAB=gimru[totality//total]N'N$gimru",
"f": {"lang": "akk-x-neoass",
"form": "PAB",
"cf": "gimru",
"gw": "totality",
"sense": "total",
"norm": "gimru",
"pos": "N",
"epos": "N"}
}
,
{
"node": "l",
"frag": "04",
"id": "P335413.l024b7",
"ref": "P335413.4.5",
"inst": "n",
"f": {"lang": "akk-x-neoass",
"form": "04",
"pos": "n"}
}
,
{
"node": "l",
"frag": "{lu₂v]}⸢ZI-MEŠ⸣",
"id": "P335413.l024b8",
"ref": "P335413.4.6",
"inst": "nupšāti[person]N",
"exosig": "@saao/saa06%akk-x-neoass:{LU₂}ZI-MEŠ=napištu[throat//person]N'N$nupšāti",
"f": {"lang": "akk-x-neoass",
"form": "{LU₂}ZI-MEŠ",
"cf": "napištu",
"gw": "throat",
"sense": "person",
"norm": "nupšāti",
"pos": "N",
"epos": "N"}
}
,
{
"node": "d",
"type": "line-start",
"ref": "P335413.5",
"n": "3'",
"label": "o 3'"}
,
{
"node": "l",
"frag": "[ša",
"id": "P335413.l024b9",
"ref": "P335413.5.1",
"inst": "ša[of]DET",
"exosig": "@saao/saa06%akk-x-neoass:ša=ša[of//of]DET'DET$ša",
"f": {"lang": "akk-x-neoass",
"form": "ša",
"cf": "ša",
"gw": "of",
"sense": "of",
"norm": "ša",
"pos": "DET",
"epos": "DET"}
}
,
{
"node": "l",
"frag": "{1}ha-ru-ra-a-nu",
"id": "P335413.l024ba",
"ref": "P335413.5.2",
"inst": "Haruranu[1]PN$",
"exosig": "@saao/saa06%akk-x-neoass:{1}ha-ru-ra-a-nu=Haruranu[1//1]PN'PN$Haruranu",
"f": {"lang": "akk-x-neoass",
"form": "{1}ha-ru-ra-a-nu",
"cf": "Haruranu",
"gw": "1",
"sense": "1",
"norm": "Haruranu",
"pos": "PN",
"epos": "PN"}
}
,
{
"node": "l",
"frag": "u₃",
"id": "P335413.l024bb",
"ref": "P335413.5.3",
"inst": "u[and]CNJ",
"exosig": "@saao/saa06%akk-x-neoass:u₃=u[and//and]CNJ'CNJ$u",
"f": {"lang": "akk-x-neoass",
"form": "u₃",
"cf": "u",
"gw": "and",
"sense": "and",
"norm": "u",
"pos": "CNJ",
"epos": "CNJ"}
}
,
{
"node": "l",
"frag": "{1}sa]-⸢li⸣-la-a-[nu]",
"id": "P335413.l024bc",
"ref": "P335413.5.4",
"inst": "Salilanu[1]PN$",
"exosig": "@saao/saa06%akk-x-neoass:{1}sa-li-la-a-nu=Salilanu[1//1]PN'PN$Salilanu",
"f": {"lang": "akk-x-neoass",
"form": "{1}sa-li-la-a-nu",
"cf": "Salilanu",
"gw": "1",
"sense": "1",
"norm": "Salilanu",
"pos": "PN",
"epos": "PN"}
}
,
{
"node": "d",
"type": "line-start",
"ref": "P335413.6",
"n": "4'",
"label": "o 4'"}
,
{
"node": "l",
"frag": "[u₂-piš-ma",
"id": "P335413.l024bd",
"ref": "P335413.6.1",
"inst": "uppišma[contract]V",
"exosig": "@saao/saa06%akk-x-neoass:u₂-piš-ma=epēšu[do//contract]V'V$uppišma",
"f": {"lang": "akk-x-neoass",
"form": "u₂-piš-ma",
"cf": "epēšu",
"gw": "do",
"sense": "contract",
"norm": "uppišma",
"pos": "V",
"epos": "V"}
}
,
{
"node": "l",
"frag": "{1}DUMU.UŠ-a].⸢a⸣",
"id": "P335413.l024be",
"ref": "P335413.6.2",
"inst": "Aplaya[1]PN$",
"exosig": "@saao/saa06%akk-x-neoass:{1}DUMU.UŠ-a.a=Aplaya[1//1]PN'PN$Aplaya",
"f": {"lang": "akk-x-neoass",
"form": "{1}DUMU.UŠ-a.a",
"cf": "Aplaya",
"gw": "1",
"sense": "1",
"norm": "Aplaya",
"pos": "PN",
"epos": "PN"}
}
,
{
"node": "l",
"frag": "TA@v",
"id": "P335413.l024bf",
"ref": "P335413.6.3",
"inst": "issu[from]PRP",
"exosig": "@saao/saa06%akk-x-neoass:TA@v=ištu[from//from]PRP'PRP$issu",
"f": {"lang": "akk-x-neoass",
"form": "TA@v",
"cf": "ištu",
"gw": "from",
"sense": "from",
"norm": "issu",
"pos": "PRP",
"epos": "PRP"}
}
,
{
"node": "l",
"frag": "ŠU.2-šu₂-⸢nu⸣",
"id": "P335413.l024c0",
"ref": "P335413.6.4",
"inst": "qātēšunu[hand]N",
"exosig": "@saao/saa06%akk-x-neoass:ŠU.2-šu₂-nu=qātu[hand//hand]N'N$qātēšunu",
"f": {"lang": "akk-x-neoass",
"form": "ŠU.2-šu₂-nu",
"cf": "qātu",
"gw": "hand",
"sense": "hand",
"norm": "qātēšunu",
"pos": "N",
"epos": "N"}
}
,
{
"node": "d",
"type": "line-start",
"ref": "P335413.7",
"n": "5'",
"label": "o 5'"}
,
{
"node": "c",
"type": "phrase",
"tag": "phr",
"id": "P335413.U4",
"ref": "P335413.ls00000",
"cdl": [
{
"node": "l",
"frag": "[ina",
"id": "P335413.l024c1",
"ref": "P335413.7.1",
"inst": "ina[in+=for]PRP",
"exosig": "@saao/saa06%akk-x-neoass:ina=ina[in//in]PRP'PRP$ina",
"f": {"lang": "akk-x-neoass",
"form": "ina",
"cf": "ina",
"gw": "in",
"sense": "in",
"norm": "ina",
"pos": "PRP",
"epos": "PRP"}
}
,
{
"node": "l",
"frag": "ŠA₃",
"id": "P335413.l024c2",
"ref": "P335413.7.2",
"inst": "libbi[interior]N",
"exosig": "@saao/saa06%akk-x-neoass:ŠA₃=libbu[interior//interior]N'N$libbi",
"f": {"lang": "akk-x-neoass",
"form": "ŠA₃",
"cf": "libbu",
"gw": "interior",
"sense": "interior",
"norm": "libbi",
"pos": "N",
"epos": "N"}
}
]}
,
{
"node": "l",
"frag": "x",
"id": "P335413.l024c3",
"ref": "P335413.7.3",
"inst": "u",
"f": {"lang": "akk-x-neoass",
"form": "x",
"pos": "u"}
}
,
{
"node": "l",
"frag": "MA.NA",
"id": "P335413.l024c4",
"ref": "P335413.7.4",
"inst": "manê[a unit of weight]N",
"exosig": "@saao/saa06%akk-x-neoass:MA.NA=manû[unit//a unit of weight]N'N$manê",
"f": {"lang": "akk-x-neoass",
"form": "MA.NA",
"cf": "manû",
"gw": "unit",
"sense": "a unit of weight",
"norm": "manê",
"pos": "N",
"epos": "N"}
}
,
{
"node": "l",
"frag": "KUG.UD]",
"id": "P335413.l024c5",
"ref": "P335413.7.5",
"inst": "ṣarpi[silver]N",
"exosig": "@saao/saa06%akk-x-neoass:KUG.UD=ṣarpu[silver//silver]N'N$ṣarpi",
"f": {"lang": "akk-x-neoass",
"form": "KUG.UD",
"cf": "ṣarpu",
"gw": "silver",
"sense": "silver",
"norm": "ṣarpi",
"pos": "N",
"epos": "N"}
}
,
{
"node": "l",
"frag": "⸢il⸣-qi₂",
"id": "P335413.l024c6",
"ref": "P335413.7.6",
"inst": "ilqi[purchase]V",
"exosig": "@saao/saa06%akk-x-neoass:il-qi₂=leqû[take//purchase]V'V$ilqi",
"f": {"lang": "akk-x-neoass",
"form": "il-qi₂",
"cf": "leqû",
"gw": "take",
"sense": "purchase",
"norm": "ilqi",
"pos": "V",
"epos": "V"}
}
,
{
"node": "l",
"frag": "kas-pu",
"id": "P335413.l024c7",
"ref": "P335413.7.7",
"inst": "kaspu[money]N",
"exosig": "@saao/saa06%akk-x-neoass:kas-pu=kaspu[silver//money]N'N$kaspu",
"f": {"lang": "akk-x-neoass",
"form": "kas-pu",
"cf": "kaspu",
"gw": "silver",
"sense": "money",
"norm": "kaspu",
"pos": "N",
"epos": "N"}
}
,
{
"node": "l",
"frag": "⸢gam⸣-[mur]",
"id": "P335413.l024c8",
"ref": "P335413.7.8",
"inst": "gammur[completed]AJ",
"exosig": "@saao/saa06%akk-x-neoass:gam-mur=gammuru[finished//completed]AJ'AJ$gammur",
"f": {"lang": "akk-x-neoass",
"form": "gam-mur",
"cf": "gammuru",
"gw": "finished",
"sense": "completed",
"norm": "gammur",
"pos": "AJ",
"epos": "AJ"}
}
,
{
"node": "d",
"type": "line-start",
"ref": "P335413.8",
"n": "6'",
"label": "o 6'"}
,
{
"node": "l",
"frag": "[ta-din",
"id": "P335413.l024c9",
"ref": "P335413.8.1",
"inst": "tadin[paid]AJ",
"exosig": "@saao/saa06%akk-x-neoass:ta-din=tadnu[given//paid]AJ'AJ$tadin",
"f": {"lang": "akk-x-neoass",
"form": "ta-din",
"cf": "tadnu",
"gw": "given",
"sense": "paid",
"norm": "tadin",
"pos": "AJ",
"epos": "AJ"}
}
,
{
"node": "l",
"frag": "{uru]}⸢i⸣-si-tu₂",
"id": "P335413.l024ca",
"ref": "P335413.8.2",
"inst": "isītu[tower]N",
"exosig": "@saao/saa06%akk-x-neoass:{URU}i-si-tu₂=isītu[tower//tower]N'N$isītu",
"f": {"lang": "akk-x-neoass",
"form": "{URU}i-si-tu₂",
"cf": "isītu",
"gw": "tower",
"sense": "tower",
"norm": "isītu",
"pos": "N",
"epos": "N"}
}
,
{
"node": "l",
"frag": "a-di",
"id": "P335413.l024cb",
"ref": "P335413.8.3",
"inst": "adi[with]PRP",
"exosig": "@saao/saa06%akk-x-neoass:a-di=adi[until//with]PRP'PRP$adi",
"f": {"lang": "akk-x-neoass",
"form": "a-di",
"cf": "adi",
"gw": "until",
"sense": "with",
"norm": "adi",
"pos": "PRP",
"epos": "PRP"}
}
,
{
"node": "l",
"frag": "A.⸢ŠA₃⸣.[GA-MEŠ]",
"id": "P335413.l024cc",
"ref": "P335413.8.4",
"inst": "eqlāti[field]N",
"exosig": "@saao/saa06%akk-x-neoass:A.ŠA₃.GA-MEŠ=eqlu[field//field]N'N$eqlāti",
"f": {"lang": "akk-x-neoass",
"form": "A.ŠA₃.GA-MEŠ",
"cf": "eqlu",
"gw": "field",
"sense": "field",
"norm": "eqlāti",
"pos": "N",
"epos": "N"}
}
,
{
"node": "d",
"type": "line-start",
"ref": "P335413.9",
"n": "7'",
"label": "o 7'"}
,
{
"node": "l",
"frag": "{1}ab-di]-ku-bu-bi",
"id": "P335413.l024cd",
"ref": "P335413.9.1",
"inst": "Abdi-Kububi[1]PN$",
"exosig": "@saao/saa06%akk-x-neoass:{1}ab-di-ku-bu-bi=Abdi-Kububi[1//1]PN'PN$Abdi-Kububi",
"f": {"lang": "akk-x-neoass",
"form": "{1}ab-di-ku-bu-bi",
"cf": "Abdi-Kububi",
"gw": "1",
"sense": "1",
"norm": "Abdi-Kububi",
"pos": "PN",
"epos": "PN"}
}
,
{
"node": "l",
"frag": "a-di",
"id": "P335413.l024ce",
"ref": "P335413.9.2",
"inst": "adi[with]PRP",
"exosig": "@saao/saa06%akk-x-neoass:a-di=adi[until//with]PRP'PRP$adi",
"f": {"lang": "akk-x-neoass",
"form": "a-di",
"cf": "adi",
"gw": "until",
"sense": "with",
"norm": "adi",
"pos": "PRP",
"epos": "PRP"}
}
,
{
"node": "l",
"frag": "UN-[MEŠ-šu₂]",
"id": "P335413.l024cf",
"ref": "P335413.9.3",
"inst": "nišēšu[people]N",
"exosig": "@saao/saa06%akk-x-neoass:UN-MEŠ-šu₂=nišu[people//people]N'N$nišēšu",
"f": {"lang": "akk-x-neoass",
"form": "UN-MEŠ-šu₂",
"cf": "nišu",
"gw": "people",
"sense": "people",
"norm": "nišēšu",
"pos": "N",
"epos": "N"}
}
,
{
"node": "d",
"type": "line-start",
"ref": "P335413.10",
"n": "8'",
"label": "o 8'"}
,
{
"node": "l",
"frag": "[ap]-⸢lu⸣",
"id": "P335413.l024d0",
"ref": "P335413.10.1",
"inst": "aplu[paid off]AJ",
"exosig": "@saao/saa06%akk-x-neoass:ap-lu=aplu[paid off//paid off]AJ'AJ$aplu",
"f": {"lang": "akk-x-neoass",
"form": "ap-lu",
"cf": "aplu",
"gw": "paid off",
"sense": "paid off",
"norm": "aplu",
"pos": "AJ",
"epos": "AJ"}
}
,
{
"node": "l",
"frag": "[zar-pu",
"id": "P335413.l024d1",
"ref": "P335413.10.2",
"inst": "zarpu[purchased]AJ",
"exosig": "@saao/saa06%akk-x-neoass:zar-pu=zarpu[purchased//purchased]AJ'AJ$zarpu",
"f": {"lang": "akk-x-neoass",
"form": "zar-pu",
"cf": "zarpu",
"gw": "purchased",
"sense": "purchased",
"norm": "zarpu",
"pos": "AJ",
"epos": "AJ"}
}
,
{
"node": "l",
"frag": "laq]-⸢qi₂⸣",
"id": "P335413.l024d2",
"ref": "P335413.10.3",
"inst": "laqqi[acquired]AJ",
"exosig": "@saao/saa06%akk-x-neoass:laq-qi₂=leqû[taken//acquired]AJ'AJ$laqqi",
"f": {"lang": "akk-x-neoass",
"form": "laq-qi₂",
"cf": "leqû",
"gw": "taken",
"sense": "acquired",
"norm": "laqqi",
"pos": "AJ",
"epos": "AJ"}
}
,
{
"node": "l",
"frag": "tu-a-ru",
"id": "P335413.l024d3",
"ref": "P335413.10.4",
"inst": "tuāru[revocation]'N",
"exosig": "@saao/saa06%akk-x-neoass:tu-a-ru=târu[turn//revocation]V'N$tuāru",
"f": {"lang": "akk-x-neoass",
"form": "tu-a-ru",
"cf": "târu",
"gw": "turn",
"sense": "revocation",
"norm": "tuāru",
"pos": "V",
"epos": "N"}
}
,
{
"node": "l",
"frag": "⸢DUG₄⸣.DUG₄",
"id": "P335413.l024d4",
"ref": "P335413.10.5",
"inst": "dabābu[litigation]'N",
"exosig": "@saao/saa06%akk-x-neoass:DUG₄.DUG₄=dabābu[speak//litigation]V'N$dabābu",
"f": {"lang": "akk-x-neoass",
"form": "DUG₄.DUG₄",
"cf": "dabābu",
"gw": "speak",
"sense": "litigation",
"norm": "dabābu",
"pos": "V",
"epos": "N"}
}
,
{
"node": "l",
"frag": "[la-aš₂-šu₂]",
"id": "P335413.l024d5",
"ref": "P335413.10.6",
"inst": "laššu[(there) is not]V",
"exosig": "@saao/saa06%akk-x-neoass:la-aš₂-šu₂=laššu[(there) is not//(there) is not]V'V$laššu",
"f": {"lang": "akk-x-neoass",
"form": "la-aš₂-šu₂",
"cf": "laššu",
"gw": "(there) is not",
"sense": "(there) is not",
"norm": "laššu",
"pos": "V",
"epos": "V"}
}
,
{
"node": "d",
"type": "line-start",
"ref": "P335413.11",
"n": "9'",
"label": "o 9'"}
,
{
"node": "l",
"frag": "[man-nu]",
"id": "P335413.l024d6",
"ref": "P335413.11.1",
"inst": "mannu[whoever]'XP",
"exosig": "@saao/saa06%akk-x-neoass:man-nu=mannu[who?//whoever]QP'XP$mannu",
"f": {"lang": "akk-x-neoass",
"form": "man-nu",
"cf": "mannu",
"gw": "who?",
"sense": "whoever",
"norm": "mannu",
"pos": "QP",
"epos": "XP"}
}
,
{
"node": "l",
"frag": "ša₂",
"id": "P335413.l024d7",
"ref": "P335413.11.2",
"inst": "ša[that]REL",
"exosig": "@saao/saa06%akk-x-neoass:ša₂=ša[that//that]REL'REL$ša",
"f": {"lang": "akk-x-neoass",
"form": "ša₂",
"cf": "ša",
"gw": "that",
"sense": "that",
"norm": "ša",
"pos": "REL",
"epos": "REL"}
}
,
{
"node": "c",
"type": "phrase",
"tag": "phr",
"id": "P335413.U5",
"ref": "P335413.ls00001",
"cdl": [
{
"node": "l",
"frag": "ina",
"id": "P335413.l024d8",
"ref": "P335413.11.3",
"inst": "ina[in+=whenever]PRP$",
"exosig": "@saao/saa06%akk-x-neoass:ina=ina[in//in]PRP'PRP$ina",
"f": {"lang": "akk-x-neoass",
"form": "ina",
"cf": "ina",
"gw": "in",
"sense": "in",
"norm": "ina",
"pos": "PRP",
"epos": "PRP"}
}
,
{
"node": "l",
"frag": "mat-e-ma",
"id": "P335413.l024d9",
"ref": "P335413.11.4",
"inst": "matīma[ever]AV$matēma",
"exosig": "@saao/saa06%akk-x-neoass:mat-e-ma=matīma[ever//ever]AV'AV$matēma",
"f": {"lang": "akk-x-neoass",
"form": "mat-e-ma",
"cf": "matīma",
"gw": "ever",
"sense": "ever",
"norm": "matēma",
"pos": "AV",
"epos": "AV"}
}
]}
,
{
"node": "l",
"frag": "ina",
"id": "P335413.l024da",
"ref": "P335413.11.5",
"inst": "ina[in]PRP",
"exosig": "@saao/saa06%akk-x-neoass:ina=ina[in//in]PRP'PRP$ina",
"f": {"lang": "akk-x-neoass",
"form": "ina",
"cf": "ina",
"gw": "in",
"sense": "in",
"norm": "ina",
"pos": "PRP",
"epos": "PRP"}
}
,
{
"node": "l",
"frag": "⸢EGIR⸣",
"id": "P335413.l024db",
"ref": "P335413.11.6",
"inst": "warkītu[posterity//future+=future time]N'AJ$urkīt",
"exosig": "@saao/saa06%akk-x-neoass:EGIR=warkītu[posterity//future]N'AJ$urkīt",
"f": {"lang": "akk-x-neoass",
"form": "EGIR",
"cf": "warkītu",
"gw": "posterity",
"sense": "future",
"norm": "urkīt",
"pos": "N",
"epos": "AJ"}
}
,
{
"node": "l",
"frag": "[UD-me]",
"id": "P335413.l024dc",
"ref": "P335413.11.7",
"inst": "ūmu[day]N$ūmē",
"exosig": "@saao/saa06%akk-x-neoass:UD-me=ūmu[day//day]N'N$ūmē",
"f": {"lang": "akk-x-neoass",
"form": "UD-me",
"cf": "ūmu",
"gw": "day",
"sense": "day",
"norm": "ūmē",
"pos": "N",
"epos": "N"}
}
,
{
"node": "d",
"type": "line-start",
"ref": "P335413.12",
"n": "10'",
"label": "o 10'"}
,
{
"node": "l",
"frag": "⸢ša₂⸣",
"id": "P335413.l024dd",
"ref": "P335413.12.1",
"inst": "ša[that]REL",
"exosig": "@saao/saa06%akk-x-neoass:ša₂=ša[that//that]REL'REL$ša",
"f": {"lang": "akk-x-neoass",
"form": "ša₂",
"cf": "ša",
"gw": "that",
"sense": "that",
"norm": "ša",
"pos": "REL",
"epos": "REL"}
}
,
{
"node": "l",
"frag": "e-la-an-ni",
"id": "P335413.l024de",
"ref": "P335413.12.2",
"inst": "ellāni[come forward]V",
"exosig": "@saao/saa06%akk-x-neoass:e-la-an-ni=elû[go up//come forward]V'V$ellāni",
"f": {"lang": "akk-x-neoass",
"form": "e-la-an-ni",
"cf": "elû",
"gw": "go up",
"sense": "come forward",
"norm": "ellāni",
"pos": "V",
"epos": "V"}
}
,
{
"node": "l",
"frag": "lu-u",
"id": "P335413.l024df",
"ref": "P335413.12.3",
"inst": "lū[may]MOD",
"exosig": "@saao/saa06%akk-x-neoass:lu-u=lū[may//may]MOD'MOD$lū",
"f": {"lang": "akk-x-neoass",
"form": "lu-u",
"cf": "lū",
"gw": "may",
"sense": "may",
"norm": "lū",
"pos": "MOD",
"epos": "MOD"}
}
,
{
"node": "l",
"frag": "{1}ha-ru-ra-a-⸢nu⸣",
"id": "P335413.l024e0",
"ref": "P335413.12.4",
"inst": "Haruranu[1]PN$",
"exosig": "@saao/saa06%akk-x-neoass:{1}ha-ru-ra-a-nu=Haruranu[1//1]PN'PN$Haruranu",
"f": {"lang": "akk-x-neoass",
"form": "{1}ha-ru-ra-a-nu",
"cf": "Haruranu",
"gw": "1",
"sense": "1",
"norm": "Haruranu",
"pos": "PN",
"epos": "PN"}
}
,
{
"node": "d",
"type": "line-start",
"ref": "P335413.13",
"n": "11'",
"label": "o 11'"}
,
{
"node": "l",
"frag": "lu-u",
"id": "P335413.l024e1",
"ref": "P335413.13.1",
"inst": "lū[may]MOD",
"exosig": "@saao/saa06%akk-x-neoass:lu-u=lū[may//may]MOD'MOD$lū",
"f": {"lang": "akk-x-neoass",
"form": "lu-u",
"cf": "lū",
"gw": "may",
"sense": "may",
"norm": "lū",
"pos": "MOD",
"epos": "MOD"}
}
,
{
"node": "l",
"frag": "{1}sa-li-la-a-nu",
"id": "P335413.l024e2",
"ref": "P335413.13.2",
"inst": "Salilanu[1]PN$",
"exosig": "@saao/saa06%akk-x-neoass:{1}sa-li-la-a-nu=Salilanu[1//1]PN'PN$Salilanu",
"f": {"lang": "akk-x-neoass",
"form": "{1}sa-li-la-a-nu",
"cf": "Salilanu",
"gw": "1",
"sense": "1",
"norm": "Salilanu",
"pos": "PN",
"epos": "PN"}
}
,
{
"node": "l",
"frag": "lu-u",
"id": "P335413.l024e3",
"ref": "P335413.13.3",
"inst": "lū[may]MOD",
"exosig": "@saao/saa06%akk-x-neoass:lu-u=lū[may//may]MOD'MOD$lū",
"f": {"lang": "akk-x-neoass",
"form": "lu-u",
"cf": "lū",
"gw": "may",
"sense": "may",
"norm": "lū",
"pos": "MOD",
"epos": "MOD"}
}
,
{
"node": "l",
"frag": "šu₂-nu",
"id": "P335413.l024e4",
"ref": "P335413.13.4",
"inst": "šunu[they]IP",
"exosig": "@saao/saa06%akk-x-neoass:šu₂-nu=šunu[they//they]IP'IP$šunu",
"f": {"lang": "akk-x-neoass",
"form": "šu₂-nu",
"cf": "šunu",
"gw": "they",
"sense": "they",
"norm": "šunu",
"pos": "IP",
"epos": "IP"}
}
,
{
"node": "d",
"type": "line-start",
"ref": "P335413.14",
"n": "12'",
"label": "o 12'"}
,
{
"node": "l",
"frag": "lu-u",
"id": "P335413.l024e5",
"ref": "P335413.14.1",
"inst": "lū[may]MOD",
"exosig": "@saao/saa06%akk-x-neoass:lu-u=lū[may//may]MOD'MOD$lū",
"f": {"lang": "akk-x-neoass",
"form": "lu-u",
"cf": "lū",
"gw": "may",
"sense": "may",
"norm": "lū",
"pos": "MOD",
"epos": "MOD"}
}
,
{
"node": "l",
"frag": "DUMU-MEŠ-šu₂-nu",
"id": "P335413.l024e6",
"ref": "P335413.14.2",
"inst": "marʾēšunu[son]N",
"exosig": "@saao/saa06%akk-x-neoass:DUMU-MEŠ-šu₂-nu=māru[son//son]N'N$marʾēšunu",
"f": {"lang": "akk-x-neoass",
"form": "DUMU-MEŠ-šu₂-nu",
"cf": "māru",
"gw": "son",
"sense": "son",
"norm": "marʾēšunu",
"pos": "N",
"epos": "N"}
}
,
{
"node": "l",
"frag": "lu-u",
"id": "P335413.l024e7",
"ref": "P335413.14.3",
"inst": "lū[may]MOD",
"exosig": "@saao/saa06%akk-x-neoass:lu-u=lū[may//may]MOD'MOD$lū",
"f": {"lang": "akk-x-neoass",
"form": "lu-u",
"cf": "lū",
"gw": "may",
"sense": "may",
"norm": "lū",
"pos": "MOD",
"epos": "MOD"}
}
,
{
"node": "c",
"type": "phrase",
"tag": "phr",
"id": "P335413.U6",
"ref": "P335413.ls00002",
"cdl": [
{
"node": "l",
"frag": "DUMU-DUMU-MEŠ-šu₂-nu",
"id": "P335413.l024e8",
"ref": "P335413.14.4",
"cof-tails": "P335413.l024e9",
"inst": "māru[son]N$mār&māru[son]N$marʾēšunu",
"exosig": "@saao/saa06%akk-x-neoass:DUMU-DUMU-MEŠ-šu₂-nu=māru[son//son]N'N$mār&&@saao%akk-x-neoass:=māru[son//son]N'N$marʾēšunu",
"f": {"lang": "akk-x-neoass",
"form": "DUMU-DUMU-MEŠ-šu₂-nu",
"cf": "māru",
"gw": "son",
"sense": "son",
"norm": "mār",
"pos": "N",
"epos": "N"}
}
,
{
"node": "l",
"frag": "DUMU-DUMU-MEŠ-šu₂-nu",
"id": "P335413.l024e9",
"ref": "P335413.14.4",
"cof-head": "P335413.l024e8",
"inst": "māru[son]N$mār&māru[son]N$marʾēšunu",
"tail-sig": "@saao%akk-x-neoass:=māru[son//son]N'N$marʾēšunu",
"f": {"lang": "akk-x-neoass",
"form": "DUMU-DUMU-MEŠ-šu₂-nu",
"cf": "māru",
"gw": "son",
"sense": "son",
"norm": "marʾēšunu",
"pos": "N",
"epos": "N"}
}
]}
,
{
"node": "d",
"type": "line-start",
"ref": "P335413.15",
"n": "13'",
"label": "o 13'"}
,
{
"node": "l",
"frag": "lu-u",
"id": "P335413.l024ea",
"ref": "P335413.15.1",
"inst": "lū[may]MOD",
"exosig": "@saao/saa06%akk-x-neoass:lu-u=lū[may//may]MOD'MOD$lū",
"f": {"lang": "akk-x-neoass",
"form": "lu-u",
"cf": "lū",
"gw": "may",
"sense": "may",
"norm": "lū",
"pos": "MOD",
"epos": "MOD"}
}
,
{
"node": "l",
"frag": "PAB-MEŠ-šu₂-nu",
"id": "P335413.l024eb",
"ref": "P335413.15.2",
"inst": "ahhēšunu[brother]N",
"exosig": "@saao/saa06%akk-x-neoass:PAB-MEŠ-šu₂-nu=ahu[brother//brother]N'N$ahhēšunu",
"f": {"lang": "akk-x-neoass",
"form": "PAB-MEŠ-šu₂-nu",
"cf": "ahu",
"gw": "brother",
"sense": "brother",
"norm": "ahhēšunu",
"pos": "N",
"epos": "N"}
}
,
{
"node": "l",
"frag": "lu-u",
"id": "P335413.l024ec",
"ref": "P335413.15.3",
"inst": "lū[may]MOD",
"exosig": "@saao/saa06%akk-x-neoass:lu-u=lū[may//may]MOD'MOD$lū",
"f": {"lang": "akk-x-neoass",
"form": "lu-u",
"cf": "lū",
"gw": "may",
"sense": "may",
"norm": "lū",
"pos": "MOD",
"epos": "MOD"}
}
,
{
"node": "c",
"type": "phrase",
"tag": "phr",
"id": "P335413.U7",
"ref": "P335413.ls00003",
"cdl": [
{
"node": "l",
"frag": "DUMU-ŠEŠ-šu₂-nu",
"id": "P335413.l024ed",
"ref": "P335413.15.4",
"cof-tails": "P335413.l024ee",
"inst": "māru[son]N$mār&ahu[brother]N$ahhēšunu",
"exosig": "@saao/saa06%akk-x-neoass:DUMU-ŠEŠ-šu₂-nu=māru[son//son]N'N$mār&&@saao%akk-x-neoass:=ahu[brother//brother]N'N$ahhēšunu",
"f": {"lang": "akk-x-neoass",
"form": "DUMU-ŠEŠ-šu₂-nu",
"cf": "māru",
"gw": "son",
"sense": "son",
"norm": "mār",
"pos": "N",
"epos": "N"}
}
,
{
"node": "l",
"frag": "DUMU-ŠEŠ-šu₂-nu",
"id": "P335413.l024ee",
"ref": "P335413.15.4",
"cof-head": "P335413.l024ed",
"inst": "māru[son]N$mār&ahu[brother]N$ahhēšunu",
"tail-sig": "@saao%akk-x-neoass:=ahu[brother//brother]N'N$ahhēšunu",
"f": {"lang": "akk-x-neoass",
"form": "DUMU-ŠEŠ-šu₂-nu",
"cf": "ahu",
"gw": "brother",
"sense": "brother",
"norm": "ahhēšunu",
"pos": "N",
"epos": "N"}
}
]}
,
{
"node": "d",
"type": "line-start",
"ref": "P335413.16",
"n": "14'",
"label": "o 14'"}
,
{
"node": "l",
"frag": "lu-u",
"id": "P335413.l024ef",
"ref": "P335413.16.1",
"inst": "lū[may]MOD",
"exosig": "@saao/saa06%akk-x-neoass:lu-u=lū[may//may]MOD'MOD$lū",
"f": {"lang": "akk-x-neoass",
"form": "lu-u",
"cf": "lū",
"gw": "may",
"sense": "may",
"norm": "lū",
"pos": "MOD",
"epos": "MOD"}
}
,
{
"node": "l",
"frag": "{lu₂}GAR-nu",
"id": "P335413.l024f0",
"ref": "P335413.16.2",
"inst": "šaknu[prefect]N",
"exosig": "@saao/saa06%akk-x-neoass:{LU₂}GAR-nu=šaknu[appointee//prefect]N'N$šaknu",
"f": {"lang": "akk-x-neoass",
"form": "{LU₂}GAR-nu",
"cf": "šaknu",
"gw": "appointee",
"sense": "prefect",
"norm": "šaknu",
"pos": "N",
"epos": "N"}
}
,
{
"node": "l",
"frag": "lu-u",
"id": "P335413.l024f1",
"ref": "P335413.16.3",
"inst": "lū[may]MOD",
"exosig": "@saao/saa06%akk-x-neoass:lu-u=lū[may//may]MOD'MOD$lū",
"f": {"lang": "akk-x-neoass",
"form": "lu-u",
"cf": "lū",
"gw": "may",
"sense": "may",
"norm": "lū",
"pos": "MOD",
"epos": "MOD"}
}
,
{
"node": "l",
"frag": "{lu₂}ša₂-pi-ru",
"id": "P335413.l024f2",
"ref": "P335413.16.4",
"inst": "šāpiru[giver of instructions//administrator]N$",
"exosig": "@saao/saa06%akk-x-neoass:{LU₂}ša₂-pi-ru=šāpiru[giver of instructions//administrator]N'N$šāpiru",
"f": {"lang": "akk-x-neoass",
"form": "{LU₂}ša₂-pi-ru",
"cf": "šāpiru",
"gw": "giver of instructions",
"sense": "administrator",
"norm": "šāpiru",
"pos": "N",
"epos": "N"}
}
,
{
"node": "d",
"type": "line-start",
"ref": "P335413.17",
"n": "15'",
"label": "o 15'"}
,
{
"node": "l",
"frag": "lu-u",
"id": "P335413.l024f3",
"ref": "P335413.17.1",
"inst": "lū[may]MOD",
"exosig": "@saao/saa06%akk-x-neoass:lu-u=lū[may//may]MOD'MOD$lū",
"f": {"lang": "akk-x-neoass",
"form": "lu-u",
"cf": "lū",
"gw": "may",
"sense": "may",
"norm": "lū",
"pos": "MOD",
"epos": "MOD"}
}
,
{
"node": "l",
"frag": "mam₂-ma",
"id": "P335413.l024f4",
"ref": "P335413.17.2",
"inst": "mamma[anybody]XP",
"exosig": "@saao/saa06%akk-x-neoass:mam₂-ma=mamman[somebody//anybody]XP'XP$mamma",
"f": {"lang": "akk-x-neoass",
"form": "mam₂-ma",
"cf": "mamman",
"gw": "somebody",
"sense": "anybody",
"norm": "mamma",
"pos": "XP",
"epos": "XP"}
}
,
{
"node": "c",
"type": "phrase",
"tag": "phr",
"id": "P335413.U8",
"ref": "P335413.ls00004",
"cdl": [
{
"node": "l",
"frag": "EN-il-ki-šu₂-nu",
"id": "P335413.l024f5",
"ref": "P335413.17.3",
"cof-tails": "P335413.l024f6",
"inst": "bēlu[lord]N$bēl&ilku[state service]N$ilkišunu",
"exosig": "@saao/saa06%akk-x-neoass:EN-il-ki-šu₂-nu=bēlu[lord//lord]N'N$bēl&&@saao%akk-x-neoass:=ilku[state service//state service]N'N$ilkišunu",
"f": {"lang": "akk-x-neoass",
"form": "EN-il-ki-šu₂-nu",
"cf": "bēlu",
"gw": "lord",
"sense": "lord",
"norm": "bēl",
"pos": "N",
"epos": "N"}
}
,
{
"node": "l",
"frag": "EN-il-ki-šu₂-nu",
"id": "P335413.l024f6",
"ref": "P335413.17.3",
"cof-head": "P335413.l024f5",
"inst": "bēlu[lord]N$bēl&ilku[state service]N$ilkišunu",
"tail-sig": "@saao%akk-x-neoass:=ilku[state service//state service]N'N$ilkišunu",
"f": {"lang": "akk-x-neoass",
"form": "EN-il-ki-šu₂-nu",
"cf": "ilku",
"gw": "state service",
"sense": "state service",
"norm": "ilkišunu",
"pos": "N",
"epos": "N"}
}
]}
,
{
"node": "d",
"type": "line-start",
"ref": "P335413.18",
"n": "16'",
"label": "o 16'"}
,
{
"node": "l",
"frag": "ša₂",
"id": "P335413.l024f7",
"ref": "P335413.18.1",
"inst": "ša[who]REL",
"exosig": "@saao/saa06%akk-x-neoass:ša₂=ša[that//who]REL'REL$ša",
"f": {"lang": "akk-x-neoass",
"form": "ša₂",
"cf": "ša",
"gw": "that",
"sense": "who",
"norm": "ša",
"pos": "REL",
"epos": "REL"}
}
,
{
"node": "l",
"frag": "e-la-a-ni",
"id": "P335413.l024f8",
"ref": "P335413.18.2",
"inst": "elû[go up//come forward]V$ellāni",
"exosig": "@saao/saa06%akk-x-neoass:e-la-a-ni=elû[go up//come forward]V'V$ellāni",
"f": {"lang": "akk-x-neoass",
"form": "e-la-a-ni",
"cf": "elû",
"gw": "go up",
"sense": "come forward",
"norm": "ellāni",
"pos": "V",
"epos": "V"}
}
,
{
"node": "l",
"frag": "de-e-nu",
"id": "P335413.l024f9",
"ref": "P335413.18.3",
"inst": "dēnu[lawsuit]N",
"exosig": "@saao/saa06%akk-x-neoass:de-e-nu=dīnu[legal decision//lawsuit]N'N$dēnu",
"f": {"lang": "akk-x-neoass",
"form": "de-e-nu",
"cf": "dīnu",
"gw": "legal decision",
"sense": "lawsuit",
"norm": "dēnu",
"pos": "N",
"epos": "N"}
}
,
{
"node": "l",
"frag": "DUG₄.DUG₄",
"id": "P335413.l024fa",
"ref": "P335413.18.4",
"inst": "dabābu[litigation]'N",
"exosig": "@saao/saa06%akk-x-neoass:DUG₄.DUG₄=dabābu[speak//litigation]V'N$dabābu",
"f": {"lang": "akk-x-neoass",
"form": "DUG₄.DUG₄",
"cf": "dabābu",
"gw": "speak",
"sense": "litigation",
"norm": "dabābu",
"pos": "V",
"epos": "N"}
}
,
{
"node": "d",
"type": "line-start",
"ref": "P335413.19",
"n": "17'",
"label": "o 17'"}
,
{
"node": "l",
"frag": "TA@v",
"id": "P335413.l024fb",
"ref": "P335413.19.1",
"inst": "issi[with]PRP",
"exosig": "@saao/saa06%akk-x-neoass:TA@v=išti[with//with]PRP'PRP$issi",
"f": {"lang": "akk-x-neoass",
"form": "TA@v",
"cf": "išti",
"gw": "with",
"sense": "with",
"norm": "issi",
"pos": "PRP",
"epos": "PRP"}
}
,
{
"node": "l",
"frag": "{1}DUMU.UŠ-a.a⸣",
"id": "P335413.l024fc",
"ref": "P335413.19.2",
"inst": "Aplaya[1]PN$",
"exosig": "@saao/saa06%akk-x-neoass:{1}DUMU.UŠ-a.a=Aplaya[1//1]PN'PN$Aplaya",
"f": {"lang": "akk-x-neoass",
"form": "{1}DUMU.UŠ-a.a",
"cf": "Aplaya",
"gw": "1",
"sense": "1",
"norm": "Aplaya",
"pos": "PN",
"epos": "PN"}
}
,
{
"node": "l",
"frag": "u₃",
"id": "P335413.l024fd",
"ref": "P335413.19.3",
"inst": "u[and]CNJ",
"exosig": "@saao/saa06%akk-x-neoass:u₃=u[and//and]CNJ'CNJ$u",
"f": {"lang": "akk-x-neoass",
"form": "u₃",
"cf": "u",
"gw": "and",
"sense": "and",
"norm": "u",
"pos": "CNJ",
"epos": "CNJ"}
}
,
{
"node": "l",
"frag": "DUMU-MEŠ-šu₂",
"id": "P335413.l024fe",
"ref": "P335413.19.4",
"inst": "marʾēšu[son]N",
"sig": "@saao%akk-x-neoass:DUMU-MEŠ-šu₂=māru[son//son]N'N$marʾēšu",
"f": {"lang": "akk-x-neoass",
"form": "DUMU-MEŠ-šu₂",
"cf": "māru",
"gw": "son",
"sense": "son",
"norm": "marʾēšu",
"pos": "N",
"epos": "N"}
}
,
{
"node": "d",
"type": "line-start",
"ref": "P335413.20",
"n": "18'",
"label": "o 18'"}
,
{
"node": "l",
"frag": "i-gar-ru-u-ni",
"id": "P335413.l024ff",
"ref": "P335413.20.1",
"inst": "gerû[be(come) hostile to//initiate]V$igarrûni",
"exosig": "@saao/saa06%akk-x-neoass:i-gar-ru-u-ni=gerû[be(come) hostile to//initiate]V'V$igarrûni",
"f": {"lang": "akk-x-neoass",
"form": "i-gar-ru-u-ni",
"cf": "gerû",
"gw": "be(come) hostile to",
"sense": "initiate",
"norm": "igarrûni",
"pos": "V",
"epos": "V"}
}
,
{
"node": "l",
"frag": "i-qab-bu-u-ni",
"id": "P335413.l02500",
"ref": "P335413.20.2",
"inst": "iqabbûni[say]V",
"exosig": "@saao/saa06%akk-x-neoass:i-qab-bu-u-ni=qabû[say//say]V'V$iqabbûni",
"f": {"lang": "akk-x-neoass",
"form": "i-qab-bu-u-ni",
"cf": "qabû",
"gw": "say",
"sense": "say",
"norm": "iqabbûni",
"pos": "V",
"epos": "V"}
}
,
{
"node": "d",
"type": "line-start",
"ref": "P335413.21",
"n": "19'",
"label": "o 19'"}
,
{
"node": "l",
"frag": "ma-⸢a",
"id": "P335413.l02501",
"ref": "P335413.21.1",
"inst": "mā[saying]PRP",
"exosig": "@saao/saa06%akk-x-neoass:ma-a=mā[saying//saying]PRP'PRP$mā",
"f": {"lang": "akk-x-neoass",
"form": "ma-a",
"cf": "mā",
"gw": "saying",
"sense": "saying",
"norm": "mā",
"pos": "PRP",
"epos": "PRP"}
}
,
{
"node": "l",
"frag": "kas⸣-pu",
"id": "P335413.l02502",
"ref": "P335413.21.2",
"inst": "kaspu[money]N",
"exosig": "@saao/saa06%akk-x-neoass:kas-pu=kaspu[silver//money]N'N$kaspu",
"f": {"lang": "akk-x-neoass",
"form": "kas-pu",
"cf": "kaspu",
"gw": "silver",
"sense": "money",
"norm": "kaspu",
"pos": "N",
"epos": "N"}
}
,
{
"node": "l",
"frag": "la",
"id": "P335413.l02503",
"ref": "P335413.21.3",
"inst": "lā[not]MOD",
"exosig": "@saao/saa06%akk-x-neoass:la=lā[not//not]MOD'MOD$lā",
"f": {"lang": "akk-x-neoass",
"form": "la",
"cf": "lā",
"gw": "not",
"sense": "not",
"norm": "lā",
"pos": "MOD",
"epos": "MOD"}
}
,
{
"node": "l",
"frag": "gam-mur",
"id": "P335413.l02504",
"ref": "P335413.21.4",
"inst": "gammur[completed]AJ",
"exosig": "@saao/saa06%akk-x-neoass:gam-mur=gammuru[finished//completed]AJ'AJ$gammur",
"f": {"lang": "akk-x-neoass",
"form": "gam-mur",
"cf": "gammuru",
"gw": "finished",
"sense": "completed",
"norm": "gammur",
"pos": "AJ",
"epos": "AJ"}
}
,
{
"node": "l",
"frag": "⸢la⸣",
"id": "P335413.l02505",
"ref": "P335413.21.5",
"inst": "lā[not]MOD",
"exosig": "@saao/saa06%akk-x-neoass:la=lā[not//not]MOD'MOD$lā",
"f": {"lang": "akk-x-neoass",
"form": "la",
"cf": "lā",
"gw": "not",
"sense": "not",
"norm": "lā",
"pos": "MOD",
"epos": "MOD"}
}
,
{
"node": "l",
"frag": "ta-ad-⸢din⸣",
"id": "P335413.l02506",
"ref": "P335413.21.6",
"inst": "taddin[paid]AJ",
"exosig": "@saao/saa06%akk-x-neoass:ta-ad-din=tadnu[given//paid]AJ'AJ$taddin",
"f": {"lang": "akk-x-neoass",
"form": "ta-ad-din",
"cf": "tadnu",
"gw": "given",
"sense": "paid",
"norm": "taddin",
"pos": "AJ",
"epos": "AJ"}
}
,
{
"node": "d",
"type": "line-start",
"ref": "P335413.22",
"n": "20'",
"label": "o 20'"}
,
{
"node": "l",
"frag": "i-si-tu₂",
"id": "P335413.l02507",
"ref": "P335413.22.1",
"inst": "isītu[tower]N",
"exosig": "@saao/saa06%akk-x-neoass:i-si-tu₂=isītu[tower//tower]N'N$isītu",
"f": {"lang": "akk-x-neoass",
"form": "i-si-tu₂",
"cf": "isītu",
"gw": "tower",
"sense": "tower",
"norm": "isītu",
"pos": "N",
"epos": "N"}
}
,
{
"node": "l",
"frag": "a-di",
"id": "P335413.l02508",
"ref": "P335413.22.2",
"inst": "adi[with]PRP",
"exosig": "@saao/saa06%akk-x-neoass:a-di=adi[until//with]PRP'PRP$adi",
"f": {"lang": "akk-x-neoass",
"form": "a-di",
"cf": "adi",
"gw": "until",
"sense": "with",
"norm": "adi",
"pos": "PRP",
"epos": "PRP"}
}
,
{
"node": "l",
"frag": "⸢A⸣.[ŠA₃.GA-MEŠ",
"id": "P335413.l02509",
"ref": "P335413.22.3",
"inst": "eqlāti[field]N",
"exosig": "@saao/saa06%akk-x-neoass:A.ŠA₃.GA-MEŠ=eqlu[field//field]N'N$eqlāti",
"f": {"lang": "akk-x-neoass",
"form": "A.ŠA₃.GA-MEŠ",
"cf": "eqlu",
"gw": "field",
"sense": "field",
"norm": "eqlāti",
"pos": "N",
"epos": "N"}
}
,
{
"node": "l",
"frag": "{1}ab-di-ku-bu-bi]",
"id": "P335413.l0250a",
"ref": "P335413.22.4",
"inst": "Abdi-Kububi[1]PN$",
"exosig": "@saao/saa06%akk-x-neoass:{1}ab-di-ku-bu-bi=Abdi-Kububi[1//1]PN'PN$Abdi-Kububi",
"f": {"lang": "akk-x-neoass",
"form": "{1}ab-di-ku-bu-bi",
"cf": "Abdi-Kububi",
"gw": "1",
"sense": "1",
"norm": "Abdi-Kububi",
"pos": "PN",
"epos": "PN"}
}
,
{
"node": "d",
"subtype": "reverse",
"type": "surface",
"ref": "P335413.r.23",
"type": "reverse",
"label": "r"}
,
{
"node": "d",
"type": "line-start",
"ref": "P335413.24",
"n": "1",
"label": "r 1"}
,
{
"node": "l",
"frag": "a-di",
"id": "P335413.l0250b",
"ref": "P335413.24.1",
"inst": "adi[with]PRP",
"exosig": "@saao/saa06%akk-x-neoass:a-di=adi[until//with]PRP'PRP$adi",
"f": {"lang": "akk-x-neoass",
"form": "a-di",
"cf": "adi",
"gw": "until",
"sense": "with",
"norm": "adi",
"pos": "PRP",
"epos": "PRP"}
}
,
{
"node": "l",
"frag": "UN-MEŠ-[šu₂",
"id": "P335413.l0250c",
"ref": "P335413.24.2",
"inst": "nišēšu[people]N",
"exosig": "@saao/saa06%akk-x-neoass:UN-MEŠ-šu₂=nišu[people//people]N'N$nišēšu",
"f": {"lang": "akk-x-neoass",
"form": "UN-MEŠ-šu₂",
"cf": "nišu",
"gw": "people",
"sense": "people",
"norm": "nišēšu",
"pos": "N",
"epos": "N"}
}
,
{
"node": "l",
"frag": "la",
"id": "P335413.l0250d",
"ref": "P335413.24.3",
"inst": "lā[not]MOD",
"exosig": "@saao/saa06%akk-x-neoass:la=lā[not//not]MOD'MOD$lā",
"f": {"lang": "akk-x-neoass",
"form": "la",
"cf": "lā",
"gw": "not",
"sense": "not",
"norm": "lā",
"pos": "MOD",
"epos": "MOD"}
}
,
{
"node": "l",
"frag": "ap-lu",
"id": "P335413.l0250e",
"ref": "P335413.24.4",
"inst": "aplu[paid off]AJ",
"exosig": "@saao/saa06%akk-x-neoass:ap-lu=aplu[paid off//paid off]AJ'AJ$aplu",
"f": {"lang": "akk-x-neoass",
"form": "ap-lu",
"cf": "aplu",
"gw": "paid off",
"sense": "paid off",
"norm": "aplu",
"pos": "AJ",
"epos": "AJ"}
}
,
{
"node": "l",
"frag": "la",
"id": "P335413.l0250f",
"ref": "P335413.24.5",
"inst": "lā[not]MOD",
"exosig": "@saao/saa06%akk-x-neoass:la=lā[not//not]MOD'MOD$lā",
"f": {"lang": "akk-x-neoass",
"form": "la",
"cf": "lā",
"gw": "not",
"sense": "not",
"norm": "lā",
"pos": "MOD",
"epos": "MOD"}
}
,
{
"node": "l",
"frag": "zar-pu]",
"id": "P335413.l02510",
"ref": "P335413.24.6",
"inst": "zarpu[purchased]AJ",
"exosig": "@saao/saa06%akk-x-neoass:zar-pu=zarpu[purchased//purchased]AJ'AJ$zarpu",
"f": {"lang": "akk-x-neoass",
"form": "zar-pu",
"cf": "zarpu",
"gw": "purchased",
"sense": "purchased",
"norm": "zarpu",
"pos": "AJ",
"epos": "AJ"}
}
,
{
"node": "d",
"type": "line-start",
"ref": "P335413.25",
"n": "2",
"label": "r 2"}
,
{
"node": "l",
"frag": "la",
"id": "P335413.l02511",
"ref": "P335413.25.1",
"inst": "lā[not]MOD",
"exosig": "@saao/saa06%akk-x-neoass:la=lā[not//not]MOD'MOD$lā",
"f": {"lang": "akk-x-neoass",
"form": "la",
"cf": "lā",
"gw": "not",
"sense": "not",
"norm": "lā",
"pos": "MOD",
"epos": "MOD"}
}
,
{
"node": "l",
"frag": "laq-qi₂-u",
"id": "P335413.l02512",
"ref": "P335413.25.2",
"inst": "laqqiu[acquired]AJ",
"exosig": "@saao/saa06%akk-x-neoass:laq-qi₂-u=leqû[taken//acquired]AJ'AJ$laqqiu",
"f": {"lang": "akk-x-neoass",
"form": "laq-qi₂-u",
"cf": "leqû",
"gw": "taken",
"sense": "acquired",
"norm": "laqqiu",
"pos": "AJ",
"epos": "AJ"}
}
,
{
"node": "l",
"frag": "⸢la⸣",
"id": "P335413.l02513",
"ref": "P335413.25.3",
"inst": "lā[not]MOD",
"exosig": "@saao/saa06%akk-x-neoass:la=lā[not//not]MOD'MOD$lā",
"f": {"lang": "akk-x-neoass",
"form": "la",
"cf": "lā",
"gw": "not",
"sense": "not",
"norm": "lā",
"pos": "MOD",
"epos": "MOD"}
}
,
{
"node": "l",
"frag": "[x",
"id": "P335413.l02514",
"ref": "P335413.25.4",
"inst": "u",
"f": {"lang": "akk-x-neoass",
"form": "x",
"pos": "u"}
}
,
{
"node": "l",
"frag": "x",
"id": "P335413.l02515",
"ref": "P335413.25.5",
"inst": "u",
"f": {"lang": "akk-x-neoass",
"form": "x",
"pos": "u"}
}
,
{
"node": "l",
"frag": "x",
"id": "P335413.l02516",
"ref": "P335413.25.6",
"inst": "u",
"f": {"lang": "akk-x-neoass",
"form": "x",
"pos": "u"}
}
,
{
"node": "l",
"frag": "x",
"id": "P335413.l02517",
"ref": "P335413.25.7",
"inst": "u",
"f": {"lang": "akk-x-neoass",
"form": "x",
"pos": "u"}
}
,
{
"node": "l",
"frag": "x",
"id": "P335413.l02518",
"ref": "P335413.25.8",
"inst": "u",
"f": {"lang": "akk-x-neoass",
"form": "x",
"pos": "u"}
}
,
{
"node": "l",
"frag": "x]",
"id": "P335413.l02519",
"ref": "P335413.25.9",
"inst": "u",
"f": {"lang": "akk-x-neoass",
"form": "x",
"pos": "u"}
}
,
{
"node": "d",
"type": "line-start",
"ref": "P335413.26",
"n": "3",
"label": "r 3"}
,
{
"node": "l",
"frag": "01",
"id": "P335413.l0251a",
"ref": "P335413.26.1",
"inst": "n",
"f": {"lang": "akk-x-neoass",
"form": "01",
"pos": "n"}
}
,
{
"node": "l",
"frag": "MA.NA",
"id": "P335413.l0251b",
"ref": "P335413.26.2",
"inst": "manû[a unit of weight]N",
"exosig": "@saao/saa06%akk-x-neoass:MA.NA=manû[unit//a unit of weight]N'N$manû",
"f": {"lang": "akk-x-neoass",
"form": "MA.NA",
"cf": "manû",
"gw": "unit",
"sense": "a unit of weight",
"norm": "manû",
"pos": "N",
"epos": "N"}
}
,
{
"node": "l",
"frag": "KUŠ.TAB.BA",
"id": "P335413.l0251c",
"ref": "P335413.26.3",
"inst": "gildu[(animal) hide]N$gildi",
"exosig": "@saao/saa06%akk-x-neoass:KUŠ.TAB.BA=gildu[(animal) hide//(animal) hide]N'N$gildi",
"f": {"lang": "akk-x-neoass",
"form": "KUŠ.TAB.BA",
"cf": "gildu",
"gw": "(animal) hide",
"sense": "(animal) hide",
"norm": "gildi",
"pos": "N",
"epos": "N"}
}
,
{
"node": "l",
"frag": "⸢KU₂⸣",
"id": "P335413.l0251d",
"ref": "P335413.26.4",
"inst": "ekkal[eat]V",
"exosig": "@saao/saa06%akk-x-neoass:KU₂=akālu[eat//eat]V'V$ekkal",
"f": {"lang": "akk-x-neoass",
"form": "KU₂",
"cf": "akālu",
"gw": "eat",
"sense": "eat",
"norm": "ekkal",
"pos": "V",
"epos": "V"}
}
,
{
"node": "l",
"frag": "[am-mar]",
"id": "P335413.l0251e",
"ref": "P335413.26.5",
"inst": "ammar[as many as]REL",
"exosig": "@saao/saa06%akk-x-neoass:am-mar=ammar[as much as//as many as]REL'REL$ammar",
"f": {"lang": "akk-x-neoass",
"form": "am-mar",
"cf": "ammar",
"gw": "as much as",
"sense": "as many as",
"norm": "ammar",
"pos": "REL",
"epos": "REL"}
}
,
{
"node": "d",
"type": "line-start",
"ref": "P335413.27",
"n": "4",
"label": "r 4"}
,
{
"node": "l",
"frag": "{dug}a-gan-ni",
"id": "P335413.l0251f",
"ref": "P335413.27.1",
"inst": "agannu[bowl]N$aganni",
"exosig": "@saao/saa06%akk-x-neoass:{DUG}a-gan-ni=agannu[bowl//bowl]N'N$aganni",
"f": {"lang": "akk-x-neoass",
"form": "{DUG}a-gan-ni",
"cf": "agannu",
"gw": "bowl",
"sense": "bowl",
"norm": "aganni",
"pos": "N",
"epos": "N"}
}
,
{
"node": "l",
"frag": "kur-ru",
"id": "P335413.l02520",
"ref": "P335413.27.2",
"inst": "kurru[tanning fluid]N$",
"exosig": "@saao/saa06%akk-x-neoass:kur-ru=kurru[tanning fluid//tanning fluid]N'N$kurru",
"f": {"lang": "akk-x-neoass",
"form": "kur-ru",
"cf": "kurru",
"gw": "tanning fluid",
"sense": "tanning fluid",
"norm": "kurru",
"pos": "N",
"epos": "N"}
}
,
{
"node": "l",
"frag": "⸢NAG",
"id": "P335413.l02521",
"ref": "P335413.27.3",
"inst": "išatti[drink]V",
"exosig": "@saao/saa06%akk-x-neoass:NAG=šatû[drink//drink]V'V$išatti",
"f": {"lang": "akk-x-neoass",
"form": "NAG",
"cf": "šatû",
"gw": "drink",
"sense": "drink",
"norm": "išatti",
"pos": "V",
"epos": "V"}
}
,
{
"node": "l",
"frag": "DUMU⸣.[UŠ-šu₂",
"id": "P335413.l02522",
"ref": "P335413.27.4",
"inst": "aplu[heir]N$apilšu",
"exosig": "@saao/saa06%akk-x-neoass:DUMU.UŠ-šu₂=aplu[heir//heir]N'N$apilšu",
"f": {"lang": "akk-x-neoass",
"form": "DUMU.UŠ-šu₂",
"cf": "aplu",
"gw": "heir",
"sense": "heir",
"norm": "apilšu",
"pos": "N",
"epos": "N"}
}
,
{
"node": "l",
"frag": "a-na",
"id": "P335413.l02523",
"ref": "P335413.27.5",
"inst": "ana[to//in favour of]PRP$",
"exosig": "@saao/saa06%akk-x-neoass:a-na=ana[to//in favour of]PRP'PRP$ana",
"f": {"lang": "akk-x-neoass",
"form": "a-na",
"cf": "ana",
"gw": "to",
"sense": "in favour of",
"norm": "ana",
"pos": "PRP",
"epos": "PRP"}
}
,
{
"node": "l",
"frag": "{d}30",
"id": "P335413.l02524",
"ref": "P335413.27.6",
"inst": "Sin[1]DN",
"exosig": "@saao/saa06%akk-x-neoass:{d}30=Sin[1//1]DN'DN$Sin",
"f": {"lang": "akk-x-neoass",
"form": "{d}30",
"cf": "Sin",
"gw": "1",
"sense": "1",
"norm": "Sin",
"pos": "DN",
"epos": "DN"}
}
,
{
"node": "d",
"type": "line-start",
"ref": "P335413.28",
"n": "5",
"label": "r 5"}
,
{
"node": "l",
"frag": "GIBIL₂",
"id": "P335413.l02525",
"ref": "P335413.28.1",
"inst": "iqallu[burn]V",
"exosig": "@saao/saa06%akk-x-neoass:GIBIL₂=qalû[roast//burn]V'V$iqallu",
"f": {"lang": "akk-x-neoass",
"form": "GIBIL₂",
"cf": "qalû",
"gw": "roast",
"sense": "burn",
"norm": "iqallu",
"pos": "V",
"epos": "V"}
}
,
{
"node": "l",
"frag": "DUMU.⸢MI₂-su⸣",
"id": "P335413.l02526",
"ref": "P335413.28.2",
"inst": "marʾussu[daughter]N",
"exosig": "@saao/saa06%akk-x-neoass:DUMU.MI₂-su=mārtu[daughter//daughter]N'N$marʾussu",
"f": {"lang": "akk-x-neoass",
"form": "DUMU.MI₂-su",
"cf": "mārtu",
"gw": "daughter",
"sense": "daughter",
"norm": "marʾussu",
"pos": "N",
"epos": "N"}
}
,
{
"node": "l",
"frag": "GAL-tu₂",
"id": "P335413.l02527",
"ref": "P335413.28.3",
"inst": "rabû[big//eldest]AJ$rabâtu",
"exosig": "@saao/saa06%akk-x-neoass:GAL-tu₂=rabû[big//eldest]AJ'AJ$rabâtu",
"f": {"lang": "akk-x-neoass",
"form": "GAL-tu₂",
"cf": "rabû",
"gw": "big",
"sense": "eldest",
"norm": "rabâtu",
"pos": "AJ",
"epos": "AJ"}
}
,
{
"node": "l",
"frag": "TA@v",
"id": "P335413.l02528",
"ref": "P335413.28.4",
"inst": "issi[with]PRP",
"exosig": "@saao/saa06%akk-x-neoass:TA@v=išti[with//with]PRP'PRP$issi",
"f": {"lang": "akk-x-neoass",
"form": "TA@v",
"cf": "išti",
"gw": "with",
"sense": "with",
"norm": "issi",
"pos": "PRP",
"epos": "PRP"}
}
,
{
"node": "l",
"frag": "3(ban₂)",
"id": "P335413.l02529",
"ref": "P335413.28.5",
"inst": "n",
"f": {"lang": "akk-x-neoass",
"form": "3(ban₂)",
"pos": "n"}
}
,
{
"node": "c",
"type": "phrase",
"tag": "phr",
"id": "P335413.U9",
"ref": "P335413.ls00005",
"cdl": [
{
"node": "l",
"frag": "MUD₂-⸢ERIN⸣",
"id": "P335413.l0252a",
"ref": "P335413.28.6",
"cof-tails": "P335413.l0252b",
"inst": "dāmu[blood]N$dām&erēnu[cedar]N$erēni",
"exosig": "@saao/saa06%akk-x-neoass:MUD₂-ERIN=dāmu[blood//blood]N'N$dām&&@saao%akk-x-neoass:=erēnu[cedar//cedar]N'N$erēni",
"f": {"lang": "akk-x-neoass",
"form": "MUD₂-ERIN",
"cf": "dāmu",
"gw": "blood",
"sense": "blood",
"norm": "dām",
"pos": "N",
"epos": "N"}
}
,
{
"node": "l",
"frag": "MUD₂-⸢ERIN⸣",
"id": "P335413.l0252b",
"ref": "P335413.28.6",
"cof-head": "P335413.l0252a",
"inst": "dāmu[blood]N$dām&erēnu[cedar]N$erēni",
"tail-sig": "@saao%akk-x-neoass:=erēnu[cedar//cedar]N'N$erēni",
"f": {"lang": "akk-x-neoass",
"form": "MUD₂-ERIN",
"cf": "erēnu",
"gw": "cedar",
"sense": "cedar",
"norm": "erēni",
"pos": "N",
"epos": "N"}
}
]}
,
{
"node": "d",
"type": "line-start",
"ref": "P335413.29",
"n": "6",
"label": "r 6"}
,
{
"node": "l",
"frag": "a-na",
"id": "P335413.l0252c",
"ref": "P335413.29.1",
"inst": "ana[to//in favour of]PRP$",
"exosig": "@saao/saa06%akk-x-neoass:a-na=ana[to//in favour of]PRP'PRP$ana",
"f": {"lang": "akk-x-neoass",
"form": "a-na",
"cf": "ana",
"gw": "to",
"sense": "in favour of",
"norm": "ana",
"pos": "PRP",
"epos": "PRP"}
}
,
{
"node": "l",
"frag": "be-lit-{d}EDIN",
"id": "P335413.l0252d",
"ref": "P335413.29.2",
"inst": "Belet-ṣeri[1]DN",
"exosig": "@saao/saa06%akk-x-neoass:be-lit-{d}EDIN=Belet-ṣeri[1//1]DN'DN$Belet-ṣeri",
"f": {"lang": "akk-x-neoass",
"form": "be-lit-{d}EDIN",
"cf": "Belet-ṣeri",
"gw": "1",
"sense": "1",
"norm": "Belet-ṣeri",
"pos": "DN",
"epos": "DN"}
}
,
{
"node": "l",
"frag": "i-šar-rap",
"id": "P335413.l0252e",
"ref": "P335413.29.3",
"inst": "šarāpu[burn]V$išarrap",
"exosig": "@saao/saa06%akk-x-neoass:i-šar-rap=šarāpu[burn//burn]V'V$išarrap",
"f": {"lang": "akk-x-neoass",
"form": "i-šar-rap",
"cf": "šarāpu",
"gw": "burn",
"sense": "burn",
"norm": "išarrap",
"pos": "V",
"epos": "V"}
}
,
{
"node": "d",
"type": "line-start",
"ref": "P335413.30",
"n": "7",
"label": "r 7"}
,
{
"node": "l",
"frag": "kas-pu",
"id": "P335413.l0252f",
"ref": "P335413.30.1",
"inst": "kaspu[money]N",
"exosig": "@saao/saa06%akk-x-neoass:kas-pu=kaspu[silver//money]N'N$kaspu",
"f": {"lang": "akk-x-neoass",
"form": "kas-pu",
"cf": "kaspu",
"gw": "silver",
"sense": "money",
"norm": "kaspu",
"pos": "N",
"epos": "N"}
}
,
{
"node": "l",
"frag": "ih-hur",
"id": "P335413.l02530",
"ref": "P335413.30.2",
"inst": "mahāru[face//receive]V$ihhur",
"exosig": "@saao/saa06%akk-x-neoass:ih-hur=mahāru[face//receive]V'V$ihhur",
"f": {"lang": "akk-x-neoass",
"form": "ih-hur",
"cf": "mahāru",
"gw": "face",
"sense": "receive",
"norm": "ihhur",
"pos": "V",
"epos": "V"}
}
,
{
"node": "l",
"frag": "a-na",
"id": "P335413.l02531",
"ref": "P335413.30.3",
"inst": "ana[by]PRP",
"exosig": "@saao/saa06%akk-x-neoass:a-na=ana[to//by]PRP'PRP$ana",
"f": {"lang": "akk-x-neoass",
"form": "a-na",
"cf": "ana",
"gw": "to",
"sense": "by",
"norm": "ana",
"pos": "PRP",
"epos": "PRP"}
}
,
{
"node": "l",
"frag": "12-A.TA.AN",
"id": "P335413.l02532",
"ref": "P335413.30.4",
"inst": "n",
"f": {"lang": "akk-x-neoass",
"form": "12-A.TA.AN",
"pos": "n"}
}
,
{
"node": "d",
"type": "line-start",
"ref": "P335413.31",
"n": "8",
"label": "r 8"}
,
{
"node": "l",
"frag": "a-na",
"id": "P335413.l02533",
"ref": "P335413.31.1",
"inst": "ana[to]PRP",
"exosig": "@saao/saa06%akk-x-neoass:a-na=ana[to//to]PRP'PRP$ana",
"f": {"lang": "akk-x-neoass",
"form": "a-na",
"cf": "ana",
"gw": "to",
"sense": "to",
"norm": "ana",
"pos": "PRP",
"epos": "PRP"}
}
,
{
"node": "l",
"frag": "EN-MEŠ-šu₂",
"id": "P335413.l02534",
"ref": "P335413.31.2",
"inst": "bēlēšu[owner]N",
"exosig": "@saao/saa06%akk-x-neoass:EN-MEŠ-šu₂=bēlu[lord//owner]N'N$bēlēšu",
"f": {"lang": "akk-x-neoass",
"form": "EN-MEŠ-šu₂",
"cf": "bēlu",
"gw": "lord",
"sense": "owner",
"norm": "bēlēšu",
"pos": "N",
"epos": "N"}
}
,
{
"node": "l",
"frag": "GUR-ra",
"id": "P335413.l02535",
"ref": "P335413.31.3",
"inst": "itūra[return]V",
"exosig": "@saao/saa06%akk-x-neoass:GUR-ra=târu[turn//return]V'V$itūra",
"f": {"lang": "akk-x-neoass",
"form": "GUR-ra",
"cf": "târu",
"gw": "turn",
"sense": "return",
"norm": "itūra",
"pos": "V",
"epos": "V"}
}
,
{
"node": "l",
"frag": "ina",
"id": "P335413.l02536",
"ref": "P335413.31.4",
"inst": "ina[in]PRP",
"exosig": "@saao/saa06%akk-x-neoass:ina=ina[in//in]PRP'PRP$ina",
"f": {"lang": "akk-x-neoass",
"form": "ina",
"cf": "ina",
"gw": "in",
"sense": "in",
"norm": "ina",
"pos": "PRP",
"epos": "PRP"}
}
,
{
"node": "l",
"frag": "de-ni-šu₂",
"id": "P335413.l02537",
"ref": "P335413.31.5",
"inst": "dēnīšu[lawsuit]N",
"exosig": "@saao/saa06%akk-x-neoass:de-ni-šu₂=dīnu[legal decision//lawsuit]N'N$dēnīšu",
"f": {"lang": "akk-x-neoass",
"form": "de-ni-šu₂",
"cf": "dīnu",
"gw": "legal decision",
"sense": "lawsuit",
"norm": "dēnīšu",
"pos": "N",
"epos": "N"}
}
,
{
"node": "d",
"type": "line-start",
"ref": "P335413.32",
"n": "9",
"label": "r 9"}
,
{
"node": "l",
"frag": "DUG₄.DUG₄-ma",
"id": "P335413.l02538",
"ref": "P335413.32.1",
"inst": "idabbubma[contest]V",
"exosig": "@saao/saa06%akk-x-neoass:DUG₄.DUG₄-ma=dabābu[speak//contest]V'V$idabbubma",
"f": {"lang": "akk-x-neoass",
"form": "DUG₄.DUG₄-ma",
"cf": "dabābu",
"gw": "speak",
"sense": "contest",
"norm": "idabbubma",
"pos": "V",
"epos": "V"}
}
,
{
"node": "l",
"frag": "la",
"id": "P335413.l02539",
"ref": "P335413.32.2",
"inst": "lā[not]MOD",
"exosig": "@saao/saa06%akk-x-neoass:la=lā[not//not]MOD'MOD$lā",
"f": {"lang": "akk-x-neoass",
"form": "la",
"cf": "lā",
"gw": "not",
"sense": "not",
"norm": "lā",
"pos": "MOD",
"epos": "MOD"}
}
,
{
"node": "l",
"frag": "i-laq-qi₂",
"id": "P335413.l0253a",
"ref": "P335413.32.3",
"inst": "ilaqqi[succeed]V",
"exosig": "@saao/saa06%akk-x-neoass:i-laq-qi₂=leqû[take//succeed]V'V$ilaqqi",
"f": {"lang": "akk-x-neoass",
"form": "i-laq-qi₂",
"cf": "leqû",
"gw": "take",
"sense": "succeed",
"norm": "ilaqqi",
"pos": "V",
"epos": "V"}
}
,
{
"node": "d",
"type": "nonx",
"ref": "P335413.33",
"strict": "1",
"extent": "n",
"scope": "line",
"state": "ruling"}
,
{
"node": "d",
"type": "line-start",
"ref": "P335413.34",
"n": "10",
"label": "r 10"}
,
{
"node": "l",
"frag": "IGI",
"id": "P335413.l0253b",
"ref": "P335413.34.1",
"inst": "šību[witness]N",
"exosig": "@saao/saa06%akk-x-neoass:IGI=šību[witness//witness]N'N$šību",
"f": {"lang": "akk-x-neoass",
"form": "IGI",
"cf": "šību",
"gw": "witness",
"sense": "witness",
"norm": "šību",
"pos": "N",
"epos": "N"}
}
,
{
"node": "l",
"frag": "{1}{d}U.GUR-šal-lim-a-ni",
"id": "P335413.l0253c",
"ref": "P335413.34.2",
"inst": "Nergal-šallimanni[1]PN$",
"exosig": "@saao/saa06%akk-x-neoass:{1}{d}U.GUR-šal-lim-a-ni=Nergal-šallimanni[1//1]PN'PN$Nergal-šallimanni",
"f": {"lang": "akk-x-neoass",
"form": "{1}{d}U.GUR-šal-lim-a-ni",
"cf": "Nergal-šallimanni",
"gw": "1",
"sense": "1",
"norm": "Nergal-šallimanni",
"pos": "PN",
"epos": "PN"}
}
,
{
"node": "l",
"frag": "{lu₂}⸢x",
"id": "P335413.l0253d",
"ref": "P335413.34.3",
"inst": "u",
"f": {"lang": "akk-x-neoass",
"form": "{LU₂}x",
"pos": "u"}
}
,
{
"node": "l",
"frag": "x⸣",
"id": "P335413.l0253e",
"ref": "P335413.34.4",
"inst": "u",
"f": {"lang": "akk-x-neoass",
"form": "x",
"pos": "u"}
}
,
{
"node": "d",
"type": "line-start",
"ref": "P335413.35",
"n": "11",
"label": "r 11"}
,
{
"node": "l",
"frag": "IGI",
"id": "P335413.l0253f",
"ref": "P335413.35.1",
"inst": "šību[witness]N",
"exosig": "@saao/saa06%akk-x-neoass:IGI=šību[witness//witness]N'N$šību",
"f": {"lang": "akk-x-neoass",
"form": "IGI",
"cf": "šību",
"gw": "witness",
"sense": "witness",
"norm": "šību",
"pos": "N",
"epos": "N"}
}
,
{
"node": "l",
"frag": "{1}AN.GAL-me-si",
"id": "P335413.l02540",
"ref": "P335413.35.2",
"inst": "Issaran-mesi[1]PN$",
"exosig": "@saao/saa06%akk-x-neoass:{1}AN.GAL-me-si=Issaran-mesi[1//1]PN'PN$Issaran-mesi",
"f": {"lang": "akk-x-neoass",
"form": "{1}AN.GAL-me-si",
"cf": "Issaran-mesi",
"gw": "1",
"sense": "1",
"norm": "Issaran-mesi",
"pos": "PN",
"epos": "PN"}
}
,
{
"node": "l",
"frag": "{lu₂}rak-⸢su⸣",
"id": "P335413.l02541",
"ref": "P335413.35.3",
"inst": "raksu[conscript]N",
"exosig": "@saao/saa06%akk-x-neoass:{LU₂}rak-su=raksu[recruit//conscript]N'N$raksu",
"f": {"lang": "akk-x-neoass",
"form": "{LU₂}rak-su",
"cf": "raksu",
"gw": "recruit",
"sense": "conscript",
"norm": "raksu",
"pos": "N",
"epos": "N"}
}
,
{
"node": "d",
"type": "line-start",
"ref": "P335413.36",
"n": "12",
"label": "r 12"}
,
{
"node": "l",
"frag": "[IGI]",
"id": "P335413.l02542",
"ref": "P335413.36.1",
"inst": "šību[witness]N",
"exosig": "@saao/saa06%akk-x-neoass:IGI=šību[witness//witness]N'N$šību",
"f": {"lang": "akk-x-neoass",
"form": "IGI",
"cf": "šību",
"gw": "witness",
"sense": "witness",
"norm": "šību",
"pos": "N",
"epos": "N"}
}
,
{
"node": "l",
"frag": "{1}{d}IM-ka-šir",
"id": "P335413.l02543",
"ref": "P335413.36.2",
"inst": "Adad-kašir[1]PN$",
"exosig": "@saao/saa06%akk-x-neoass:{1}{d}IM-ka-šir=Adad-kašir[1//1]PN'PN$Adad-kašir",
"f": {"lang": "akk-x-neoass",
"form": "{1}{d}IM-ka-šir",
"cf": "Adad-kašir",
"gw": "1",
"sense": "1",
"norm": "Adad-kašir",
"pos": "PN",
"epos": "PN"}
}
,
{
"node": "l",
"frag": "{lu₂}[x",
"id": "P335413.l02544",
"ref": "P335413.36.3",
"inst": "u",
"f": {"lang": "akk-x-neoass",
"form": "{LU₂}x",
"pos": "u"}
}
,
{
"node": "l",
"frag": "x",
"id": "P335413.l02545",
"ref": "P335413.36.4",
"inst": "u",
"f": {"lang": "akk-x-neoass",
"form": "x",
"pos": "u"}
}
,
{
"node": "l",
"frag": "x]",
"id": "P335413.l02546",
"ref": "P335413.36.5",
"inst": "u",
"f": {"lang": "akk-x-neoass",
"form": "x",
"pos": "u"}
}
,
{
"node": "d",
"type": "line-start",
"ref": "P335413.37",
"n": "13",
"label": "r 13"}
,
{
"node": "l",
"frag": "[IGI]",
"id": "P335413.l02547",
"ref": "P335413.37.1",
"inst": "šību[witness]N",
"exosig": "@saao/saa06%akk-x-neoass:IGI=šību[witness//witness]N'N$šību",
"f": {"lang": "akk-x-neoass",
"form": "IGI",
"cf": "šību",
"gw": "witness",
"sense": "witness",
"norm": "šību",
"pos": "N",
"epos": "N"}
}
,
{
"node": "l",
"frag": "{1}{d}AMAR.UTU-MU-AŠ",
"id": "P335413.l02548",
"ref": "P335413.37.2",
"inst": "Marduk-šumu-iddina[1]PN$",
"exosig": "@saao/saa06%akk-x-neoass:{1}{d}AMAR.UTU-MU-AŠ=Marduk-šumu-iddina[1//1]PN'PN$Marduk-šumu-iddina",
"f": {"lang": "akk-x-neoass",
"form": "{1}{d}AMAR.UTU-MU-AŠ",
"cf": "Marduk-šumu-iddina",
"gw": "1",
"sense": "1",
"norm": "Marduk-šumu-iddina",
"pos": "PN",
"epos": "PN"}
}
,
{
"node": "l",
"frag": "{lu₂}[x",
"id": "P335413.l02549",
"ref": "P335413.37.3",
"inst": "u",
"f": {"lang": "akk-x-neoass",
"form": "{LU₂}x",
"pos": "u"}
}
,
{
"node": "l",
"frag": "x",
"id": "P335413.l0254a",
"ref": "P335413.37.4",
"inst": "u",
"f": {"lang": "akk-x-neoass",
"form": "x",
"pos": "u"}
}
,
{
"node": "l",
"frag": "x]",
"id": "P335413.l0254b",
"ref": "P335413.37.5",
"inst": "u",
"f": {"lang": "akk-x-neoass",
"form": "x",
"pos": "u"}
}
,
{
"node": "d",
"type": "line-start",
"ref": "P335413.38",
"n": "14",
"label": "r 14"}
,
{
"node": "l",
"frag": "[x",
"id": "P335413.l0254c",
"ref": "P335413.38.1",
"inst": "u",
"f": {"lang": "akk-x-neoass",
"form": "x",
"pos": "u"}
}
,
{
"node": "l",
"frag": "x",
"id": "P335413.l0254d",
"ref": "P335413.38.2",
"inst": "u",
"f": {"lang": "akk-x-neoass",
"form": "x",
"pos": "u"}
}
,
{
"node": "l",
"frag": "x",
"id": "P335413.l0254e",
"ref": "P335413.38.3",
"inst": "u",
"f": {"lang": "akk-x-neoass",
"form": "x",
"pos": "u"}
}
,
{
"node": "l",
"frag": "x",
"id": "P335413.l0254f",
"ref": "P335413.38.4",
"inst": "u",
"f": {"lang": "akk-x-neoass",
"form": "x",
"pos": "u"}
}
,
{
"node": "l",
"frag": "x]",
"id": "P335413.l02550",
"ref": "P335413.38.5",
"inst": "u",
"f": {"lang": "akk-x-neoass",
"form": "x",
"pos": "u"}
}
,
{
"node": "l",
"frag": "ka",
"id": "P335413.l02551",
"ref": "P335413.38.6",
"inst": "u",
"f": {"lang": "akk-x-neoass",
"form": "ka",
"pos": "u"}
}
,
{
"node": "l",
"frag": "bu",
"id": "P335413.l02552",
"ref": "P335413.38.7",
"inst": "u",
"f": {"lang": "akk-x-neoass",
"form": "bu",
"pos": "u"}
}
,
{
"node": "l",
"frag": "[x",
"id": "P335413.l02553",
"ref": "P335413.38.8",
"inst": "u",
"f": {"lang": "akk-x-neoass",
"form": "x",
"pos": "u"}
}
,
{
"node": "l",
"frag": "x",
"id": "P335413.l02554",
"ref": "P335413.38.9",
"inst": "u",
"f": {"lang": "akk-x-neoass",
"form": "x",
"pos": "u"}
}
,
{
"node": "l",
"frag": "x",
"id": "P335413.l02555",
"ref": "P335413.38.10",
"inst": "u",
"f": {"lang": "akk-x-neoass",
"form": "x",
"pos": "u"}
}
,
{
"node": "l",
"frag": "x",
"id": "P335413.l02556",
"ref": "P335413.38.11",
"inst": "u",
"f": {"lang": "akk-x-neoass",
"form": "x",
"pos": "u"}
}
,
{
"node": "l",
"frag": "x",
"id": "P335413.l02557",
"ref": "P335413.38.12",
"inst": "u",
"f": {"lang": "akk-x-neoass",
"form": "x",
"pos": "u"}
}
,
{
"node": "l",
"frag": "x]",
"id": "P335413.l02558",
"ref": "P335413.38.13",
"inst": "u",
"f": {"lang": "akk-x-neoass",
"form": "x",
"pos": "u"}
}
,
{
"node": "d",
"type": "nonx",
"ref": "P335413.39",
"strict": "0",
"extent": "rest",
"state": "missing"}
]}
]}
]}
,
{
"linkbase": [{
"type": "linkset",
"xlink_title": "ina libbi[in//(in exchange) for]PRP'PRP",
"id": "P335413.ls00000",
"xlink_type": "extended",
"xlink_role": "psu",
"sig": "{ina[in]PRP libbu[interior]N += ina libbi[in//(in exchange) for]PRP'PRP}::@saao%akk-x-neoass:ina=ina[in//into]PRP'PRP$ina++@saao%akk-x-neoass:ŠA₃=libbu[interior//interior]N'N$libbi",
"links": [
{
"type": "link",
"xlink_title": "ina",
"xlink_type": "locator",
"xlink_href": "#P335413.l024c1",
"xlink_role": "elt"}
,
{
"type": "link",
"xlink_title": "libbi",
"xlink_type": "locator",
"xlink_href": "#P335413.l024c2",
"xlink_role": "elt"}
]}
,
{
"type": "linkset",
"xlink_title": "ina matīma[whenever//whenever]XP'XP",
"id": "P335413.ls00001",
"xlink_type": "extended",
"xlink_role": "psu",
"sig": "{ina[in]PRP matīma[ever]AV += ina matīma[whenever//whenever]XP'XP}::@saao%akk-x-neoass:ina=ina[in//into]PRP'PRP$ina++@saao%akk-x-neoass:mat-e-ma=matīma[ever//ever]AV'AV$matēma",
"links": [
{
"type": "link",
"xlink_title": "ina",
"xlink_type": "locator",
"xlink_href": "#P335413.l024d8",
"xlink_role": "elt"}
,
{
"type": "link",
"xlink_title": "matīma",
"xlink_type": "locator",
"xlink_href": "#P335413.l024d9",
"xlink_role": "elt"}
]}
,
{
"type": "linkset",
"xlink_title": "mār māri[grandson//grandson]N'N",
"id": "P335413.ls00002",
"xlink_type": "extended",
"xlink_role": "psu",
"sig": "{DUMU-DUMU-MEŠ-šu₂-nu = māru[son]N māru[son]N += mār māri[grandson//grandson]N'N}::@saao/saa10%akk-x-neoass:DUMU-DUMU-MEŠ-šu₂-nu=māru[son//son]N'N$mār++@saao/saa10%akk-x-neoass:DUMU-DUMU-MEŠ-šu₂-nu=māru[son//son]N'N$marʾēšunu",
"links": [
{
"type": "link",
"xlink_title": "māru",
"xlink_type": "locator",
"xlink_href": "#P335413.l024e8",
"xlink_role": "elt"}
,
{
"type": "link",
"xlink_title": "māru",
"xlink_type": "locator",
"xlink_href": "#P335413.l024e9",
"xlink_role": "elt"}
]}
,
{
"type": "linkset",
"xlink_title": "mār ahi[nephew//nephew]N'N",
"id": "P335413.ls00003",
"xlink_type": "extended",
"xlink_role": "psu",
"sig": "{māru[son]N ahu[brother]N += mār ahi[nephew//nephew]N'N}::@saao%akk-x-neoass:DUMU-šu₂=māru[son//son]N'N$māršu++@saao%akk-x-neoass:PAB-šu₂=ahu[brother//brother]N'N$ahūšu",
"links": [
{
"type": "link",
"xlink_title": "māru",
"xlink_type": "locator",
"xlink_href": "#P335413.l024ed",
"xlink_role": "elt"}
,
{
"type": "link",
"xlink_title": "ahu",
"xlink_type": "locator",
"xlink_href": "#P335413.l024ee",
"xlink_role": "elt"}
]}
,
{
"type": "linkset",
"xlink_title": "bēl ilki[labour-duty superior//labour-duty superior]N'N",
"id": "P335413.ls00004",
"xlink_type": "extended",
"xlink_role": "psu",
"sig": "{bēlu[lord]N ilku[state service]N += bēl ilki[labour-duty superior//labour-duty superior]N'N}::@saao%akk-x-neoass:EN-il-ki-šu₂-nu=bēlu[lord//lord]N'N$bēl++@saao%akk-x-neoass:EN-il-ki-šu₂-nu=ilku[state service//state service]N'N$ilkišunu",
"links": [
{
"type": "link",
"xlink_title": "bēlu",
"xlink_type": "locator",
"xlink_href": "#P335413.l024f5",
"xlink_role": "elt"}
,
{
"type": "link",
"xlink_title": "ilku",
"xlink_type": "locator",
"xlink_href": "#P335413.l024f6",
"xlink_role": "elt"}
]}
,
{
"type": "linkset",
"xlink_title": "dām erēni[cedar resin//cedar resin]N'N",
"id": "P335413.ls00005",
"xlink_type": "extended",
"xlink_role": "psu",
"sig": "{dāmu[blood]N erēnu[cedar]N += dām erēni[cedar resin//cedar resin]N'N}::@saao%akk-x-neoass:MUD₂-ERIN=dāmu[blood//blood]N'N$dām++@saao%akk-x-neoass:MUD₂-ERIN=erēnu[cedar//cedar]N'N$erēni",
"links": [
{
"type": "link",
"xlink_title": "dāmu",
"xlink_type": "locator",
"xlink_href": "#P335413.l0252a",
"xlink_role": "elt"}
,
{
"type": "link",
"xlink_title": "erēnu",
"xlink_type": "locator",
"xlink_href": "#P335413.l0252b",
"xlink_role": "elt"}
]}
]}
]}
