{
"type": "cdl",
  "source": "http://oracc.org/saao/saa06",
  "license": "This data is released under the CC0 license",
  "license-url": "https://creativecommons.org/publicdomain/zero/1.0/",
  "more-info": "http://oracc.org/doc/opendata/",
  "UTC-timestamp": "2017-05-19T11:31:31",
"project": "saao/saa06",
"textid": "P335561",
"cdl": [
{
"node": "c",
"type": "text",
"id": "P335561.U0",
"cdl": [
{
"node": "d",
"type": "object",
"ref": ""}
,
{
"node": "d",
"subtype": "obverse",
"type": "surface",
"ref": "P335561.o.1",
"type": "obverse",
"label": "o"}
,
{
"node": "c",
"type": "discourse",
"subtype": "body",
"id": "P335561.U1",
"cdl": [
{
"node": "c",
"type": "sentence",
"id": "P335561.U2",
"label": "o 1 - e. 2",
"cdl": [
{
"node": "d",
"type": "line-start",
"ref": "P335561.2",
"n": "1",
"label": "o 1"}
,
{
"node": "l",
"frag": "ur-su-tu",
"id": "P335561.l03f5f",
"ref": "P335561.2.1",
"inst": "ursūtu[(a storeroom, deposit)?//parcel?]N$",
"exosig": "@saao/saa06%akk-x-neoass:ur-su-tu=ursūtu[(a storeroom, deposit)?//parcel?]N'N$ursūtu",
"f": {"lang": "akk-x-neoass",
"form": "ur-su-tu",
"cf": "ursūtu",
"gw": "(a storeroom, deposit)?",
"sense": "parcel?",
"norm": "ursūtu",
"pos": "N",
"epos": "N"}
}
,
{
"node": "l",
"frag": "ša",
"id": "P335561.l03f60",
"ref": "P335561.2.2",
"inst": "ša[of]DET",
"exosig": "@saao/saa06%akk-x-neoass:ša=ša[of//of]DET'DET$ša",
"f": {"lang": "akk-x-neoass",
"form": "ša",
"cf": "ša",
"gw": "of",
"sense": "of",
"norm": "ša",
"pos": "DET",
"epos": "DET"}
}
,
{
"node": "l",
"frag": "04",
"id": "P335561.l03f61",
"ref": "P335561.2.3",
"inst": "n",
"f": {"lang": "akk-x-neoass",
"form": "04",
"pos": "n"}
}
,
{
"node": "l",
"frag": "{[tug₂}x",
"id": "P335561.l03f62",
"ref": "P335561.2.4",
"inst": "u",
"f": {"lang": "akk-x-neoass",
"form": "{TUG₂}x",
"pos": "u"}
}
,
{
"node": "l",
"frag": "x]",
"id": "P335561.l03f63",
"ref": "P335561.2.5",
"inst": "u",
"f": {"lang": "akk-x-neoass",
"form": "x",
"pos": "u"}
}
,
{
"node": "d",
"type": "line-start",
"ref": "P335561.3",
"n": "2",
"label": "o 2"}
,
{
"node": "l",
"frag": "04",
"id": "P335561.l03f64",
"ref": "P335561.3.1",
"inst": "n",
"f": {"lang": "akk-x-neoass",
"form": "04",
"pos": "n"}
}
,
{
"node": "l",
"frag": "{tug₂}nik-si",
"id": "P335561.l03f65",
"ref": "P335561.3.2",
"inst": "niksu[cutting (off)//(a garment)]N$niksi",
"exosig": "@saao/saa06%akk-x-neoass:{TUG₂}nik-si=niksu[cutting (off)//(a garment)]N'N$niksi",
"f": {"lang": "akk-x-neoass",
"form": "{TUG₂}nik-si",
"cf": "niksu",
"gw": "cutting (off)",
"sense": "(a garment)",
"norm": "niksi",
"pos": "N",
"epos": "N"}
}
,
{
"node": "l",
"frag": "⸢dul⸣-[lu]",
"id": "P335561.l03f66",
"ref": "P335561.3.3",
"inst": "dullu[work]N",
"exosig": "@saao/saa06%akk-x-neoass:dul-lu=dullu[trouble//work]N'N$dullu",
"f": {"lang": "akk-x-neoass",
"form": "dul-lu",
"cf": "dullu",
"gw": "trouble",
"sense": "work",
"norm": "dullu",
"pos": "N",
"epos": "N"}
}
,
{
"node": "d",
"type": "line-start",
"ref": "P335561.4",
"n": "3",
"label": "o 3"}
,
{
"node": "l",
"frag": "qa-at-nu",
"id": "P335561.l03f67",
"ref": "P335561.4.1",
"inst": "qatnu[thin//fine]AJ$",
"exosig": "@saao/saa06%akk-x-neoass:qa-at-nu=qatnu[thin//fine]AJ'AJ$qatnu",
"f": {"lang": "akk-x-neoass",
"form": "qa-at-nu",
"cf": "qatnu",
"gw": "thin",
"sense": "fine",
"norm": "qatnu",
"pos": "AJ",
"epos": "AJ"}
}
,
{
"node": "l",
"frag": "ša",
"id": "P335561.l03f68",
"ref": "P335561.4.2",
"inst": "ša[of]DET",
"exosig": "@saao/saa06%akk-x-neoass:ša=ša[of//of]DET'DET$ša",
"f": {"lang": "akk-x-neoass",
"form": "ša",
"cf": "ša",
"gw": "of",
"sense": "of",
"norm": "ša",
"pos": "DET",
"epos": "DET"}
}
,
{
"node": "l",
"frag": "{d}⸢x⸣+[x",
"id": "P335561.l03f69",
"ref": "P335561.4.3",
"inst": "u",
"f": {"lang": "akk-x-neoass",
"form": "{d}x+x",
"pos": "u"}
}
,
{
"node": "l",
"frag": "x",
"id": "P335561.l03f6a",
"ref": "P335561.4.4",
"inst": "u",
"f": {"lang": "akk-x-neoass",
"form": "x",
"pos": "u"}
}
,
{
"node": "l",
"frag": "x]",
"id": "P335561.l03f6b",
"ref": "P335561.4.5",
"inst": "u",
"f": {"lang": "akk-x-neoass",
"form": "x",
"pos": "u"}
}
,
{
"node": "d",
"type": "line-start",
"ref": "P335561.5",
"n": "4",
"label": "o 4"}
,
{
"node": "c",
"type": "phrase",
"tag": "phr",
"id": "P335561.U4",
"ref": "P335561.ls00000",
"cdl": [
{
"node": "l",
"frag": "ina",
"id": "P335561.l03f6c",
"ref": "P335561.5.1",
"inst": "ina[in+=at the disposal of]PRP",
"exosig": "@saao/saa06%akk-x-neoass:ina=ina[in//in]PRP'PRP$ina",
"f": {"lang": "akk-x-neoass",
"form": "ina",
"cf": "ina",
"gw": "in",
"sense": "in",
"norm": "ina",
"pos": "PRP",
"epos": "PRP"}
}
,
{
"node": "l",
"frag": "pa-an",
"id": "P335561.l03f6d",
"ref": "P335561.5.2",
"inst": "pān[front]N",
"exosig": "@saao/saa06%akk-x-neoass:pa-an=pānu[front//front]N'N$pān",
"f": {"lang": "akk-x-neoass",
"form": "pa-an",
"cf": "pānu",
"gw": "front",
"sense": "front",
"norm": "pān",
"pos": "N",
"epos": "N"}
}
]}
,
{
"node": "l",
"frag": "{1}ur-da-⸢a⸣",
"id": "P335561.l03f6e",
"ref": "P335561.5.3",
"inst": "Urda[1]PN$",
"exosig": "@saao/saa06%akk-x-neoass:{1}ur-da-a=Urda[1//1]PN'PN$Urda",
"f": {"lang": "akk-x-neoass",
"form": "{1}ur-da-a",
"cf": "Urda",
"gw": "1",
"sense": "1",
"norm": "Urda",
"pos": "PN",
"epos": "PN"}
}
,
{
"node": "l",
"frag": "[o]",
"id": "P335561.l03f6f",
"ref": "P335561.5.4",
"inst": "u",
"f": {"lang": "akk-x-neoass",
"form": "o",
"pos": "u"}
}
,
{
"node": "d",
"type": "line-start",
"ref": "P335561.6",
"n": "5",
"label": "o 5"}
,
{
"node": "c",
"type": "phrase",
"tag": "phr",
"id": "P335561.U5",
"ref": "P335561.ls00001",
"cdl": [
{
"node": "l",
"frag": "{lu₂}GAL-UŠ.BAR-⸢MEŠ⸣",
"id": "P335561.l03f70",
"ref": "P335561.6.1",
"cof-tails": "P335561.l03f71",
"inst": "rabû[big one]N$rab&išparu[weaver]N$ušpāri",
"exosig": "@saao/saa06%akk-x-neoass:{LU₂}GAL-UŠ.BAR-MEŠ=rabû[big one//big one]N'N$rab&&@saao%akk-x-neoass:=išparu[weaver//weaver]N'N$ušpāri",
"f": {"lang": "akk-x-neoass",
"form": "{LU₂}GAL-UŠ.BAR-MEŠ",
"cf": "rabû",
"gw": "big one",
"sense": "big one",
"norm": "rab",
"pos": "N",
"epos": "N"}
}
,
{
"node": "l",
"frag": "{lu₂}GAL-UŠ.BAR-⸢MEŠ⸣",
"id": "P335561.l03f71",
"ref": "P335561.6.1",
"cof-head": "P335561.l03f70",
"inst": "rabû[big one]N$rab&išparu[weaver]N$ušpāri",
"tail-sig": "@saao%akk-x-neoass:=išparu[weaver//weaver]N'N$ušpāri",
"f": {"lang": "akk-x-neoass",
"form": "{LU₂}GAL-UŠ.BAR-MEŠ",
"cf": "išparu",
"gw": "weaver",
"sense": "weaver",
"norm": "ušpāri",
"pos": "N",
"epos": "N"}
}
]}
,
{
"node": "d",
"type": "line-start",
"ref": "P335561.7",
"n": "6",
"label": "o 6"}
,
{
"node": "l",
"frag": "01",
"id": "P335561.l03f72",
"ref": "P335561.7.1",
"inst": "n",
"f": {"lang": "akk-x-neoass",
"form": "01",
"pos": "n"}
}
,
{
"node": "l",
"frag": "me",
"id": "P335561.l03f73",
"ref": "P335561.7.2",
"inst": "mē[hundred]NU",
"exosig": "@saao/saa06%akk-x-neoass:me=meʾatu[(one) hundred//(one) hundred]NU'NU$mē",
"f": {"lang": "akk-x-neoass",
"form": "me",
"cf": "meʾatu",
"gw": "(one) hundred",
"sense": "(one) hundred",
"norm": "mē",
"pos": "NU",
"epos": "NU"}
}
,
{
"node": "l",
"frag": "25",
"id": "P335561.l03f74",
"ref": "P335561.7.3",
"inst": "n",
"f": {"lang": "akk-x-neoass",
"form": "25",
"pos": "n"}
}
,
{
"node": "l",
"frag": "MA.NA",
"id": "P335561.l03f75",
"ref": "P335561.7.4",
"inst": "manê[a unit of weight]N",
"exosig": "@saao/saa06%akk-x-neoass:MA.NA=manû[unit//a unit of weight]N'N$manê",
"f": {"lang": "akk-x-neoass",
"form": "MA.NA",
"cf": "manû",
"gw": "unit",
"sense": "a unit of weight",
"norm": "manê",
"pos": "N",
"epos": "N"}
}
,
{
"node": "l",
"frag": "URUDU-MEŠ",
"id": "P335561.l03f76",
"ref": "P335561.7.5",
"inst": "erû[copper]N$erî",
"exosig": "@saao/saa06%akk-x-neoass:URUDU-MEŠ=erû[copper//copper]N'N$erî",
"f": {"lang": "akk-x-neoass",
"form": "URUDU-MEŠ",
"cf": "erû",
"gw": "copper",
"sense": "copper",
"norm": "erî",
"pos": "N",
"epos": "N"}
}
,
{
"node": "d",
"type": "line-start",
"ref": "P335561.8",
"n": "7",
"label": "o 7"}
,
{
"node": "l",
"frag": "ar₂-hiš",
"id": "P335561.l03f77",
"ref": "P335561.8.1",
"inst": "arhiš[quickly]AV",
"exosig": "@saao/saa06%akk-x-neoass:ar₂-hiš=arhiš[quickly//quickly]AV'AV$arhiš",
"f": {"lang": "akk-x-neoass",
"form": "ar₂-hiš",
"cf": "arhiš",
"gw": "quickly",
"sense": "quickly",
"norm": "arhiš",
"pos": "AV",
"epos": "AV"}
}
,
{
"node": "l",
"frag": "ep-pa-pa-⸢al⸣",
"id": "P335561.l03f78",
"ref": "P335561.8.2",
"inst": "apālu[pay]V$eppapal",
"exosig": "@saao/saa06%akk-x-neoass:ep-pa-pa-al=apālu[pay//pay]V'V$eppapal",
"f": {"lang": "akk-x-neoass",
"form": "ep-pa-pa-al",
"cf": "apālu",
"gw": "pay",
"sense": "pay",
"norm": "eppapal",
"pos": "V",
"epos": "V"}
}
,
{
"node": "d",
"type": "line-start",
"ref": "P335561.9",
"n": "8",
"label": "o 8"}
,
{
"node": "l",
"frag": "IGI",
"id": "P335561.l03f79",
"ref": "P335561.9.1",
"inst": "šību[witness]N",
"exosig": "@saao/saa06%akk-x-neoass:IGI=šību[witness//witness]N'N$šību",
"f": {"lang": "akk-x-neoass",
"form": "IGI",
"cf": "šību",
"gw": "witness",
"sense": "witness",
"norm": "šību",
"pos": "N",
"epos": "N"}
}
,
{
"node": "l",
"frag": "{1}{d}PA-u₂-a",
"id": "P335561.l03f7a",
"ref": "P335561.9.2",
"inst": "Nabuʾa[1]PN",
"exosig": "@saao/saa06%akk-x-neoass:{1}{d}PA-u₂-a=Nabuʾa[1//1]PN'PN$Nabuʾa",
"f": {"lang": "akk-x-neoass",
"form": "{1}{d}PA-u₂-a",
"cf": "Nabuʾa",
"gw": "1",
"sense": "1",
"norm": "Nabuʾa",
"pos": "PN",
"epos": "PN"}
}
,
{
"node": "l",
"frag": "{lu₂}[x",
"id": "P335561.l03f7b",
"ref": "P335561.9.3",
"inst": "u",
"f": {"lang": "akk-x-neoass",
"form": "{LU₂}x",
"pos": "u"}
}
,
{
"node": "l",
"frag": "x]",
"id": "P335561.l03f7c",
"ref": "P335561.9.4",
"inst": "u",
"f": {"lang": "akk-x-neoass",
"form": "x",
"pos": "u"}
}
,
{
"node": "d",
"type": "line-start",
"ref": "P335561.10",
"n": "9",
"label": "o 9"}
,
{
"node": "l",
"frag": "IGI",
"id": "P335561.l03f7d",
"ref": "P335561.10.1",
"inst": "šību[witness]N",
"exosig": "@saao/saa06%akk-x-neoass:IGI=šību[witness//witness]N'N$šību",
"f": {"lang": "akk-x-neoass",
"form": "IGI",
"cf": "šību",
"gw": "witness",
"sense": "witness",
"norm": "šību",
"pos": "N",
"epos": "N"}
}
,
{
"node": "l",
"frag": "{1}an-di-a.a",
"id": "P335561.l03f7e",
"ref": "P335561.10.2",
"inst": "Andiayu[1]PN$Andiaya",
"exosig": "@saao/saa06%akk-x-neoass:{1}an-di-a.a=Andiayu[1//1]PN'PN$Andiaya",
"f": {"lang": "akk-x-neoass",
"form": "{1}an-di-a.a",
"cf": "Andiayu",
"gw": "1",
"sense": "1",
"norm": "Andiaya",
"pos": "PN",
"epos": "PN"}
}
,
{
"node": "l",
"frag": "[o]",
"id": "P335561.l03f7f",
"ref": "P335561.10.3",
"inst": "u",
"f": {"lang": "akk-x-neoass",
"form": "o",
"pos": "u"}
}
,
{
"node": "d",
"subtype": "reverse",
"type": "surface",
"ref": "P335561.r.11",
"type": "reverse",
"label": "r"}
,
{
"node": "d",
"type": "line-start",
"ref": "P335561.12",
"n": "1",
"label": "r 1"}
,
{
"node": "l",
"frag": "IGI",
"id": "P335561.l03f80",
"ref": "P335561.12.1",
"inst": "šību[witness]N",
"exosig": "@saao/saa06%akk-x-neoass:IGI=šību[witness//witness]N'N$šību",
"f": {"lang": "akk-x-neoass",
"form": "IGI",
"cf": "šību",
"gw": "witness",
"sense": "witness",
"norm": "šību",
"pos": "N",
"epos": "N"}
}
,
{
"node": "l",
"frag": "{1}{d}aš-šur-MU-PAB",
"id": "P335561.l03f81",
"ref": "P335561.12.2",
"inst": "Aššur-šumu-uṣur[1]PN$",
"exosig": "@saao/saa06%akk-x-neoass:{1}{d}aš-šur-MU-PAB=Aššur-šumu-uṣur[1//1]PN'PN$Aššur-šumu-uṣur",
"f": {"lang": "akk-x-neoass",
"form": "{1}{d}aš-šur-MU-PAB",
"cf": "Aššur-šumu-uṣur",
"gw": "1",
"sense": "1",
"norm": "Aššur-šumu-uṣur",
"pos": "PN",
"epos": "PN"}
}
,
{
"node": "d",
"type": "line-start",
"ref": "P335561.13",
"n": "2",
"label": "r 2"}
,
{
"node": "l",
"frag": "IGI",
"id": "P335561.l03f82",
"ref": "P335561.13.1",
"inst": "šību[witness]N",
"exosig": "@saao/saa06%akk-x-neoass:IGI=šību[witness//witness]N'N$šību",
"f": {"lang": "akk-x-neoass",
"form": "IGI",
"cf": "šību",
"gw": "witness",
"sense": "witness",
"norm": "šību",
"pos": "N",
"epos": "N"}
}
,
{
"node": "l",
"frag": "{1}ba-hi-a-[nu]",
"id": "P335561.l03f83",
"ref": "P335561.13.2",
"inst": "Bahianu[1]PN",
"exosig": "@saao/saa06%akk-x-neoass:{1}ba-hi-a-nu=Bahianu[1//1]PN'PN$Bahianu",
"f": {"lang": "akk-x-neoass",
"form": "{1}ba-hi-a-nu",
"cf": "Bahianu",
"gw": "1",
"sense": "1",
"norm": "Bahianu",
"pos": "PN",
"epos": "PN"}
}
,
{
"node": "d",
"type": "line-start",
"ref": "P335561.14",
"n": "3",
"label": "r 3"}
,
{
"node": "l",
"frag": "IGI",
"id": "P335561.l03f84",
"ref": "P335561.14.1",
"inst": "šību[witness]N",
"exosig": "@saao/saa06%akk-x-neoass:IGI=šību[witness//witness]N'N$šību",
"f": {"lang": "akk-x-neoass",
"form": "IGI",
"cf": "šību",
"gw": "witness",
"sense": "witness",
"norm": "šību",
"pos": "N",
"epos": "N"}
}
,
{
"node": "l",
"frag": "{1}{d}PA-PAB-[x]",
"id": "P335561.l03f85",
"ref": "P335561.14.2",
"inst": "u",
"f": {"lang": "akk-x-neoass",
"form": "{1}{d}PA-PAB-x",
"pos": "u"}
}
,
{
"node": "d",
"type": "line-start",
"ref": "P335561.15",
"n": "4",
"label": "r 4"}
,
{
"node": "l",
"frag": "IGI",
"id": "P335561.l03f86",
"ref": "P335561.15.1",
"inst": "šību[witness]N",
"exosig": "@saao/saa06%akk-x-neoass:IGI=šību[witness//witness]N'N$šību",
"f": {"lang": "akk-x-neoass",
"form": "IGI",
"cf": "šību",
"gw": "witness",
"sense": "witness",
"norm": "šību",
"pos": "N",
"epos": "N"}
}
,
{
"node": "l",
"frag": "{1}tak-li-[x",
"id": "P335561.l03f87",
"ref": "P335561.15.2",
"inst": "u",
"f": {"lang": "akk-x-neoass",
"form": "{1}tak-li-x",
"pos": "u"}
}
,
{
"node": "l",
"frag": "x]",
"id": "P335561.l03f88",
"ref": "P335561.15.3",
"inst": "u",
"f": {"lang": "akk-x-neoass",
"form": "x",
"pos": "u"}
}
,
{
"node": "d",
"type": "line-start",
"ref": "P335561.16",
"n": "5",
"label": "r 5"}
,
{
"node": "l",
"frag": "{iti}NE",
"id": "P335561.l03f89",
"ref": "P335561.16.1",
"inst": "Abi[Ab]MN",
"exosig": "@saao/saa06%akk-x-neoass:{ITI}NE=Abu[Ab//Ab]MN'MN$Abi",
"f": {"lang": "akk-x-neoass",
"form": "{ITI}NE",
"cf": "Abu",
"gw": "Ab",
"sense": "Ab",
"norm": "Abi",
"pos": "MN",
"epos": "MN"}
}
,
{
"node": "l",
"frag": "UD",
"id": "P335561.l03f8a",
"ref": "P335561.16.2",
"inst": "ūm[day]N",
"exosig": "@saao/saa06%akk-x-neoass:UD=ūmu[day//day]N'N$ūm",
"f": {"lang": "akk-x-neoass",
"form": "UD",
"cf": "ūmu",
"gw": "day",
"sense": "day",
"norm": "ūm",
"pos": "N",
"epos": "N"}
}
,
{
"node": "l",
"frag": "07-[KAM₂]",
"id": "P335561.l03f8b",
"ref": "P335561.16.3",
"inst": "n",
"f": {"lang": "akk-x-neoass",
"form": "07-KAM₂",
"pos": "n"}
}
,
{
"node": "d",
"type": "line-start",
"ref": "P335561.17",
"n": "6",
"label": "r 6"}
,
{
"node": "l",
"frag": "li-mu",
"id": "P335561.l03f8c",
"ref": "P335561.17.1",
"inst": "līmu[eponym (of year)]N",
"exosig": "@saao/saa06%akk-x-neoass:li-mu=līmu[eponym (of year)//eponym (of year)]N'N$līmu",
"f": {"lang": "akk-x-neoass",
"form": "li-mu",
"cf": "līmu",
"gw": "eponym (of year)",
"sense": "eponym (of year)",
"norm": "līmu",
"pos": "N",
"epos": "N"}
}
,
{
"node": "l",
"frag": "{1}{d}PA-MAN-[PAB]",
"id": "P335561.l03f8d",
"ref": "P335561.17.2",
"inst": "Nabu-šarru-uṣur[1]PN",
"exosig": "@saao/saa06%akk-x-neoass:{1}{d}PA-MAN-PAB=Nabu-šarru-uṣur[1//1]PN'PN$Nabu-šarru-uṣur",
"f": {"lang": "akk-x-neoass",
"form": "{1}{d}PA-MAN-PAB",
"cf": "Nabu-šarru-uṣur",
"gw": "1",
"sense": "1",
"norm": "Nabu-šarru-uṣur",
"pos": "PN",
"epos": "PN"}
}
,
{
"node": "d",
"type": "line-start",
"ref": "P335561.18",
"n": "7",
"label": "r 7"}
,
{
"node": "c",
"type": "phrase",
"tag": "phr",
"id": "P335561.U6",
"ref": "P335561.ls00002",
"cdl": [
{
"node": "l",
"frag": "{lu₂}GAR.KUR",
"id": "P335561.l03f8e",
"ref": "P335561.18.1",
"cof-tails": "P335561.l03f8f",
"inst": "šaknu[appointee]N$šakin&mātu[land]N$māti",
"exosig": "@saao/saa06%akk-x-neoass:{LU₂}GAR.KUR=šaknu[appointee//appointee]N'N$šakin&&@saao%akk-x-neoass:=mātu[land//land]N'N$māti",
"f": {"lang": "akk-x-neoass",
"form": "{LU₂}GAR.KUR",
"cf": "šaknu",
"gw": "appointee",
"sense": "appointee",
"norm": "šakin",
"pos": "N",
"epos": "N"}
}
,
{
"node": "l",
"frag": "{lu₂}GAR.KUR",
"id": "P335561.l03f8f",
"ref": "P335561.18.1",
"cof-head": "P335561.l03f8e",
"inst": "šaknu[appointee]N$šakin&mātu[land]N$māti",
"tail-sig": "@saao%akk-x-neoass:=mātu[land//land]N'N$māti",
"f": {"lang": "akk-x-neoass",
"form": "{LU₂}GAR.KUR",
"cf": "mātu",
"gw": "land",
"sense": "land",
"norm": "māti",
"pos": "N",
"epos": "N"}
}
]}
,
{
"node": "l",
"frag": "{uru}mar-qa-[si]",
"id": "P335561.l03f90",
"ref": "P335561.18.2",
"inst": "Marqasi[1]GN",
"exosig": "@saao/saa06%akk-x-neoass:{URU}mar-qa-si=Marqasa[1//1]GN'GN$Marqasi",
"f": {"lang": "akk-x-neoass",
"form": "{URU}mar-qa-si",
"cf": "Marqasa",
"gw": "1",
"sense": "1",
"norm": "Marqasi",
"pos": "GN",
"epos": "GN"}
}
,
{
"node": "d",
"subtype": "edge",
"type": "surface",
"ref": "P335561.e..19",
"type": "edge",
"label": "e."}
,
{
"node": "d",
"type": "line-start",
"ref": "P335561.20",
"n": "1",
"label": "e. 1"}
,
{
"node": "l",
"frag": "{tug₂}sa-su-pu",
"id": "P335561.l03f91",
"ref": "P335561.20.1",
"inst": "šušippum[towel]N$sasuppu",
"exosig": "@saao/saa06%akk-x-neoass:{TUG₂}sa-su-pu=šušippum[towel//towel]N'N$sasuppu",
"f": {"lang": "akk-x-neoass",
"form": "{TUG₂}sa-su-pu",
"cf": "šušippum",
"gw": "towel",
"sense": "towel",
"norm": "sasuppu",
"pos": "N",
"epos": "N"}
}
,
{
"node": "d",
"type": "line-start",
"ref": "P335561.21",
"n": "2",
"label": "e. 2"}
,
{
"node": "l",
"frag": "ša",
"id": "P335561.l03f92",
"ref": "P335561.21.1",
"inst": "ša[that]REL",
"exosig": "@saao/saa06%akk-x-neoass:ša=ša[that//that]REL'REL$ša",
"f": {"lang": "akk-x-neoass",
"form": "ša",
"cf": "ša",
"gw": "that",
"sense": "that",
"norm": "ša",
"pos": "REL",
"epos": "REL"}
}
,
{
"node": "l",
"frag": "UGU",
"id": "P335561.l03f93",
"ref": "P335561.21.2",
"inst": "muhhi[on]'PRP",
"exosig": "@saao/saa06%akk-x-neoass:UGU=muhhu[skull//on]N'PRP$muhhi",
"f": {"lang": "akk-x-neoass",
"form": "UGU",
"cf": "muhhu",
"gw": "skull",
"sense": "on",
"norm": "muhhi",
"pos": "N",
"epos": "PRP"}
}
,
{
"node": "l",
"frag": "MAŠ.QA",
"id": "P335561.l03f94",
"ref": "P335561.21.3",
"inst": "naglabu[razor//shoulder blade]N$naglubi",
"exosig": "@saao/saa06%akk-x-neoass:MAŠ.QA=naglabu[razor//shoulder blade]N'N$naglubi",
"f": {"lang": "akk-x-neoass",
"form": "MAŠ.QA",
"cf": "naglabu",
"gw": "razor",
"sense": "shoulder blade",
"norm": "naglubi",
"pos": "N",
"epos": "N"}
}
]}
]}
]}
,
{
"linkbase": [{
"type": "linkset",
"xlink_title": "ina pān[in the presence of//at the disposal of]PRP'PRP",
"id": "P335561.ls00000",
"xlink_type": "extended",
"xlink_role": "psu",
"sig": "{ina[in]PRP pānu[front]N += ina pān[in the presence of//at the disposal of]PRP'PRP}::@saao%akk-x-neoass:ina=ina[in//into]PRP'PRP$ina++@saao%akk-x-neoass:pa-an=pānu[front//front]N'N$pān",
"links": [
{
"type": "link",
"xlink_title": "ina",
"xlink_type": "locator",
"xlink_href": "#P335561.l03f6c",
"xlink_role": "elt"}
,
{
"type": "link",
"xlink_title": "pān",
"xlink_type": "locator",
"xlink_href": "#P335561.l03f6d",
"xlink_role": "elt"}
]}
,
{
"type": "linkset",
"xlink_title": "rab išpari[chief weaver//chief weaver]N'N",
"id": "P335561.ls00001",
"xlink_type": "extended",
"xlink_role": "psu",
"sig": "{rabû[big one]N išparu[weaver]N += rab išpari[chief weaver//chief weaver]N'N}::@saao%akk-x-neoass:{LU₂}GAL-UŠ.BAR-ME=rabû[big one//big one]N'N$rab++@saao%akk-x-neoass:{LU₂}GAL-UŠ.BAR-ME=išparu[weaver//weaver]N'N$ušpāri",
"links": [
{
"type": "link",
"xlink_title": "rabû",
"xlink_type": "locator",
"xlink_href": "#P335561.l03f70",
"xlink_role": "elt"}
,
{
"type": "link",
"xlink_title": "išparu",
"xlink_type": "locator",
"xlink_href": "#P335561.l03f71",
"xlink_role": "elt"}
]}
,
{
"type": "linkset",
"xlink_title": "šakin māti[governor//governor]N'N",
"id": "P335561.ls00002",
"xlink_type": "extended",
"xlink_role": "psu",
"sig": "{šaknu[appointee]N mātu[land]N += šakin māti[governor//governor]N'N}::@saao%akk-x-neoass:GAR.KUR=šaknu[appointee//appointee]N'N$šakin++@saao%akk-x-neoass:GAR.KUR=mātu[land//land]N'N$māti",
"links": [
{
"type": "link",
"xlink_title": "šaknu",
"xlink_type": "locator",
"xlink_href": "#P335561.l03f8e",
"xlink_role": "elt"}
,
{
"type": "link",
"xlink_title": "mātu",
"xlink_type": "locator",
"xlink_href": "#P335561.l03f8f",
"xlink_role": "elt"}
]}
]}
]}
