{
"type": "cdl",
  "source": "http://oracc.org/saao/saa06",
  "license": "This data is released under the CC0 license",
  "license-url": "https://creativecommons.org/publicdomain/zero/1.0/",
  "more-info": "http://oracc.org/doc/opendata/",
  "UTC-timestamp": "2017-05-19T11:30:51",
"project": "saao/saa06",
"textid": "P335011",
"cdl": [
{
"node": "c",
"type": "text",
"id": "P335011.U0",
"cdl": [
{
"node": "d",
"type": "object",
"ref": ""}
,
{
"node": "d",
"subtype": "obverse",
"type": "surface",
"ref": "P335011.o.1",
"type": "obverse",
"label": "o"}
,
{
"node": "c",
"type": "discourse",
"subtype": "body",
"id": "P335011.U1",
"cdl": [
{
"node": "c",
"type": "sentence",
"id": "P335011.U2",
"label": "o 1 - r 6'",
"cdl": [
{
"node": "d",
"type": "line-start",
"ref": "P335011.2",
"n": "1",
"label": "o 1"}
,
{
"node": "l",
"frag": "{na₄}KIŠIB",
"id": "P335011.l01f13",
"ref": "P335011.2.1",
"inst": "kunukku[seal]N",
"sig": "@saao/saa06%akk-x-neoass:{NA₄}KIŠIB=kunukku[seal//seal]N'N$kunuk",
"f": {"lang": "akk-x-neoass",
"form": "{NA₄}KIŠIB",
"cf": "kunukku",
"gw": "seal",
"sense": "seal",
"norm": "kunuk",
"pos": "N",
"epos": "N"}
}
,
{
"node": "l",
"frag": "{1}mil-ki-ia",
"id": "P335011.l01f14",
"ref": "P335011.2.2",
"inst": "Milkya[1]PN$",
"exosig": "@saao/saa06%akk-x-neoass:{1}mil-ki-ia=Milkya[1//1]PN'PN$Milkya",
"f": {"lang": "akk-x-neoass",
"form": "{1}mil-ki-ia",
"cf": "Milkya",
"gw": "1",
"sense": "1",
"norm": "Milkya",
"pos": "PN",
"epos": "PN"}
}
,
{
"node": "l",
"frag": "{lu₂}EN.NAM",
"id": "P335011.l01f15",
"ref": "P335011.2.3",
"inst": "pāhutu[governor]N",
"exosig": "@saao/saa06%akk-x-neoass:{LU₂}EN.NAM=pīhātu[responsibility//governor]N'N$pāhutu",
"f": {"lang": "akk-x-neoass",
"form": "{LU₂}EN.NAM",
"cf": "pīhātu",
"gw": "responsibility",
"sense": "governor",
"norm": "pāhutu",
"pos": "N",
"epos": "N"}
}
,
{
"node": "d",
"type": "line-start",
"ref": "P335011.3",
"n": "2",
"label": "o 2"}
,
{
"node": "l",
"frag": "ša₂",
"id": "P335011.l01f16",
"ref": "P335011.3.1",
"inst": "ša[of]DET",
"exosig": "@saao/saa06%akk-x-neoass:ša₂=ša[of//of]DET'DET$ša",
"f": {"lang": "akk-x-neoass",
"form": "ša₂",
"cf": "ša",
"gw": "of",
"sense": "of",
"norm": "ša",
"pos": "DET",
"epos": "DET"}
}
,
{
"node": "l",
"frag": "{uru}tal-mu-si",
"id": "P335011.l01f17",
"ref": "P335011.3.2",
"inst": "Talmusa[1]GN$Talmusi",
"exosig": "@saao/saa06%akk-x-neoass:{URU}tal-mu-si=Talmusa[1//1]GN'GN$Talmusi",
"f": {"lang": "akk-x-neoass",
"form": "{URU}tal-mu-si",
"cf": "Talmusa",
"gw": "1",
"sense": "1",
"norm": "Talmusi",
"pos": "GN",
"epos": "GN"}
}
,
{
"node": "l",
"frag": "EN",
"id": "P335011.l01f18",
"ref": "P335011.3.3",
"inst": "bēl[owner]N",
"exosig": "@saao/saa06%akk-x-neoass:EN=bēlu[lord//owner]N'N$bēl",
"f": {"lang": "akk-x-neoass",
"form": "EN",
"cf": "bēlu",
"gw": "lord",
"sense": "owner",
"norm": "bēl",
"pos": "N",
"epos": "N"}
}
,
{
"node": "l",
"frag": "A.ŠA₃-MEŠ",
"id": "P335011.l01f19",
"ref": "P335011.3.4",
"inst": "eqlāti[field]N",
"exosig": "@saao/saa06%akk-x-neoass:A.ŠA₃-MEŠ=eqlu[field//field]N'N$eqlāti",
"f": {"lang": "akk-x-neoass",
"form": "A.ŠA₃-MEŠ",
"cf": "eqlu",
"gw": "field",
"sense": "field",
"norm": "eqlāti",
"pos": "N",
"epos": "N"}
}
,
{
"node": "l",
"frag": "E₂-MEŠ",
"id": "P335011.l01f1a",
"ref": "P335011.3.5",
"inst": "bētāti[house]N",
"exosig": "@saao/saa06%akk-x-neoass:E₂-MEŠ=bītu[house//house]N'N$bētāti",
"f": {"lang": "akk-x-neoass",
"form": "E₂-MEŠ",
"cf": "bītu",
"gw": "house",
"sense": "house",
"norm": "bētāti",
"pos": "N",
"epos": "N"}
}
,
{
"node": "d",
"type": "line-start",
"ref": "P335011.4",
"n": "3",
"label": "o 3"}
,
{
"node": "l",
"frag": "{giš}SAR-MEŠ",
"id": "P335011.l01f1b",
"ref": "P335011.4.1",
"inst": "kirâti[garden]N",
"exosig": "@saao/saa06%akk-x-neoass:{GIŠ}SAR-MEŠ=kirû[garden//garden]N'N$kirâti",
"f": {"lang": "akk-x-neoass",
"form": "{GIŠ}SAR-MEŠ",
"cf": "kirû",
"gw": "garden",
"sense": "garden",
"norm": "kirâti",
"pos": "N",
"epos": "N"}
}
,
{
"node": "l",
"frag": "UN-MEŠ",
"id": "P335011.l01f1c",
"ref": "P335011.4.2",
"inst": "nišē[people]N",
"exosig": "@saao/saa06%akk-x-neoass:UN-MEŠ=nišu[people//people]N'N$nišē",
"f": {"lang": "akk-x-neoass",
"form": "UN-MEŠ",
"cf": "nišu",
"gw": "people",
"sense": "people",
"norm": "nišē",
"pos": "N",
"epos": "N"}
}
,
{
"node": "l",
"frag": "ta-da-ni",
"id": "P335011.l01f1d",
"ref": "P335011.4.3",
"inst": "tadāni[giving]'N",
"exosig": "@saao/saa06%akk-x-neoass:ta-da-ni=tadānu[give//giving]V'N$tadāni",
"f": {"lang": "akk-x-neoass",
"form": "ta-da-ni",
"cf": "tadānu",
"gw": "give",
"sense": "giving",
"norm": "tadāni",
"pos": "V",
"epos": "N"}
}
,
{
"node": "d",
"type": "nonx",
"ref": "P335011.5",
"strict": "1",
"extent": "n",
"scope": "line",
"state": "ruling",
"flags": "!"}
,
{
"node": "d",
"type": "nonx",
"ref": "P335011.6",
"strict": "0",
"extent": "n",
"scope": "impression",
"state": "other"}
,
{
"node": "d",
"type": "nonx",
"ref": "P335011.7",
"strict": "1",
"extent": "n",
"scope": "line",
"state": "ruling",
"flags": "!"}
,
{
"node": "d",
"type": "line-start",
"ref": "P335011.8",
"n": "4",
"label": "o 4"}
,
{
"node": "l",
"frag": "{1}e-hi-ia-a",
"id": "P335011.l01f1e",
"ref": "P335011.8.1",
"inst": "Ehiya[1]PN$",
"exosig": "@saao/saa06%akk-x-neoass:{1}e-hi-ia-a=Ehiya[1//1]PN'PN$Ehiya",
"f": {"lang": "akk-x-neoass",
"form": "{1}e-hi-ia-a",
"cf": "Ehiya",
"gw": "1",
"sense": "1",
"norm": "Ehiya",
"pos": "PN",
"epos": "PN"}
}
,
{
"node": "l",
"frag": "MI₂-šu₂",
"id": "P335011.l01f1f",
"ref": "P335011.8.2",
"inst": "issušu[woman]N",
"exosig": "@saao/saa06%akk-x-neoass:MI₂-šu₂=sinništu[woman//woman]N'N$issušu",
"f": {"lang": "akk-x-neoass",
"form": "MI₂-šu₂",
"cf": "sinništu",
"gw": "woman",
"sense": "woman",
"norm": "issušu",
"pos": "N",
"epos": "N"}
}
,
{
"node": "l",
"frag": "03",
"id": "P335011.l01f20",
"ref": "P335011.8.3",
"inst": "n",
"f": {"lang": "akk-x-neoass",
"form": "03",
"pos": "n"}
}
,
{
"node": "l",
"frag": "DUMU-MEŠ-šu₂",
"id": "P335011.l01f21",
"ref": "P335011.8.4",
"inst": "marʾēšu[son]N",
"sig": "@saao%akk-x-neoass:DUMU-MEŠ-šu₂=māru[son//son]N'N$marʾēšu",
"f": {"lang": "akk-x-neoass",
"form": "DUMU-MEŠ-šu₂",
"cf": "māru",
"gw": "son",
"sense": "son",
"norm": "marʾēšu",
"pos": "N",
"epos": "N"}
}
,
{
"node": "l",
"frag": "02",
"id": "P335011.l01f22",
"ref": "P335011.8.5",
"inst": "n",
"f": {"lang": "akk-x-neoass",
"form": "02",
"pos": "n"}
}
,
{
"node": "l",
"frag": "DUMU.MI₂-MEŠ-šu₂",
"id": "P335011.l01f23",
"ref": "P335011.8.6",
"inst": "marʾātišu[daughter]N",
"exosig": "@saao/saa06%akk-x-neoass:DUMU.MI₂-MEŠ-šu₂=mārtu[daughter//daughter]N'N$marʾātišu",
"f": {"lang": "akk-x-neoass",
"form": "DUMU.MI₂-MEŠ-šu₂",
"cf": "mārtu",
"gw": "daughter",
"sense": "daughter",
"norm": "marʾātišu",
"pos": "N",
"epos": "N"}
}
,
{
"node": "d",
"type": "line-start",
"ref": "P335011.9",
"n": "5",
"label": "o 5"}
,
{
"node": "l",
"frag": "{1}GIŠ.BAL-a",
"id": "P335011.l01f24",
"ref": "P335011.9.1",
"inst": "Pilaqqa[1]PN$",
"exosig": "@saao/saa06%akk-x-neoass:{1}GIŠ.BAL-a=Pilaqqa[1//1]PN'PN$Pilaqqa",
"f": {"lang": "akk-x-neoass",
"form": "{1}GIŠ.BAL-a",
"cf": "Pilaqqa",
"gw": "1",
"sense": "1",
"norm": "Pilaqqa",
"pos": "PN",
"epos": "PN"}
}
,
{
"node": "l",
"frag": "MI₂-šu₂",
"id": "P335011.l01f25",
"ref": "P335011.9.2",
"inst": "issušu[woman]N",
"exosig": "@saao/saa06%akk-x-neoass:MI₂-šu₂=sinništu[woman//woman]N'N$issušu",
"f": {"lang": "akk-x-neoass",
"form": "MI₂-šu₂",
"cf": "sinništu",
"gw": "woman",
"sense": "woman",
"norm": "issušu",
"pos": "N",
"epos": "N"}
}
,
{
"node": "l",
"frag": "02",
"id": "P335011.l01f26",
"ref": "P335011.9.3",
"inst": "n",
"f": {"lang": "akk-x-neoass",
"form": "02",
"pos": "n"}
}
,
{
"node": "l",
"frag": "DUMU-MEŠ-šu₂",
"id": "P335011.l01f27",
"ref": "P335011.9.4",
"inst": "marʾēšu[son]N",
"sig": "@saao%akk-x-neoass:DUMU-MEŠ-šu₂=māru[son//son]N'N$marʾēšu",
"f": {"lang": "akk-x-neoass",
"form": "DUMU-MEŠ-šu₂",
"cf": "māru",
"gw": "son",
"sense": "son",
"norm": "marʾēšu",
"pos": "N",
"epos": "N"}
}
,
{
"node": "l",
"frag": "{1}DUG₃.GA-ru-hi-ti",
"id": "P335011.l01f28",
"ref": "P335011.9.5",
"inst": "Ṭab-ruhti[1]PN$Ṭab-ruhiti",
"exosig": "@saao/saa06%akk-x-neoass:{1}DUG₃.GA-ru-hi-ti=Ṭab-ruhti[1//1]PN'PN$Ṭab-ruhiti",
"f": {"lang": "akk-x-neoass",
"form": "{1}DUG₃.GA-ru-hi-ti",
"cf": "Ṭab-ruhti",
"gw": "1",
"sense": "1",
"norm": "Ṭab-ruhiti",
"pos": "PN",
"epos": "PN"}
}
,
{
"node": "l",
"frag": "MI₂-šu₂",
"id": "P335011.l01f29",
"ref": "P335011.9.6",
"inst": "issušu[woman]N",
"exosig": "@saao/saa06%akk-x-neoass:MI₂-šu₂=sinništu[woman//woman]N'N$issušu",
"f": {"lang": "akk-x-neoass",
"form": "MI₂-šu₂",
"cf": "sinništu",
"gw": "woman",
"sense": "woman",
"norm": "issušu",
"pos": "N",
"epos": "N"}
}
,
{
"node": "d",
"type": "line-start",
"ref": "P335011.10",
"n": "6",
"label": "o 6"}
,
{
"node": "l",
"frag": "DUMU-šu₂",
"id": "P335011.l01f2a",
"ref": "P335011.10.1",
"inst": "māršu[son]N",
"exosig": "@saao/saa06%akk-x-neoass:DUMU-šu₂=māru[son//son]N'N$māršu",
"f": {"lang": "akk-x-neoass",
"form": "DUMU-šu₂",
"cf": "māru",
"gw": "son",
"sense": "son",
"norm": "māršu",
"pos": "N",
"epos": "N"}
}
,
{
"node": "l",
"frag": "{1}nab-te-e",
"id": "P335011.l01f2b",
"ref": "P335011.10.2",
"inst": "Yateʾ[1]PN$",
"exosig": "@saao/saa06%akk-x-neoass:{1}nab-te-e=Yateʾ[1//1]PN'PN$Yateʾ",
"f": {"lang": "akk-x-neoass",
"form": "{1}nab-te-e",
"cf": "Yateʾ",
"gw": "1",
"sense": "1",
"norm": "Yateʾ",
"pos": "PN",
"epos": "PN"}
}
,
{
"node": "l",
"frag": "MI₂-šu₂",
"id": "P335011.l01f2c",
"ref": "P335011.10.3",
"inst": "issušu[woman]N",
"exosig": "@saao/saa06%akk-x-neoass:MI₂-šu₂=sinništu[woman//woman]N'N$issušu",
"f": {"lang": "akk-x-neoass",
"form": "MI₂-šu₂",
"cf": "sinništu",
"gw": "woman",
"sense": "woman",
"norm": "issušu",
"pos": "N",
"epos": "N"}
}
,
{
"node": "l",
"frag": "AMA-šu₂",
"id": "P335011.l01f2d",
"ref": "P335011.10.4",
"inst": "ummīšu[mother]N",
"exosig": "@saao/saa06%akk-x-neoass:AMA-šu₂=ummu[mother//mother]N'N$ummīšu",
"f": {"lang": "akk-x-neoass",
"form": "AMA-šu₂",
"cf": "ummu",
"gw": "mother",
"sense": "mother",
"norm": "ummīšu",
"pos": "N",
"epos": "N"}
}
,
{
"node": "l",
"frag": "PAB-šu₂",
"id": "P335011.l01f2e",
"ref": "P335011.10.5",
"inst": "ahūšu[brother]N",
"exosig": "@saao/saa06%akk-x-neoass:PAB-šu₂=ahu[brother//brother]N'N$ahūšu",
"f": {"lang": "akk-x-neoass",
"form": "PAB-šu₂",
"cf": "ahu",
"gw": "brother",
"sense": "brother",
"norm": "ahūšu",
"pos": "N",
"epos": "N"}
}
,
{
"node": "l",
"frag": "{1}dul-la-a.a-qa-nun",
"id": "P335011.l01f2f",
"ref": "P335011.10.6",
"inst": "Dullaya-qanun[1]PN$",
"exosig": "@saao/saa06%akk-x-neoass:{1}dul-la-a.a-qa-nun=Dullaya-qanun[1//1]PN'PN$Dullaya-qanun",
"f": {"lang": "akk-x-neoass",
"form": "{1}dul-la-a.a-qa-nun",
"cf": "Dullaya-qanun",
"gw": "1",
"sense": "1",
"norm": "Dullaya-qanun",
"pos": "PN",
"epos": "PN"}
}
,
{
"node": "d",
"type": "line-start",
"ref": "P335011.11",
"n": "7",
"label": "o 7"}
,
{
"node": "l",
"frag": "MI₂-šu₂",
"id": "P335011.l01f30",
"ref": "P335011.11.1",
"inst": "issušu[woman]N",
"exosig": "@saao/saa06%akk-x-neoass:MI₂-šu₂=sinništu[woman//woman]N'N$issušu",
"f": {"lang": "akk-x-neoass",
"form": "MI₂-šu₂",
"cf": "sinništu",
"gw": "woman",
"sense": "woman",
"norm": "issušu",
"pos": "N",
"epos": "N"}
}
,
{
"node": "l",
"frag": "AMA-šu₂",
"id": "P335011.l01f31",
"ref": "P335011.11.2",
"inst": "ummīšu[mother]N",
"exosig": "@saao/saa06%akk-x-neoass:AMA-šu₂=ummu[mother//mother]N'N$ummīšu",
"f": {"lang": "akk-x-neoass",
"form": "AMA-šu₂",
"cf": "ummu",
"gw": "mother",
"sense": "mother",
"norm": "ummīšu",
"pos": "N",
"epos": "N"}
}
,
{
"node": "c",
"type": "phrase",
"tag": "phr",
"id": "P335011.U4",
"ref": "P335011.ls00000",
"cdl": [
{
"node": "l",
"frag": "DUMU-šu₂",
"id": "P335011.l01f32",
"ref": "P335011.11.3",
"inst": "māršu[son]N",
"exosig": "@saao/saa06%akk-x-neoass:DUMU-šu₂=māru[son//son]N'N$māršu",
"f": {"lang": "akk-x-neoass",
"form": "DUMU-šu₂",
"cf": "māru",
"gw": "son",
"sense": "son",
"norm": "māršu",
"pos": "N",
"epos": "N"}
}
,
{
"node": "l",
"frag": "PAB-šu₂",
"id": "P335011.l01f33",
"ref": "P335011.11.4",
"inst": "ahūšu[brother]N",
"exosig": "@saao/saa06%akk-x-neoass:PAB-šu₂=ahu[brother//brother]N'N$ahūšu",
"f": {"lang": "akk-x-neoass",
"form": "PAB-šu₂",
"cf": "ahu",
"gw": "brother",
"sense": "brother",
"norm": "ahūšu",
"pos": "N",
"epos": "N"}
}
]}
,
{
"node": "l",
"frag": "{1}u₂-ri-ia-a",
"id": "P335011.l01f34",
"ref": "P335011.11.5",
"inst": "Uri-Ya[1]PN$",
"exosig": "@saao/saa06%akk-x-neoass:{1}u₂-ri-ia-a=Uri-Ya[1//1]PN'PN$Uri-Ya",
"f": {"lang": "akk-x-neoass",
"form": "{1}u₂-ri-ia-a",
"cf": "Uri-Ya",
"gw": "1",
"sense": "1",
"norm": "Uri-Ya",
"pos": "PN",
"epos": "PN"}
}
,
{
"node": "l",
"frag": "MI₂-šu₂",
"id": "P335011.l01f35",
"ref": "P335011.11.6",
"inst": "issušu[woman]N",
"exosig": "@saao/saa06%akk-x-neoass:MI₂-šu₂=sinništu[woman//woman]N'N$issušu",
"f": {"lang": "akk-x-neoass",
"form": "MI₂-šu₂",
"cf": "sinništu",
"gw": "woman",
"sense": "woman",
"norm": "issušu",
"pos": "N",
"epos": "N"}
}
,
{
"node": "l",
"frag": "AMA-šu₂",
"id": "P335011.l01f36",
"ref": "P335011.11.7",
"inst": "ummīšu[mother]N",
"exosig": "@saao/saa06%akk-x-neoass:AMA-šu₂=ummu[mother//mother]N'N$ummīšu",
"f": {"lang": "akk-x-neoass",
"form": "AMA-šu₂",
"cf": "ummu",
"gw": "mother",
"sense": "mother",
"norm": "ummīšu",
"pos": "N",
"epos": "N"}
}
,
{
"node": "d",
"type": "line-start",
"ref": "P335011.12",
"n": "8",
"label": "o 8"}
,
{
"node": "l",
"frag": "PAB-šu₂",
"id": "P335011.l01f37",
"ref": "P335011.12.1",
"inst": "ahūšu[brother]N",
"exosig": "@saao/saa06%akk-x-neoass:PAB-šu₂=ahu[brother//brother]N'N$ahūšu",
"f": {"lang": "akk-x-neoass",
"form": "PAB-šu₂",
"cf": "ahu",
"gw": "brother",
"sense": "brother",
"norm": "ahūšu",
"pos": "N",
"epos": "N"}
}
,
{
"node": "l",
"frag": "PAB",
"id": "P335011.l01f38",
"ref": "P335011.12.2",
"inst": "gimru[total]N",
"exosig": "@saao/saa06%akk-x-neoass:PAB=gimru[totality//total]N'N$gimru",
"f": {"lang": "akk-x-neoass",
"form": "PAB",
"cf": "gimru",
"gw": "totality",
"sense": "total",
"norm": "gimru",
"pos": "N",
"epos": "N"}
}
,
{
"node": "l",
"frag": "27",
"id": "P335011.l01f39",
"ref": "P335011.12.3",
"inst": "n",
"f": {"lang": "akk-x-neoass",
"form": "27",
"pos": "n"}
}
,
{
"node": "l",
"frag": "ZI-MEŠ",
"id": "P335011.l01f3a",
"ref": "P335011.12.4",
"inst": "nupšāti[person]N",
"exosig": "@saao/saa06%akk-x-neoass:ZI-MEŠ=napištu[throat//person]N'N$nupšāti",
"f": {"lang": "akk-x-neoass",
"form": "ZI-MEŠ",
"cf": "napištu",
"gw": "throat",
"sense": "person",
"norm": "nupšāti",
"pos": "N",
"epos": "N"}
}
,
{
"node": "l",
"frag": "a-di",
"id": "P335011.l01f3b",
"ref": "P335011.12.5",
"inst": "adi[with]PRP",
"exosig": "@saao/saa06%akk-x-neoass:a-di=adi[until//with]PRP'PRP$adi",
"f": {"lang": "akk-x-neoass",
"form": "a-di",
"cf": "adi",
"gw": "until",
"sense": "with",
"norm": "adi",
"pos": "PRP",
"epos": "PRP"}
}
,
{
"node": "l",
"frag": "A.ŠA₃-MEŠ-šu₂-nu",
"id": "P335011.l01f3c",
"ref": "P335011.12.6",
"inst": "eqlātišunu[field]N",
"exosig": "@saao/saa06%akk-x-neoass:A.ŠA₃-MEŠ-šu₂-nu=eqlu[field//field]N'N$eqlātišunu",
"f": {"lang": "akk-x-neoass",
"form": "A.ŠA₃-MEŠ-šu₂-nu",
"cf": "eqlu",
"gw": "field",
"sense": "field",
"norm": "eqlātišunu",
"pos": "N",
"epos": "N"}
}
,
{
"node": "c",
"type": "phrase",
"tag": "phr",
"id": "P335011.U5",
"ref": "P335011.ls00001",
"cdl": [
{
"node": "l",
"frag": "a-di",
"id": "P335011.l01f3d",
"ref": "P335011.12.7",
"inst": "adi[with]PRP",
"exosig": "@saao/saa06%akk-x-neoass:a-di=adi[until//with]PRP'PRP$adi",
"f": {"lang": "akk-x-neoass",
"form": "a-di",
"cf": "adi",
"gw": "until",
"sense": "with",
"norm": "adi",
"pos": "PRP",
"epos": "PRP"}
}
,
{
"node": "l",
"frag": "E₂-MEŠ-šu₂-nu",
"id": "P335011.l01f3e",
"ref": "P335011.12.8",
"inst": "bētātišunu[house]N",
"exosig": "@saao/saa06%akk-x-neoass:E₂-MEŠ-šu₂-nu=bītu[house//house]N'N$bētātišunu",
"f": {"lang": "akk-x-neoass",
"form": "E₂-MEŠ-šu₂-nu",
"cf": "bītu",
"gw": "house",
"sense": "house",
"norm": "bētātišunu",
"pos": "N",
"epos": "N"}
}
]}
,
{
"node": "d",
"type": "line-start",
"ref": "P335011.13",
"n": "9",
"label": "o 9"}
,
{
"node": "l",
"frag": "a-di",
"id": "P335011.l01f3f",
"ref": "P335011.13.1",
"inst": "adi[with]PRP",
"exosig": "@saao/saa06%akk-x-neoass:a-di=adi[until//with]PRP'PRP$adi",
"f": {"lang": "akk-x-neoass",
"form": "a-di",
"cf": "adi",
"gw": "until",
"sense": "with",
"norm": "adi",
"pos": "PRP",
"epos": "PRP"}
}
,
{
"node": "l",
"frag": "{giš}SAR-MEŠ-šu₂-nu",
"id": "P335011.l01f40",
"ref": "P335011.13.2",
"inst": "kirû[garden]N$kirâtišunu",
"exosig": "@saao/saa06%akk-x-neoass:{GIŠ}SAR-MEŠ-šu₂-nu=kirû[garden//garden]N'N$kirâtišunu",
"f": {"lang": "akk-x-neoass",
"form": "{GIŠ}SAR-MEŠ-šu₂-nu",
"cf": "kirû",
"gw": "garden",
"sense": "garden",
"norm": "kirâtišunu",
"pos": "N",
"epos": "N"}
}
,
{
"node": "l",
"frag": "a-di",
"id": "P335011.l01f41",
"ref": "P335011.13.3",
"inst": "adi[with]PRP",
"exosig": "@saao/saa06%akk-x-neoass:a-di=adi[until//with]PRP'PRP$adi",
"f": {"lang": "akk-x-neoass",
"form": "a-di",
"cf": "adi",
"gw": "until",
"sense": "with",
"norm": "adi",
"pos": "PRP",
"epos": "PRP"}
}
,
{
"node": "l",
"frag": "GUD-MEŠ-šu₂-nu",
"id": "P335011.l01f42",
"ref": "P335011.13.4",
"inst": "alpānišunu[ox]N",
"exosig": "@saao/saa06%akk-x-neoass:GUD-MEŠ-šu₂-nu=alpu[ox//ox]N'N$alpānišunu",
"f": {"lang": "akk-x-neoass",
"form": "GUD-MEŠ-šu₂-nu",
"cf": "alpu",
"gw": "ox",
"sense": "ox",
"norm": "alpānišunu",
"pos": "N",
"epos": "N"}
}
,
{
"node": "l",
"frag": "a-di",
"id": "P335011.l01f43",
"ref": "P335011.13.5",
"inst": "adi[with]PRP",
"exosig": "@saao/saa06%akk-x-neoass:a-di=adi[until//with]PRP'PRP$adi",
"f": {"lang": "akk-x-neoass",
"form": "a-di",
"cf": "adi",
"gw": "until",
"sense": "with",
"norm": "adi",
"pos": "PRP",
"epos": "PRP"}
}
,
{
"node": "l",
"frag": "UDU-MEŠ-šu₂-nu",
"id": "P335011.l01f44",
"ref": "P335011.13.6",
"inst": "immerēšunu[sheep]N",
"exosig": "@saao/saa06%akk-x-neoass:UDU-MEŠ-šu₂-nu=immeru[sheep//sheep]N'N$immerēšunu",
"f": {"lang": "akk-x-neoass",
"form": "UDU-MEŠ-šu₂-nu",
"cf": "immeru",
"gw": "sheep",
"sense": "sheep",
"norm": "immerēšunu",
"pos": "N",
"epos": "N"}
}
,
{
"node": "d",
"type": "line-start",
"ref": "P335011.14",
"n": "10",
"label": "o 10"}
,
{
"node": "l",
"frag": "a-di",
"id": "P335011.l01f45",
"ref": "P335011.14.1",
"inst": "adi[with]PRP",
"exosig": "@saao/saa06%akk-x-neoass:a-di=adi[until//with]PRP'PRP$adi",
"f": {"lang": "akk-x-neoass",
"form": "a-di",
"cf": "adi",
"gw": "until",
"sense": "with",
"norm": "adi",
"pos": "PRP",
"epos": "PRP"}
}
,
{
"node": "l",
"frag": "qin-ni-šu₂-nu",
"id": "P335011.l01f46",
"ref": "P335011.14.2",
"inst": "qinnu[nest//family]N$qinnišunu",
"exosig": "@saao/saa06%akk-x-neoass:qin-ni-šu₂-nu=qinnu[nest//family]N'N$qinnišunu",
"f": {"lang": "akk-x-neoass",
"form": "qin-ni-šu₂-nu",
"cf": "qinnu",
"gw": "nest",
"sense": "family",
"norm": "qinnišunu",
"pos": "N",
"epos": "N"}
}
,
{
"node": "l",
"frag": "ina",
"id": "P335011.l01f47",
"ref": "P335011.14.3",
"inst": "ina[in]PRP",
"exosig": "@saao/saa06%akk-x-neoass:ina=ina[in//in]PRP'PRP$ina",
"f": {"lang": "akk-x-neoass",
"form": "ina",
"cf": "ina",
"gw": "in",
"sense": "in",
"norm": "ina",
"pos": "PRP",
"epos": "PRP"}
}
,
{
"node": "l",
"frag": "{uru}da-di-u₂-al-la",
"id": "P335011.l01f48",
"ref": "P335011.14.4",
"inst": "Dadi-ualla[1]PN$",
"exosig": "@saao/saa06%akk-x-neoass:{URU}da-di-u₂-al-la=Dadi-ualla[1//1]PN'PN$Dadi-ualla",
"f": {"lang": "akk-x-neoass",
"form": "{URU}da-di-u₂-al-la",
"cf": "Dadi-ualla",
"gw": "1",
"sense": "1",
"norm": "Dadi-ualla",
"pos": "PN",
"epos": "PN"}
}
,
{
"node": "d",
"type": "line-start",
"ref": "P335011.15",
"n": "11",
"label": "o 11"}
,
{
"node": "l",
"frag": "ina",
"id": "P335011.l01f49",
"ref": "P335011.15.1",
"inst": "ina[in]PRP",
"exosig": "@saao/saa06%akk-x-neoass:ina=ina[in//in]PRP'PRP$ina",
"f": {"lang": "akk-x-neoass",
"form": "ina",
"cf": "ina",
"gw": "in",
"sense": "in",
"norm": "ina",
"pos": "PRP",
"epos": "PRP"}
}
,
{
"node": "l",
"frag": "EN.NAM",
"id": "P335011.l01f4a",
"ref": "P335011.15.2",
"inst": "pīhātu[responsibility//province]N$pāhiti",
"exosig": "@saao/saa06%akk-x-neoass:EN.NAM=pīhātu[responsibility//province]N'N$pāhiti",
"f": {"lang": "akk-x-neoass",
"form": "EN.NAM",
"cf": "pīhātu",
"gw": "responsibility",
"sense": "province",
"norm": "pāhiti",
"pos": "N",
"epos": "N"}
}
,
{
"node": "l",
"frag": "{uru}tal-mu-si",
"id": "P335011.l01f4b",
"ref": "P335011.15.3",
"inst": "Talmusa[1]GN$Talmusi",
"exosig": "@saao/saa06%akk-x-neoass:{URU}tal-mu-si=Talmusa[1//1]GN'GN$Talmusi",
"f": {"lang": "akk-x-neoass",
"form": "{URU}tal-mu-si",
"cf": "Talmusa",
"gw": "1",
"sense": "1",
"norm": "Talmusi",
"pos": "GN",
"epos": "GN"}
}
,
{
"node": "l",
"frag": "tu-piš-ma",
"id": "P335011.l01f4c",
"ref": "P335011.15.4",
"inst": "tupišma[contract]V",
"exosig": "@saao/saa06%akk-x-neoass:tu-piš-ma=epēšu[do//contract]V'V$tupišma",
"f": {"lang": "akk-x-neoass",
"form": "tu-piš-ma",
"cf": "epēšu",
"gw": "do",
"sense": "contract",
"norm": "tupišma",
"pos": "V",
"epos": "V"}
}
,
{
"node": "c",
"type": "phrase",
"tag": "phr",
"id": "P335011.U6",
"ref": "P335011.ls00002",
"cdl": [
{
"node": "l",
"frag": "{mi₂}ERIM-E₂.GAL",
"id": "P335011.l01f4d",
"ref": "P335011.15.5",
"cof-tails": "P335011.l01f4e",
"inst": "sekretu[enclosed (woman)]N$sekret&ēkallu[palace]N$ēkalli",
"exosig": "@saao/saa06%akk-x-neoass:{MI₂}ERIM-E₂.GAL=sekretu[enclosed (woman)//enclosed (woman)]N'N$sekret&&@saao%akk-x-neoass:=ēkallu[palace//palace]N'N$ēkalli",
"f": {"lang": "akk-x-neoass",
"form": "{MI₂}ERIM-E₂.GAL",
"cf": "sekretu",
"gw": "enclosed (woman)",
"sense": "enclosed (woman)",
"norm": "sekret",
"pos": "N",
"epos": "N"}
}
,
{
"node": "l",
"frag": "{mi₂}ERIM-E₂.GAL",
"id": "P335011.l01f4e",
"ref": "P335011.15.5",
"cof-head": "P335011.l01f4d",
"inst": "sekretu[enclosed (woman)]N$sekret&ēkallu[palace]N$ēkalli",
"tail-sig": "@saao%akk-x-neoass:=ēkallu[palace//palace]N'N$ēkalli",
"f": {"lang": "akk-x-neoass",
"form": "{MI₂}ERIM-E₂.GAL",
"cf": "ēkallu",
"gw": "palace",
"sense": "palace",
"norm": "ēkalli",
"pos": "N",
"epos": "N"}
}
]}
,
{
"node": "d",
"type": "line-start",
"ref": "P335011.16",
"n": "12",
"label": "o 12"}
,
{
"node": "l",
"frag": "ku-um",
"id": "P335011.l01f4f",
"ref": "P335011.16.1",
"inst": "kūm[instead of]PRP",
"exosig": "@saao/saa06%akk-x-neoass:ku-um=kūm[instead of//instead of]PRP'PRP$kūm",
"f": {"lang": "akk-x-neoass",
"form": "ku-um",
"cf": "kūm",
"gw": "instead of",
"sense": "instead of",
"norm": "kūm",
"pos": "PRP",
"epos": "PRP"}
}
,
{
"node": "l",
"frag": "20",
"id": "P335011.l01f50",
"ref": "P335011.16.2",
"inst": "n",
"f": {"lang": "akk-x-neoass",
"form": "20",
"pos": "n"}
}
,
{
"node": "l",
"frag": "MA.NA",
"id": "P335011.l01f51",
"ref": "P335011.16.3",
"inst": "manê[a unit of weight]N",
"exosig": "@saao/saa06%akk-x-neoass:MA.NA=manû[unit//a unit of weight]N'N$manê",
"f": {"lang": "akk-x-neoass",
"form": "MA.NA",
"cf": "manû",
"gw": "unit",
"sense": "a unit of weight",
"norm": "manê",
"pos": "N",
"epos": "N"}
}
,
{
"node": "l",
"frag": "KUG.UD",
"id": "P335011.l01f52",
"ref": "P335011.16.4",
"inst": "ṣarpi[silver]N",
"exosig": "@saao/saa06%akk-x-neoass:KUG.UD=ṣarpu[silver//silver]N'N$ṣarpi",
"f": {"lang": "akk-x-neoass",
"form": "KUG.UD",
"cf": "ṣarpu",
"gw": "silver",
"sense": "silver",
"norm": "ṣarpi",
"pos": "N",
"epos": "N"}
}
,
{
"node": "l",
"frag": "ina",
"id": "P335011.l01f53",
"ref": "P335011.16.5",
"inst": "ina[by]PRP",
"exosig": "@saao/saa06%akk-x-neoass:ina=ina[in//by]PRP'PRP$ina",
"f": {"lang": "akk-x-neoass",
"form": "ina",
"cf": "ina",
"gw": "in",
"sense": "by",
"norm": "ina",
"pos": "PRP",
"epos": "PRP"}
}
,
{
"node": "l",
"frag": "01",
"id": "P335011.l01f54",
"ref": "P335011.16.6",
"inst": "n",
"f": {"lang": "akk-x-neoass",
"form": "01",
"pos": "n"}
}
,
{
"node": "l",
"frag": "MA.NA-e",
"id": "P335011.l01f55",
"ref": "P335011.16.7",
"inst": "manê[a unit of weight]N",
"exosig": "@saao/saa06%akk-x-neoass:MA.NA-e=manû[unit//a unit of weight]N'N$manê",
"f": {"lang": "akk-x-neoass",
"form": "MA.NA-e",
"cf": "manû",
"gw": "unit",
"sense": "a unit of weight",
"norm": "manê",
"pos": "N",
"epos": "N"}
}
,
{
"node": "l",
"frag": "ša₂",
"id": "P335011.l01f56",
"ref": "P335011.16.8",
"inst": "ša[of]DET",
"exosig": "@saao/saa06%akk-x-neoass:ša₂=ša[of//of]DET'DET$ša",
"f": {"lang": "akk-x-neoass",
"form": "ša₂",
"cf": "ša",
"gw": "of",
"sense": "of",
"norm": "ša",
"pos": "DET",
"epos": "DET"}
}
,
{
"node": "l",
"frag": "{uru}gar-ga-mis",
"id": "P335011.l01f57",
"ref": "P335011.16.9",
"inst": "Gargamis[Carchemish]GN",
"exosig": "@saao/saa06%akk-x-neoass:{URU}gar-ga-mis=Gargamis[Carchemish//Carchemish]GN'GN$Gargamis",
"f": {"lang": "akk-x-neoass",
"form": "{URU}gar-ga-mis",
"cf": "Gargamis",
"gw": "Carchemish",
"sense": "Carchemish",
"norm": "Gargamis",
"pos": "GN",
"epos": "GN"}
}
,
{
"node": "d",
"type": "line-start",
"ref": "P335011.17",
"n": "13",
"label": "o 13"}
,
{
"node": "l",
"frag": "a-na",
"id": "P335011.l01f58",
"ref": "P335011.17.1",
"inst": "ana[to+=as a pledge]PRP$",
"exosig": "@saao/saa06%akk-x-neoass:a-na=ana[to//to]PRP'PRP$ana",
"f": {"lang": "akk-x-neoass",
"form": "a-na",
"cf": "ana",
"gw": "to",
"sense": "to",
"norm": "ana",
"pos": "PRP",
"epos": "PRP"}
}
,
{
"node": "l",
"frag": "ša₂-par-te",
"id": "P335011.l01f59",
"ref": "P335011.17.2",
"inst": "šapartu[pledge]N$šaparte",
"exosig": "@saao/saa06%akk-x-neoass:ša₂-par-te=šapartu[pledge//pledge]N'N$šaparte",
"f": {"lang": "akk-x-neoass",
"form": "ša₂-par-te",
"cf": "šapartu",
"gw": "pledge",
"sense": "pledge",
"norm": "šaparte",
"pos": "N",
"epos": "N"}
}
,
{
"node": "l",
"frag": "ša₂-kin",
"id": "P335011.l01f5a",
"ref": "P335011.17.3",
"inst": "šaknu[placed]AJ$šakin",
"exosig": "@saao/saa06%akk-x-neoass:ša₂-kin=šaknu[placed//placed]AJ'AJ$šakin",
"f": {"lang": "akk-x-neoass",
"form": "ša₂-kin",
"cf": "šaknu",
"gw": "placed",
"sense": "placed",
"norm": "šakin",
"pos": "AJ",
"epos": "AJ"}
}
,
{
"node": "l",
"frag": "man-nu",
"id": "P335011.l01f5b",
"ref": "P335011.17.4",
"inst": "mannu[whoever]'XP",
"exosig": "@saao/saa06%akk-x-neoass:man-nu=mannu[who?//whoever]QP'XP$mannu",
"f": {"lang": "akk-x-neoass",
"form": "man-nu",
"cf": "mannu",
"gw": "who?",
"sense": "whoever",
"norm": "mannu",
"pos": "QP",
"epos": "XP"}
}
,
{
"node": "l",
"frag": "ša₂",
"id": "P335011.l01f5c",
"ref": "P335011.17.5",
"inst": "ša[that]REL",
"exosig": "@saao/saa06%akk-x-neoass:ša₂=ša[that//that]REL'REL$ša",
"f": {"lang": "akk-x-neoass",
"form": "ša₂",
"cf": "ša",
"gw": "that",
"sense": "that",
"norm": "ša",
"pos": "REL",
"epos": "REL"}
}
,
{
"node": "l",
"frag": "⸢ur-kiš⸣",
"id": "P335011.l01f5d",
"ref": "P335011.17.6",
"inst": "urkiš[later]AV",
"exosig": "@saao/saa06%akk-x-neoass:ur-kiš=urkiš[later//later]AV'AV$urkiš",
"f": {"lang": "akk-x-neoass",
"form": "ur-kiš",
"cf": "urkiš",
"gw": "later",
"sense": "later",
"norm": "urkiš",
"pos": "AV",
"epos": "AV"}
}
,
{
"node": "l",
"frag": "u",
"id": "P335011.l01f5e",
"ref": "P335011.17.7",
"inst": "u[and]CNJ",
"exosig": "@saao/saa06%akk-x-neoass:u=u[and//and]CNJ'CNJ$u",
"f": {"lang": "akk-x-neoass",
"form": "u",
"cf": "u",
"gw": "and",
"sense": "and",
"norm": "u",
"pos": "CNJ",
"epos": "CNJ"}
}
,
{
"node": "l",
"frag": "ma-te-ma",
"id": "P335011.l01f5f",
"ref": "P335011.17.8",
"inst": "matēma[ever]AV",
"exosig": "@saao/saa06%akk-x-neoass:ma-te-ma=matīma[ever//ever]AV'AV$matēma",
"f": {"lang": "akk-x-neoass",
"form": "ma-te-ma",
"cf": "matīma",
"gw": "ever",
"sense": "ever",
"norm": "matēma",
"pos": "AV",
"epos": "AV"}
}
,
{
"node": "d",
"type": "line-start",
"ref": "P335011.18",
"n": "14",
"label": "o 14"}
,
{
"node": "l",
"frag": "lu-u",
"id": "P335011.l01f60",
"ref": "P335011.18.1",
"inst": "lū[may]MOD",
"exosig": "@saao/saa06%akk-x-neoass:lu-u=lū[may//may]MOD'MOD$lū",
"f": {"lang": "akk-x-neoass",
"form": "lu-u",
"cf": "lū",
"gw": "may",
"sense": "may",
"norm": "lū",
"pos": "MOD",
"epos": "MOD"}
}
,
{
"node": "l",
"frag": "{1}mil-ki-ia₂",
"id": "P335011.l01f61",
"ref": "P335011.18.2",
"inst": "Milkya[1]PN$",
"exosig": "@saao/saa06%akk-x-neoass:{1}mil-ki-ia₂=Milkya[1//1]PN'PN$Milkya",
"f": {"lang": "akk-x-neoass",
"form": "{1}mil-ki-ia₂",
"cf": "Milkya",
"gw": "1",
"sense": "1",
"norm": "Milkya",
"pos": "PN",
"epos": "PN"}
}
,
{
"node": "l",
"frag": "EN.NAM",
"id": "P335011.l01f62",
"ref": "P335011.18.3",
"inst": "pīhātu[responsibility//governor]N$pāhutu",
"exosig": "@saao/saa06%akk-x-neoass:EN.NAM=pīhātu[responsibility//governor]N'N$pāhutu",
"f": {"lang": "akk-x-neoass",
"form": "EN.NAM",
"cf": "pīhātu",
"gw": "responsibility",
"sense": "governor",
"norm": "pāhutu",
"pos": "N",
"epos": "N"}
}
,
{
"node": "l",
"frag": "lu-u",
"id": "P335011.l01f63",
"ref": "P335011.18.4",
"inst": "lū[may]MOD",
"exosig": "@saao/saa06%akk-x-neoass:lu-u=lū[may//may]MOD'MOD$lū",
"f": {"lang": "akk-x-neoass",
"form": "lu-u",
"cf": "lū",
"gw": "may",
"sense": "may",
"norm": "lū",
"pos": "MOD",
"epos": "MOD"}
}
,
{
"node": "l",
"frag": "{lu₂}02-e-šu₂",
"id": "P335011.l01f64",
"ref": "P335011.18.5",
"inst": "šanû[second//deputy]NU'N$šaniēšu",
"exosig": "@saao/saa06%akk-x-neoass:{LU₂}02-e-šu₂=šanû[second//deputy]NU'N$šaniēšu",
"f": {"lang": "akk-x-neoass",
"form": "{LU₂}02-e-šu₂",
"cf": "šanû",
"gw": "second",
"sense": "deputy",
"norm": "šaniēšu",
"pos": "NU",
"epos": "N"}
}
,
{
"node": "d",
"type": "line-start",
"ref": "P335011.19",
"n": "15",
"label": "o 15"}
,
{
"node": "l",
"frag": "lu-u",
"id": "P335011.l01f65",
"ref": "P335011.19.1",
"inst": "lū[may]MOD",
"exosig": "@saao/saa06%akk-x-neoass:lu-u=lū[may//may]MOD'MOD$lū",
"f": {"lang": "akk-x-neoass",
"form": "lu-u",
"cf": "lū",
"gw": "may",
"sense": "may",
"norm": "lū",
"pos": "MOD",
"epos": "MOD"}
}
,
{
"node": "c",
"type": "phrase",
"tag": "phr",
"id": "P335011.U7",
"ref": "P335011.ls00003",
"cdl": [
{
"node": "l",
"frag": "{lu₂}GAL-URU-MEŠ-šu₂",
"id": "P335011.l01f66",
"ref": "P335011.19.2",
"cof-tails": "P335011.l01f67",
"inst": "rabû[big one]N$rab&ālu[city]N$ālānīšu",
"exosig": "@saao/saa06%akk-x-neoass:{LU₂}GAL-URU-MEŠ-šu₂=rabû[big one//big one]N'N$rab&&@saao%akk-x-neoass:=ālu[city//city]N'N$ālānīšu",
"f": {"lang": "akk-x-neoass",
"form": "{LU₂}GAL-URU-MEŠ-šu₂",
"cf": "rabû",
"gw": "big one",
"sense": "big one",
"norm": "rab",
"pos": "N",
"epos": "N"}
}
,
{
"node": "l",
"frag": "{lu₂}GAL-URU-MEŠ-šu₂",
"id": "P335011.l01f67",
"ref": "P335011.19.2",
"cof-head": "P335011.l01f66",
"inst": "rabû[big one]N$rab&ālu[city]N$ālānīšu",
"tail-sig": "@saao%akk-x-neoass:=ālu[city//city]N'N$ālānīšu",
"f": {"lang": "akk-x-neoass",
"form": "{LU₂}GAL-URU-MEŠ-šu₂",
"cf": "ālu",
"gw": "city",
"sense": "city",
"norm": "ālānīšu",
"pos": "N",
"epos": "N"}
}
]}
,
{
"node": "l",
"frag": "lu-u",
"id": "P335011.l01f68",
"ref": "P335011.19.3",
"inst": "lū[may]MOD",
"exosig": "@saao/saa06%akk-x-neoass:lu-u=lū[may//may]MOD'MOD$lū",
"f": {"lang": "akk-x-neoass",
"form": "lu-u",
"cf": "lū",
"gw": "may",
"sense": "may",
"norm": "lū",
"pos": "MOD",
"epos": "MOD"}
}
,
{
"node": "l",
"frag": "{lu₂}ha-za-nu",
"id": "P335011.l01f69",
"ref": "P335011.19.4",
"inst": "hazannu[mayor]N",
"exosig": "@saao/saa06%akk-x-neoass:{LU₂}ha-za-nu=hazannu[mayor//mayor]N'N$hazannu",
"f": {"lang": "akk-x-neoass",
"form": "{LU₂}ha-za-nu",
"cf": "hazannu",
"gw": "mayor",
"sense": "mayor",
"norm": "hazannu",
"pos": "N",
"epos": "N"}
}
,
{
"node": "l",
"frag": "URU-šu₂",
"id": "P335011.l01f6a",
"ref": "P335011.19.5",
"inst": "ālīšu[town]N",
"exosig": "@saao/saa06%akk-x-neoass:URU-šu₂=ālu[city//town]N'N$ālīšu",
"f": {"lang": "akk-x-neoass",
"form": "URU-šu₂",
"cf": "ālu",
"gw": "city",
"sense": "town",
"norm": "ālīšu",
"pos": "N",
"epos": "N"}
}
,
{
"node": "d",
"type": "line-start",
"ref": "P335011.20",
"n": "16",
"label": "o 16"}
,
{
"node": "l",
"frag": "[lu-u]",
"id": "P335011.l01f6b",
"ref": "P335011.20.1",
"inst": "lū[may]MOD",
"exosig": "@saao/saa06%akk-x-neoass:lu-u=lū[may//may]MOD'MOD$lū",
"f": {"lang": "akk-x-neoass",
"form": "lu-u",
"cf": "lū",
"gw": "may",
"sense": "may",
"norm": "lū",
"pos": "MOD",
"epos": "MOD"}
}
,
{
"node": "l",
"frag": "DUMU-šu₂",
"id": "P335011.l01f6c",
"ref": "P335011.20.2",
"inst": "māršu[son]N",
"exosig": "@saao/saa06%akk-x-neoass:DUMU-šu₂=māru[son//son]N'N$māršu",
"f": {"lang": "akk-x-neoass",
"form": "DUMU-šu₂",
"cf": "māru",
"gw": "son",
"sense": "son",
"norm": "māršu",
"pos": "N",
"epos": "N"}
}
,
{
"node": "l",
"frag": "lu-u",
"id": "P335011.l01f6d",
"ref": "P335011.20.3",
"inst": "lū[may]MOD",
"exosig": "@saao/saa06%akk-x-neoass:lu-u=lū[may//may]MOD'MOD$lū",
"f": {"lang": "akk-x-neoass",
"form": "lu-u",
"cf": "lū",
"gw": "may",
"sense": "may",
"norm": "lū",
"pos": "MOD",
"epos": "MOD"}
}
,
{
"node": "c",
"type": "phrase",
"tag": "phr",
"id": "P335011.U8",
"ref": "P335011.ls00004",
"cdl": [
{
"node": "l",
"frag": "DUMU-DUMU-šu₂",
"id": "P335011.l01f6e",
"ref": "P335011.20.4",
"cof-tails": "P335011.l01f6f",
"inst": "māru[son]N$mār&māru[son]N$marʾīšu",
"exosig": "@saao/saa06%akk-x-neoass:DUMU-DUMU-šu₂=māru[son//son]N'N$mār&&@saao%akk-x-neoass:=māru[son//son]N'N$marʾīšu",
"f": {"lang": "akk-x-neoass",
"form": "DUMU-DUMU-šu₂",
"cf": "māru",
"gw": "son",
"sense": "son",
"norm": "mār",
"pos": "N",
"epos": "N"}
}
,
{
"node": "l",
"frag": "DUMU-DUMU-šu₂",
"id": "P335011.l01f6f",
"ref": "P335011.20.4",
"cof-head": "P335011.l01f6e",
"inst": "māru[son]N$mār&māru[son]N$marʾīšu",
"tail-sig": "@saao%akk-x-neoass:=māru[son//son]N'N$marʾīšu",
"f": {"lang": "akk-x-neoass",
"form": "DUMU-DUMU-šu₂",
"cf": "māru",
"gw": "son",
"sense": "son",
"norm": "marʾīšu",
"pos": "N",
"epos": "N"}
}
]}
,
{
"node": "l",
"frag": "ša₂",
"id": "P335011.l01f70",
"ref": "P335011.20.5",
"inst": "ša[that]REL",
"exosig": "@saao/saa06%akk-x-neoass:ša₂=ša[that//that]REL'REL$ša",
"f": {"lang": "akk-x-neoass",
"form": "ša₂",
"cf": "ša",
"gw": "that",
"sense": "that",
"norm": "ša",
"pos": "REL",
"epos": "REL"}
}
,
{
"node": "l",
"frag": "i-za-qu-[pa-an-ni]",
"id": "P335011.l01f71",
"ref": "P335011.20.6",
"inst": "izaqqupanni[complain]V",
"exosig": "@saao/saa06%akk-x-neoass:i-za-qu-pa-an-ni=zaqāpu[fix upright//complain]V'V$izaqqupanni",
"f": {"lang": "akk-x-neoass",
"form": "i-za-qu-pa-an-ni",
"cf": "zaqāpu",
"gw": "fix upright",
"sense": "complain",
"norm": "izaqqupanni",
"pos": "V",
"epos": "V"}
}
,
{
"node": "d",
"type": "line-start",
"ref": "P335011.21",
"n": "17",
"label": "o 17"}
,
{
"node": "l",
"frag": "[GIL-u-ni",
"id": "P335011.l01f72",
"ref": "P335011.21.1",
"inst": "iparrakūni[contravene]V",
"exosig": "@saao/saa06%akk-x-neoass:GIL-u-ni=parāku[lie across//contravene]V'V$iparrakūni",
"f": {"lang": "akk-x-neoass",
"form": "GIL-u-ni",
"cf": "parāku",
"gw": "lie across",
"sense": "contravene",
"norm": "iparrakūni",
"pos": "V",
"epos": "V"}
}
,
{
"node": "l",
"frag": "x",
"id": "P335011.l01f73",
"ref": "P335011.21.2",
"inst": "u",
"f": {"lang": "akk-x-neoass",
"form": "x",
"pos": "u"}
}
,
{
"node": "l",
"frag": "MA].⸢NA⸣",
"id": "P335011.l01f74",
"ref": "P335011.21.3",
"inst": "manê[a unit of weight]N",
"exosig": "@saao/saa06%akk-x-neoass:MA.NA=manû[unit//a unit of weight]N'N$manê",
"f": {"lang": "akk-x-neoass",
"form": "MA.NA",
"cf": "manû",
"gw": "unit",
"sense": "a unit of weight",
"norm": "manê",
"pos": "N",
"epos": "N"}
}
,
{
"node": "l",
"frag": "KUG.UD",
"id": "P335011.l01f75",
"ref": "P335011.21.4",
"inst": "ṣarpi[silver]N",
"exosig": "@saao/saa06%akk-x-neoass:KUG.UD=ṣarpu[silver//silver]N'N$ṣarpi",
"f": {"lang": "akk-x-neoass",
"form": "KUG.UD",
"cf": "ṣarpu",
"gw": "silver",
"sense": "silver",
"norm": "ṣarpi",
"pos": "N",
"epos": "N"}
}
,
{
"node": "l",
"frag": "ina",
"id": "P335011.l01f76",
"ref": "P335011.21.5",
"inst": "ina[in]PRP",
"exosig": "@saao/saa06%akk-x-neoass:ina=ina[in//in]PRP'PRP$ina",
"f": {"lang": "akk-x-neoass",
"form": "ina",
"cf": "ina",
"gw": "in",
"sense": "in",
"norm": "ina",
"pos": "PRP",
"epos": "PRP"}
}
,
{
"node": "l",
"frag": "⸢bur-ki⸣",
"id": "P335011.l01f77",
"ref": "P335011.21.6",
"inst": "burki[lap]N",
"exosig": "@saao/saa06%akk-x-neoass:bur-ki=burku[knee//lap]N'N$burki",
"f": {"lang": "akk-x-neoass",
"form": "bur-ki",
"cf": "burku",
"gw": "knee",
"sense": "lap",
"norm": "burki",
"pos": "N",
"epos": "N"}
}
,
{
"node": "l",
"frag": "{[d}x",
"id": "P335011.l01f78",
"ref": "P335011.21.7",
"inst": "u",
"f": {"lang": "akk-x-neoass",
"form": "{d}x",
"pos": "u"}
}
,
{
"node": "l",
"frag": "x",
"id": "P335011.l01f79",
"ref": "P335011.21.8",
"inst": "u",
"f": {"lang": "akk-x-neoass",
"form": "x",
"pos": "u"}
}
,
{
"node": "l",
"frag": "x",
"id": "P335011.l01f7a",
"ref": "P335011.21.9",
"inst": "u",
"f": {"lang": "akk-x-neoass",
"form": "x",
"pos": "u"}
}
,
{
"node": "l",
"frag": "x]",
"id": "P335011.l01f7b",
"ref": "P335011.21.10",
"inst": "u",
"f": {"lang": "akk-x-neoass",
"form": "x",
"pos": "u"}
}
,
{
"node": "d",
"type": "nonx",
"ref": "P335011.22",
"strict": "0",
"extent": "rest",
"scope": "line",
"state": "missing"}
,
{
"node": "d",
"subtype": "reverse",
"type": "surface",
"ref": "P335011.r.23",
"type": "reverse",
"label": "r"}
,
{
"node": "d",
"type": "nonx",
"ref": "P335011.24",
"strict": "0",
"extent": "beginning",
"scope": "line",
"state": "missing"}
,
{
"node": "d",
"type": "line-start",
"ref": "P335011.25",
"n": "1'",
"label": "r 1'"}
,
{
"node": "l",
"frag": "IGI",
"id": "P335011.l01f7c",
"ref": "P335011.25.1",
"inst": "šību[witness]N",
"exosig": "@saao/saa06%akk-x-neoass:IGI=šību[witness//witness]N'N$šību",
"f": {"lang": "akk-x-neoass",
"form": "IGI",
"cf": "šību",
"gw": "witness",
"sense": "witness",
"norm": "šību",
"pos": "N",
"epos": "N"}
}
,
{
"node": "l",
"frag": "{1}⸢u₂-x⸣+[x",
"id": "P335011.l01f7d",
"ref": "P335011.25.2",
"inst": "u",
"f": {"lang": "akk-x-neoass",
"form": "{1}u₂-x+x",
"pos": "u"}
}
,
{
"node": "l",
"frag": "x",
"id": "P335011.l01f7e",
"ref": "P335011.25.3",
"inst": "u",
"f": {"lang": "akk-x-neoass",
"form": "x",
"pos": "u"}
}
,
{
"node": "l",
"frag": "x",
"id": "P335011.l01f7f",
"ref": "P335011.25.4",
"inst": "u",
"f": {"lang": "akk-x-neoass",
"form": "x",
"pos": "u"}
}
,
{
"node": "l",
"frag": "x",
"id": "P335011.l01f80",
"ref": "P335011.25.5",
"inst": "u",
"f": {"lang": "akk-x-neoass",
"form": "x",
"pos": "u"}
}
,
{
"node": "l",
"frag": "x",
"id": "P335011.l01f81",
"ref": "P335011.25.6",
"inst": "u",
"f": {"lang": "akk-x-neoass",
"form": "x",
"pos": "u"}
}
,
{
"node": "l",
"frag": "x",
"id": "P335011.l01f82",
"ref": "P335011.25.7",
"inst": "u",
"f": {"lang": "akk-x-neoass",
"form": "x",
"pos": "u"}
}
,
{
"node": "l",
"frag": "x",
"id": "P335011.l01f83",
"ref": "P335011.25.8",
"inst": "u",
"f": {"lang": "akk-x-neoass",
"form": "x",
"pos": "u"}
}
,
{
"node": "l",
"frag": "x",
"id": "P335011.l01f84",
"ref": "P335011.25.9",
"inst": "u",
"f": {"lang": "akk-x-neoass",
"form": "x",
"pos": "u"}
}
,
{
"node": "l",
"frag": "x",
"id": "P335011.l01f85",
"ref": "P335011.25.10",
"inst": "u",
"f": {"lang": "akk-x-neoass",
"form": "x",
"pos": "u"}
}
,
{
"node": "l",
"frag": "x]",
"id": "P335011.l01f86",
"ref": "P335011.25.11",
"inst": "u",
"f": {"lang": "akk-x-neoass",
"form": "x",
"pos": "u"}
}
,
{
"node": "d",
"type": "line-start",
"ref": "P335011.26",
"n": "2'",
"label": "r 2'"}
,
{
"node": "l",
"frag": "IGI",
"id": "P335011.l01f87",
"ref": "P335011.26.1",
"inst": "šību[witness]N",
"exosig": "@saao/saa06%akk-x-neoass:IGI=šību[witness//witness]N'N$šību",
"f": {"lang": "akk-x-neoass",
"form": "IGI",
"cf": "šību",
"gw": "witness",
"sense": "witness",
"norm": "šību",
"pos": "N",
"epos": "N"}
}
,
{
"node": "l",
"frag": "{1}am-ra-mu",
"id": "P335011.l01f88",
"ref": "P335011.26.2",
"inst": "Ammi-ramu[1]PN$Am-ramu",
"exosig": "@saao/saa06%akk-x-neoass:{1}am-ra-mu=Ammi-ramu[1//1]PN'PN$Am-ramu",
"f": {"lang": "akk-x-neoass",
"form": "{1}am-ra-mu",
"cf": "Ammi-ramu",
"gw": "1",
"sense": "1",
"norm": "Am-ramu",
"pos": "PN",
"epos": "PN"}
}
,
{
"node": "l",
"frag": "{lu₂}TUG₂.KA.KEŠ₂",
"id": "P335011.l01f89",
"ref": "P335011.26.3",
"inst": "kāṣiru[tailor]N$",
"exosig": "@saao/saa06%akk-x-neoass:{LU₂}TUG₂.KA.KEŠ₂=kāṣiru[tailor//tailor]N'N$kāṣiru",
"f": {"lang": "akk-x-neoass",
"form": "{LU₂}TUG₂.KA.KEŠ₂",
"cf": "kāṣiru",
"gw": "tailor",
"sense": "tailor",
"norm": "kāṣiru",
"pos": "N",
"epos": "N"}
}
,
{
"node": "l",
"frag": "ša₂",
"id": "P335011.l01f8a",
"ref": "P335011.26.4",
"inst": "ša[of]DET",
"exosig": "@saao/saa06%akk-x-neoass:ša₂=ša[of//of]DET'DET$ša",
"f": {"lang": "akk-x-neoass",
"form": "ša₂",
"cf": "ša",
"gw": "of",
"sense": "of",
"norm": "ša",
"pos": "DET",
"epos": "DET"}
}
,
{
"node": "l",
"frag": "E₂.GAL",
"id": "P335011.l01f8b",
"ref": "P335011.26.5",
"inst": "ēkalli[palace]N",
"exosig": "@saao/saa06%akk-x-neoass:E₂.GAL=ēkallu[palace//palace]N'N$ēkalli",
"f": {"lang": "akk-x-neoass",
"form": "E₂.GAL",
"cf": "ēkallu",
"gw": "palace",
"sense": "palace",
"norm": "ēkalli",
"pos": "N",
"epos": "N"}
}
,
{
"node": "d",
"type": "line-start",
"ref": "P335011.27",
"n": "3'",
"label": "r 3'"}
,
{
"node": "l",
"frag": "IGI",
"id": "P335011.l01f8c",
"ref": "P335011.27.1",
"inst": "šību[witness]N",
"exosig": "@saao/saa06%akk-x-neoass:IGI=šību[witness//witness]N'N$šību",
"f": {"lang": "akk-x-neoass",
"form": "IGI",
"cf": "šību",
"gw": "witness",
"sense": "witness",
"norm": "šību",
"pos": "N",
"epos": "N"}
}
,
{
"node": "l",
"frag": "{1}na-bu-ti-i",
"id": "P335011.l01f8d",
"ref": "P335011.27.2",
"inst": "Nabuti[1]PN$",
"exosig": "@saao/saa06%akk-x-neoass:{1}na-bu-ti-i=Nabuti[1//1]PN'PN$Nabuti",
"f": {"lang": "akk-x-neoass",
"form": "{1}na-bu-ti-i",
"cf": "Nabuti",
"gw": "1",
"sense": "1",
"norm": "Nabuti",
"pos": "PN",
"epos": "PN"}
}
,
{
"node": "c",
"type": "phrase",
"tag": "phr",
"id": "P335011.U9",
"ref": "P335011.ls00005",
"cdl": [
{
"node": "l",
"frag": "GAL-ki-ṣir",
"id": "P335011.l01f8e",
"ref": "P335011.27.3",
"cof-tails": "P335011.l01f8f",
"inst": "rabû[big one]N$rab&kiṣru[knot]N$kiṣir",
"exosig": "@saao/saa06%akk-x-neoass:GAL-ki-ṣir=rabû[big one//big one]N'N$rab&&@saao%akk-x-neoass:=kiṣru[knot//knot]N'N$kiṣir",
"f": {"lang": "akk-x-neoass",
"form": "GAL-ki-ṣir",
"cf": "rabû",
"gw": "big one",
"sense": "big one",
"norm": "rab",
"pos": "N",
"epos": "N"}
}
,
{
"node": "l",
"frag": "GAL-ki-ṣir",
"id": "P335011.l01f8f",
"ref": "P335011.27.3",
"cof-head": "P335011.l01f8e",
"inst": "rabû[big one]N$rab&kiṣru[knot]N$kiṣir",
"tail-sig": "@saao%akk-x-neoass:=kiṣru[knot//knot]N'N$kiṣir",
"f": {"lang": "akk-x-neoass",
"form": "GAL-ki-ṣir",
"cf": "kiṣru",
"gw": "knot",
"sense": "knot",
"norm": "kiṣir",
"pos": "N",
"epos": "N"}
}
]}
,
{
"node": "l",
"frag": "ša₂",
"id": "P335011.l01f90",
"ref": "P335011.27.4",
"inst": "ša[of]DET",
"exosig": "@saao/saa06%akk-x-neoass:ša₂=ša[of//of]DET'DET$ša",
"f": {"lang": "akk-x-neoass",
"form": "ša₂",
"cf": "ša",
"gw": "of",
"sense": "of",
"norm": "ša",
"pos": "DET",
"epos": "DET"}
}
,
{
"node": "l",
"frag": "UŠ.BAR-MEŠ",
"id": "P335011.l01f91",
"ref": "P335011.27.5",
"inst": "+išparu[weaver]N$ušpārī",
"exosig": "@saao/saa06%akk-x-neoass:UŠ.BAR-MEŠ=išparu[weaver//weaver]N'N$ušpārī",
"f": {"lang": "akk-x-neoass",
"form": "UŠ.BAR-MEŠ",
"cf": "išparu",
"gw": "weaver",
"sense": "weaver",
"norm": "ušpārī",
"pos": "N",
"epos": "N"}
}
,
{
"node": "d",
"type": "line-start",
"ref": "P335011.28",
"n": "4'",
"label": "r 4'"}
,
{
"node": "l",
"frag": "IGI",
"id": "P335011.l01f92",
"ref": "P335011.28.1",
"inst": "šību[witness]N",
"exosig": "@saao/saa06%akk-x-neoass:IGI=šību[witness//witness]N'N$šību",
"f": {"lang": "akk-x-neoass",
"form": "IGI",
"cf": "šību",
"gw": "witness",
"sense": "witness",
"norm": "šību",
"pos": "N",
"epos": "N"}
}
,
{
"node": "l",
"frag": "{1}{d}PA-rem₂-a-ni",
"id": "P335011.l01f93",
"ref": "P335011.28.2",
"inst": "Nabu-remanni[1]PN",
"exosig": "@saao/saa06%akk-x-neoass:{1}{d}PA-rem₂-a-ni=Nabu-remanni[1//1]PN'PN$Nabu-remanni",
"f": {"lang": "akk-x-neoass",
"form": "{1}{d}PA-rem₂-a-ni",
"cf": "Nabu-remanni",
"gw": "1",
"sense": "1",
"norm": "Nabu-remanni",
"pos": "PN",
"epos": "PN"}
}
,
{
"node": "l",
"frag": "{lu₂}A.BA",
"id": "P335011.l01f94",
"ref": "P335011.28.3",
"inst": "ṭupšarru[scribe]N",
"exosig": "@saao/saa06%akk-x-neoass:{LU₂}A.BA=ṭupšarru[scribe//scribe]N'N$ṭupšarru",
"f": {"lang": "akk-x-neoass",
"form": "{LU₂}A.BA",
"cf": "ṭupšarru",
"gw": "scribe",
"sense": "scribe",
"norm": "ṭupšarru",
"pos": "N",
"epos": "N"}
}
,
{
"node": "l",
"frag": "ṣa-bit",
"id": "P335011.l01f95",
"ref": "P335011.28.4",
"inst": "ṣābit[keeper]N",
"exosig": "@saao/saa06%akk-x-neoass:ṣa-bit=ṣābitu[recipient//keeper]N'N$ṣābit",
"f": {"lang": "akk-x-neoass",
"form": "ṣa-bit",
"cf": "ṣābitu",
"gw": "recipient",
"sense": "keeper",
"norm": "ṣābit",
"pos": "N",
"epos": "N"}
}
,
{
"node": "l",
"frag": "dan-ni-te",
"id": "P335011.l01f96",
"ref": "P335011.28.5",
"inst": "dannite[binding document]N",
"exosig": "@saao/saa06%akk-x-neoass:dan-ni-te=dannutu[binding document//binding document]N'N$dannite",
"f": {"lang": "akk-x-neoass",
"form": "dan-ni-te",
"cf": "dannutu",
"gw": "binding document",
"sense": "binding document",
"norm": "dannite",
"pos": "N",
"epos": "N"}
}
,
{
"node": "d",
"type": "line-start",
"ref": "P335011.29",
"n": "5'",
"label": "r 5'"}
,
{
"node": "l",
"frag": "{iti}KIN",
"id": "P335011.l01f97",
"ref": "P335011.29.1",
"inst": "Eluli[Elul]MN",
"exosig": "@saao/saa06%akk-x-neoass:{ITI}KIN=Elulu[Elul//Elul]MN'MN$Eluli",
"f": {"lang": "akk-x-neoass",
"form": "{ITI}KIN",
"cf": "Elulu",
"gw": "Elul",
"sense": "Elul",
"norm": "Eluli",
"pos": "MN",
"epos": "MN"}
}
,
{
"node": "l",
"frag": "UD",
"id": "P335011.l01f98",
"ref": "P335011.29.2",
"inst": "ūm[day]N",
"exosig": "@saao/saa06%akk-x-neoass:UD=ūmu[day//day]N'N$ūm",
"f": {"lang": "akk-x-neoass",
"form": "UD",
"cf": "ūmu",
"gw": "day",
"sense": "day",
"norm": "ūm",
"pos": "N",
"epos": "N"}
}
,
{
"node": "l",
"frag": "27-KAM₂\\t",
"id": "P335011.l01f99",
"ref": "P335011.29.3",
"inst": "n",
"f": {"lang": "akk-x-neoass",
"form": "27-KAM₂",
"pos": "n"}
}
,
{
"node": "l",
"frag": "lim-mu",
"id": "P335011.l01f9a",
"ref": "P335011.29.4",
"inst": "limmu[eponym (of year)]N",
"exosig": "@saao/saa06%akk-x-neoass:lim-mu=līmu[eponym (of year)//eponym (of year)]N'N$limmu",
"f": {"lang": "akk-x-neoass",
"form": "lim-mu",
"cf": "līmu",
"gw": "eponym (of year)",
"sense": "eponym (of year)",
"norm": "limmu",
"pos": "N",
"epos": "N"}
}
,
{
"node": "l",
"frag": "{1}{d}PA-PAB-KAM-eš",
"id": "P335011.l01f9b",
"ref": "P335011.29.5",
"inst": "Nabu-ahu-ereš[1]PN$",
"exosig": "@saao/saa06%akk-x-neoass:{1}{d}PA-PAB-KAM-eš=Nabu-ahu-ereš[1//1]PN'PN$Nabu-ahu-ereš",
"f": {"lang": "akk-x-neoass",
"form": "{1}{d}PA-PAB-KAM-eš",
"cf": "Nabu-ahu-ereš",
"gw": "1",
"sense": "1",
"norm": "Nabu-ahu-ereš",
"pos": "PN",
"epos": "PN"}
}
,
{
"node": "d",
"type": "line-start",
"ref": "P335011.30",
"n": "6'",
"label": "r 6'"}
,
{
"node": "d",
"type": "nonw",
"ref": ""}
,
{
"node": "c",
"type": "phrase",
"tag": "phr",
"id": "P335011.U10",
"ref": "P335011.ls00006",
"cdl": [
{
"node": "l",
"frag": "{lu₂}GAR.KUR",
"id": "P335011.l01f9c",
"ref": "P335011.30.1",
"cof-tails": "P335011.l01f9d",
"inst": "šaknu[appointee]N$šakin&mātu[land]N$māt",
"exosig": "@saao/saa06%akk-x-neoass:{LU₂}GAR.KUR=šaknu[appointee//appointee]N'N$šakin&&@saao%akk-x-neoass:=mātu[land//land]N'N$māt",
"f": {"lang": "akk-x-neoass",
"form": "{LU₂}GAR.KUR",
"cf": "šaknu",
"gw": "appointee",
"sense": "appointee",
"norm": "šakin",
"pos": "N",
"epos": "N"}
}
,
{
"node": "l",
"frag": "{lu₂}GAR.KUR",
"id": "P335011.l01f9d",
"ref": "P335011.30.1",
"cof-head": "P335011.l01f9c",
"inst": "šaknu[appointee]N$šakin&mātu[land]N$māt",
"tail-sig": "@saao%akk-x-neoass:=mātu[land//land]N'N$māt",
"f": {"lang": "akk-x-neoass",
"form": "{LU₂}GAR.KUR",
"cf": "mātu",
"gw": "land",
"sense": "land",
"norm": "māt",
"pos": "N",
"epos": "N"}
}
]}
,
{
"node": "l",
"frag": "{uru}sa-am-al-la",
"id": "P335011.l01f9e",
"ref": "P335011.30.2",
"inst": "Samʾalla[Zincirli]GN$",
"exosig": "@saao/saa06%akk-x-neoass:{URU}sa-am-al-la=Samʾalla[Zincirli//Zincirli]GN'GN$Samʾalla",
"f": {"lang": "akk-x-neoass",
"form": "{URU}sa-am-al-la",
"cf": "Samʾalla",
"gw": "Zincirli",
"sense": "Zincirli",
"norm": "Samʾalla",
"pos": "GN",
"epos": "GN"}
}
]}
]}
]}
,
{
"linkbase": [{
"type": "linkset",
"xlink_title": "mār ahi[nephew//nephew]N'N",
"id": "P335011.ls00000",
"xlink_type": "extended",
"xlink_role": "psu",
"sig": "{māru[son]N ahu[brother]N += mār ahi[nephew//nephew]N'N}::@saao%akk-x-neoass:DUMU-šu₂=māru[son//son]N'N$māršu++@saao%akk-x-neoass:PAB-šu₂=ahu[brother//brother]N'N$ahūšu",
"links": [
{
"type": "link",
"xlink_title": "māršu",
"xlink_type": "locator",
"xlink_href": "#P335011.l01f32",
"xlink_role": "elt"}
,
{
"type": "link",
"xlink_title": "ahūšu",
"xlink_type": "locator",
"xlink_href": "#P335011.l01f33",
"xlink_role": "elt"}
]}
,
{
"type": "linkset",
"xlink_title": "adi bīt[until//as long as]SBJ'SBJ",
"id": "P335011.ls00001",
"xlink_type": "extended",
"xlink_role": "psu",
"sig": "{adi[until]PRP bītu[house]N += adi bīt[until//as long as]SBJ'SBJ}::@saao%akk-x-neoass:a-di=adi[until//until]PRP'SBJ$adi++@saao%akk-x-neoass:E₂-MEŠ-šu₂-nu=bītu[house//house]N'N$bētātišunu",
"links": [
{
"type": "link",
"xlink_title": "adi",
"xlink_type": "locator",
"xlink_href": "#P335011.l01f3d",
"xlink_role": "elt"}
,
{
"type": "link",
"xlink_title": "bētātišunu",
"xlink_type": "locator",
"xlink_href": "#P335011.l01f3e",
"xlink_role": "elt"}
]}
,
{
"type": "linkset",
"xlink_title": "sekret ēkalli[palace woman//palace woman]N'N",
"id": "P335011.ls00002",
"xlink_type": "extended",
"xlink_role": "psu",
"sig": "{sekretu[enclosed (woman)]N ēkallu[palace]N += sekret ēkalli[palace woman//palace woman]N'N}::@saao%akk-x-neoass:{MI₂}ERIM-E₂.GAL=sekretu[enclosed (woman)//enclosed (woman)]N'N$sekret++@saao%akk-x-neoass:{MI₂}ERIM-E₂.GAL=ēkallu[palace//palace]N'N$ēkalli",
"links": [
{
"type": "link",
"xlink_title": "sekretu",
"xlink_type": "locator",
"xlink_href": "#P335011.l01f4d",
"xlink_role": "elt"}
,
{
"type": "link",
"xlink_title": "ēkallu",
"xlink_type": "locator",
"xlink_href": "#P335011.l01f4e",
"xlink_role": "elt"}
]}
,
{
"type": "linkset",
"xlink_title": "rab ālāni[village manager//village manager]N'N",
"id": "P335011.ls00003",
"xlink_type": "extended",
"xlink_role": "psu",
"sig": "{rabû[big one]N ālu[city]N += rab ālāni[village manager//village manager]N'N}::@saao%akk-x-neoass:GAL-URU-MEŠ-ni=rabû[big one//big one]N'N$rab++@saao%akk-x-neoass:GAL-URU-MEŠ-ni=ālu[city//city]N'N$ālāni",
"links": [
{
"type": "link",
"xlink_title": "rabû",
"xlink_type": "locator",
"xlink_href": "#P335011.l01f66",
"xlink_role": "elt"}
,
{
"type": "link",
"xlink_title": "ālu",
"xlink_type": "locator",
"xlink_href": "#P335011.l01f67",
"xlink_role": "elt"}
]}
,
{
"type": "linkset",
"xlink_title": "mār māri[grandson//grandson]N'N",
"id": "P335011.ls00004",
"xlink_type": "extended",
"xlink_role": "psu",
"sig": "{māru[son]N māru[son]N += mār māri[grandson//grandson]N'N}::@saao%akk-x-neoass:DUMU-DUMU-šu₂=māru[son//son]N'N$mār++@saao%akk-x-neoass:DUMU-DUMU-šu₂=māru[son//son]N'N$marʾīšu",
"links": [
{
"type": "link",
"xlink_title": "māru",
"xlink_type": "locator",
"xlink_href": "#P335011.l01f6e",
"xlink_role": "elt"}
,
{
"type": "link",
"xlink_title": "māru",
"xlink_type": "locator",
"xlink_href": "#P335011.l01f6f",
"xlink_role": "elt"}
]}
,
{
"type": "linkset",
"xlink_title": "rab kiṣri[centurion//cohort commander]N'N",
"id": "P335011.ls00005",
"xlink_type": "extended",
"xlink_role": "psu",
"sig": "{{LU₂}GAL-ki-ṣir = rabû[big one]N kiṣru[knot]N += rab kiṣri[centurion//cohort commander]N'N}::@saao/saa10%akk-x-neoass:{LU₂}GAL-ki-ṣir=rabû[big one//big one]N'N$rab++@saao/saa10%akk-x-neobab:{LU₂}GAL-ki-ṣir=kiṣru[knot//knot]N'N$kiṣir",
"links": [
{
"type": "link",
"xlink_title": "rabû",
"xlink_type": "locator",
"xlink_href": "#P335011.l01f8e",
"xlink_role": "elt"}
,
{
"type": "link",
"xlink_title": "kiṣru",
"xlink_type": "locator",
"xlink_href": "#P335011.l01f8f",
"xlink_role": "elt"}
]}
,
{
"type": "linkset",
"xlink_title": "šakin māti[governor//governor]N'N",
"id": "P335011.ls00006",
"xlink_type": "extended",
"xlink_role": "psu",
"sig": "{šaknu[appointee]N mātu[land]N += šakin māti[governor//governor]N'N}::@saao%akk-x-neoass:GAR.KUR=šaknu[appointee//appointee]N'N$šakin++@saao%akk-x-neoass:GAR.KUR=mātu[land//land]N'N$māti",
"links": [
{
"type": "link",
"xlink_title": "šaknu",
"xlink_type": "locator",
"xlink_href": "#P335011.l01f9c",
"xlink_role": "elt"}
,
{
"type": "link",
"xlink_title": "mātu",
"xlink_type": "locator",
"xlink_href": "#P335011.l01f9d",
"xlink_role": "elt"}
]}
]}
]}
