{
"type": "cdl",
  "source": "http://oracc.org/saao/saa06",
  "license": "This data is released under the CC0 license",
  "license-url": "https://creativecommons.org/publicdomain/zero/1.0/",
  "more-info": "http://oracc.org/doc/opendata/",
  "UTC-timestamp": "2017-05-19T11:30:52",
"project": "saao/saa06",
"textid": "P335027",
"cdl": [
{
"node": "c",
"type": "text",
"id": "P335027.U0",
"cdl": [
{
"node": "d",
"type": "object",
"ref": ""}
,
{
"node": "d",
"subtype": "obverse",
"type": "surface",
"ref": "P335027.o.1",
"type": "obverse",
"label": "o"}
,
{
"node": "c",
"type": "discourse",
"subtype": "body",
"id": "P335027.U1",
"cdl": [
{
"node": "c",
"type": "sentence",
"id": "P335027.U2",
"label": "o 1 - r.e. 22",
"cdl": [
{
"node": "d",
"type": "line-start",
"ref": "P335027.2",
"n": "1",
"label": "o 1"}
,
{
"node": "l",
"frag": "[ku-um",
"id": "P335027.l00000",
"ref": "P335027.2.1",
"inst": "kūm[instead of]PRP",
"exosig": "@saao/saa06%akk-x-neoass:ku-um=kūm[instead of//instead of]PRP'PRP$kūm",
"f": {"lang": "akk-x-neoass",
"form": "ku-um",
"cf": "kūm",
"gw": "instead of",
"sense": "instead of",
"norm": "kūm",
"pos": "PRP",
"epos": "PRP"}
}
,
{
"node": "l",
"frag": "{na₄}KIŠIB-šu₂]",
"id": "P335027.l00001",
"ref": "P335027.2.2",
"inst": "kunukku[seal]N$kunukkīšu",
"exosig": "@saao/saa06%akk-x-neoass:{NA₄}KIŠIB-šu₂=kunukku[seal//seal]N'N$kunukkīšu",
"f": {"lang": "akk-x-neoass",
"form": "{NA₄}KIŠIB-šu₂",
"cf": "kunukku",
"gw": "seal",
"sense": "seal",
"norm": "kunukkīšu",
"pos": "N",
"epos": "N"}
}
,
{
"node": "l",
"frag": "ṣu-bar-šu₂",
"id": "P335027.l00002",
"ref": "P335027.2.3",
"inst": "ṣupru[nail//fingernail]N$ṣubaršu",
"exosig": "@saao/saa06%akk-x-neoass:ṣu-bar-šu₂=ṣupru[nail//fingernail]N'N$ṣubaršu",
"f": {"lang": "akk-x-neoass",
"form": "ṣu-bar-šu₂",
"cf": "ṣupru",
"gw": "nail",
"sense": "fingernail",
"norm": "ṣubaršu",
"pos": "N",
"epos": "N"}
}
,
{
"node": "l",
"frag": "[iš-kun]",
"id": "P335027.l00003",
"ref": "P335027.2.4",
"inst": "iškun[place]V",
"exosig": "@saao/saa06%akk-x-neoass:iš-kun=šakānu[put//place]V'V$iškun",
"f": {"lang": "akk-x-neoass",
"form": "iš-kun",
"cf": "šakānu",
"gw": "put",
"sense": "place",
"norm": "iškun",
"pos": "V",
"epos": "V"}
}
,
{
"node": "d",
"type": "line-start",
"ref": "P335027.3",
"n": "2",
"label": "o 2"}
,
{
"node": "l",
"frag": "[ṣu-bar",
"id": "P335027.l00004",
"ref": "P335027.3.1",
"inst": "ṣupru[nail//fingernail]N$ṣubar",
"exosig": "@saao/saa06%akk-x-neoass:ṣu-bar=ṣupru[nail//fingernail]N'N$ṣubar",
"f": {"lang": "akk-x-neoass",
"form": "ṣu-bar",
"cf": "ṣupru",
"gw": "nail",
"sense": "fingernail",
"norm": "ṣubar",
"pos": "N",
"epos": "N"}
}
,
{
"node": "l",
"frag": "{1}x",
"id": "P335027.l00005",
"ref": "P335027.3.2",
"inst": "u",
"f": {"lang": "akk-x-neoass",
"form": "{1}x",
"pos": "u"}
}
,
{
"node": "l",
"frag": "x]-i",
"id": "P335027.l00006",
"ref": "P335027.3.3",
"inst": "u",
"f": {"lang": "akk-x-neoass",
"form": "x-i",
"pos": "u"}
}
,
{
"node": "l",
"frag": "[EN",
"id": "P335027.l00007",
"ref": "P335027.3.4",
"inst": "bēlu[lord//owner]N$bēl",
"exosig": "@saao/saa06%akk-x-neoass:EN=bēlu[lord//owner]N'N$bēl",
"f": {"lang": "akk-x-neoass",
"form": "EN",
"cf": "bēlu",
"gw": "lord",
"sense": "owner",
"norm": "bēl",
"pos": "N",
"epos": "N"}
}
,
{
"node": "l",
"frag": "LU₂",
"id": "P335027.l00008",
"ref": "P335027.3.5",
"inst": "amēli[man]N",
"exosig": "@saao/saa06%akk-x-neoass:LU₂=awīlu[man//man]N'N$amēli",
"f": {"lang": "akk-x-neoass",
"form": "LU₂",
"cf": "awīlu",
"gw": "man",
"sense": "man",
"norm": "amēli",
"pos": "N",
"epos": "N"}
}
,
{
"node": "l",
"frag": "SUM]",
"id": "P335027.l00009",
"ref": "P335027.3.6",
"inst": "tadānu[give//giving]'N$tadāni",
"exosig": "@saao/saa06%akk-x-neoass:SUM=tadānu[give//giving]V'N$tadāni",
"f": {"lang": "akk-x-neoass",
"form": "SUM",
"cf": "tadānu",
"gw": "give",
"sense": "giving",
"norm": "tadāni",
"pos": "V",
"epos": "N"}
}
,
{
"node": "d",
"type": "nonx",
"ref": "P335027.4",
"strict": "1",
"extent": "n",
"scope": "line",
"state": "ruling",
"flags": "!"}
,
{
"node": "d",
"type": "nonx",
"ref": "P335027.5",
"strict": "0",
"state": "other"}
,
{
"node": "d",
"type": "nonx",
"ref": "P335027.6",
"strict": "1",
"extent": "n",
"scope": "line",
"state": "ruling",
"flags": "!"}
,
{
"node": "d",
"type": "line-start",
"ref": "P335027.7",
"n": "3",
"label": "o 3"}
,
{
"node": "l",
"frag": "[x",
"id": "P335027.l0000a",
"ref": "P335027.7.1",
"inst": "u",
"f": {"lang": "akk-x-neoass",
"form": "x",
"pos": "u"}
}
,
{
"node": "l",
"frag": "x",
"id": "P335027.l0000b",
"ref": "P335027.7.2",
"inst": "u",
"f": {"lang": "akk-x-neoass",
"form": "x",
"pos": "u"}
}
,
{
"node": "l",
"frag": "x",
"id": "P335027.l0000c",
"ref": "P335027.7.3",
"inst": "u",
"f": {"lang": "akk-x-neoass",
"form": "x",
"pos": "u"}
}
,
{
"node": "l",
"frag": "x",
"id": "P335027.l0000d",
"ref": "P335027.7.4",
"inst": "u",
"f": {"lang": "akk-x-neoass",
"form": "x",
"pos": "u"}
}
,
{
"node": "l",
"frag": "x",
"id": "P335027.l0000e",
"ref": "P335027.7.5",
"inst": "u",
"f": {"lang": "akk-x-neoass",
"form": "x",
"pos": "u"}
}
,
{
"node": "l",
"frag": "x",
"id": "P335027.l0000f",
"ref": "P335027.7.6",
"inst": "u",
"f": {"lang": "akk-x-neoass",
"form": "x",
"pos": "u"}
}
,
{
"node": "l",
"frag": "x]+⸢x",
"id": "P335027.l00010",
"ref": "P335027.7.7",
"inst": "u",
"f": {"lang": "akk-x-neoass",
"form": "x+x",
"pos": "u"}
}
,
{
"node": "l",
"frag": "ra⸣",
"id": "P335027.l00011",
"ref": "P335027.7.8",
"inst": "u",
"f": {"lang": "akk-x-neoass",
"form": "ra",
"pos": "u"}
}
,
{
"node": "l",
"frag": "[x",
"id": "P335027.l00012",
"ref": "P335027.7.9",
"inst": "u",
"f": {"lang": "akk-x-neoass",
"form": "x",
"pos": "u"}
}
,
{
"node": "l",
"frag": "x",
"id": "P335027.l00013",
"ref": "P335027.7.10",
"inst": "u",
"f": {"lang": "akk-x-neoass",
"form": "x",
"pos": "u"}
}
,
{
"node": "l",
"frag": "x]",
"id": "P335027.l00014",
"ref": "P335027.7.11",
"inst": "u",
"f": {"lang": "akk-x-neoass",
"form": "x",
"pos": "u"}
}
,
{
"node": "d",
"type": "line-start",
"ref": "P335027.8",
"n": "4",
"label": "o 4"}
,
{
"node": "l",
"frag": "[x",
"id": "P335027.l00015",
"ref": "P335027.8.1",
"inst": "u",
"f": {"lang": "akk-x-neoass",
"form": "x",
"pos": "u"}
}
,
{
"node": "l",
"frag": "x",
"id": "P335027.l00016",
"ref": "P335027.8.2",
"inst": "u",
"f": {"lang": "akk-x-neoass",
"form": "x",
"pos": "u"}
}
,
{
"node": "l",
"frag": "x",
"id": "P335027.l00017",
"ref": "P335027.8.3",
"inst": "u",
"f": {"lang": "akk-x-neoass",
"form": "x",
"pos": "u"}
}
,
{
"node": "l",
"frag": "x",
"id": "P335027.l00018",
"ref": "P335027.8.4",
"inst": "u",
"f": {"lang": "akk-x-neoass",
"form": "x",
"pos": "u"}
}
,
{
"node": "l",
"frag": "x",
"id": "P335027.l00019",
"ref": "P335027.8.5",
"inst": "u",
"f": {"lang": "akk-x-neoass",
"form": "x",
"pos": "u"}
}
,
{
"node": "l",
"frag": "x",
"id": "P335027.l0001a",
"ref": "P335027.8.6",
"inst": "u",
"f": {"lang": "akk-x-neoass",
"form": "x",
"pos": "u"}
}
,
{
"node": "l",
"frag": "x",
"id": "P335027.l0001b",
"ref": "P335027.8.7",
"inst": "u",
"f": {"lang": "akk-x-neoass",
"form": "x",
"pos": "u"}
}
,
{
"node": "l",
"frag": "x",
"id": "P335027.l0001c",
"ref": "P335027.8.8",
"inst": "u",
"f": {"lang": "akk-x-neoass",
"form": "x",
"pos": "u"}
}
,
{
"node": "l",
"frag": "x",
"id": "P335027.l0001d",
"ref": "P335027.8.9",
"inst": "u",
"f": {"lang": "akk-x-neoass",
"form": "x",
"pos": "u"}
}
,
{
"node": "l",
"frag": "x]",
"id": "P335027.l0001e",
"ref": "P335027.8.10",
"inst": "u",
"f": {"lang": "akk-x-neoass",
"form": "x",
"pos": "u"}
}
,
{
"node": "l",
"frag": "a",
"id": "P335027.l0001f",
"ref": "P335027.8.11",
"inst": "u",
"f": {"lang": "akk-x-neoass",
"form": "a",
"pos": "u"}
}
,
{
"node": "l",
"frag": "a",
"id": "P335027.l00020",
"ref": "P335027.8.12",
"inst": "u",
"f": {"lang": "akk-x-neoass",
"form": "a",
"pos": "u"}
}
,
{
"node": "l",
"frag": "[x",
"id": "P335027.l00021",
"ref": "P335027.8.13",
"inst": "u",
"f": {"lang": "akk-x-neoass",
"form": "x",
"pos": "u"}
}
,
{
"node": "l",
"frag": "x]",
"id": "P335027.l00022",
"ref": "P335027.8.14",
"inst": "u",
"f": {"lang": "akk-x-neoass",
"form": "x",
"pos": "u"}
}
,
{
"node": "d",
"type": "line-start",
"ref": "P335027.9",
"n": "5",
"label": "o 5"}
,
{
"node": "l",
"frag": "[x",
"id": "P335027.l00023",
"ref": "P335027.9.1",
"inst": "u",
"f": {"lang": "akk-x-neoass",
"form": "x",
"pos": "u"}
}
,
{
"node": "l",
"frag": "x",
"id": "P335027.l00024",
"ref": "P335027.9.2",
"inst": "u",
"f": {"lang": "akk-x-neoass",
"form": "x",
"pos": "u"}
}
,
{
"node": "l",
"frag": "x",
"id": "P335027.l00025",
"ref": "P335027.9.3",
"inst": "u",
"f": {"lang": "akk-x-neoass",
"form": "x",
"pos": "u"}
}
,
{
"node": "l",
"frag": "x",
"id": "P335027.l00026",
"ref": "P335027.9.4",
"inst": "u",
"f": {"lang": "akk-x-neoass",
"form": "x",
"pos": "u"}
}
,
{
"node": "l",
"frag": "x",
"id": "P335027.l00027",
"ref": "P335027.9.5",
"inst": "u",
"f": {"lang": "akk-x-neoass",
"form": "x",
"pos": "u"}
}
,
{
"node": "l",
"frag": "x",
"id": "P335027.l00028",
"ref": "P335027.9.6",
"inst": "u",
"f": {"lang": "akk-x-neoass",
"form": "x",
"pos": "u"}
}
,
{
"node": "l",
"frag": "x]",
"id": "P335027.l00029",
"ref": "P335027.9.7",
"inst": "u",
"f": {"lang": "akk-x-neoass",
"form": "x",
"pos": "u"}
}
,
{
"node": "l",
"frag": "⸢x",
"id": "P335027.l0002a",
"ref": "P335027.9.8",
"inst": "u",
"f": {"lang": "akk-x-neoass",
"form": "x",
"pos": "u"}
}
,
{
"node": "l",
"frag": "x⸣",
"id": "P335027.l0002b",
"ref": "P335027.9.9",
"inst": "u",
"f": {"lang": "akk-x-neoass",
"form": "x",
"pos": "u"}
}
,
{
"node": "l",
"frag": "[x",
"id": "P335027.l0002c",
"ref": "P335027.9.10",
"inst": "u",
"f": {"lang": "akk-x-neoass",
"form": "x",
"pos": "u"}
}
,
{
"node": "l",
"frag": "x]",
"id": "P335027.l0002d",
"ref": "P335027.9.11",
"inst": "u",
"f": {"lang": "akk-x-neoass",
"form": "x",
"pos": "u"}
}
,
{
"node": "l",
"frag": "di",
"id": "P335027.l0002e",
"ref": "P335027.9.12",
"inst": "u",
"f": {"lang": "akk-x-neoass",
"form": "di",
"pos": "u"}
}
,
{
"node": "d",
"type": "line-start",
"ref": "P335027.10",
"n": "6",
"label": "o 6"}
,
{
"node": "l",
"frag": "[x",
"id": "P335027.l0002f",
"ref": "P335027.10.1",
"inst": "u",
"f": {"lang": "akk-x-neoass",
"form": "x",
"pos": "u"}
}
,
{
"node": "l",
"frag": "x",
"id": "P335027.l00030",
"ref": "P335027.10.2",
"inst": "u",
"f": {"lang": "akk-x-neoass",
"form": "x",
"pos": "u"}
}
,
{
"node": "l",
"frag": "x",
"id": "P335027.l00031",
"ref": "P335027.10.3",
"inst": "u",
"f": {"lang": "akk-x-neoass",
"form": "x",
"pos": "u"}
}
,
{
"node": "l",
"frag": "x",
"id": "P335027.l00032",
"ref": "P335027.10.4",
"inst": "u",
"f": {"lang": "akk-x-neoass",
"form": "x",
"pos": "u"}
}
,
{
"node": "l",
"frag": "x",
"id": "P335027.l00033",
"ref": "P335027.10.5",
"inst": "u",
"f": {"lang": "akk-x-neoass",
"form": "x",
"pos": "u"}
}
,
{
"node": "l",
"frag": "x",
"id": "P335027.l00034",
"ref": "P335027.10.6",
"inst": "u",
"f": {"lang": "akk-x-neoass",
"form": "x",
"pos": "u"}
}
,
{
"node": "l",
"frag": "x",
"id": "P335027.l00035",
"ref": "P335027.10.7",
"inst": "u",
"f": {"lang": "akk-x-neoass",
"form": "x",
"pos": "u"}
}
,
{
"node": "l",
"frag": "x]",
"id": "P335027.l00036",
"ref": "P335027.10.8",
"inst": "u",
"f": {"lang": "akk-x-neoass",
"form": "x",
"pos": "u"}
}
,
{
"node": "l",
"frag": "⸢x⸣",
"id": "P335027.l00037",
"ref": "P335027.10.9",
"inst": "u",
"f": {"lang": "akk-x-neoass",
"form": "x",
"pos": "u"}
}
,
{
"node": "l",
"frag": "ha",
"id": "P335027.l00038",
"ref": "P335027.10.10",
"inst": "u",
"f": {"lang": "akk-x-neoass",
"form": "ha",
"pos": "u"}
}
,
{
"node": "l",
"frag": "⸢x⸣",
"id": "P335027.l00039",
"ref": "P335027.10.11",
"inst": "u",
"f": {"lang": "akk-x-neoass",
"form": "x",
"pos": "u"}
}
,
{
"node": "d",
"type": "line-start",
"ref": "P335027.11",
"n": "7",
"label": "o 7"}
,
{
"node": "l",
"frag": "[x",
"id": "P335027.l0003a",
"ref": "P335027.11.1",
"inst": "u",
"f": {"lang": "akk-x-neoass",
"form": "x",
"pos": "u"}
}
,
{
"node": "l",
"frag": "x",
"id": "P335027.l0003b",
"ref": "P335027.11.2",
"inst": "u",
"f": {"lang": "akk-x-neoass",
"form": "x",
"pos": "u"}
}
,
{
"node": "l",
"frag": "x",
"id": "P335027.l0003c",
"ref": "P335027.11.3",
"inst": "u",
"f": {"lang": "akk-x-neoass",
"form": "x",
"pos": "u"}
}
,
{
"node": "l",
"frag": "x",
"id": "P335027.l0003d",
"ref": "P335027.11.4",
"inst": "u",
"f": {"lang": "akk-x-neoass",
"form": "x",
"pos": "u"}
}
,
{
"node": "l",
"frag": "x",
"id": "P335027.l0003e",
"ref": "P335027.11.5",
"inst": "u",
"f": {"lang": "akk-x-neoass",
"form": "x",
"pos": "u"}
}
,
{
"node": "l",
"frag": "x",
"id": "P335027.l0003f",
"ref": "P335027.11.6",
"inst": "u",
"f": {"lang": "akk-x-neoass",
"form": "x",
"pos": "u"}
}
,
{
"node": "l",
"frag": "x",
"id": "P335027.l00040",
"ref": "P335027.11.7",
"inst": "u",
"f": {"lang": "akk-x-neoass",
"form": "x",
"pos": "u"}
}
,
{
"node": "l",
"frag": "x",
"id": "P335027.l00041",
"ref": "P335027.11.8",
"inst": "u",
"f": {"lang": "akk-x-neoass",
"form": "x",
"pos": "u"}
}
,
{
"node": "l",
"frag": "x",
"id": "P335027.l00042",
"ref": "P335027.11.9",
"inst": "u",
"f": {"lang": "akk-x-neoass",
"form": "x",
"pos": "u"}
}
,
{
"node": "l",
"frag": "x",
"id": "P335027.l00043",
"ref": "P335027.11.10",
"inst": "u",
"f": {"lang": "akk-x-neoass",
"form": "x",
"pos": "u"}
}
,
{
"node": "l",
"frag": "{lu₂]}⸢tur⸣-ta-ni",
"id": "P335027.l00044",
"ref": "P335027.11.11",
"inst": "tartānu[second in command//commander-in-chief]N$turtāni",
"exosig": "@saao/saa06%akk-x-neoass:{LU₂}tur-ta-ni=tartānu[second in command//commander-in-chief]N'N$turtāni",
"f": {"lang": "akk-x-neoass",
"form": "{LU₂}tur-ta-ni",
"cf": "tartānu",
"gw": "second in command",
"sense": "commander-in-chief",
"norm": "turtāni",
"pos": "N",
"epos": "N"}
}
,
{
"node": "d",
"type": "line-start",
"ref": "P335027.12",
"n": "8",
"label": "o 8"}
,
{
"node": "l",
"frag": "[x",
"id": "P335027.l00045",
"ref": "P335027.12.1",
"inst": "u",
"f": {"lang": "akk-x-neoass",
"form": "x",
"pos": "u"}
}
,
{
"node": "l",
"frag": "x",
"id": "P335027.l00046",
"ref": "P335027.12.2",
"inst": "u",
"f": {"lang": "akk-x-neoass",
"form": "x",
"pos": "u"}
}
,
{
"node": "l",
"frag": "x",
"id": "P335027.l00047",
"ref": "P335027.12.3",
"inst": "u",
"f": {"lang": "akk-x-neoass",
"form": "x",
"pos": "u"}
}
,
{
"node": "l",
"frag": "x",
"id": "P335027.l00048",
"ref": "P335027.12.4",
"inst": "u",
"f": {"lang": "akk-x-neoass",
"form": "x",
"pos": "u"}
}
,
{
"node": "l",
"frag": "x",
"id": "P335027.l00049",
"ref": "P335027.12.5",
"inst": "u",
"f": {"lang": "akk-x-neoass",
"form": "x",
"pos": "u"}
}
,
{
"node": "l",
"frag": "x",
"id": "P335027.l0004a",
"ref": "P335027.12.6",
"inst": "u",
"f": {"lang": "akk-x-neoass",
"form": "x",
"pos": "u"}
}
,
{
"node": "l",
"frag": "x",
"id": "P335027.l0004b",
"ref": "P335027.12.7",
"inst": "u",
"f": {"lang": "akk-x-neoass",
"form": "x",
"pos": "u"}
}
,
{
"node": "l",
"frag": "x",
"id": "P335027.l0004c",
"ref": "P335027.12.8",
"inst": "u",
"f": {"lang": "akk-x-neoass",
"form": "x",
"pos": "u"}
}
,
{
"node": "l",
"frag": "x",
"id": "P335027.l0004d",
"ref": "P335027.12.9",
"inst": "u",
"f": {"lang": "akk-x-neoass",
"form": "x",
"pos": "u"}
}
,
{
"node": "l",
"frag": "x",
"id": "P335027.l0004e",
"ref": "P335027.12.10",
"inst": "u",
"f": {"lang": "akk-x-neoass",
"form": "x",
"pos": "u"}
}
,
{
"node": "l",
"frag": "x",
"id": "P335027.l0004f",
"ref": "P335027.12.11",
"inst": "u",
"f": {"lang": "akk-x-neoass",
"form": "x",
"pos": "u"}
}
,
{
"node": "l",
"frag": "x]-ir-PAB",
"id": "P335027.l00050",
"ref": "P335027.12.12",
"inst": "u",
"f": {"lang": "akk-x-neoass",
"form": "x-ir-PAB",
"pos": "u"}
}
,
{
"node": "d",
"type": "line-start",
"ref": "P335027.13",
"n": "9",
"label": "o 9"}
,
{
"node": "l",
"frag": "[x",
"id": "P335027.l00051",
"ref": "P335027.13.1",
"inst": "u",
"f": {"lang": "akk-x-neoass",
"form": "x",
"pos": "u"}
}
,
{
"node": "l",
"frag": "x",
"id": "P335027.l00052",
"ref": "P335027.13.2",
"inst": "u",
"f": {"lang": "akk-x-neoass",
"form": "x",
"pos": "u"}
}
,
{
"node": "l",
"frag": "x",
"id": "P335027.l00053",
"ref": "P335027.13.3",
"inst": "u",
"f": {"lang": "akk-x-neoass",
"form": "x",
"pos": "u"}
}
,
{
"node": "l",
"frag": "x",
"id": "P335027.l00054",
"ref": "P335027.13.4",
"inst": "u",
"f": {"lang": "akk-x-neoass",
"form": "x",
"pos": "u"}
}
,
{
"node": "l",
"frag": "x",
"id": "P335027.l00055",
"ref": "P335027.13.5",
"inst": "u",
"f": {"lang": "akk-x-neoass",
"form": "x",
"pos": "u"}
}
,
{
"node": "l",
"frag": "x",
"id": "P335027.l00056",
"ref": "P335027.13.6",
"inst": "u",
"f": {"lang": "akk-x-neoass",
"form": "x",
"pos": "u"}
}
,
{
"node": "l",
"frag": "x",
"id": "P335027.l00057",
"ref": "P335027.13.7",
"inst": "u",
"f": {"lang": "akk-x-neoass",
"form": "x",
"pos": "u"}
}
,
{
"node": "l",
"frag": "x",
"id": "P335027.l00058",
"ref": "P335027.13.8",
"inst": "u",
"f": {"lang": "akk-x-neoass",
"form": "x",
"pos": "u"}
}
,
{
"node": "l",
"frag": "x",
"id": "P335027.l00059",
"ref": "P335027.13.9",
"inst": "u",
"f": {"lang": "akk-x-neoass",
"form": "x",
"pos": "u"}
}
,
{
"node": "l",
"frag": "x",
"id": "P335027.l0005a",
"ref": "P335027.13.10",
"inst": "u",
"f": {"lang": "akk-x-neoass",
"form": "x",
"pos": "u"}
}
,
{
"node": "l",
"frag": "x",
"id": "P335027.l0005b",
"ref": "P335027.13.11",
"inst": "u",
"f": {"lang": "akk-x-neoass",
"form": "x",
"pos": "u"}
}
,
{
"node": "l",
"frag": "x]-15",
"id": "P335027.l0005c",
"ref": "P335027.13.12",
"inst": "u",
"f": {"lang": "akk-x-neoass",
"form": "x-15",
"pos": "u"}
}
,
{
"node": "d",
"type": "line-start",
"ref": "P335027.14",
"n": "10",
"label": "o 10"}
,
{
"node": "l",
"frag": "[x",
"id": "P335027.l0005d",
"ref": "P335027.14.1",
"inst": "u",
"f": {"lang": "akk-x-neoass",
"form": "x",
"pos": "u"}
}
,
{
"node": "l",
"frag": "x",
"id": "P335027.l0005e",
"ref": "P335027.14.2",
"inst": "u",
"f": {"lang": "akk-x-neoass",
"form": "x",
"pos": "u"}
}
,
{
"node": "l",
"frag": "x",
"id": "P335027.l0005f",
"ref": "P335027.14.3",
"inst": "u",
"f": {"lang": "akk-x-neoass",
"form": "x",
"pos": "u"}
}
,
{
"node": "l",
"frag": "x",
"id": "P335027.l00060",
"ref": "P335027.14.4",
"inst": "u",
"f": {"lang": "akk-x-neoass",
"form": "x",
"pos": "u"}
}
,
{
"node": "l",
"frag": "x",
"id": "P335027.l00061",
"ref": "P335027.14.5",
"inst": "u",
"f": {"lang": "akk-x-neoass",
"form": "x",
"pos": "u"}
}
,
{
"node": "l",
"frag": "x",
"id": "P335027.l00062",
"ref": "P335027.14.6",
"inst": "u",
"f": {"lang": "akk-x-neoass",
"form": "x",
"pos": "u"}
}
,
{
"node": "l",
"frag": "x",
"id": "P335027.l00063",
"ref": "P335027.14.7",
"inst": "u",
"f": {"lang": "akk-x-neoass",
"form": "x",
"pos": "u"}
}
,
{
"node": "l",
"frag": "x",
"id": "P335027.l00064",
"ref": "P335027.14.8",
"inst": "u",
"f": {"lang": "akk-x-neoass",
"form": "x",
"pos": "u"}
}
,
{
"node": "l",
"frag": "x",
"id": "P335027.l00065",
"ref": "P335027.14.9",
"inst": "u",
"f": {"lang": "akk-x-neoass",
"form": "x",
"pos": "u"}
}
,
{
"node": "l",
"frag": "x",
"id": "P335027.l00066",
"ref": "P335027.14.10",
"inst": "u",
"f": {"lang": "akk-x-neoass",
"form": "x",
"pos": "u"}
}
,
{
"node": "l",
"frag": "x",
"id": "P335027.l00067",
"ref": "P335027.14.11",
"inst": "u",
"f": {"lang": "akk-x-neoass",
"form": "x",
"pos": "u"}
}
,
{
"node": "l",
"frag": "x",
"id": "P335027.l00068",
"ref": "P335027.14.12",
"inst": "u",
"f": {"lang": "akk-x-neoass",
"form": "x",
"pos": "u"}
}
,
{
"node": "l",
"frag": "x]-SAG",
"id": "P335027.l00069",
"ref": "P335027.14.13",
"inst": "u",
"f": {"lang": "akk-x-neoass",
"form": "x-SAG",
"pos": "u"}
}
,
{
"node": "d",
"type": "line-start",
"ref": "P335027.15",
"n": "11",
"label": "o 11"}
,
{
"node": "l",
"frag": "[x",
"id": "P335027.l0006a",
"ref": "P335027.15.1",
"inst": "u",
"f": {"lang": "akk-x-neoass",
"form": "x",
"pos": "u"}
}
,
{
"node": "l",
"frag": "x",
"id": "P335027.l0006b",
"ref": "P335027.15.2",
"inst": "u",
"f": {"lang": "akk-x-neoass",
"form": "x",
"pos": "u"}
}
,
{
"node": "l",
"frag": "x",
"id": "P335027.l0006c",
"ref": "P335027.15.3",
"inst": "u",
"f": {"lang": "akk-x-neoass",
"form": "x",
"pos": "u"}
}
,
{
"node": "l",
"frag": "x",
"id": "P335027.l0006d",
"ref": "P335027.15.4",
"inst": "u",
"f": {"lang": "akk-x-neoass",
"form": "x",
"pos": "u"}
}
,
{
"node": "l",
"frag": "x",
"id": "P335027.l0006e",
"ref": "P335027.15.5",
"inst": "u",
"f": {"lang": "akk-x-neoass",
"form": "x",
"pos": "u"}
}
,
{
"node": "l",
"frag": "x",
"id": "P335027.l0006f",
"ref": "P335027.15.6",
"inst": "u",
"f": {"lang": "akk-x-neoass",
"form": "x",
"pos": "u"}
}
,
{
"node": "l",
"frag": "x",
"id": "P335027.l00070",
"ref": "P335027.15.7",
"inst": "u",
"f": {"lang": "akk-x-neoass",
"form": "x",
"pos": "u"}
}
,
{
"node": "l",
"frag": "x",
"id": "P335027.l00071",
"ref": "P335027.15.8",
"inst": "u",
"f": {"lang": "akk-x-neoass",
"form": "x",
"pos": "u"}
}
,
{
"node": "l",
"frag": "x",
"id": "P335027.l00072",
"ref": "P335027.15.9",
"inst": "u",
"f": {"lang": "akk-x-neoass",
"form": "x",
"pos": "u"}
}
,
{
"node": "l",
"frag": "x",
"id": "P335027.l00073",
"ref": "P335027.15.10",
"inst": "u",
"f": {"lang": "akk-x-neoass",
"form": "x",
"pos": "u"}
}
,
{
"node": "l",
"frag": "x",
"id": "P335027.l00074",
"ref": "P335027.15.11",
"inst": "u",
"f": {"lang": "akk-x-neoass",
"form": "x",
"pos": "u"}
}
,
{
"node": "l",
"frag": "x]-⸢u₂⸣-kin₂",
"id": "P335027.l00075",
"ref": "P335027.15.12",
"inst": "u",
"f": {"lang": "akk-x-neoass",
"form": "x-u₂-kin₂",
"pos": "u"}
}
,
{
"node": "d",
"type": "line-start",
"ref": "P335027.16",
"n": "12",
"label": "o 12"}
,
{
"node": "l",
"frag": "[x",
"id": "P335027.l00076",
"ref": "P335027.16.1",
"inst": "u",
"f": {"lang": "akk-x-neoass",
"form": "x",
"pos": "u"}
}
,
{
"node": "l",
"frag": "x",
"id": "P335027.l00077",
"ref": "P335027.16.2",
"inst": "u",
"f": {"lang": "akk-x-neoass",
"form": "x",
"pos": "u"}
}
,
{
"node": "l",
"frag": "x",
"id": "P335027.l00078",
"ref": "P335027.16.3",
"inst": "u",
"f": {"lang": "akk-x-neoass",
"form": "x",
"pos": "u"}
}
,
{
"node": "l",
"frag": "x",
"id": "P335027.l00079",
"ref": "P335027.16.4",
"inst": "u",
"f": {"lang": "akk-x-neoass",
"form": "x",
"pos": "u"}
}
,
{
"node": "l",
"frag": "x",
"id": "P335027.l0007a",
"ref": "P335027.16.5",
"inst": "u",
"f": {"lang": "akk-x-neoass",
"form": "x",
"pos": "u"}
}
,
{
"node": "l",
"frag": "x",
"id": "P335027.l0007b",
"ref": "P335027.16.6",
"inst": "u",
"f": {"lang": "akk-x-neoass",
"form": "x",
"pos": "u"}
}
,
{
"node": "l",
"frag": "x",
"id": "P335027.l0007c",
"ref": "P335027.16.7",
"inst": "u",
"f": {"lang": "akk-x-neoass",
"form": "x",
"pos": "u"}
}
,
{
"node": "l",
"frag": "x",
"id": "P335027.l0007d",
"ref": "P335027.16.8",
"inst": "u",
"f": {"lang": "akk-x-neoass",
"form": "x",
"pos": "u"}
}
,
{
"node": "l",
"frag": "x",
"id": "P335027.l0007e",
"ref": "P335027.16.9",
"inst": "u",
"f": {"lang": "akk-x-neoass",
"form": "x",
"pos": "u"}
}
,
{
"node": "l",
"frag": "x",
"id": "P335027.l0007f",
"ref": "P335027.16.10",
"inst": "u",
"f": {"lang": "akk-x-neoass",
"form": "x",
"pos": "u"}
}
,
{
"node": "l",
"frag": "x",
"id": "P335027.l00080",
"ref": "P335027.16.11",
"inst": "u",
"f": {"lang": "akk-x-neoass",
"form": "x",
"pos": "u"}
}
,
{
"node": "l",
"frag": "x]-SUM-in-šu₂",
"id": "P335027.l00081",
"ref": "P335027.16.12",
"inst": "u",
"f": {"lang": "akk-x-neoass",
"form": "x-SUM-in-šu₂",
"pos": "u"}
}
,
{
"node": "d",
"type": "line-start",
"ref": "P335027.17",
"n": "13",
"label": "o 13"}
,
{
"node": "l",
"frag": "[x",
"id": "P335027.l00082",
"ref": "P335027.17.1",
"inst": "u",
"f": {"lang": "akk-x-neoass",
"form": "x",
"pos": "u"}
}
,
{
"node": "l",
"frag": "x",
"id": "P335027.l00083",
"ref": "P335027.17.2",
"inst": "u",
"f": {"lang": "akk-x-neoass",
"form": "x",
"pos": "u"}
}
,
{
"node": "l",
"frag": "x",
"id": "P335027.l00084",
"ref": "P335027.17.3",
"inst": "u",
"f": {"lang": "akk-x-neoass",
"form": "x",
"pos": "u"}
}
,
{
"node": "l",
"frag": "x",
"id": "P335027.l00085",
"ref": "P335027.17.4",
"inst": "u",
"f": {"lang": "akk-x-neoass",
"form": "x",
"pos": "u"}
}
,
{
"node": "l",
"frag": "x",
"id": "P335027.l00086",
"ref": "P335027.17.5",
"inst": "u",
"f": {"lang": "akk-x-neoass",
"form": "x",
"pos": "u"}
}
,
{
"node": "l",
"frag": "x",
"id": "P335027.l00087",
"ref": "P335027.17.6",
"inst": "u",
"f": {"lang": "akk-x-neoass",
"form": "x",
"pos": "u"}
}
,
{
"node": "l",
"frag": "x",
"id": "P335027.l00088",
"ref": "P335027.17.7",
"inst": "u",
"f": {"lang": "akk-x-neoass",
"form": "x",
"pos": "u"}
}
,
{
"node": "l",
"frag": "x",
"id": "P335027.l00089",
"ref": "P335027.17.8",
"inst": "u",
"f": {"lang": "akk-x-neoass",
"form": "x",
"pos": "u"}
}
,
{
"node": "l",
"frag": "x",
"id": "P335027.l0008a",
"ref": "P335027.17.9",
"inst": "u",
"f": {"lang": "akk-x-neoass",
"form": "x",
"pos": "u"}
}
,
{
"node": "l",
"frag": "x",
"id": "P335027.l0008b",
"ref": "P335027.17.10",
"inst": "u",
"f": {"lang": "akk-x-neoass",
"form": "x",
"pos": "u"}
}
,
{
"node": "l",
"frag": "x",
"id": "P335027.l0008c",
"ref": "P335027.17.11",
"inst": "u",
"f": {"lang": "akk-x-neoass",
"form": "x",
"pos": "u"}
}
,
{
"node": "l",
"frag": "x",
"id": "P335027.l0008d",
"ref": "P335027.17.12",
"inst": "u",
"f": {"lang": "akk-x-neoass",
"form": "x",
"pos": "u"}
}
,
{
"node": "l",
"frag": "x",
"id": "P335027.l0008e",
"ref": "P335027.17.13",
"inst": "u",
"f": {"lang": "akk-x-neoass",
"form": "x",
"pos": "u"}
}
,
{
"node": "l",
"frag": "x",
"id": "P335027.l0008f",
"ref": "P335027.17.14",
"inst": "u",
"f": {"lang": "akk-x-neoass",
"form": "x",
"pos": "u"}
}
,
{
"node": "l",
"frag": "x]",
"id": "P335027.l00090",
"ref": "P335027.17.15",
"inst": "u",
"f": {"lang": "akk-x-neoass",
"form": "x",
"pos": "u"}
}
,
{
"node": "d",
"type": "line-start",
"ref": "P335027.18",
"n": "14",
"label": "o 14"}
,
{
"node": "l",
"frag": "[x",
"id": "P335027.l00091",
"ref": "P335027.18.1",
"inst": "u",
"f": {"lang": "akk-x-neoass",
"form": "x",
"pos": "u"}
}
,
{
"node": "l",
"frag": "x",
"id": "P335027.l00092",
"ref": "P335027.18.2",
"inst": "u",
"f": {"lang": "akk-x-neoass",
"form": "x",
"pos": "u"}
}
,
{
"node": "l",
"frag": "x",
"id": "P335027.l00093",
"ref": "P335027.18.3",
"inst": "u",
"f": {"lang": "akk-x-neoass",
"form": "x",
"pos": "u"}
}
,
{
"node": "l",
"frag": "x",
"id": "P335027.l00094",
"ref": "P335027.18.4",
"inst": "u",
"f": {"lang": "akk-x-neoass",
"form": "x",
"pos": "u"}
}
,
{
"node": "l",
"frag": "x",
"id": "P335027.l00095",
"ref": "P335027.18.5",
"inst": "u",
"f": {"lang": "akk-x-neoass",
"form": "x",
"pos": "u"}
}
,
{
"node": "l",
"frag": "x",
"id": "P335027.l00096",
"ref": "P335027.18.6",
"inst": "u",
"f": {"lang": "akk-x-neoass",
"form": "x",
"pos": "u"}
}
,
{
"node": "l",
"frag": "x",
"id": "P335027.l00097",
"ref": "P335027.18.7",
"inst": "u",
"f": {"lang": "akk-x-neoass",
"form": "x",
"pos": "u"}
}
,
{
"node": "l",
"frag": "x",
"id": "P335027.l00098",
"ref": "P335027.18.8",
"inst": "u",
"f": {"lang": "akk-x-neoass",
"form": "x",
"pos": "u"}
}
,
{
"node": "l",
"frag": "x",
"id": "P335027.l00099",
"ref": "P335027.18.9",
"inst": "u",
"f": {"lang": "akk-x-neoass",
"form": "x",
"pos": "u"}
}
,
{
"node": "l",
"frag": "x",
"id": "P335027.l0009a",
"ref": "P335027.18.10",
"inst": "u",
"f": {"lang": "akk-x-neoass",
"form": "x",
"pos": "u"}
}
,
{
"node": "l",
"frag": "x",
"id": "P335027.l0009b",
"ref": "P335027.18.11",
"inst": "u",
"f": {"lang": "akk-x-neoass",
"form": "x",
"pos": "u"}
}
,
{
"node": "l",
"frag": "x",
"id": "P335027.l0009c",
"ref": "P335027.18.12",
"inst": "u",
"f": {"lang": "akk-x-neoass",
"form": "x",
"pos": "u"}
}
,
{
"node": "l",
"frag": "x",
"id": "P335027.l0009d",
"ref": "P335027.18.13",
"inst": "u",
"f": {"lang": "akk-x-neoass",
"form": "x",
"pos": "u"}
}
,
{
"node": "l",
"frag": "x",
"id": "P335027.l0009e",
"ref": "P335027.18.14",
"inst": "u",
"f": {"lang": "akk-x-neoass",
"form": "x",
"pos": "u"}
}
,
{
"node": "l",
"frag": "x]-šu₂",
"id": "P335027.l0009f",
"ref": "P335027.18.15",
"inst": "u",
"f": {"lang": "akk-x-neoass",
"form": "x-šu₂",
"pos": "u"}
}
,
{
"node": "d",
"type": "line-start",
"ref": "P335027.19",
"n": "15",
"label": "o 15"}
,
{
"node": "l",
"frag": "[x",
"id": "P335027.l000a0",
"ref": "P335027.19.1",
"inst": "u",
"f": {"lang": "akk-x-neoass",
"form": "x",
"pos": "u"}
}
,
{
"node": "l",
"frag": "x",
"id": "P335027.l000a1",
"ref": "P335027.19.2",
"inst": "u",
"f": {"lang": "akk-x-neoass",
"form": "x",
"pos": "u"}
}
,
{
"node": "l",
"frag": "x",
"id": "P335027.l000a2",
"ref": "P335027.19.3",
"inst": "u",
"f": {"lang": "akk-x-neoass",
"form": "x",
"pos": "u"}
}
,
{
"node": "l",
"frag": "x",
"id": "P335027.l000a3",
"ref": "P335027.19.4",
"inst": "u",
"f": {"lang": "akk-x-neoass",
"form": "x",
"pos": "u"}
}
,
{
"node": "l",
"frag": "x",
"id": "P335027.l000a4",
"ref": "P335027.19.5",
"inst": "u",
"f": {"lang": "akk-x-neoass",
"form": "x",
"pos": "u"}
}
,
{
"node": "l",
"frag": "x",
"id": "P335027.l000a5",
"ref": "P335027.19.6",
"inst": "u",
"f": {"lang": "akk-x-neoass",
"form": "x",
"pos": "u"}
}
,
{
"node": "l",
"frag": "x",
"id": "P335027.l000a6",
"ref": "P335027.19.7",
"inst": "u",
"f": {"lang": "akk-x-neoass",
"form": "x",
"pos": "u"}
}
,
{
"node": "l",
"frag": "x",
"id": "P335027.l000a7",
"ref": "P335027.19.8",
"inst": "u",
"f": {"lang": "akk-x-neoass",
"form": "x",
"pos": "u"}
}
,
{
"node": "l",
"frag": "x",
"id": "P335027.l000a8",
"ref": "P335027.19.9",
"inst": "u",
"f": {"lang": "akk-x-neoass",
"form": "x",
"pos": "u"}
}
,
{
"node": "l",
"frag": "x",
"id": "P335027.l000a9",
"ref": "P335027.19.10",
"inst": "u",
"f": {"lang": "akk-x-neoass",
"form": "x",
"pos": "u"}
}
,
{
"node": "l",
"frag": "x",
"id": "P335027.l000aa",
"ref": "P335027.19.11",
"inst": "u",
"f": {"lang": "akk-x-neoass",
"form": "x",
"pos": "u"}
}
,
{
"node": "l",
"frag": "x",
"id": "P335027.l000ab",
"ref": "P335027.19.12",
"inst": "u",
"f": {"lang": "akk-x-neoass",
"form": "x",
"pos": "u"}
}
,
{
"node": "l",
"frag": "x",
"id": "P335027.l000ac",
"ref": "P335027.19.13",
"inst": "u",
"f": {"lang": "akk-x-neoass",
"form": "x",
"pos": "u"}
}
,
{
"node": "l",
"frag": "x",
"id": "P335027.l000ad",
"ref": "P335027.19.14",
"inst": "u",
"f": {"lang": "akk-x-neoass",
"form": "x",
"pos": "u"}
}
,
{
"node": "l",
"frag": "x",
"id": "P335027.l000ae",
"ref": "P335027.19.15",
"inst": "u",
"f": {"lang": "akk-x-neoass",
"form": "x",
"pos": "u"}
}
,
{
"node": "l",
"frag": "x",
"id": "P335027.l000af",
"ref": "P335027.19.16",
"inst": "u",
"f": {"lang": "akk-x-neoass",
"form": "x",
"pos": "u"}
}
,
{
"node": "l",
"frag": "x]",
"id": "P335027.l000b0",
"ref": "P335027.19.17",
"inst": "u",
"f": {"lang": "akk-x-neoass",
"form": "x",
"pos": "u"}
}
,
{
"node": "l",
"frag": "⸢hu⸣",
"id": "P335027.l000b1",
"ref": "P335027.19.18",
"inst": "u",
"f": {"lang": "akk-x-neoass",
"form": "hu",
"pos": "u"}
}
,
{
"node": "d",
"subtype": "reverse",
"type": "surface",
"ref": "P335027.r.20",
"type": "reverse",
"label": "r"}
,
{
"node": "d",
"type": "nonx",
"ref": "P335027.21",
"strict": "0",
"extent": "4",
"scope": "line",
"state": "missing"}
,
{
"node": "d",
"type": "line-start",
"ref": "P335027.22",
"n": "5",
"label": "r 5"}
,
{
"node": "l",
"frag": "i-[x",
"id": "P335027.l000b2",
"ref": "P335027.22.1",
"inst": "u",
"f": {"lang": "akk-x-neoass",
"form": "i-x",
"pos": "u"}
}
,
{
"node": "l",
"frag": "x",
"id": "P335027.l000b3",
"ref": "P335027.22.2",
"inst": "u",
"f": {"lang": "akk-x-neoass",
"form": "x",
"pos": "u"}
}
,
{
"node": "l",
"frag": "x",
"id": "P335027.l000b4",
"ref": "P335027.22.3",
"inst": "u",
"f": {"lang": "akk-x-neoass",
"form": "x",
"pos": "u"}
}
,
{
"node": "l",
"frag": "x",
"id": "P335027.l000b5",
"ref": "P335027.22.4",
"inst": "u",
"f": {"lang": "akk-x-neoass",
"form": "x",
"pos": "u"}
}
,
{
"node": "l",
"frag": "x",
"id": "P335027.l000b6",
"ref": "P335027.22.5",
"inst": "u",
"f": {"lang": "akk-x-neoass",
"form": "x",
"pos": "u"}
}
,
{
"node": "l",
"frag": "x",
"id": "P335027.l000b7",
"ref": "P335027.22.6",
"inst": "u",
"f": {"lang": "akk-x-neoass",
"form": "x",
"pos": "u"}
}
,
{
"node": "l",
"frag": "x]-ni",
"id": "P335027.l000b8",
"ref": "P335027.22.7",
"inst": "u",
"f": {"lang": "akk-x-neoass",
"form": "x-ni",
"pos": "u"}
}
,
{
"node": "d",
"type": "line-start",
"ref": "P335027.23",
"n": "6",
"label": "r 6"}
,
{
"node": "l",
"frag": "nu-[x",
"id": "P335027.l000b9",
"ref": "P335027.23.1",
"inst": "u",
"f": {"lang": "akk-x-neoass",
"form": "nu-x",
"pos": "u"}
}
,
{
"node": "l",
"frag": "x",
"id": "P335027.l000ba",
"ref": "P335027.23.2",
"inst": "u",
"f": {"lang": "akk-x-neoass",
"form": "x",
"pos": "u"}
}
,
{
"node": "l",
"frag": "x",
"id": "P335027.l000bb",
"ref": "P335027.23.3",
"inst": "u",
"f": {"lang": "akk-x-neoass",
"form": "x",
"pos": "u"}
}
,
{
"node": "l",
"frag": "x",
"id": "P335027.l000bc",
"ref": "P335027.23.4",
"inst": "u",
"f": {"lang": "akk-x-neoass",
"form": "x",
"pos": "u"}
}
,
{
"node": "l",
"frag": "x",
"id": "P335027.l000bd",
"ref": "P335027.23.5",
"inst": "u",
"f": {"lang": "akk-x-neoass",
"form": "x",
"pos": "u"}
}
,
{
"node": "l",
"frag": "x",
"id": "P335027.l000be",
"ref": "P335027.23.6",
"inst": "u",
"f": {"lang": "akk-x-neoass",
"form": "x",
"pos": "u"}
}
,
{
"node": "l",
"frag": "x",
"id": "P335027.l000bf",
"ref": "P335027.23.7",
"inst": "u",
"f": {"lang": "akk-x-neoass",
"form": "x",
"pos": "u"}
}
,
{
"node": "l",
"frag": "x",
"id": "P335027.l000c0",
"ref": "P335027.23.8",
"inst": "u",
"f": {"lang": "akk-x-neoass",
"form": "x",
"pos": "u"}
}
,
{
"node": "l",
"frag": "x",
"id": "P335027.l000c1",
"ref": "P335027.23.9",
"inst": "u",
"f": {"lang": "akk-x-neoass",
"form": "x",
"pos": "u"}
}
,
{
"node": "l",
"frag": "x]-ni",
"id": "P335027.l000c2",
"ref": "P335027.23.10",
"inst": "u",
"f": {"lang": "akk-x-neoass",
"form": "x-ni",
"pos": "u"}
}
,
{
"node": "d",
"type": "line-start",
"ref": "P335027.24",
"n": "7",
"label": "r 7"}
,
{
"node": "l",
"frag": "la",
"id": "P335027.l000c3",
"ref": "P335027.24.1",
"inst": "lā[not]MOD",
"exosig": "@saao/saa06%akk-x-neoass:la=lā[not//not]MOD'MOD$lā",
"f": {"lang": "akk-x-neoass",
"form": "la",
"cf": "lā",
"gw": "not",
"sense": "not",
"norm": "lā",
"pos": "MOD",
"epos": "MOD"}
}
,
{
"node": "l",
"frag": "u₂-ṣa",
"id": "P335027.l000c4",
"ref": "P335027.24.2",
"inst": "uṣṣa[come out]V",
"exosig": "@saao/saa06%akk-x-neoass:u₂-ṣa=aṣû[go out//come out]V'V$uṣṣa",
"f": {"lang": "akk-x-neoass",
"form": "u₂-ṣa",
"cf": "aṣû",
"gw": "go out",
"sense": "come out",
"norm": "uṣṣa",
"pos": "V",
"epos": "V"}
}
,
{
"node": "l",
"frag": "man-nu",
"id": "P335027.l000c5",
"ref": "P335027.24.3",
"inst": "mannu[who?//whoever]QP'XP$",
"exosig": "@saao/saa06%akk-x-neoass:man-nu=mannu[who?//whoever]QP'XP$mannu",
"f": {"lang": "akk-x-neoass",
"form": "man-nu",
"cf": "mannu",
"gw": "who?",
"sense": "whoever",
"norm": "mannu",
"pos": "QP",
"epos": "XP"}
}
,
{
"node": "l",
"frag": "ša",
"id": "P335027.l000c6",
"ref": "P335027.24.4",
"inst": "ša[that]REL$",
"exosig": "@saao/saa06%akk-x-neoass:ša=ša[that//that]REL'REL$ša",
"f": {"lang": "akk-x-neoass",
"form": "ša",
"cf": "ša",
"gw": "that",
"sense": "that",
"norm": "ša",
"pos": "REL",
"epos": "REL"}
}
,
{
"node": "l",
"frag": "[x]",
"id": "P335027.l000c7",
"ref": "P335027.24.5",
"inst": "u",
"f": {"lang": "akk-x-neoass",
"form": "x",
"pos": "u"}
}
,
{
"node": "l",
"frag": "⸢MA⸣.NA",
"id": "P335027.l000c8",
"ref": "P335027.24.6",
"inst": "manê[a unit of weight]N",
"exosig": "@saao/saa06%akk-x-neoass:MA.NA=manû[unit//a unit of weight]N'N$manê",
"f": {"lang": "akk-x-neoass",
"form": "MA.NA",
"cf": "manû",
"gw": "unit",
"sense": "a unit of weight",
"norm": "manê",
"pos": "N",
"epos": "N"}
}
,
{
"node": "l",
"frag": "KUG.UD",
"id": "P335027.l000c9",
"ref": "P335027.24.7",
"inst": "ṣarpi[silver]N",
"exosig": "@saao/saa06%akk-x-neoass:KUG.UD=ṣarpu[silver//silver]N'N$ṣarpi",
"f": {"lang": "akk-x-neoass",
"form": "KUG.UD",
"cf": "ṣarpu",
"gw": "silver",
"sense": "silver",
"norm": "ṣarpi",
"pos": "N",
"epos": "N"}
}
,
{
"node": "d",
"type": "line-start",
"ref": "P335027.25",
"n": "8",
"label": "r 8"}
,
{
"node": "l",
"frag": "a-na",
"id": "P335027.l000ca",
"ref": "P335027.25.1",
"inst": "ana[to]PRP",
"exosig": "@saao/saa06%akk-x-neoass:a-na=ana[to//to]PRP'PRP$ana",
"f": {"lang": "akk-x-neoass",
"form": "a-na",
"cf": "ana",
"gw": "to",
"sense": "to",
"norm": "ana",
"pos": "PRP",
"epos": "PRP"}
}
,
{
"node": "l",
"frag": "{1}mu-šal-lim-d.INNIN",
"id": "P335027.l000cb",
"ref": "P335027.25.2",
"inst": "Mušallim-Issar[1]PN$",
"exosig": "@saao/saa06%akk-x-neoass:{1}mu-šal-lim-d.INNIN=Mušallim-Issar[1//1]PN'PN$Mušallim-Issar",
"f": {"lang": "akk-x-neoass",
"form": "{1}mu-šal-lim-d.INNIN",
"cf": "Mušallim-Issar",
"gw": "1",
"sense": "1",
"norm": "Mušallim-Issar",
"pos": "PN",
"epos": "PN"}
}
,
{
"node": "l",
"frag": "SUM-nu-ni",
"id": "P335027.l000cc",
"ref": "P335027.25.3",
"inst": "tadānu[give//pay]V$iddanūni",
"exosig": "@saao/saa06%akk-x-neoass:SUM-nu-ni=tadānu[give//pay]V'V$iddanūni",
"f": {"lang": "akk-x-neoass",
"form": "SUM-nu-ni",
"cf": "tadānu",
"gw": "give",
"sense": "pay",
"norm": "iddanūni",
"pos": "V",
"epos": "V"}
}
,
{
"node": "d",
"type": "line-start",
"ref": "P335027.26",
"n": "9",
"label": "r 9"}
,
{
"node": "l",
"frag": "LU₂",
"id": "P335027.l000cd",
"ref": "P335027.26.1",
"inst": "amēlu[man]N",
"exosig": "@saao/saa06%akk-x-neoass:LU₂=awīlu[man//man]N'N$amēlu",
"f": {"lang": "akk-x-neoass",
"form": "LU₂",
"cf": "awīlu",
"gw": "man",
"sense": "man",
"norm": "amēlu",
"pos": "N",
"epos": "N"}
}
,
{
"node": "l",
"frag": "a-di",
"id": "P335027.l000ce",
"ref": "P335027.26.2",
"inst": "adi[with]PRP",
"exosig": "@saao/saa06%akk-x-neoass:a-di=adi[until//with]PRP'PRP$adi",
"f": {"lang": "akk-x-neoass",
"form": "a-di",
"cf": "adi",
"gw": "until",
"sense": "with",
"norm": "adi",
"pos": "PRP",
"epos": "PRP"}
}
,
{
"node": "l",
"frag": "UN-MEŠ-šu₂",
"id": "P335027.l000cf",
"ref": "P335027.26.3",
"inst": "nišēšu[people]N",
"exosig": "@saao/saa06%akk-x-neoass:UN-MEŠ-šu₂=nišu[people//people]N'N$nišēšu",
"f": {"lang": "akk-x-neoass",
"form": "UN-MEŠ-šu₂",
"cf": "nišu",
"gw": "people",
"sense": "people",
"norm": "nišēšu",
"pos": "N",
"epos": "N"}
}
,
{
"node": "l",
"frag": "u₂-še-ṣa",
"id": "P335027.l000d0",
"ref": "P335027.26.4",
"inst": "aṣû[go out//redeem]V$ušēṣa",
"exosig": "@saao/saa06%akk-x-neoass:u₂-še-ṣa=aṣû[go out//redeem]V'V$ušēṣa",
"f": {"lang": "akk-x-neoass",
"form": "u₂-še-ṣa",
"cf": "aṣû",
"gw": "go out",
"sense": "redeem",
"norm": "ušēṣa",
"pos": "V",
"epos": "V"}
}
,
{
"node": "d",
"type": "nonx",
"ref": "P335027.27",
"strict": "1",
"extent": "n",
"scope": "line",
"state": "ruling"}
,
{
"node": "d",
"type": "line-start",
"ref": "P335027.28",
"n": "10",
"label": "r 10"}
,
{
"node": "l",
"frag": "IGI",
"id": "P335027.l000d1",
"ref": "P335027.28.1",
"inst": "šību[old man//witness]N$",
"exosig": "@saao/saa06%akk-x-neoass:IGI=šību[witness//witness]N'N$šību",
"f": {"lang": "akk-x-neoass",
"form": "IGI",
"cf": "šību",
"gw": "witness",
"sense": "witness",
"norm": "šību",
"pos": "N",
"epos": "N"}
}
,
{
"node": "l",
"frag": "{1}si-pa-ra-nu",
"id": "P335027.l000d2",
"ref": "P335027.28.2",
"inst": "Siparranu[1]PN$",
"exosig": "@saao/saa06%akk-x-neoass:{1}si-pa-ra-nu=Siparranu[1//1]PN'PN$Siparranu",
"f": {"lang": "akk-x-neoass",
"form": "{1}si-pa-ra-nu",
"cf": "Siparranu",
"gw": "1",
"sense": "1",
"norm": "Siparranu",
"pos": "PN",
"epos": "PN"}
}
,
{
"node": "c",
"type": "phrase",
"tag": "phr",
"id": "P335027.U4",
"ref": "P335027.ls00000",
"cdl": [
{
"node": "l",
"frag": "{lu₂}ṣa-rip-tuh-ši-e",
"id": "P335027.l000d3",
"ref": "P335027.28.3",
"cof-tails": "P335027.l000d4",
"inst": "ṣāripu[dyer]N$ṣārip&dušû[untanned leather]N$tuhšê",
"exosig": "@saao/saa06%akk-x-neoass:{LU₂}ṣa-rip-tuh-ši-e=ṣāripu[dyer//dyer]N'N$ṣārip&&@saao%akk-x-neoass:=dušû[untanned leather//untanned leather]N'N$tuhšê",
"f": {"lang": "akk-x-neoass",
"form": "{LU₂}ṣa-rip-tuh-ši-e",
"cf": "ṣāripu",
"gw": "dyer",
"sense": "dyer",
"norm": "ṣārip",
"pos": "N",
"epos": "N"}
}
,
{
"node": "l",
"frag": "{lu₂}ṣa-rip-tuh-ši-e",
"id": "P335027.l000d4",
"ref": "P335027.28.3",
"cof-head": "P335027.l000d3",
"inst": "ṣāripu[dyer]N$ṣārip&dušû[untanned leather]N$tuhšê",
"tail-sig": "@saao%akk-x-neoass:=dušû[untanned leather//untanned leather]N'N$tuhšê",
"f": {"lang": "akk-x-neoass",
"form": "{LU₂}ṣa-rip-tuh-ši-e",
"cf": "dušû",
"gw": "untanned leather",
"sense": "untanned leather",
"norm": "tuhšê",
"pos": "N",
"epos": "N"}
}
]}
,
{
"node": "d",
"type": "line-start",
"ref": "P335027.29",
"n": "11",
"label": "r 11"}
,
{
"node": "l",
"frag": "[IGI]",
"id": "P335027.l000d5",
"ref": "P335027.29.1",
"inst": "šību[old man//witness]N$",
"exosig": "@saao/saa06%akk-x-neoass:IGI=šību[witness//witness]N'N$šību",
"f": {"lang": "akk-x-neoass",
"form": "IGI",
"cf": "šību",
"gw": "witness",
"sense": "witness",
"norm": "šību",
"pos": "N",
"epos": "N"}
}
,
{
"node": "l",
"frag": "{1}ŠA₃⸣-URU-a.a",
"id": "P335027.l000d6",
"ref": "P335027.29.2",
"inst": "Libbalayu[1]PN$Libbalaya",
"exosig": "@saao/saa06%akk-x-neoass:{1}ŠA₃-URU-a.a=Libbalayu[1//1]PN'PN$Libbalaya",
"f": {"lang": "akk-x-neoass",
"form": "{1}ŠA₃-URU-a.a",
"cf": "Libbalayu",
"gw": "1",
"sense": "1",
"norm": "Libbalaya",
"pos": "PN",
"epos": "PN"}
}
,
{
"node": "l",
"frag": "IGI",
"id": "P335027.l000d7",
"ref": "P335027.29.3",
"inst": "šību[old man//witness]N$",
"exosig": "@saao/saa06%akk-x-neoass:IGI=šību[witness//witness]N'N$šību",
"f": {"lang": "akk-x-neoass",
"form": "IGI",
"cf": "šību",
"gw": "witness",
"sense": "witness",
"norm": "šību",
"pos": "N",
"epos": "N"}
}
,
{
"node": "l",
"frag": "{1}aš-šur-DI-PAB-MEŠ",
"id": "P335027.l000d8",
"ref": "P335027.29.4",
"inst": "Aššur-šallim-ahhe[1]PN$",
"exosig": "@saao/saa06%akk-x-neoass:{1}aš-šur-DI-PAB-MEŠ=Aššur-šallim-ahhe[1//1]PN'PN$Aššur-šallim-ahhe",
"f": {"lang": "akk-x-neoass",
"form": "{1}aš-šur-DI-PAB-MEŠ",
"cf": "Aššur-šallim-ahhe",
"gw": "1",
"sense": "1",
"norm": "Aššur-šallim-ahhe",
"pos": "PN",
"epos": "PN"}
}
,
{
"node": "d",
"type": "line-start",
"ref": "P335027.30",
"n": "12",
"label": "r 12"}
,
{
"node": "c",
"type": "phrase",
"tag": "phr",
"id": "P335027.U5",
"ref": "P335027.ls00001",
"cdl": [
{
"node": "l",
"frag": "{[lu₂v}mu]-kil-{kuš}PA-MEŠ",
"id": "P335027.l000d9",
"ref": "P335027.30.1",
"cof-tails": "P335027.l000da",
"inst": "mukillu[holder]N$mukīl&appatu[bridle]N$appāti",
"exosig": "@saao/saa06%akk-x-neoass:{LU₂}mu-kil-{KUŠ}PA-MEŠ=mukillu[holder//holder]N'N$mukīl&&@saao%akk-x-neoass:=appatu[bridle//bridle]N'N$appāti",
"f": {"lang": "akk-x-neoass",
"form": "{LU₂}mu-kil-{KUŠ}PA-MEŠ",
"cf": "mukillu",
"gw": "holder",
"sense": "holder",
"norm": "mukīl",
"pos": "N",
"epos": "N"}
}
,
{
"node": "l",
"frag": "{[lu₂v}mu]-kil-{kuš}PA-MEŠ",
"id": "P335027.l000da",
"ref": "P335027.30.1",
"cof-head": "P335027.l000d9",
"inst": "mukillu[holder]N$mukīl&appatu[bridle]N$appāti",
"tail-sig": "@saao%akk-x-neoass:=appatu[bridle//bridle]N'N$appāti",
"f": {"lang": "akk-x-neoass",
"form": "{LU₂}mu-kil-{KUŠ}PA-MEŠ",
"cf": "appatu",
"gw": "bridle",
"sense": "bridle",
"norm": "appāti",
"pos": "N",
"epos": "N"}
}
]}
,
{
"node": "l",
"frag": "IGI",
"id": "P335027.l000db",
"ref": "P335027.30.2",
"inst": "šību[old man//witness]N$",
"exosig": "@saao/saa06%akk-x-neoass:IGI=šību[witness//witness]N'N$šību",
"f": {"lang": "akk-x-neoass",
"form": "IGI",
"cf": "šību",
"gw": "witness",
"sense": "witness",
"norm": "šību",
"pos": "N",
"epos": "N"}
}
,
{
"node": "l",
"frag": "{1}{d}30--AŠ",
"id": "P335027.l000dc",
"ref": "P335027.30.3",
"inst": "Sin-iddina[1]PN$",
"exosig": "@saao/saa06%akk-x-neoass:{1}{d}30-AŠ=Sin-iddina[1//1]PN'PN$Sin-iddina",
"f": {"lang": "akk-x-neoass",
"form": "{1}{d}30-AŠ",
"cf": "Sin-iddina",
"gw": "1",
"sense": "1",
"norm": "Sin-iddina",
"pos": "PN",
"epos": "PN"}
}
,
{
"node": "l",
"frag": "{lu₂}03.U₅",
"id": "P335027.l000dd",
"ref": "P335027.30.4",
"inst": "tašlīšu[third man on chariot]N",
"exosig": "@saao/saa06%akk-x-neoass:{LU₂}03.U₅=tašlīšu[third man on chariot//third man on chariot]N'N$tašlīšu",
"f": {"lang": "akk-x-neoass",
"form": "{LU₂}03.U₅",
"cf": "tašlīšu",
"gw": "third man on chariot",
"sense": "third man on chariot",
"norm": "tašlīšu",
"pos": "N",
"epos": "N"}
}
,
{
"node": "d",
"type": "line-start",
"ref": "P335027.31",
"n": "13",
"label": "r 13"}
,
{
"node": "l",
"frag": "[IGI",
"id": "P335027.l000de",
"ref": "P335027.31.1",
"inst": "šību[old man//witness]N$",
"exosig": "@saao/saa06%akk-x-neoass:IGI=šību[witness//witness]N'N$šību",
"f": {"lang": "akk-x-neoass",
"form": "IGI",
"cf": "šību",
"gw": "witness",
"sense": "witness",
"norm": "šību",
"pos": "N",
"epos": "N"}
}
,
{
"node": "l",
"frag": "{1}na-ṣi-i",
"id": "P335027.l000df",
"ref": "P335027.31.2",
"inst": "Naṣi[1]PN$",
"exosig": "@saao/saa06%akk-x-neoass:{1}na-ṣi-i=Naṣi[1//1]PN'PN$Naṣi",
"f": {"lang": "akk-x-neoass",
"form": "{1}na-ṣi-i",
"cf": "Naṣi",
"gw": "1",
"sense": "1",
"norm": "Naṣi",
"pos": "PN",
"epos": "PN"}
}
,
{
"node": "l",
"frag": "IGI",
"id": "P335027.l000e0",
"ref": "P335027.31.3",
"inst": "šību[old man//witness]N$",
"exosig": "@saao/saa06%akk-x-neoass:IGI=šību[witness//witness]N'N$šību",
"f": {"lang": "akk-x-neoass",
"form": "IGI",
"cf": "šību",
"gw": "witness",
"sense": "witness",
"norm": "šību",
"pos": "N",
"epos": "N"}
}
,
{
"node": "l",
"frag": "{1}bi-hi-i",
"id": "P335027.l000e1",
"ref": "P335027.31.4",
"inst": "Bihi[1]PN$",
"exosig": "@saao/saa06%akk-x-neoass:{1}bi-hi-i=Bihi[1//1]PN'PN$Bihi",
"f": {"lang": "akk-x-neoass",
"form": "{1}bi-hi-i",
"cf": "Bihi",
"gw": "1",
"sense": "1",
"norm": "Bihi",
"pos": "PN",
"epos": "PN"}
}
,
{
"node": "d",
"type": "line-start",
"ref": "P335027.32",
"n": "14",
"label": "r 14"}
,
{
"node": "l",
"frag": "[IGI",
"id": "P335027.l000e2",
"ref": "P335027.32.1",
"inst": "šību[old man//witness]N$",
"exosig": "@saao/saa06%akk-x-neoass:IGI=šību[witness//witness]N'N$šību",
"f": {"lang": "akk-x-neoass",
"form": "IGI",
"cf": "šību",
"gw": "witness",
"sense": "witness",
"norm": "šību",
"pos": "N",
"epos": "N"}
}
,
{
"node": "l",
"frag": "{1}⸢im⸣-ma-ni-aš-šur",
"id": "P335027.l000e3",
"ref": "P335027.32.2",
"inst": "Immani-Aššur[1]PN$",
"exosig": "@saao/saa06%akk-x-neoass:{1}im-ma-ni-aš-šur=Immani-Aššur[1//1]PN'PN$Immani-Aššur",
"f": {"lang": "akk-x-neoass",
"form": "{1}im-ma-ni-aš-šur",
"cf": "Immani-Aššur",
"gw": "1",
"sense": "1",
"norm": "Immani-Aššur",
"pos": "PN",
"epos": "PN"}
}
,
{
"node": "l",
"frag": "IGI",
"id": "P335027.l000e4",
"ref": "P335027.32.3",
"inst": "šību[old man//witness]N$",
"exosig": "@saao/saa06%akk-x-neoass:IGI=šību[witness//witness]N'N$šību",
"f": {"lang": "akk-x-neoass",
"form": "IGI",
"cf": "šību",
"gw": "witness",
"sense": "witness",
"norm": "šību",
"pos": "N",
"epos": "N"}
}
,
{
"node": "l",
"frag": "{1}ia-a.a",
"id": "P335027.l000e5",
"ref": "P335027.32.4",
"inst": "Yaya[1]PN$",
"exosig": "@saao/saa06%akk-x-neoass:{1}ia-a.a=Yaya[1//1]PN'PN$Yaya",
"f": {"lang": "akk-x-neoass",
"form": "{1}ia-a.a",
"cf": "Yaya",
"gw": "1",
"sense": "1",
"norm": "Yaya",
"pos": "PN",
"epos": "PN"}
}
,
{
"node": "d",
"type": "line-start",
"ref": "P335027.33",
"n": "15",
"label": "r 15"}
,
{
"node": "l",
"frag": "[PAB",
"id": "P335027.l000e6",
"ref": "P335027.33.1",
"inst": "gimru[total]N",
"exosig": "@saao/saa06%akk-x-neoass:PAB=gimru[totality//total]N'N$gimru",
"f": {"lang": "akk-x-neoass",
"form": "PAB",
"cf": "gimru",
"gw": "totality",
"sense": "total",
"norm": "gimru",
"pos": "N",
"epos": "N"}
}
,
{
"node": "l",
"frag": "08",
"id": "P335027.l000e7",
"ref": "P335027.33.2",
"inst": "n",
"f": {"lang": "akk-x-neoass",
"form": "08",
"pos": "n"}
}
,
{
"node": "l",
"frag": "IGI]-MEŠ",
"id": "P335027.l000e8",
"ref": "P335027.33.3",
"inst": "šību[old man//witness]N$šībūti",
"exosig": "@saao/saa06%akk-x-neoass:IGI-MEŠ=šību[witness//witness]N'N$šībūti",
"f": {"lang": "akk-x-neoass",
"form": "IGI-MEŠ",
"cf": "šību",
"gw": "witness",
"sense": "witness",
"norm": "šībūti",
"pos": "N",
"epos": "N"}
}
,
{
"node": "l",
"frag": "{uru}DU₆-{d}MAŠ-a.a",
"id": "P335027.l000e9",
"ref": "P335027.33.4",
"inst": "Til-Inurta[1]GN$",
"exosig": "@saao/saa06%akk-x-neoass:{URU}DU₆-{d}MAŠ-a.a=Til-Inurta[1//1]GN'GN$Til-Inurta",
"f": {"lang": "akk-x-neoass",
"form": "{URU}DU₆-{d}MAŠ-a.a",
"cf": "Til-Inurta",
"gw": "1",
"sense": "1",
"norm": "Til-Inurta",
"pos": "GN",
"epos": "GN"}
}
,
{
"node": "d",
"type": "line-start",
"ref": "P335027.34",
"n": "16",
"label": "r 16"}
,
{
"node": "l",
"frag": "[IGI",
"id": "P335027.l000ea",
"ref": "P335027.34.1",
"inst": "šību[old man//witness]N$",
"exosig": "@saao/saa06%akk-x-neoass:IGI=šību[witness//witness]N'N$šību",
"f": {"lang": "akk-x-neoass",
"form": "IGI",
"cf": "šību",
"gw": "witness",
"sense": "witness",
"norm": "šību",
"pos": "N",
"epos": "N"}
}
,
{
"node": "l",
"frag": "{1}aš]-šur-AŠ-PAB-MEŠ",
"id": "P335027.l000eb",
"ref": "P335027.34.2",
"inst": "Aššur-nadin-ahhe[1]PN$",
"exosig": "@saao/saa06%akk-x-neoass:{1}aš-šur-AŠ-PAB-MEŠ=Aššur-nadin-ahhe[1//1]PN'PN$Aššur-nadin-ahhe",
"f": {"lang": "akk-x-neoass",
"form": "{1}aš-šur-AŠ-PAB-MEŠ",
"cf": "Aššur-nadin-ahhe",
"gw": "1",
"sense": "1",
"norm": "Aššur-nadin-ahhe",
"pos": "PN",
"epos": "PN"}
}
,
{
"node": "l",
"frag": "ša",
"id": "P335027.l000ec",
"ref": "P335027.34.3",
"inst": "ša[of]DET",
"exosig": "@saao/saa06%akk-x-neoass:ša=ša[of//of]DET'DET$ša",
"f": {"lang": "akk-x-neoass",
"form": "ša",
"cf": "ša",
"gw": "of",
"sense": "of",
"norm": "ša",
"pos": "DET",
"epos": "DET"}
}
,
{
"node": "l",
"frag": "{uru}{lu₂}SAG-MEŠ",
"id": "P335027.l000ed",
"ref": "P335027.34.4",
"inst": "Al-ša-rešani[Eunuch town]GN$",
"exosig": "@saao/saa06%akk-x-neoass:{URU}{LU₂}SAG-MEŠ=Al-ša-rešani[Eunuch town//Eunuch town]GN'GN$Al-ša-rešani",
"f": {"lang": "akk-x-neoass",
"form": "{URU}{LU₂}SAG-MEŠ",
"cf": "Al-ša-rešani",
"gw": "Eunuch town",
"sense": "Eunuch town",
"norm": "Al-ša-rešani",
"pos": "GN",
"epos": "GN"}
}
,
{
"node": "d",
"type": "line-start",
"ref": "P335027.35",
"n": "17",
"label": "r 17"}
,
{
"node": "l",
"frag": "[PAB",
"id": "P335027.l000ee",
"ref": "P335027.35.1",
"inst": "gimru[total]N",
"exosig": "@saao/saa06%akk-x-neoass:PAB=gimru[totality//total]N'N$gimru",
"f": {"lang": "akk-x-neoass",
"form": "PAB",
"cf": "gimru",
"gw": "totality",
"sense": "total",
"norm": "gimru",
"pos": "N",
"epos": "N"}
}
,
{
"node": "l",
"frag": "09",
"id": "P335027.l000ef",
"ref": "P335027.35.2",
"inst": "n",
"f": {"lang": "akk-x-neoass",
"form": "09",
"pos": "n"}
}
,
{
"node": "l",
"frag": "IGI-MEŠ",
"id": "P335027.l000f0",
"ref": "P335027.35.3",
"inst": "šību[old man//witness]N$šībūti",
"exosig": "@saao/saa06%akk-x-neoass:IGI-MEŠ=šību[witness//witness]N'N$šībūti",
"f": {"lang": "akk-x-neoass",
"form": "IGI-MEŠ",
"cf": "šību",
"gw": "witness",
"sense": "witness",
"norm": "šībūti",
"pos": "N",
"epos": "N"}
}
,
{
"node": "l",
"frag": "{lu₂}ARAD-MEŠ",
"id": "P335027.l000f1",
"ref": "P335027.35.4",
"inst": "urdāni[servant]N",
"exosig": "@saao/saa06%akk-x-neoass:{LU₂}ARAD-MEŠ=ardu[slave//servant]N'N$urdāni",
"f": {"lang": "akk-x-neoass",
"form": "{LU₂}ARAD-MEŠ",
"cf": "ardu",
"gw": "slave",
"sense": "servant",
"norm": "urdāni",
"pos": "N",
"epos": "N"}
}
,
{
"node": "l",
"frag": "ša",
"id": "P335027.l000f2",
"ref": "P335027.35.5",
"inst": "ša[of]DET",
"exosig": "@saao/saa06%akk-x-neoass:ša=ša[of//of]DET'DET$ša",
"f": {"lang": "akk-x-neoass",
"form": "ša",
"cf": "ša",
"gw": "of",
"sense": "of",
"norm": "ša",
"pos": "DET",
"epos": "DET"}
}
,
{
"node": "c",
"type": "phrase",
"tag": "phr",
"id": "P335027.U6",
"ref": "P335027.ls00002",
"cdl": [
{
"node": "l",
"frag": "{lu₂}[GAL]-⸢SAG⸣",
"id": "P335027.l000f3",
"ref": "P335027.35.6",
"cof-tails": "P335027.l000f4",
"inst": "rabû[big one]N$rab&ša-rēši[eunuch]N$ša-rēši",
"exosig": "@saao/saa06%akk-x-neoass:{LU₂}GAL-SAG=rabû[big one//big one]N'N$rab&&@saao%akk-x-neoass:=ša-rēši[eunuch//eunuch]N'N$ša-rēši",
"f": {"lang": "akk-x-neoass",
"form": "{LU₂}GAL-SAG",
"cf": "rabû",
"gw": "big one",
"sense": "big one",
"norm": "rab",
"pos": "N",
"epos": "N"}
}
,
{
"node": "l",
"frag": "{lu₂}[GAL]-⸢SAG⸣",
"id": "P335027.l000f4",
"ref": "P335027.35.6",
"cof-head": "P335027.l000f3",
"inst": "rabû[big one]N$rab&ša-rēši[eunuch]N$ša-rēši",
"tail-sig": "@saao%akk-x-neoass:=ša-rēši[eunuch//eunuch]N'N$ša-rēši",
"f": {"lang": "akk-x-neoass",
"form": "{LU₂}GAL-SAG",
"cf": "ša-rēši",
"gw": "eunuch",
"sense": "eunuch",
"norm": "ša-rēši",
"pos": "N",
"epos": "N"}
}
]}
,
{
"node": "d",
"type": "line-start",
"ref": "P335027.36",
"n": "18",
"label": "r 18"}
,
{
"node": "l",
"frag": "[IGI",
"id": "P335027.l000f5",
"ref": "P335027.36.1",
"inst": "šību[old man//witness]N$",
"exosig": "@saao/saa06%akk-x-neoass:IGI=šību[witness//witness]N'N$šību",
"f": {"lang": "akk-x-neoass",
"form": "IGI",
"cf": "šību",
"gw": "witness",
"sense": "witness",
"norm": "šību",
"pos": "N",
"epos": "N"}
}
,
{
"node": "l",
"frag": "{1}na-di-i",
"id": "P335027.l000f6",
"ref": "P335027.36.2",
"inst": "Naʾdi[1]PN$Nadi",
"exosig": "@saao/saa06%akk-x-neoass:{1}na-di-i=Naʾdi[1//1]PN'PN$Nadi",
"f": {"lang": "akk-x-neoass",
"form": "{1}na-di-i",
"cf": "Naʾdi",
"gw": "1",
"sense": "1",
"norm": "Nadi",
"pos": "PN",
"epos": "PN"}
}
,
{
"node": "l",
"frag": "{lu₂}A.BA",
"id": "P335027.l000f7",
"ref": "P335027.36.3",
"inst": "ṭupšarru[scribe]N",
"exosig": "@saao/saa06%akk-x-neoass:{LU₂}A.BA=ṭupšarru[scribe//scribe]N'N$ṭupšarru",
"f": {"lang": "akk-x-neoass",
"form": "{LU₂}A.BA",
"cf": "ṭupšarru",
"gw": "scribe",
"sense": "scribe",
"norm": "ṭupšarru",
"pos": "N",
"epos": "N"}
}
,
{
"node": "l",
"frag": "ṣa-⸢bit⸣",
"id": "P335027.l000f8",
"ref": "P335027.36.4",
"inst": "ṣābitu[recipient//keeper]N$ṣābit",
"exosig": "@saao/saa06%akk-x-neoass:ṣa-bit=ṣābitu[recipient//keeper]N'N$ṣābit",
"f": {"lang": "akk-x-neoass",
"form": "ṣa-bit",
"cf": "ṣābitu",
"gw": "recipient",
"sense": "keeper",
"norm": "ṣābit",
"pos": "N",
"epos": "N"}
}
,
{
"node": "l",
"frag": "[IM]",
"id": "P335027.l000f9",
"ref": "P335027.36.5",
"inst": "ṭuppu[tablet]N$ṭuppi",
"exosig": "@saao/saa06%akk-x-neoass:IM=ṭuppu[tablet//tablet]N'N$ṭuppi",
"f": {"lang": "akk-x-neoass",
"form": "IM",
"cf": "ṭuppu",
"gw": "tablet",
"sense": "tablet",
"norm": "ṭuppi",
"pos": "N",
"epos": "N"}
}
,
{
"node": "d",
"type": "line-start",
"ref": "P335027.37",
"n": "19",
"label": "r 19"}
,
{
"node": "l",
"frag": "{[iti]}⸢ZIZ₂⸣",
"id": "P335027.l000fa",
"ref": "P335027.37.1",
"inst": "Šabaṭu[Shebat]MN$",
"exosig": "@saao/saa06%akk-x-neoass:{ITI}ZIZ₂=Šabaṭu[Shebat//Shebat]MN'MN$Šabaṭu",
"f": {"lang": "akk-x-neoass",
"form": "{ITI}ZIZ₂",
"cf": "Šabaṭu",
"gw": "Shebat",
"sense": "Shebat",
"norm": "Šabaṭu",
"pos": "MN",
"epos": "MN"}
}
,
{
"node": "l",
"frag": "UD",
"id": "P335027.l000fb",
"ref": "P335027.37.2",
"inst": "ūm[day]N",
"exosig": "@saao/saa06%akk-x-neoass:UD=ūmu[day//day]N'N$ūm",
"f": {"lang": "akk-x-neoass",
"form": "UD",
"cf": "ūmu",
"gw": "day",
"sense": "day",
"norm": "ūm",
"pos": "N",
"epos": "N"}
}
,
{
"node": "l",
"frag": "26-KAM",
"id": "P335027.l000fc",
"ref": "P335027.37.3",
"inst": "n",
"f": {"lang": "akk-x-neoass",
"form": "26-KAM",
"pos": "n"}
}
,
{
"node": "l",
"frag": "lim-⸢mu⸣",
"id": "P335027.l000fd",
"ref": "P335027.37.4",
"inst": "līmu[eponym (of year)]N$limmu",
"exosig": "@saao/saa06%akk-x-neoass:lim-mu=līmu[eponym (of year)//eponym (of year)]N'N$limmu",
"f": {"lang": "akk-x-neoass",
"form": "lim-mu",
"cf": "līmu",
"gw": "eponym (of year)",
"sense": "eponym (of year)",
"norm": "limmu",
"pos": "N",
"epos": "N"}
}
,
{
"node": "d",
"type": "line-start",
"ref": "P335027.38",
"n": "20",
"label": "r 20"}
,
{
"node": "l",
"frag": "{1}{d]}⸢PA-KALAG⸣-in-an-ni",
"id": "P335027.l000fe",
"ref": "P335027.38.1",
"inst": "Nabu-daʾʾinanni[1]PN$",
"exosig": "@saao/saa06%akk-x-neoass:{1}{d}PA-KALAG-in-an-ni=Nabu-daʾʾinanni[1//1]PN'PN$Nabu-daʾʾinanni",
"f": {"lang": "akk-x-neoass",
"form": "{1}{d}PA-KALAG-in-an-ni",
"cf": "Nabu-daʾʾinanni",
"gw": "1",
"sense": "1",
"norm": "Nabu-daʾʾinanni",
"pos": "PN",
"epos": "PN"}
}
,
{
"node": "l",
"frag": "{lu₂}tur-[ta-nu]",
"id": "P335027.l000ff",
"ref": "P335027.38.2",
"inst": "turtānu[commander-in-chief]N",
"exosig": "@saao/saa06%akk-x-neoass:{LU₂}tur-ta-nu=tartānu[second in command//commander-in-chief]N'N$turtānu",
"f": {"lang": "akk-x-neoass",
"form": "{LU₂}tur-ta-nu",
"cf": "tartānu",
"gw": "second in command",
"sense": "commander-in-chief",
"norm": "turtānu",
"pos": "N",
"epos": "N"}
}
,
{
"node": "d",
"subtype": "right",
"type": "surface",
"ref": "P335027.r.e..39",
"type": "right",
"label": "r.e."}
,
{
"node": "d",
"type": "line-start",
"ref": "P335027.40",
"n": "21",
"label": "r.e. 21"}
,
{
"node": "c",
"type": "phrase",
"tag": "phr",
"id": "P335027.U7",
"ref": "P335027.ls00003",
"cdl": [
{
"node": "l",
"frag": "⸢ina",
"id": "P335027.l00100",
"ref": "P335027.40.1",
"inst": "ina[in+=at the time of]PRP$",
"exosig": "@saao/saa06%akk-x-neoass:ina=ina[in//in]PRP'PRP$ina",
"f": {"lang": "akk-x-neoass",
"form": "ina",
"cf": "ina",
"gw": "in",
"sense": "in",
"norm": "ina",
"pos": "PRP",
"epos": "PRP"}
}
,
{
"node": "l",
"frag": "tar-ṣi⸣",
"id": "P335027.l00101",
"ref": "P335027.40.2",
"inst": "tarṣu[extent]N$tarṣi",
"exosig": "@saao/saa06%akk-x-neoass:tar-ṣi=tarṣu[extent//extent]N'N$tarṣi",
"f": {"lang": "akk-x-neoass",
"form": "tar-ṣi",
"cf": "tarṣu",
"gw": "extent",
"sense": "extent",
"norm": "tarṣi",
"pos": "N",
"epos": "N"}
}
]}
,
{
"node": "l",
"frag": "{1}tukul-ti-A-⸢E₂⸣.[ŠAR₂.RA]",
"id": "P335027.l00102",
"ref": "P335027.40.3",
"inst": "Tukulti-apil-Ešarra[Tiglath-pileser III]PN",
"exosig": "@saao/saa06%akk-x-neoass:{1}tukul-ti-A-E₂.ŠAR₂.RA=Tukulti-apil-Ešarra[Tiglath-pileser III//Tiglath-pileser III]PN'PN$Tukulti-apil-Ešarra",
"f": {"lang": "akk-x-neoass",
"form": "{1}tukul-ti-A-E₂.ŠAR₂.RA",
"cf": "Tukulti-apil-Ešarra",
"gw": "Tiglath-pileser III",
"sense": "Tiglath-pileser III",
"norm": "Tukulti-apil-Ešarra",
"pos": "PN",
"epos": "PN"}
}
,
{
"node": "d",
"type": "line-start",
"ref": "P335027.41",
"n": "22",
"label": "r.e. 22"}
,
{
"node": "l",
"frag": "[LUGAL",
"id": "P335027.l00103",
"ref": "P335027.41.1",
"inst": "šar[king]N",
"exosig": "@saao/saa06%akk-x-neoass:LUGAL=šarru[king//king]N'N$šar",
"f": {"lang": "akk-x-neoass",
"form": "LUGAL",
"cf": "šarru",
"gw": "king",
"sense": "king",
"norm": "šar",
"pos": "N",
"epos": "N"}
}
,
{
"node": "l",
"frag": "KUR-aš-šur{ki]}",
"id": "P335027.l00104",
"ref": "P335027.41.2",
"inst": "+Mat-Aššur[Assyria]GN$",
"exosig": "@saao/saa06%akk-x-neoass:KUR-aš-šur{KI}=Mat-Aššur[Assyria//Assyria]GN'GN$Mat-Aššur",
"f": {"lang": "akk-x-neoass",
"form": "KUR-aš-šur{KI}",
"cf": "Mat-Aššur",
"gw": "Assyria",
"sense": "Assyria",
"norm": "Mat-Aššur",
"pos": "GN",
"epos": "GN"}
}
]}
]}
]}
,
{
"linkbase": [{
"type": "linkset",
"xlink_title": "ṣārip dušê[tanner of coloured leather//tanner of coloured leather]N'N",
"id": "P335027.ls00000",
"xlink_type": "extended",
"xlink_role": "psu",
"sig": "{ṣāripu[dyer]N dušû[untanned leather]N += ṣārip dušê[tanner of coloured leather//tanner of coloured leather]N'N}::@saao%akk-x-neoass:{LU₂}ṣa-rip-tuh-ši-e=ṣāripu[dyer//dyer]N'N$ṣārip++@saao%akk-x-neoass:{LU₂}ṣa-rip-tuh-ši-e=dušû[untanned leather//untanned leather]N'N$tuhšê",
"links": [
{
"type": "link",
"xlink_title": "ṣāripu",
"xlink_type": "locator",
"xlink_href": "#P335027.l000d3",
"xlink_role": "elt"}
,
{
"type": "link",
"xlink_title": "dušû",
"xlink_type": "locator",
"xlink_href": "#P335027.l000d4",
"xlink_role": "elt"}
]}
,
{
"type": "linkset",
"xlink_title": "mukīl appāti[chariot driver//chariot driver]N'N",
"id": "P335027.ls00001",
"xlink_type": "extended",
"xlink_role": "psu",
"sig": "{mukillu[holder]N appatu[bridle]N += mukīl appāti[chariot driver//chariot driver]N'N}::@saao%akk-x-neoass:{LU₂}mu-kil-{KUŠ}a-pa-MEŠ=mukillu[holder//holder]N'N$mukīl++@saao%akk-x-neoass:{LU₂}mu-kil-{KUŠ}a-pa-MEŠ=appatu[bridle//bridle]N'N$appāti",
"links": [
{
"type": "link",
"xlink_title": "mukillu",
"xlink_type": "locator",
"xlink_href": "#P335027.l000d9",
"xlink_role": "elt"}
,
{
"type": "link",
"xlink_title": "appatu",
"xlink_type": "locator",
"xlink_href": "#P335027.l000da",
"xlink_role": "elt"}
]}
,
{
"type": "linkset",
"xlink_title": "rab ša-rēši[chief eunuch//chief eunuch]N'N",
"id": "P335027.ls00002",
"xlink_type": "extended",
"xlink_role": "psu",
"sig": "{{LU₂}GAL-SAG = rabû[big one]N ša-rēši[eunuch]N += rab ša-rēši[chief eunuch//chief eunuch]N'N}::@saao/saa10%akk-x-neoass:{LU₂}GAL-SAG=rabû[big one//big one]N'N$rab++@saao/saa10%akk-x-neoass:{LU₂}GAL-SAG=ša-rēši[eunuch//eunuch]N'N$ša-rēši",
"links": [
{
"type": "link",
"xlink_title": "rabû",
"xlink_type": "locator",
"xlink_href": "#P335027.l000f3",
"xlink_role": "elt"}
,
{
"type": "link",
"xlink_title": "ša-rēši",
"xlink_type": "locator",
"xlink_href": "#P335027.l000f4",
"xlink_role": "elt"}
]}
,
{
"type": "linkset",
"xlink_title": "ina tarṣi[at the time of//at the time of]PRP'PRP",
"id": "P335027.ls00003",
"xlink_type": "extended",
"xlink_role": "psu",
"sig": "{ina[in]PRP tarṣu[extent]N += ina tarṣi[at the time of//at the time of]PRP'PRP}::@saao%akk-x-neoass:ina=ina[in//into]PRP'PRP$ina++@saao%akk-x-neoass:tar-ṣi=tarṣu[extent//extent]N'N$tarṣi",
"links": [
{
"type": "link",
"xlink_title": "ina",
"xlink_type": "locator",
"xlink_href": "#P335027.l00100",
"xlink_role": "elt"}
,
{
"type": "link",
"xlink_title": "tarṣu",
"xlink_type": "locator",
"xlink_href": "#P335027.l00101",
"xlink_role": "elt"}
]}
]}
]}
