{
"type": "cdl",
  "source": "http://oracc.org/saao/saa06",
  "license": "This data is released under the CC0 license",
  "license-url": "https://creativecommons.org/publicdomain/zero/1.0/",
  "more-info": "http://oracc.org/doc/opendata/",
  "UTC-timestamp": "2017-05-19T11:31:22",
"project": "saao/saa06",
"textid": "P335394",
"cdl": [
{
"node": "c",
"type": "text",
"id": "P335394.U0",
"cdl": [
{
"node": "d",
"type": "object",
"ref": ""}
,
{
"node": "d",
"subtype": "obverse",
"type": "surface",
"ref": "P335394.o.1",
"type": "obverse",
"label": "o"}
,
{
"node": "c",
"type": "discourse",
"subtype": "body",
"id": "P335394.U1",
"cdl": [
{
"node": "c",
"type": "sentence",
"id": "P335394.U2",
"label": "o 1 - r 18'",
"cdl": [
{
"node": "d",
"type": "line-start",
"ref": "P335394.2",
"n": "1",
"label": "o 1"}
,
{
"node": "l",
"frag": "{[na₄}KIŠIB",
"id": "P335394.l03865",
"ref": "P335394.2.1",
"inst": "kunukku[seal]N",
"sig": "@saao/saa06%akk-x-neoass:{NA₄}KIŠIB=kunukku[seal//seal]N'N$kunuk",
"f": {"lang": "akk-x-neoass",
"form": "{NA₄}KIŠIB",
"cf": "kunukku",
"gw": "seal",
"sense": "seal",
"norm": "kunuk",
"pos": "N",
"epos": "N"}
}
,
{
"node": "l",
"frag": "{1}⸢PAB⸣-BAD₃",
"id": "P335394.l03866",
"ref": "P335394.2.2",
"inst": "Ahu-duri[1]PN$",
"exosig": "@saao/saa06%akk-x-neoass:{1}PAB-BAD₃=Ahu-duri[1//1]PN'PN$Ahu-duri",
"f": {"lang": "akk-x-neoass",
"form": "{1}PAB-BAD₃",
"cf": "Ahu-duri",
"gw": "1",
"sense": "1",
"norm": "Ahu-duri",
"pos": "PN",
"epos": "PN"}
}
,
{
"node": "d",
"type": "line-start",
"ref": "P335394.3",
"n": "2",
"label": "o 2"}
,
{
"node": "l",
"frag": "[EN",
"id": "P335394.l03867",
"ref": "P335394.3.1",
"inst": "bēl[owner]N",
"exosig": "@saao/saa06%akk-x-neoass:EN=bēlu[lord//owner]N'N$bēl",
"f": {"lang": "akk-x-neoass",
"form": "EN",
"cf": "bēlu",
"gw": "lord",
"sense": "owner",
"norm": "bēl",
"pos": "N",
"epos": "N"}
}
,
{
"node": "l",
"frag": "A.ŠA₃]",
"id": "P335394.l03868",
"ref": "P335394.3.2",
"inst": "eqli[land]N",
"exosig": "@saao/saa06%akk-x-neoass:A.ŠA₃=eqlu[field//land]N'N$eqli",
"f": {"lang": "akk-x-neoass",
"form": "A.ŠA₃",
"cf": "eqlu",
"gw": "field",
"sense": "land",
"norm": "eqli",
"pos": "N",
"epos": "N"}
}
,
{
"node": "l",
"frag": "E₂",
"id": "P335394.l03869",
"ref": "P335394.3.3",
"inst": "bēti[house]N",
"sig": "@saao%akk-x-neoass:E₂=bītu[house//house]N'N$bēti",
"f": {"lang": "akk-x-neoass",
"form": "E₂",
"cf": "bītu",
"gw": "house",
"sense": "house",
"norm": "bēti",
"pos": "N",
"epos": "N"}
}
,
{
"node": "l",
"frag": "UN-MEŠ",
"id": "P335394.l0386a",
"ref": "P335394.3.4",
"inst": "nišē[people]N",
"exosig": "@saao/saa06%akk-x-neoass:UN-MEŠ=nišu[people//people]N'N$nišē",
"f": {"lang": "akk-x-neoass",
"form": "UN-MEŠ",
"cf": "nišu",
"gw": "people",
"sense": "people",
"norm": "nišē",
"pos": "N",
"epos": "N"}
}
,
{
"node": "l",
"frag": "SUM-ni",
"id": "P335394.l0386b",
"ref": "P335394.3.5",
"inst": "tadāni[giving]'N",
"exosig": "@saao/saa06%akk-x-neoass:SUM-ni=tadānu[give//giving]V'N$tadāni",
"f": {"lang": "akk-x-neoass",
"form": "SUM-ni",
"cf": "tadānu",
"gw": "give",
"sense": "giving",
"norm": "tadāni",
"pos": "V",
"epos": "N"}
}
,
{
"node": "d",
"type": "nonx",
"ref": "P335394.4",
"strict": "1",
"extent": "n",
"scope": "line",
"state": "ruling"}
,
{
"node": "d",
"type": "nonx",
"ref": "P335394.5",
"strict": "0",
"extent": "n",
"scope": "impression",
"state": "other"}
,
{
"node": "d",
"type": "nonx",
"ref": "P335394.6",
"strict": "1",
"extent": "n",
"scope": "line",
"state": "ruling"}
,
{
"node": "d",
"type": "line-start",
"ref": "P335394.7",
"n": "3",
"label": "o 3"}
,
{
"node": "l",
"frag": "[x",
"id": "P335394.l0386c",
"ref": "P335394.7.1",
"inst": "u",
"f": {"lang": "akk-x-neoass",
"form": "x",
"pos": "u"}
}
,
{
"node": "l",
"frag": "ANŠE",
"id": "P335394.l0386d",
"ref": "P335394.7.2",
"inst": "imārī[a unit of capacity]N",
"exosig": "@saao/saa06%akk-x-neoass:ANŠE=imēru[unit//a unit of capacity]N'N$imārī",
"f": {"lang": "akk-x-neoass",
"form": "ANŠE",
"cf": "imēru",
"gw": "unit",
"sense": "a unit of capacity",
"norm": "imārī",
"pos": "N",
"epos": "N"}
}
,
{
"node": "l",
"frag": "A].ŠA₃",
"id": "P335394.l0386e",
"ref": "P335394.7.3",
"inst": "eqlu[land]N",
"exosig": "@saao/saa06%akk-x-neoass:A.ŠA₃=eqlu[field//land]N'N$eqlu",
"f": {"lang": "akk-x-neoass",
"form": "A.ŠA₃",
"cf": "eqlu",
"gw": "field",
"sense": "land",
"norm": "eqlu",
"pos": "N",
"epos": "N"}
}
,
{
"node": "l",
"frag": "E₂",
"id": "P335394.l0386f",
"ref": "P335394.7.4",
"inst": "bētu[house]N",
"exosig": "@saao/saa06%akk-x-neoass:E₂=bītu[house//house]N'N$bētu",
"f": {"lang": "akk-x-neoass",
"form": "E₂",
"cf": "bītu",
"gw": "house",
"sense": "house",
"norm": "bētu",
"pos": "N",
"epos": "N"}
}
,
{
"node": "l",
"frag": "ad-ru",
"id": "P335394.l03870",
"ref": "P335394.7.5",
"inst": "adru[threshing floor]N",
"exosig": "@saao/saa06%akk-x-neoass:ad-ru=adru[threshing floor//threshing floor]N'N$adru",
"f": {"lang": "akk-x-neoass",
"form": "ad-ru",
"cf": "adru",
"gw": "threshing floor",
"sense": "threshing floor",
"norm": "adru",
"pos": "N",
"epos": "N"}
}
,
{
"node": "d",
"type": "line-start",
"ref": "P335394.8",
"n": "4",
"label": "o 4"}
,
{
"node": "l",
"frag": "[x",
"id": "P335394.l03871",
"ref": "P335394.8.1",
"inst": "u",
"f": {"lang": "akk-x-neoass",
"form": "x",
"pos": "u"}
}
,
{
"node": "l",
"frag": "x",
"id": "P335394.l03872",
"ref": "P335394.8.2",
"inst": "u",
"f": {"lang": "akk-x-neoass",
"form": "x",
"pos": "u"}
}
,
{
"node": "l",
"frag": "E₂",
"id": "P335394.l03873",
"ref": "P335394.8.3",
"inst": "bētu[house]N",
"exosig": "@saao/saa06%akk-x-neoass:E₂=bītu[house//house]N'N$bētu",
"f": {"lang": "akk-x-neoass",
"form": "E₂",
"cf": "bītu",
"gw": "house",
"sense": "house",
"norm": "bētu",
"pos": "N",
"epos": "N"}
}
,
{
"node": "l",
"frag": "ši]-qi",
"id": "P335394.l03874",
"ref": "P335394.8.4",
"inst": "šīqu[irrigation]N$šīqi",
"exosig": "@saao/saa06%akk-x-neoass:ši-qi=šīqu[irrigation//irrigation]N'N$šīqi",
"f": {"lang": "akk-x-neoass",
"form": "ši-qi",
"cf": "šīqu",
"gw": "irrigation",
"sense": "irrigation",
"norm": "šīqi",
"pos": "N",
"epos": "N"}
}
,
{
"node": "l",
"frag": "ina",
"id": "P335394.l03875",
"ref": "P335394.8.5",
"inst": "ina[in]PRP",
"exosig": "@saao/saa06%akk-x-neoass:ina=ina[in//in]PRP'PRP$ina",
"f": {"lang": "akk-x-neoass",
"form": "ina",
"cf": "ina",
"gw": "in",
"sense": "in",
"norm": "ina",
"pos": "PRP",
"epos": "PRP"}
}
,
{
"node": "l",
"frag": "{uru}ši-ba-ni-ba",
"id": "P335394.l03876",
"ref": "P335394.8.6",
"inst": "Šibaniba[1]GN$",
"exosig": "@saao/saa06%akk-x-neoass:{URU}ši-ba-ni-ba=Šibaniba[1//1]GN'GN$Šibaniba",
"f": {"lang": "akk-x-neoass",
"form": "{URU}ši-ba-ni-ba",
"cf": "Šibaniba",
"gw": "1",
"sense": "1",
"norm": "Šibaniba",
"pos": "GN",
"epos": "GN"}
}
,
{
"node": "d",
"type": "line-start",
"ref": "P335394.9",
"n": "5",
"label": "o 5"}
,
{
"node": "l",
"frag": "[x",
"id": "P335394.l03877",
"ref": "P335394.9.1",
"inst": "u",
"f": {"lang": "akk-x-neoass",
"form": "x",
"pos": "u"}
}
,
{
"node": "l",
"frag": "x",
"id": "P335394.l03878",
"ref": "P335394.9.2",
"inst": "u",
"f": {"lang": "akk-x-neoass",
"form": "x",
"pos": "u"}
}
,
{
"node": "l",
"frag": "x",
"id": "P335394.l03879",
"ref": "P335394.9.3",
"inst": "u",
"f": {"lang": "akk-x-neoass",
"form": "x",
"pos": "u"}
}
,
{
"node": "l",
"frag": "x]",
"id": "P335394.l0387a",
"ref": "P335394.9.4",
"inst": "u",
"f": {"lang": "akk-x-neoass",
"form": "x",
"pos": "u"}
}
,
{
"node": "l",
"frag": "{1}mil-ki-su-[ri]",
"id": "P335394.l0387b",
"ref": "P335394.9.5",
"inst": "Milki-suri[1]PN$",
"exosig": "@saao/saa06%akk-x-neoass:{1}mil-ki-su-ri=Milki-suri[1//1]PN'PN$Milki-suri",
"f": {"lang": "akk-x-neoass",
"form": "{1}mil-ki-su-ri",
"cf": "Milki-suri",
"gw": "1",
"sense": "1",
"norm": "Milki-suri",
"pos": "PN",
"epos": "PN"}
}
,
{
"node": "d",
"type": "line-start",
"ref": "P335394.10",
"n": "6",
"label": "o 6"}
,
{
"node": "l",
"frag": "[x",
"id": "P335394.l0387c",
"ref": "P335394.10.1",
"inst": "u",
"f": {"lang": "akk-x-neoass",
"form": "x",
"pos": "u"}
}
,
{
"node": "l",
"frag": "x",
"id": "P335394.l0387d",
"ref": "P335394.10.2",
"inst": "u",
"f": {"lang": "akk-x-neoass",
"form": "x",
"pos": "u"}
}
,
{
"node": "l",
"frag": "x",
"id": "P335394.l0387e",
"ref": "P335394.10.3",
"inst": "u",
"f": {"lang": "akk-x-neoass",
"form": "x",
"pos": "u"}
}
,
{
"node": "l",
"frag": "x",
"id": "P335394.l0387f",
"ref": "P335394.10.4",
"inst": "u",
"f": {"lang": "akk-x-neoass",
"form": "x",
"pos": "u"}
}
,
{
"node": "l",
"frag": "x]-⸢a⸣",
"id": "P335394.l03880",
"ref": "P335394.10.5",
"inst": "u",
"f": {"lang": "akk-x-neoass",
"form": "x-a",
"pos": "u"}
}
,
{
"node": "l",
"frag": "MI₂-šu₂",
"id": "P335394.l03881",
"ref": "P335394.10.6",
"inst": "issušu[woman]N",
"exosig": "@saao/saa06%akk-x-neoass:MI₂-šu₂=sinništu[woman//woman]N'N$issušu",
"f": {"lang": "akk-x-neoass",
"form": "MI₂-šu₂",
"cf": "sinništu",
"gw": "woman",
"sense": "woman",
"norm": "issušu",
"pos": "N",
"epos": "N"}
}
,
{
"node": "l",
"frag": "[o]",
"id": "P335394.l03882",
"ref": "P335394.10.7",
"inst": "u",
"f": {"lang": "akk-x-neoass",
"form": "o",
"pos": "u"}
}
,
{
"node": "d",
"type": "line-start",
"ref": "P335394.11",
"n": "7",
"label": "o 7"}
,
{
"node": "l",
"frag": "[x",
"id": "P335394.l03883",
"ref": "P335394.11.1",
"inst": "u",
"f": {"lang": "akk-x-neoass",
"form": "x",
"pos": "u"}
}
,
{
"node": "l",
"frag": "x",
"id": "P335394.l03884",
"ref": "P335394.11.2",
"inst": "u",
"f": {"lang": "akk-x-neoass",
"form": "x",
"pos": "u"}
}
,
{
"node": "l",
"frag": "x",
"id": "P335394.l03885",
"ref": "P335394.11.3",
"inst": "u",
"f": {"lang": "akk-x-neoass",
"form": "x",
"pos": "u"}
}
,
{
"node": "l",
"frag": "x",
"id": "P335394.l03886",
"ref": "P335394.11.4",
"inst": "u",
"f": {"lang": "akk-x-neoass",
"form": "x",
"pos": "u"}
}
,
{
"node": "l",
"frag": "{1}⸢bal⸣-ṭa-a.a",
"id": "P335394.l03887",
"ref": "P335394.11.5",
"inst": "Balṭi-Aya[1]PN$",
"exosig": "@saao/saa06%akk-x-neoass:{1}bal-ṭa-a.a=Balṭi-Aya[1//1]PN'PN$Balṭi-Aya",
"f": {"lang": "akk-x-neoass",
"form": "{1}bal-ṭa-a.a",
"cf": "Balṭi-Aya",
"gw": "1",
"sense": "1",
"norm": "Balṭi-Aya",
"pos": "PN",
"epos": "PN"}
}
,
{
"node": "d",
"type": "line-start",
"ref": "P335394.12",
"n": "8",
"label": "o 8"}
,
{
"node": "l",
"frag": "[x",
"id": "P335394.l03888",
"ref": "P335394.12.1",
"inst": "u",
"f": {"lang": "akk-x-neoass",
"form": "x",
"pos": "u"}
}
,
{
"node": "l",
"frag": "x",
"id": "P335394.l03889",
"ref": "P335394.12.2",
"inst": "u",
"f": {"lang": "akk-x-neoass",
"form": "x",
"pos": "u"}
}
,
{
"node": "l",
"frag": "x",
"id": "P335394.l0388a",
"ref": "P335394.12.3",
"inst": "u",
"f": {"lang": "akk-x-neoass",
"form": "x",
"pos": "u"}
}
,
{
"node": "l",
"frag": "{mi₂]}{⸢uru⸣}NINA{ki}⸢i⸣-[tu₂]",
"id": "P335394.l0388b",
"ref": "P335394.12.4",
"inst": "Ninuʾitu[1]PN$",
"exosig": "@saao/saa06%akk-x-neoass:{MI₂}{URU}NINA{KI}-i-tu₂=Ninuʾitu[1//1]PN'PN$Ninuʾitu",
"f": {"lang": "akk-x-neoass",
"form": "{MI₂}{URU}NINA{KI}-i-tu₂",
"cf": "Ninuʾitu",
"gw": "1",
"sense": "1",
"norm": "Ninuʾitu",
"pos": "PN",
"epos": "PN"}
}
,
{
"node": "d",
"type": "line-start",
"ref": "P335394.13",
"n": "9",
"label": "o 9"}
,
{
"node": "l",
"frag": "[x",
"id": "P335394.l0388c",
"ref": "P335394.13.1",
"inst": "u",
"f": {"lang": "akk-x-neoass",
"form": "x",
"pos": "u"}
}
,
{
"node": "l",
"frag": "x",
"id": "P335394.l0388d",
"ref": "P335394.13.2",
"inst": "u",
"f": {"lang": "akk-x-neoass",
"form": "x",
"pos": "u"}
}
,
{
"node": "l",
"frag": "x",
"id": "P335394.l0388e",
"ref": "P335394.13.3",
"inst": "u",
"f": {"lang": "akk-x-neoass",
"form": "x",
"pos": "u"}
}
,
{
"node": "l",
"frag": "x]+⸢x⸣",
"id": "P335394.l0388f",
"ref": "P335394.13.4",
"inst": "u",
"f": {"lang": "akk-x-neoass",
"form": "x+x",
"pos": "u"}
}
,
{
"node": "l",
"frag": "{1}{d}IM-⸢SU⸣",
"id": "P335394.l03890",
"ref": "P335394.13.5",
"inst": "Adad-eriba[1]PN$",
"exosig": "@saao/saa06%akk-x-neoass:{1}{d}IM-SU=Adad-eriba[1//1]PN'PN$Adad-eriba",
"f": {"lang": "akk-x-neoass",
"form": "{1}{d}IM-SU",
"cf": "Adad-eriba",
"gw": "1",
"sense": "1",
"norm": "Adad-eriba",
"pos": "PN",
"epos": "PN"}
}
,
{
"node": "d",
"type": "line-start",
"ref": "P335394.14",
"n": "10",
"label": "o 10"}
,
{
"node": "l",
"frag": "[x",
"id": "P335394.l03891",
"ref": "P335394.14.1",
"inst": "u",
"f": {"lang": "akk-x-neoass",
"form": "x",
"pos": "u"}
}
,
{
"node": "l",
"frag": "x",
"id": "P335394.l03892",
"ref": "P335394.14.2",
"inst": "u",
"f": {"lang": "akk-x-neoass",
"form": "x",
"pos": "u"}
}
,
{
"node": "l",
"frag": "x",
"id": "P335394.l03893",
"ref": "P335394.14.3",
"inst": "u",
"f": {"lang": "akk-x-neoass",
"form": "x",
"pos": "u"}
}
,
{
"node": "l",
"frag": "x",
"id": "P335394.l03894",
"ref": "P335394.14.4",
"inst": "u",
"f": {"lang": "akk-x-neoass",
"form": "x",
"pos": "u"}
}
,
{
"node": "l",
"frag": "x]-ša₂-lip-hur",
"id": "P335394.l03895",
"ref": "P335394.14.5",
"inst": "u",
"f": {"lang": "akk-x-neoass",
"form": "x-ša₂-lip-hur",
"pos": "u"}
}
,
{
"node": "l",
"frag": "⸢MI₂⸣-[šu₂]",
"id": "P335394.l03896",
"ref": "P335394.14.6",
"inst": "issušu[woman]N",
"exosig": "@saao/saa06%akk-x-neoass:MI₂-šu₂=sinništu[woman//woman]N'N$issušu",
"f": {"lang": "akk-x-neoass",
"form": "MI₂-šu₂",
"cf": "sinništu",
"gw": "woman",
"sense": "woman",
"norm": "issušu",
"pos": "N",
"epos": "N"}
}
,
{
"node": "d",
"type": "line-start",
"ref": "P335394.15",
"n": "11",
"label": "o 11"}
,
{
"node": "l",
"frag": "[x",
"id": "P335394.l03897",
"ref": "P335394.15.1",
"inst": "u",
"f": {"lang": "akk-x-neoass",
"form": "x",
"pos": "u"}
}
,
{
"node": "l",
"frag": "x",
"id": "P335394.l03898",
"ref": "P335394.15.2",
"inst": "u",
"f": {"lang": "akk-x-neoass",
"form": "x",
"pos": "u"}
}
,
{
"node": "l",
"frag": "x",
"id": "P335394.l03899",
"ref": "P335394.15.3",
"inst": "u",
"f": {"lang": "akk-x-neoass",
"form": "x",
"pos": "u"}
}
,
{
"node": "l",
"frag": "x",
"id": "P335394.l0389a",
"ref": "P335394.15.4",
"inst": "u",
"f": {"lang": "akk-x-neoass",
"form": "x",
"pos": "u"}
}
,
{
"node": "l",
"frag": "x",
"id": "P335394.l0389b",
"ref": "P335394.15.5",
"inst": "u",
"f": {"lang": "akk-x-neoass",
"form": "x",
"pos": "u"}
}
,
{
"node": "l",
"frag": "x]-tu₂",
"id": "P335394.l0389c",
"ref": "P335394.15.6",
"inst": "u",
"f": {"lang": "akk-x-neoass",
"form": "x-tu₂",
"pos": "u"}
}
,
{
"node": "d",
"type": "nonx",
"ref": "P335394.16",
"strict": "0",
"extent": "rest",
"state": "missing"}
,
{
"node": "d",
"subtype": "reverse",
"type": "surface",
"ref": "P335394.r.17",
"type": "reverse",
"label": "r"}
,
{
"node": "d",
"type": "nonx",
"ref": "P335394.18",
"strict": "0",
"extent": "beginning",
"state": "missing"}
,
{
"node": "d",
"type": "line-start",
"ref": "P335394.19",
"n": "1'",
"label": "r 1'"}
,
{
"node": "l",
"frag": "[tu-a-ru",
"id": "P335394.l0389d",
"ref": "P335394.19.1",
"inst": "tuāru[revocation]'N",
"exosig": "@saao/saa06%akk-x-neoass:tu-a-ru=târu[turn//revocation]V'N$tuāru",
"f": {"lang": "akk-x-neoass",
"form": "tu-a-ru",
"cf": "târu",
"gw": "turn",
"sense": "revocation",
"norm": "tuāru",
"pos": "V",
"epos": "N"}
}
,
{
"node": "l",
"frag": "de-nu",
"id": "P335394.l0389e",
"ref": "P335394.19.2",
"inst": "dēnu[lawsuit]N",
"exosig": "@saao/saa06%akk-x-neoass:de-nu=dīnu[legal decision//lawsuit]N'N$dēnu",
"f": {"lang": "akk-x-neoass",
"form": "de-nu",
"cf": "dīnu",
"gw": "legal decision",
"sense": "lawsuit",
"norm": "dēnu",
"pos": "N",
"epos": "N"}
}
,
{
"node": "l",
"frag": "DUG₄].DUG₄",
"id": "P335394.l0389f",
"ref": "P335394.19.3",
"inst": "dabābu[litigation]'N",
"exosig": "@saao/saa06%akk-x-neoass:DUG₄.DUG₄=dabābu[speak//litigation]V'N$dabābu",
"f": {"lang": "akk-x-neoass",
"form": "DUG₄.DUG₄",
"cf": "dabābu",
"gw": "speak",
"sense": "litigation",
"norm": "dabābu",
"pos": "V",
"epos": "N"}
}
,
{
"node": "l",
"frag": "la-aš₂-šu₂",
"id": "P335394.l038a0",
"ref": "P335394.19.4",
"inst": "laššu[(there) is not]V",
"exosig": "@saao/saa06%akk-x-neoass:la-aš₂-šu₂=laššu[(there) is not//(there) is not]V'V$laššu",
"f": {"lang": "akk-x-neoass",
"form": "la-aš₂-šu₂",
"cf": "laššu",
"gw": "(there) is not",
"sense": "(there) is not",
"norm": "laššu",
"pos": "V",
"epos": "V"}
}
,
{
"node": "d",
"type": "line-start",
"ref": "P335394.20",
"n": "2'",
"label": "r 2'"}
,
{
"node": "l",
"frag": "[man-nu",
"id": "P335394.l038a1",
"ref": "P335394.20.1",
"inst": "mannu[whoever]'XP",
"exosig": "@saao/saa06%akk-x-neoass:man-nu=mannu[who?//whoever]QP'XP$mannu",
"f": {"lang": "akk-x-neoass",
"form": "man-nu",
"cf": "mannu",
"gw": "who?",
"sense": "whoever",
"norm": "mannu",
"pos": "QP",
"epos": "XP"}
}
,
{
"node": "l",
"frag": "ša₂",
"id": "P335394.l038a2",
"ref": "P335394.20.2",
"inst": "ša[that]REL",
"exosig": "@saao/saa06%akk-x-neoass:ša₂=ša[that//that]REL'REL$ša",
"f": {"lang": "akk-x-neoass",
"form": "ša₂",
"cf": "ša",
"gw": "that",
"sense": "that",
"norm": "ša",
"pos": "REL",
"epos": "REL"}
}
,
{
"node": "c",
"type": "phrase",
"tag": "phr",
"id": "P335394.U4",
"ref": "P335394.ls00000",
"cdl": [
{
"node": "l",
"frag": "ina",
"id": "P335394.l038a3",
"ref": "P335394.20.3",
"inst": "ina[in+=in the future]PRP",
"exosig": "@saao/saa06%akk-x-neoass:ina=ina[in//in]PRP'PRP$ina",
"f": {"lang": "akk-x-neoass",
"form": "ina",
"cf": "ina",
"gw": "in",
"sense": "in",
"norm": "ina",
"pos": "PRP",
"epos": "PRP"}
}
,
{
"node": "l",
"frag": "ur-kiš",
"id": "P335394.l038a4",
"ref": "P335394.20.4",
"inst": "urkiš[later]AV",
"exosig": "@saao/saa06%akk-x-neoass:ur-kiš=urkiš[later//later]AV'AV$urkiš",
"f": {"lang": "akk-x-neoass",
"form": "ur-kiš",
"cf": "urkiš",
"gw": "later",
"sense": "later",
"norm": "urkiš",
"pos": "AV",
"epos": "AV"}
}
]}
,
{
"node": "c",
"type": "phrase",
"tag": "phr",
"id": "P335394.U5",
"ref": "P335394.ls00001",
"cdl": [
{
"node": "l",
"frag": "ina]",
"id": "P335394.l038a5",
"ref": "P335394.20.5",
"inst": "ina[in+=whenever]PRP$",
"exosig": "@saao/saa06%akk-x-neoass:ina=ina[in//in]PRP'PRP$ina",
"f": {"lang": "akk-x-neoass",
"form": "ina",
"cf": "ina",
"gw": "in",
"sense": "in",
"norm": "ina",
"pos": "PRP",
"epos": "PRP"}
}
,
{
"node": "l",
"frag": "ma-ti-ma",
"id": "P335394.l038a6",
"ref": "P335394.20.6",
"inst": "matīma[ever]AV$",
"exosig": "@saao/saa06%akk-x-neoass:ma-ti-ma=matīma[ever//ever]AV'AV$matīma",
"f": {"lang": "akk-x-neoass",
"form": "ma-ti-ma",
"cf": "matīma",
"gw": "ever",
"sense": "ever",
"norm": "matīma",
"pos": "AV",
"epos": "AV"}
}
]}
,
{
"node": "d",
"type": "line-start",
"ref": "P335394.21",
"n": "3'",
"label": "r 3'"}
,
{
"node": "l",
"frag": "[GIL-u-ni",
"id": "P335394.l038a7",
"ref": "P335394.21.1",
"inst": "iparrakūni[contravene]V",
"exosig": "@saao/saa06%akk-x-neoass:GIL-u-ni=parāku[lie across//contravene]V'V$iparrakūni",
"f": {"lang": "akk-x-neoass",
"form": "GIL-u-ni",
"cf": "parāku",
"gw": "lie across",
"sense": "contravene",
"norm": "iparrakūni",
"pos": "V",
"epos": "V"}
}
,
{
"node": "l",
"frag": "x",
"id": "P335394.l038a8",
"ref": "P335394.21.2",
"inst": "u",
"f": {"lang": "akk-x-neoass",
"form": "x",
"pos": "u"}
}
,
{
"node": "l",
"frag": "MA].NA",
"id": "P335394.l038a9",
"ref": "P335394.21.3",
"inst": "manê[a unit of weight]N",
"exosig": "@saao/saa06%akk-x-neoass:MA.NA=manû[unit//a unit of weight]N'N$manê",
"f": {"lang": "akk-x-neoass",
"form": "MA.NA",
"cf": "manû",
"gw": "unit",
"sense": "a unit of weight",
"norm": "manê",
"pos": "N",
"epos": "N"}
}
,
{
"node": "l",
"frag": "KUG.UD",
"id": "P335394.l038aa",
"ref": "P335394.21.4",
"inst": "ṣarpi[silver]N",
"exosig": "@saao/saa06%akk-x-neoass:KUG.UD=ṣarpu[silver//silver]N'N$ṣarpi",
"f": {"lang": "akk-x-neoass",
"form": "KUG.UD",
"cf": "ṣarpu",
"gw": "silver",
"sense": "silver",
"norm": "ṣarpi",
"pos": "N",
"epos": "N"}
}
,
{
"node": "l",
"frag": "04",
"id": "P335394.l038ab",
"ref": "P335394.21.5",
"inst": "n",
"f": {"lang": "akk-x-neoass",
"form": "04",
"pos": "n"}
}
,
{
"node": "l",
"frag": "MA.[NA",
"id": "P335394.l038ac",
"ref": "P335394.21.6",
"inst": "manê[a unit of weight]N",
"exosig": "@saao/saa06%akk-x-neoass:MA.NA=manû[unit//a unit of weight]N'N$manê",
"f": {"lang": "akk-x-neoass",
"form": "MA.NA",
"cf": "manû",
"gw": "unit",
"sense": "a unit of weight",
"norm": "manê",
"pos": "N",
"epos": "N"}
}
,
{
"node": "l",
"frag": "KUG.GI]",
"id": "P335394.l038ad",
"ref": "P335394.21.7",
"inst": "hurāṣi[gold]N",
"exosig": "@saao/saa06%akk-x-neoass:KUG.GI=hurāṣu[gold//gold]N'N$hurāṣi",
"f": {"lang": "akk-x-neoass",
"form": "KUG.GI",
"cf": "hurāṣu",
"gw": "gold",
"sense": "gold",
"norm": "hurāṣi",
"pos": "N",
"epos": "N"}
}
,
{
"node": "d",
"type": "line-start",
"ref": "P335394.22",
"n": "4'",
"label": "r 4'"}
,
{
"node": "l",
"frag": "[a-na",
"id": "P335394.l038ae",
"ref": "P335394.22.1",
"inst": "ana[to]PRP",
"exosig": "@saao/saa06%akk-x-neoass:a-na=ana[to//to]PRP'PRP$ana",
"f": {"lang": "akk-x-neoass",
"form": "a-na",
"cf": "ana",
"gw": "to",
"sense": "to",
"norm": "ana",
"pos": "PRP",
"epos": "PRP"}
}
,
{
"node": "l",
"frag": "{d}15",
"id": "P335394.l038af",
"ref": "P335394.22.2",
"inst": "Issar[1]DN",
"exosig": "@saao/saa06%akk-x-neoass:{d}15=Ištar[1//1]DN'DN$Issar",
"f": {"lang": "akk-x-neoass",
"form": "{d}15",
"cf": "Ištar",
"gw": "1",
"sense": "1",
"norm": "Issar",
"pos": "DN",
"epos": "DN"}
}
,
{
"node": "l",
"frag": "a-ši-bat]",
"id": "P335394.l038b0",
"ref": "P335394.22.3",
"inst": "āšibāt[residing]AJ",
"exosig": "@saao/saa06%akk-x-neoass:a-ši-bat=āšibu[sitting//residing]AJ'AJ$āšibāt",
"f": {"lang": "akk-x-neoass",
"form": "a-ši-bat",
"cf": "āšibu",
"gw": "sitting",
"sense": "residing",
"norm": "āšibāt",
"pos": "AJ",
"epos": "AJ"}
}
,
{
"node": "l",
"frag": "{⸢uru⸣}NINA",
"id": "P335394.l038b1",
"ref": "P335394.22.4",
"inst": "Ninua[Nineveh]GN",
"exosig": "@saao/saa06%akk-x-neoass:{URU}NINA=Ninua[Nineveh//Nineveh]GN'GN$Ninua",
"f": {"lang": "akk-x-neoass",
"form": "{URU}NINA",
"cf": "Ninua",
"gw": "Nineveh",
"sense": "Nineveh",
"norm": "Ninua",
"pos": "GN",
"epos": "GN"}
}
,
{
"node": "l",
"frag": "SUM-an",
"id": "P335394.l038b2",
"ref": "P335394.22.5",
"inst": "iddan[pay]V",
"exosig": "@saao/saa06%akk-x-neoass:SUM-an=tadānu[give//pay]V'V$iddan",
"f": {"lang": "akk-x-neoass",
"form": "SUM-an",
"cf": "tadānu",
"gw": "give",
"sense": "pay",
"norm": "iddan",
"pos": "V",
"epos": "V"}
}
,
{
"node": "d",
"type": "line-start",
"ref": "P335394.23",
"n": "5'",
"label": "r 5'"}
,
{
"node": "l",
"frag": "[A.ŠA₃",
"id": "P335394.l038b3",
"ref": "P335394.23.1",
"inst": "eqlu[field]N",
"exosig": "@saao/saa06%akk-x-neoass:A.ŠA₃=eqlu[field//field]N'N$eqlu",
"f": {"lang": "akk-x-neoass",
"form": "A.ŠA₃",
"cf": "eqlu",
"gw": "field",
"sense": "field",
"norm": "eqlu",
"pos": "N",
"epos": "N"}
}
,
{
"node": "l",
"frag": "UN-MEŠ]",
"id": "P335394.l038b4",
"ref": "P335394.23.2",
"inst": "nišē[people]N",
"exosig": "@saao/saa06%akk-x-neoass:UN-MEŠ=nišu[people//people]N'N$nišē",
"f": {"lang": "akk-x-neoass",
"form": "UN-MEŠ",
"cf": "nišu",
"gw": "people",
"sense": "people",
"norm": "nišē",
"pos": "N",
"epos": "N"}
}
,
{
"node": "l",
"frag": "⸢E₂⸣",
"id": "P335394.l038b5",
"ref": "P335394.23.3",
"inst": "bētu[house]N",
"exosig": "@saao/saa06%akk-x-neoass:E₂=bītu[house//house]N'N$bētu",
"f": {"lang": "akk-x-neoass",
"form": "E₂",
"cf": "bītu",
"gw": "house",
"sense": "house",
"norm": "bētu",
"pos": "N",
"epos": "N"}
}
,
{
"node": "l",
"frag": "u₂-še-ṣa",
"id": "P335394.l038b6",
"ref": "P335394.23.4",
"inst": "ušēṣa[bring out]V",
"exosig": "@saao/saa06%akk-x-neoass:u₂-še-ṣa=aṣû[go out//bring out]V'V$ušēṣa",
"f": {"lang": "akk-x-neoass",
"form": "u₂-še-ṣa",
"cf": "aṣû",
"gw": "go out",
"sense": "bring out",
"norm": "ušēṣa",
"pos": "V",
"epos": "V"}
}
,
{
"node": "d",
"type": "nonx",
"ref": "P335394.24",
"strict": "1",
"extent": "n",
"scope": "line",
"state": "ruling"}
,
{
"node": "d",
"type": "line-start",
"ref": "P335394.25",
"n": "6'",
"label": "r 6'"}
,
{
"node": "l",
"frag": "[IGI",
"id": "P335394.l038b7",
"ref": "P335394.25.1",
"inst": "šību[witness]N",
"exosig": "@saao/saa06%akk-x-neoass:IGI=šību[witness//witness]N'N$šību",
"f": {"lang": "akk-x-neoass",
"form": "IGI",
"cf": "šību",
"gw": "witness",
"sense": "witness",
"norm": "šību",
"pos": "N",
"epos": "N"}
}
,
{
"node": "l",
"frag": "{1}x",
"id": "P335394.l038b8",
"ref": "P335394.25.2",
"inst": "u",
"f": {"lang": "akk-x-neoass",
"form": "{1}x",
"pos": "u"}
}
,
{
"node": "l",
"frag": "x",
"id": "P335394.l038b9",
"ref": "P335394.25.3",
"inst": "u",
"f": {"lang": "akk-x-neoass",
"form": "x",
"pos": "u"}
}
,
{
"node": "l",
"frag": "x",
"id": "P335394.l038ba",
"ref": "P335394.25.4",
"inst": "u",
"f": {"lang": "akk-x-neoass",
"form": "x",
"pos": "u"}
}
,
{
"node": "l",
"frag": "x",
"id": "P335394.l038bb",
"ref": "P335394.25.5",
"inst": "u",
"f": {"lang": "akk-x-neoass",
"form": "x",
"pos": "u"}
}
,
{
"node": "l",
"frag": "x]",
"id": "P335394.l038bc",
"ref": "P335394.25.6",
"inst": "u",
"f": {"lang": "akk-x-neoass",
"form": "x",
"pos": "u"}
}
,
{
"node": "c",
"type": "phrase",
"tag": "phr",
"id": "P335394.U6",
"ref": "P335394.ls00002",
"cdl": [
{
"node": "l",
"frag": "{lu₂v}mu-kil-{⸢kuš⸣}[PA-MEŠ]",
"id": "P335394.l038bd",
"ref": "P335394.25.7",
"cof-tails": "P335394.l038be",
"inst": "mukillu[holder]N$mukīl&appatu[bridle]N$appāti",
"exosig": "@saao/saa06%akk-x-neoass:{LU₂}mu-kil-{KUŠ}PA-MEŠ=mukillu[holder//holder]N'N$mukīl&&@saao%akk-x-neoass:=appatu[bridle//bridle]N'N$appāti",
"f": {"lang": "akk-x-neoass",
"form": "{LU₂}mu-kil-{KUŠ}PA-MEŠ",
"cf": "mukillu",
"gw": "holder",
"sense": "holder",
"norm": "mukīl",
"pos": "N",
"epos": "N"}
}
,
{
"node": "l",
"frag": "{lu₂v}mu-kil-{⸢kuš⸣}[PA-MEŠ]",
"id": "P335394.l038be",
"ref": "P335394.25.7",
"cof-head": "P335394.l038bd",
"inst": "mukillu[holder]N$mukīl&appatu[bridle]N$appāti",
"tail-sig": "@saao%akk-x-neoass:=appatu[bridle//bridle]N'N$appāti",
"f": {"lang": "akk-x-neoass",
"form": "{LU₂}mu-kil-{KUŠ}PA-MEŠ",
"cf": "appatu",
"gw": "bridle",
"sense": "bridle",
"norm": "appāti",
"pos": "N",
"epos": "N"}
}
]}
,
{
"node": "d",
"type": "line-start",
"ref": "P335394.26",
"n": "7'",
"label": "r 7'"}
,
{
"node": "l",
"frag": "[IGI",
"id": "P335394.l038bf",
"ref": "P335394.26.1",
"inst": "šību[witness]N",
"exosig": "@saao/saa06%akk-x-neoass:IGI=šību[witness//witness]N'N$šību",
"f": {"lang": "akk-x-neoass",
"form": "IGI",
"cf": "šību",
"gw": "witness",
"sense": "witness",
"norm": "šību",
"pos": "N",
"epos": "N"}
}
,
{
"node": "l",
"frag": "{1}x",
"id": "P335394.l038c0",
"ref": "P335394.26.2",
"inst": "u",
"f": {"lang": "akk-x-neoass",
"form": "{1}x",
"pos": "u"}
}
,
{
"node": "l",
"frag": "x",
"id": "P335394.l038c1",
"ref": "P335394.26.3",
"inst": "u",
"f": {"lang": "akk-x-neoass",
"form": "x",
"pos": "u"}
}
,
{
"node": "l",
"frag": "x]-PAB",
"id": "P335394.l038c2",
"ref": "P335394.26.4",
"inst": "u",
"f": {"lang": "akk-x-neoass",
"form": "x-PAB",
"pos": "u"}
}
,
{
"node": "l",
"frag": "{lu₂v}A.BA",
"id": "P335394.l038c3",
"ref": "P335394.26.5",
"inst": "ṭupšarru[scribe]N",
"exosig": "@saao/saa06%akk-x-neoass:{LU₂}A.BA=ṭupšarru[scribe//scribe]N'N$ṭupšarru",
"f": {"lang": "akk-x-neoass",
"form": "{LU₂}A.BA",
"cf": "ṭupšarru",
"gw": "scribe",
"sense": "scribe",
"norm": "ṭupšarru",
"pos": "N",
"epos": "N"}
}
,
{
"node": "d",
"type": "line-start",
"ref": "P335394.27",
"n": "8'",
"label": "r 8'"}
,
{
"node": "l",
"frag": "[IGI",
"id": "P335394.l038c4",
"ref": "P335394.27.1",
"inst": "šību[witness]N",
"exosig": "@saao/saa06%akk-x-neoass:IGI=šību[witness//witness]N'N$šību",
"f": {"lang": "akk-x-neoass",
"form": "IGI",
"cf": "šību",
"gw": "witness",
"sense": "witness",
"norm": "šību",
"pos": "N",
"epos": "N"}
}
,
{
"node": "l",
"frag": "{1}x",
"id": "P335394.l038c5",
"ref": "P335394.27.2",
"inst": "u",
"f": {"lang": "akk-x-neoass",
"form": "{1}x",
"pos": "u"}
}
,
{
"node": "l",
"frag": "x",
"id": "P335394.l038c6",
"ref": "P335394.27.3",
"inst": "u",
"f": {"lang": "akk-x-neoass",
"form": "x",
"pos": "u"}
}
,
{
"node": "l",
"frag": "x",
"id": "P335394.l038c7",
"ref": "P335394.27.4",
"inst": "u",
"f": {"lang": "akk-x-neoass",
"form": "x",
"pos": "u"}
}
,
{
"node": "l",
"frag": "x",
"id": "P335394.l038c8",
"ref": "P335394.27.5",
"inst": "u",
"f": {"lang": "akk-x-neoass",
"form": "x",
"pos": "u"}
}
,
{
"node": "l",
"frag": "x]+⸢x⸣",
"id": "P335394.l038c9",
"ref": "P335394.27.6",
"inst": "u",
"f": {"lang": "akk-x-neoass",
"form": "x+x",
"pos": "u"}
}
,
{
"node": "l",
"frag": "A",
"id": "P335394.l038ca",
"ref": "P335394.27.7",
"inst": "mār[son]N",
"exosig": "@saao/saa06%akk-x-neoass:A=māru[son//son]N'N$mār",
"f": {"lang": "akk-x-neoass",
"form": "A",
"cf": "māru",
"gw": "son",
"sense": "son",
"norm": "mār",
"pos": "N",
"epos": "N"}
}
,
{
"node": "l",
"frag": "{1}EN-KI-ia",
"id": "P335394.l038cb",
"ref": "P335394.27.8",
"inst": "Bel-isseʾa[1]PN$",
"exosig": "@saao/saa06%akk-x-neoass:{1}EN-KI-ia=Bel-isseʾa[1//1]PN'PN$Bel-isseʾa",
"f": {"lang": "akk-x-neoass",
"form": "{1}EN-KI-ia",
"cf": "Bel-isseʾa",
"gw": "1",
"sense": "1",
"norm": "Bel-isseʾa",
"pos": "PN",
"epos": "PN"}
}
,
{
"node": "d",
"type": "line-start",
"ref": "P335394.28",
"n": "9'",
"label": "r 9'"}
,
{
"node": "l",
"frag": "[IGI",
"id": "P335394.l038cc",
"ref": "P335394.28.1",
"inst": "šību[witness]N",
"exosig": "@saao/saa06%akk-x-neoass:IGI=šību[witness//witness]N'N$šību",
"f": {"lang": "akk-x-neoass",
"form": "IGI",
"cf": "šību",
"gw": "witness",
"sense": "witness",
"norm": "šību",
"pos": "N",
"epos": "N"}
}
,
{
"node": "l",
"frag": "{1}DI-mu]-EN-la-aš₂-me",
"id": "P335394.l038cd",
"ref": "P335394.28.2",
"inst": "Šulmu-beli-lašme[1]PN",
"exosig": "@saao/saa06%akk-x-neoass:{1}DI-mu-EN-la-aš₂-me=Šulmu-beli-lašme[1//1]PN'PN$Šulmu-beli-lašme",
"f": {"lang": "akk-x-neoass",
"form": "{1}DI-mu-EN-la-aš₂-me",
"cf": "Šulmu-beli-lašme",
"gw": "1",
"sense": "1",
"norm": "Šulmu-beli-lašme",
"pos": "PN",
"epos": "PN"}
}
,
{
"node": "c",
"type": "phrase",
"tag": "phr",
"id": "P335394.U7",
"ref": "P335394.ls00003",
"cdl": [
{
"node": "l",
"frag": "{lu₂v}mu-[kil-{kuš}PA-MEŠ]",
"id": "P335394.l038ce",
"ref": "P335394.28.3",
"cof-tails": "P335394.l038cf",
"inst": "mukillu[holder]N$mukīl&appatu[bridle]N$appāti",
"exosig": "@saao/saa06%akk-x-neoass:{LU₂}mu-kil-{KUŠ}PA-MEŠ=mukillu[holder//holder]N'N$mukīl&&@saao%akk-x-neoass:=appatu[bridle//bridle]N'N$appāti",
"f": {"lang": "akk-x-neoass",
"form": "{LU₂}mu-kil-{KUŠ}PA-MEŠ",
"cf": "mukillu",
"gw": "holder",
"sense": "holder",
"norm": "mukīl",
"pos": "N",
"epos": "N"}
}
,
{
"node": "l",
"frag": "{lu₂v}mu-[kil-{kuš}PA-MEŠ]",
"id": "P335394.l038cf",
"ref": "P335394.28.3",
"cof-head": "P335394.l038ce",
"inst": "mukillu[holder]N$mukīl&appatu[bridle]N$appāti",
"tail-sig": "@saao%akk-x-neoass:=appatu[bridle//bridle]N'N$appāti",
"f": {"lang": "akk-x-neoass",
"form": "{LU₂}mu-kil-{KUŠ}PA-MEŠ",
"cf": "appatu",
"gw": "bridle",
"sense": "bridle",
"norm": "appāti",
"pos": "N",
"epos": "N"}
}
]}
,
{
"node": "d",
"type": "line-start",
"ref": "P335394.29",
"n": "10'",
"label": "r 10'"}
,
{
"node": "l",
"frag": "[IGI",
"id": "P335394.l038d0",
"ref": "P335394.29.1",
"inst": "šību[witness]N",
"exosig": "@saao/saa06%akk-x-neoass:IGI=šību[witness//witness]N'N$šību",
"f": {"lang": "akk-x-neoass",
"form": "IGI",
"cf": "šību",
"gw": "witness",
"sense": "witness",
"norm": "šību",
"pos": "N",
"epos": "N"}
}
,
{
"node": "l",
"frag": "{1}{d]}⸢PA⸣-rem₂-a-ni",
"id": "P335394.l038d1",
"ref": "P335394.29.2",
"inst": "Nabu-remanni[1]PN",
"exosig": "@saao/saa06%akk-x-neoass:{1}{d}PA-rem₂-a-ni=Nabu-remanni[1//1]PN'PN$Nabu-remanni",
"f": {"lang": "akk-x-neoass",
"form": "{1}{d}PA-rem₂-a-ni",
"cf": "Nabu-remanni",
"gw": "1",
"sense": "1",
"norm": "Nabu-remanni",
"pos": "PN",
"epos": "PN"}
}
,
{
"node": "l",
"frag": "{lu₂v}SIMUG.KUG.GI",
"id": "P335394.l038d2",
"ref": "P335394.29.3",
"inst": "ṣarrāpu[goldsmith]N",
"exosig": "@saao/saa06%akk-x-neoass:{LU₂}SIMUG.KUG.GI=ṣarrāpu[goldsmith//goldsmith]N'N$ṣarrāpu",
"f": {"lang": "akk-x-neoass",
"form": "{LU₂}SIMUG.KUG.GI",
"cf": "ṣarrāpu",
"gw": "goldsmith",
"sense": "goldsmith",
"norm": "ṣarrāpu",
"pos": "N",
"epos": "N"}
}
,
{
"node": "l",
"frag": "ša₂",
"id": "P335394.l038d3",
"ref": "P335394.29.4",
"inst": "ša[of]DET",
"exosig": "@saao/saa06%akk-x-neoass:ša₂=ša[of//of]DET'DET$ša",
"f": {"lang": "akk-x-neoass",
"form": "ša₂",
"cf": "ša",
"gw": "of",
"sense": "of",
"norm": "ša",
"pos": "DET",
"epos": "DET"}
}
,
{
"node": "l",
"frag": "[x",
"id": "P335394.l038d4",
"ref": "P335394.29.5",
"inst": "u",
"f": {"lang": "akk-x-neoass",
"form": "x",
"pos": "u"}
}
,
{
"node": "l",
"frag": "x",
"id": "P335394.l038d5",
"ref": "P335394.29.6",
"inst": "u",
"f": {"lang": "akk-x-neoass",
"form": "x",
"pos": "u"}
}
,
{
"node": "l",
"frag": "x]",
"id": "P335394.l038d6",
"ref": "P335394.29.7",
"inst": "u",
"f": {"lang": "akk-x-neoass",
"form": "x",
"pos": "u"}
}
,
{
"node": "d",
"type": "line-start",
"ref": "P335394.30",
"n": "11'",
"label": "r 11'"}
,
{
"node": "l",
"frag": "[IGI",
"id": "P335394.l038d7",
"ref": "P335394.30.1",
"inst": "šību[witness]N",
"exosig": "@saao/saa06%akk-x-neoass:IGI=šību[witness//witness]N'N$šību",
"f": {"lang": "akk-x-neoass",
"form": "IGI",
"cf": "šību",
"gw": "witness",
"sense": "witness",
"norm": "šību",
"pos": "N",
"epos": "N"}
}
,
{
"node": "l",
"frag": "{1}{d]}PA-u-a",
"id": "P335394.l038d8",
"ref": "P335394.30.2",
"inst": "Nabuʾa[1]PN",
"exosig": "@saao/saa06%akk-x-neoass:{1}{d}PA-u-a=Nabuʾa[1//1]PN'PN$Nabuʾa",
"f": {"lang": "akk-x-neoass",
"form": "{1}{d}PA-u-a",
"cf": "Nabuʾa",
"gw": "1",
"sense": "1",
"norm": "Nabuʾa",
"pos": "PN",
"epos": "PN"}
}
,
{
"node": "c",
"type": "phrase",
"tag": "phr",
"id": "P335394.U8",
"ref": "P335394.ls00004",
"cdl": [
{
"node": "l",
"frag": "{lu₂v}GAL-I₃.DU₈",
"id": "P335394.l038d9",
"ref": "P335394.30.3",
"cof-tails": "P335394.l038da",
"inst": "rabû[big one]N$rab&atû[gatekeeper]N$atî",
"exosig": "@saao/saa06%akk-x-neoass:{LU₂}GAL-I₃.DU₈=rabû[big one//big one]N'N$rab&&@saao%akk-x-neoass:=atû[gatekeeper//gatekeeper]N'N$atî",
"f": {"lang": "akk-x-neoass",
"form": "{LU₂}GAL-I₃.DU₈",
"cf": "rabû",
"gw": "big one",
"sense": "big one",
"norm": "rab",
"pos": "N",
"epos": "N"}
}
,
{
"node": "l",
"frag": "{lu₂v}GAL-I₃.DU₈",
"id": "P335394.l038da",
"ref": "P335394.30.3",
"cof-head": "P335394.l038d9",
"inst": "rabû[big one]N$rab&atû[gatekeeper]N$atî",
"tail-sig": "@saao%akk-x-neoass:=atû[gatekeeper//gatekeeper]N'N$atî",
"f": {"lang": "akk-x-neoass",
"form": "{LU₂}GAL-I₃.DU₈",
"cf": "atû",
"gw": "gatekeeper",
"sense": "gatekeeper",
"norm": "atî",
"pos": "N",
"epos": "N"}
}
]}
,
{
"node": "d",
"type": "line-start",
"ref": "P335394.31",
"n": "12'",
"label": "r 12'"}
,
{
"node": "l",
"frag": "[IGI",
"id": "P335394.l038db",
"ref": "P335394.31.1",
"inst": "šību[witness]N",
"exosig": "@saao/saa06%akk-x-neoass:IGI=šību[witness//witness]N'N$šību",
"f": {"lang": "akk-x-neoass",
"form": "IGI",
"cf": "šību",
"gw": "witness",
"sense": "witness",
"norm": "šību",
"pos": "N",
"epos": "N"}
}
,
{
"node": "l",
"frag": "{1}u₂-si-i",
"id": "P335394.l038dc",
"ref": "P335394.31.2",
"inst": "Useaʾ[1]PN$Usiʾ",
"exosig": "@saao/saa06%akk-x-neoass:{1}u₂-si-i=Useaʾ[1//1]PN'PN$Usiʾ",
"f": {"lang": "akk-x-neoass",
"form": "{1}u₂-si-i",
"cf": "Useaʾ",
"gw": "1",
"sense": "1",
"norm": "Usiʾ",
"pos": "PN",
"epos": "PN"}
}
,
{
"node": "c",
"type": "phrase",
"tag": "phr",
"id": "P335394.U9",
"ref": "P335394.ls00005",
"cdl": [
{
"node": "l",
"frag": "{lu₂v}GAL-ki-ṣir",
"id": "P335394.l038dd",
"ref": "P335394.31.3",
"cof-tails": "P335394.l038de",
"inst": "rabû[big one]N$rab&kiṣru[cohort]N$kiṣir",
"exosig": "@saao/saa06%akk-x-neoass:{LU₂}GAL-ki-ṣir=rabû[big one//big one]N'N$rab&&@saao%akk-x-neoass:=kiṣru[knot//cohort]N'N$kiṣir",
"f": {"lang": "akk-x-neoass",
"form": "{LU₂}GAL-ki-ṣir",
"cf": "rabû",
"gw": "big one",
"sense": "big one",
"norm": "rab",
"pos": "N",
"epos": "N"}
}
,
{
"node": "l",
"frag": "{lu₂v}GAL-ki-ṣir",
"id": "P335394.l038de",
"ref": "P335394.31.3",
"cof-head": "P335394.l038dd",
"inst": "rabû[big one]N$rab&kiṣru[cohort]N$kiṣir",
"tail-sig": "@saao%akk-x-neoass:=kiṣru[knot//cohort]N'N$kiṣir",
"f": {"lang": "akk-x-neoass",
"form": "{LU₂}GAL-ki-ṣir",
"cf": "kiṣru",
"gw": "knot",
"sense": "cohort",
"norm": "kiṣir",
"pos": "N",
"epos": "N"}
}
]}
,
{
"node": "d",
"type": "line-start",
"ref": "P335394.32",
"n": "13'",
"label": "r 13'"}
,
{
"node": "l",
"frag": "[IGI",
"id": "P335394.l038df",
"ref": "P335394.32.1",
"inst": "šību[witness]N",
"exosig": "@saao/saa06%akk-x-neoass:IGI=šību[witness//witness]N'N$šību",
"f": {"lang": "akk-x-neoass",
"form": "IGI",
"cf": "šību",
"gw": "witness",
"sense": "witness",
"norm": "šību",
"pos": "N",
"epos": "N"}
}
,
{
"node": "l",
"frag": "{1}{d}PA-SU",
"id": "P335394.l038e0",
"ref": "P335394.32.2",
"inst": "Nabu-eriba[1]PN",
"exosig": "@saao/saa06%akk-x-neoass:{1}{d}PA-SU=Nabu-eriba[1//1]PN'PN$Nabu-eriba",
"f": {"lang": "akk-x-neoass",
"form": "{1}{d}PA-SU",
"cf": "Nabu-eriba",
"gw": "1",
"sense": "1",
"norm": "Nabu-eriba",
"pos": "PN",
"epos": "PN"}
}
,
{
"node": "l",
"frag": "{lu₂v}A.BA",
"id": "P335394.l038e1",
"ref": "P335394.32.3",
"inst": "ṭupšarru[scribe]N",
"exosig": "@saao/saa06%akk-x-neoass:{LU₂}A.BA=ṭupšarru[scribe//scribe]N'N$ṭupšarru",
"f": {"lang": "akk-x-neoass",
"form": "{LU₂}A.BA",
"cf": "ṭupšarru",
"gw": "scribe",
"sense": "scribe",
"norm": "ṭupšarru",
"pos": "N",
"epos": "N"}
}
,
{
"node": "d",
"type": "line-start",
"ref": "P335394.33",
"n": "14'",
"label": "r 14'"}
,
{
"node": "l",
"frag": "[IGI",
"id": "P335394.l038e2",
"ref": "P335394.33.1",
"inst": "šību[witness]N",
"exosig": "@saao/saa06%akk-x-neoass:IGI=šību[witness//witness]N'N$šību",
"f": {"lang": "akk-x-neoass",
"form": "IGI",
"cf": "šību",
"gw": "witness",
"sense": "witness",
"norm": "šību",
"pos": "N",
"epos": "N"}
}
,
{
"node": "l",
"frag": "{1}{uru}arba-il₃-a.a",
"id": "P335394.l038e3",
"ref": "P335394.33.2",
"inst": "Arbailaya[1]PN",
"exosig": "@saao/saa06%akk-x-neoass:{1}{URU}arba-il₃-a.a=Arbailayu[1//1]PN'PN$Arbailaya",
"f": {"lang": "akk-x-neoass",
"form": "{1}{URU}arba-il₃-a.a",
"cf": "Arbailayu",
"gw": "1",
"sense": "1",
"norm": "Arbailaya",
"pos": "PN",
"epos": "PN"}
}
,
{
"node": "c",
"type": "phrase",
"tag": "phr",
"id": "P335394.U10",
"ref": "P335394.ls00006",
"cdl": [
{
"node": "l",
"frag": "{lu₂v}GAL-UŠ.BAR-MEŠ",
"id": "P335394.l038e4",
"ref": "P335394.33.3",
"cof-tails": "P335394.l038e5",
"inst": "rabû[big one]N$rab&išparu[weaver]N$ušpāri",
"exosig": "@saao/saa06%akk-x-neoass:{LU₂}GAL-UŠ.BAR-MEŠ=rabû[big one//big one]N'N$rab&&@saao%akk-x-neoass:=išparu[weaver//weaver]N'N$ušpāri",
"f": {"lang": "akk-x-neoass",
"form": "{LU₂}GAL-UŠ.BAR-MEŠ",
"cf": "rabû",
"gw": "big one",
"sense": "big one",
"norm": "rab",
"pos": "N",
"epos": "N"}
}
,
{
"node": "l",
"frag": "{lu₂v}GAL-UŠ.BAR-MEŠ",
"id": "P335394.l038e5",
"ref": "P335394.33.3",
"cof-head": "P335394.l038e4",
"inst": "rabû[big one]N$rab&išparu[weaver]N$ušpāri",
"tail-sig": "@saao%akk-x-neoass:=išparu[weaver//weaver]N'N$ušpāri",
"f": {"lang": "akk-x-neoass",
"form": "{LU₂}GAL-UŠ.BAR-MEŠ",
"cf": "išparu",
"gw": "weaver",
"sense": "weaver",
"norm": "ušpāri",
"pos": "N",
"epos": "N"}
}
]}
,
{
"node": "d",
"type": "line-start",
"ref": "P335394.34",
"n": "15'",
"label": "r 15'"}
,
{
"node": "l",
"frag": "⸢IGI⸣",
"id": "P335394.l038e6",
"ref": "P335394.34.1",
"inst": "šību[witness]N",
"exosig": "@saao/saa06%akk-x-neoass:IGI=šību[witness//witness]N'N$šību",
"f": {"lang": "akk-x-neoass",
"form": "IGI",
"cf": "šību",
"gw": "witness",
"sense": "witness",
"norm": "šību",
"pos": "N",
"epos": "N"}
}
,
{
"node": "l",
"frag": "{1}{d}PA-GIN-A",
"id": "P335394.l038e7",
"ref": "P335394.34.2",
"inst": "Nabu-kaʾʾin-aplu[1]PN$",
"exosig": "@saao/saa06%akk-x-neoass:{1}{d}PA-GIN-A=Nabu-kaʾʾin-aplu[1//1]PN'PN$Nabu-kaʾʾin-aplu",
"f": {"lang": "akk-x-neoass",
"form": "{1}{d}PA-GIN-A",
"cf": "Nabu-kaʾʾin-aplu",
"gw": "1",
"sense": "1",
"norm": "Nabu-kaʾʾin-aplu",
"pos": "PN",
"epos": "PN"}
}
,
{
"node": "l",
"frag": "A.BA",
"id": "P335394.l038e8",
"ref": "P335394.34.3",
"inst": "ṭupšarru[scribe]N",
"exosig": "@saao/saa06%akk-x-neoass:A.BA=ṭupšarru[scribe//scribe]N'N$ṭupšarru",
"f": {"lang": "akk-x-neoass",
"form": "A.BA",
"cf": "ṭupšarru",
"gw": "scribe",
"sense": "scribe",
"norm": "ṭupšarru",
"pos": "N",
"epos": "N"}
}
,
{
"node": "d",
"type": "line-start",
"ref": "P335394.35",
"n": "16'",
"label": "r 16'"}
,
{
"node": "l",
"frag": "{⸢iti⸣}GUD",
"id": "P335394.l038e9",
"ref": "P335394.35.1",
"inst": "Ayari[Iyyar]MN",
"exosig": "@saao/saa06%akk-x-neoass:{ITI}GUD=Ayaru[Iyyar//Iyyar]MN'MN$Ayari",
"f": {"lang": "akk-x-neoass",
"form": "{ITI}GUD",
"cf": "Ayaru",
"gw": "Iyyar",
"sense": "Iyyar",
"norm": "Ayari",
"pos": "MN",
"epos": "MN"}
}
,
{
"node": "l",
"frag": "UD",
"id": "P335394.l038ea",
"ref": "P335394.35.2",
"inst": "ūm[day]N",
"exosig": "@saao/saa06%akk-x-neoass:UD=ūmu[day//day]N'N$ūm",
"f": {"lang": "akk-x-neoass",
"form": "UD",
"cf": "ūmu",
"gw": "day",
"sense": "day",
"norm": "ūm",
"pos": "N",
"epos": "N"}
}
,
{
"node": "l",
"frag": "15-KAM",
"id": "P335394.l038eb",
"ref": "P335394.35.3",
"inst": "n",
"f": {"lang": "akk-x-neoass",
"form": "15-KAM",
"pos": "n"}
}
,
{
"node": "d",
"type": "line-start",
"ref": "P335394.36",
"n": "17'",
"label": "r 17'"}
,
{
"node": "l",
"frag": "[lim]-me",
"id": "P335394.l038ec",
"ref": "P335394.36.1",
"inst": "limme[eponym (of year)]N",
"exosig": "@saao/saa06%akk-x-neoass:lim-me=līmu[eponym (of year)//eponym (of year)]N'N$limme",
"f": {"lang": "akk-x-neoass",
"form": "lim-me",
"cf": "līmu",
"gw": "eponym (of year)",
"sense": "eponym (of year)",
"norm": "limme",
"pos": "N",
"epos": "N"}
}
,
{
"node": "l",
"frag": "{1}EN-IGI.LAL-a-ni",
"id": "P335394.l038ed",
"ref": "P335394.36.2",
"inst": "Bel-emuranni[1]PN",
"exosig": "@saao/saa06%akk-x-neoass:{1}EN-IGI.LAL-a-ni=Bel-emuranni[1//1]PN'PN$Bel-emuranni",
"f": {"lang": "akk-x-neoass",
"form": "{1}EN-IGI.LAL-a-ni",
"cf": "Bel-emuranni",
"gw": "1",
"sense": "1",
"norm": "Bel-emuranni",
"pos": "PN",
"epos": "PN"}
}
,
{
"node": "d",
"type": "line-start",
"ref": "P335394.37",
"n": "18'",
"label": "r 18'"}
,
{
"node": "l",
"frag": "{lu₂v}tur-ta-nu",
"id": "P335394.l038ee",
"ref": "P335394.37.1",
"inst": "turtānu[commander-in-chief]N",
"exosig": "@saao/saa06%akk-x-neoass:{LU₂}tur-ta-nu=tartānu[second in command//commander-in-chief]N'N$turtānu",
"f": {"lang": "akk-x-neoass",
"form": "{LU₂}tur-ta-nu",
"cf": "tartānu",
"gw": "second in command",
"sense": "commander-in-chief",
"norm": "turtānu",
"pos": "N",
"epos": "N"}
}
]}
]}
]}
,
{
"linkbase": [{
"type": "linkset",
"xlink_title": "ina urkiš[in the future//in the future]AV'AV",
"id": "P335394.ls00000",
"xlink_type": "extended",
"xlink_role": "psu",
"sig": "{ina[in]PRP urkiš[later]AV += ina urkiš[in the future//in the future]AV'AV}::@saao%akk-x-neoass:ina=ina[in//into]PRP'PRP$ina++@saao%akk-x-neoass:ur-kiš=urkiš[later//later]AV'AV$urkiš",
"links": [
{
"type": "link",
"xlink_title": "ina",
"xlink_type": "locator",
"xlink_href": "#P335394.l038a3",
"xlink_role": "elt"}
,
{
"type": "link",
"xlink_title": "urkiš",
"xlink_type": "locator",
"xlink_href": "#P335394.l038a4",
"xlink_role": "elt"}
]}
,
{
"type": "linkset",
"xlink_title": "ina matīma[whenever//whenever]XP'XP",
"id": "P335394.ls00001",
"xlink_type": "extended",
"xlink_role": "psu",
"sig": "{ina[in]PRP matīma[ever]AV += ina matīma[whenever//whenever]XP'XP}::@saao%akk-x-neoass:ina=ina[in//into]PRP'PRP$ina++@saao%akk-x-neoass:ma-ti-ma=matīma[ever//ever]AV'AV$matīma",
"links": [
{
"type": "link",
"xlink_title": "ina",
"xlink_type": "locator",
"xlink_href": "#P335394.l038a5",
"xlink_role": "elt"}
,
{
"type": "link",
"xlink_title": "matīma",
"xlink_type": "locator",
"xlink_href": "#P335394.l038a6",
"xlink_role": "elt"}
]}
,
{
"type": "linkset",
"xlink_title": "mukīl appāti[chariot driver//chariot driver]N'N",
"id": "P335394.ls00002",
"xlink_type": "extended",
"xlink_role": "psu",
"sig": "{mukillu[holder]N appatu[bridle]N += mukīl appāti[chariot driver//chariot driver]N'N}::@saao%akk-x-neoass:{LU₂}mu-kil-{KUŠ}a-pa-MEŠ=mukillu[holder//holder]N'N$mukīl++@saao%akk-x-neoass:{LU₂}mu-kil-{KUŠ}a-pa-MEŠ=appatu[bridle//bridle]N'N$appāti",
"links": [
{
"type": "link",
"xlink_title": "mukillu",
"xlink_type": "locator",
"xlink_href": "#P335394.l038bd",
"xlink_role": "elt"}
,
{
"type": "link",
"xlink_title": "appatu",
"xlink_type": "locator",
"xlink_href": "#P335394.l038be",
"xlink_role": "elt"}
]}
,
{
"type": "linkset",
"xlink_title": "mukīl appāti[chariot driver//chariot driver]N'N",
"id": "P335394.ls00003",
"xlink_type": "extended",
"xlink_role": "psu",
"sig": "{mukillu[holder]N appatu[bridle]N += mukīl appāti[chariot driver//chariot driver]N'N}::@saao%akk-x-neoass:{LU₂}mu-kil-{KUŠ}a-pa-MEŠ=mukillu[holder//holder]N'N$mukīl++@saao%akk-x-neoass:{LU₂}mu-kil-{KUŠ}a-pa-MEŠ=appatu[bridle//bridle]N'N$appāti",
"links": [
{
"type": "link",
"xlink_title": "mukillu",
"xlink_type": "locator",
"xlink_href": "#P335394.l038ce",
"xlink_role": "elt"}
,
{
"type": "link",
"xlink_title": "appatu",
"xlink_type": "locator",
"xlink_href": "#P335394.l038cf",
"xlink_role": "elt"}
]}
,
{
"type": "linkset",
"xlink_title": "rab atî[head porter//head porter]N'N",
"id": "P335394.ls00004",
"xlink_type": "extended",
"xlink_role": "psu",
"sig": "{rabû[big one]N atû[gatekeeper]N += rab atî[head porter//head porter]N'N}::@saao%akk-x-neoass:GAL-{LU₂}I₃.DU₈-MEŠ=rabû[big one//big one]N'N$rab++@saao%akk-x-neoass:GAL-{LU₂}I₃.DU₈-MEŠ=atû[gatekeeper//gatekeeper]N'N$atî",
"links": [
{
"type": "link",
"xlink_title": "rabû",
"xlink_type": "locator",
"xlink_href": "#P335394.l038d9",
"xlink_role": "elt"}
,
{
"type": "link",
"xlink_title": "atû",
"xlink_type": "locator",
"xlink_href": "#P335394.l038da",
"xlink_role": "elt"}
]}
,
{
"type": "linkset",
"xlink_title": "rab kiṣri[centurion//cohort commander]N'N",
"id": "P335394.ls00005",
"xlink_type": "extended",
"xlink_role": "psu",
"sig": "{{LU₂}GAL-ki-ṣir = rabû[big one]N kiṣru[knot]N += rab kiṣri[centurion//cohort commander]N'N}::@saao/saa10%akk-x-neoass:{LU₂}GAL-ki-ṣir=rabû[big one//big one]N'N$rab++@saao/saa10%akk-x-neobab:{LU₂}GAL-ki-ṣir=kiṣru[knot//knot]N'N$kiṣir",
"links": [
{
"type": "link",
"xlink_title": "rabû",
"xlink_type": "locator",
"xlink_href": "#P335394.l038dd",
"xlink_role": "elt"}
,
{
"type": "link",
"xlink_title": "kiṣru",
"xlink_type": "locator",
"xlink_href": "#P335394.l038de",
"xlink_role": "elt"}
]}
,
{
"type": "linkset",
"xlink_title": "rab išpari[chief weaver//chief weaver]N'N",
"id": "P335394.ls00006",
"xlink_type": "extended",
"xlink_role": "psu",
"sig": "{rabû[big one]N išparu[weaver]N += rab išpari[chief weaver//chief weaver]N'N}::@saao%akk-x-neoass:{LU₂}GAL-UŠ.BAR-ME=rabû[big one//big one]N'N$rab++@saao%akk-x-neoass:{LU₂}GAL-UŠ.BAR-ME=išparu[weaver//weaver]N'N$ušpāri",
"links": [
{
"type": "link",
"xlink_title": "rabû",
"xlink_type": "locator",
"xlink_href": "#P335394.l038e4",
"xlink_role": "elt"}
,
{
"type": "link",
"xlink_title": "išparu",
"xlink_type": "locator",
"xlink_href": "#P335394.l038e5",
"xlink_role": "elt"}
]}
]}
]}
