{
"type": "cdl",
  "source": "http://oracc.org/saao/saa06",
  "license": "This data is released under the CC0 license",
  "license-url": "https://creativecommons.org/publicdomain/zero/1.0/",
  "more-info": "http://oracc.org/doc/opendata/",
  "UTC-timestamp": "2017-05-19T11:31:34",
"project": "saao/saa06",
"textid": "P335960",
"cdl": [
{
"node": "c",
"type": "text",
"id": "P335960.U0",
"cdl": [
{
"node": "d",
"type": "object",
"ref": ""}
,
{
"node": "d",
"subtype": "obverse",
"type": "surface",
"ref": "P335960.o.1",
"type": "obverse",
"label": "o"}
,
{
"node": "c",
"type": "discourse",
"subtype": "body",
"id": "P335960.U1",
"cdl": [
{
"node": "c",
"type": "sentence",
"id": "P335960.U2",
"label": "o 1 - r 6'",
"cdl": [
{
"node": "d",
"type": "line-start",
"ref": "P335960.2",
"n": "1",
"label": "o 1"}
,
{
"node": "l",
"frag": "{[na₄}KIŠIB",
"id": "P335960.l0295c",
"ref": "P335960.2.1",
"inst": "kunukku[seal]N",
"sig": "@saao/saa06%akk-x-neoass:{NA₄}KIŠIB=kunukku[seal//seal]N'N$kunuk",
"f": {"lang": "akk-x-neoass",
"form": "{NA₄}KIŠIB",
"cf": "kunukku",
"gw": "seal",
"sense": "seal",
"norm": "kunuk",
"pos": "N",
"epos": "N"}
}
,
{
"node": "l",
"frag": "{1}x",
"id": "P335960.l0295d",
"ref": "P335960.2.2",
"inst": "u",
"f": {"lang": "akk-x-neoass",
"form": "{1}x",
"pos": "u"}
}
,
{
"node": "l",
"frag": "x",
"id": "P335960.l0295e",
"ref": "P335960.2.3",
"inst": "u",
"f": {"lang": "akk-x-neoass",
"form": "x",
"pos": "u"}
}
,
{
"node": "l",
"frag": "x]-⸢ni⸣",
"id": "P335960.l0295f",
"ref": "P335960.2.4",
"inst": "u",
"f": {"lang": "akk-x-neoass",
"form": "x-ni",
"pos": "u"}
}
,
{
"node": "d",
"type": "line-start",
"ref": "P335960.3",
"n": "2",
"label": "o 2"}
,
{
"node": "l",
"frag": "[EN",
"id": "P335960.l02960",
"ref": "P335960.3.1",
"inst": "bēl[owner]N",
"exosig": "@saao/saa06%akk-x-neoass:EN=bēlu[lord//owner]N'N$bēl",
"f": {"lang": "akk-x-neoass",
"form": "EN",
"cf": "bēlu",
"gw": "lord",
"sense": "owner",
"norm": "bēl",
"pos": "N",
"epos": "N"}
}
,
{
"node": "l",
"frag": "A.ŠA₃].⸢GA⸣",
"id": "P335960.l02961",
"ref": "P335960.3.2",
"inst": "eqli[land]N",
"exosig": "@saao/saa06%akk-x-neoass:A.ŠA₃.GA=eqlu[field//land]N'N$eqli",
"f": {"lang": "akk-x-neoass",
"form": "A.ŠA₃.GA",
"cf": "eqlu",
"gw": "field",
"sense": "land",
"norm": "eqli",
"pos": "N",
"epos": "N"}
}
,
{
"node": "l",
"frag": "ta-dan-ni",
"id": "P335960.l02962",
"ref": "P335960.3.3",
"inst": "tadānu[give//giving]'N$tadanni",
"exosig": "@saao/saa06%akk-x-neoass:ta-dan-ni=tadānu[give//giving]V'N$tadanni",
"f": {"lang": "akk-x-neoass",
"form": "ta-dan-ni",
"cf": "tadānu",
"gw": "give",
"sense": "giving",
"norm": "tadanni",
"pos": "V",
"epos": "N"}
}
,
{
"node": "d",
"type": "nonx",
"ref": "P335960.4",
"strict": "1",
"extent": "n",
"scope": "line",
"state": "ruling"}
,
{
"node": "d",
"type": "nonx",
"ref": "P335960.5",
"strict": "0",
"extent": "5",
"state": "other"}
,
{
"node": "d",
"type": "nonx",
"ref": "P335960.6",
"strict": "1",
"extent": "n",
"scope": "line",
"state": "ruling"}
,
{
"node": "d",
"type": "line-start",
"ref": "P335960.7",
"n": "3",
"label": "o 3"}
,
{
"node": "l",
"frag": "[E₂]",
"id": "P335960.l02963",
"ref": "P335960.7.1",
"inst": "bētu[plot of land]N",
"exosig": "@saao/saa06%akk-x-neoass:E₂=bītu[house//plot of land]N'N$bētu",
"f": {"lang": "akk-x-neoass",
"form": "E₂",
"cf": "bītu",
"gw": "house",
"sense": "plot of land",
"norm": "bētu",
"pos": "N",
"epos": "N"}
}
,
{
"node": "l",
"frag": "04",
"id": "P335960.l02964",
"ref": "P335960.7.2",
"inst": "n",
"f": {"lang": "akk-x-neoass",
"form": "04",
"pos": "n"}
}
,
{
"node": "l",
"frag": "ANŠE",
"id": "P335960.l02965",
"ref": "P335960.7.3",
"inst": "imārī[a unit of capacity]N",
"exosig": "@saao/saa06%akk-x-neoass:ANŠE=imēru[unit//a unit of capacity]N'N$imārī",
"f": {"lang": "akk-x-neoass",
"form": "ANŠE",
"cf": "imēru",
"gw": "unit",
"sense": "a unit of capacity",
"norm": "imārī",
"pos": "N",
"epos": "N"}
}
,
{
"node": "l",
"frag": "A.ŠA₃.GA",
"id": "P335960.l02966",
"ref": "P335960.7.4",
"inst": "eqlu[land]N",
"exosig": "@saao/saa06%akk-x-neoass:A.ŠA₃.GA=eqlu[field//land]N'N$eqlu",
"f": {"lang": "akk-x-neoass",
"form": "A.ŠA₃.GA",
"cf": "eqlu",
"gw": "field",
"sense": "land",
"norm": "eqlu",
"pos": "N",
"epos": "N"}
}
,
{
"node": "l",
"frag": "ina",
"id": "P335960.l02967",
"ref": "P335960.7.5",
"inst": "ina[in]PRP",
"exosig": "@saao/saa06%akk-x-neoass:ina=ina[in//in]PRP'PRP$ina",
"f": {"lang": "akk-x-neoass",
"form": "ina",
"cf": "ina",
"gw": "in",
"sense": "in",
"norm": "ina",
"pos": "PRP",
"epos": "PRP"}
}
,
{
"node": "l",
"frag": "{uru}du-ni",
"id": "P335960.l02968",
"ref": "P335960.7.6",
"inst": "Dunnu[1]GN$Duni",
"exosig": "@saao/saa06%akk-x-neoass:{URU}du-ni=Dunnu[1//1]GN'GN$Duni",
"f": {"lang": "akk-x-neoass",
"form": "{URU}du-ni",
"cf": "Dunnu",
"gw": "1",
"sense": "1",
"norm": "Duni",
"pos": "GN",
"epos": "GN"}
}
,
{
"node": "d",
"type": "line-start",
"ref": "P335960.8",
"n": "4",
"label": "o 4"}
,
{
"node": "l",
"frag": "[x",
"id": "P335960.l02969",
"ref": "P335960.8.1",
"inst": "u",
"f": {"lang": "akk-x-neoass",
"form": "x",
"pos": "u"}
}
,
{
"node": "l",
"frag": "x]+⸢x⸣",
"id": "P335960.l0296a",
"ref": "P335960.8.2",
"inst": "u",
"f": {"lang": "akk-x-neoass",
"form": "x+x",
"pos": "u"}
}
,
{
"node": "l",
"frag": "mi-šil",
"id": "P335960.l0296b",
"ref": "P335960.8.3",
"inst": "mišlu[half]NU$mišil",
"exosig": "@saao/saa06%akk-x-neoass:mi-šil=mišlu[half//half]NU'NU$mišil",
"f": {"lang": "akk-x-neoass",
"form": "mi-šil",
"cf": "mišlu",
"gw": "half",
"sense": "half",
"norm": "mišil",
"pos": "NU",
"epos": "NU"}
}
,
{
"node": "l",
"frag": "bu-ri",
"id": "P335960.l0296c",
"ref": "P335960.8.4",
"inst": "būru[cistern//well]N$būri",
"exosig": "@saao/saa06%akk-x-neoass:bu-ri=būru[cistern//well]N'N$būri",
"f": {"lang": "akk-x-neoass",
"form": "bu-ri",
"cf": "būru",
"gw": "cistern",
"sense": "well",
"norm": "būri",
"pos": "N",
"epos": "N"}
}
,
{
"node": "l",
"frag": "05-su",
"id": "P335960.l0296d",
"ref": "P335960.8.5",
"inst": "n",
"f": {"lang": "akk-x-neoass",
"form": "05-su",
"pos": "n"}
}
,
{
"node": "l",
"frag": "ša",
"id": "P335960.l0296e",
"ref": "P335960.8.6",
"inst": "ša[of]DET",
"exosig": "@saao/saa06%akk-x-neoass:ša=ša[of//of]DET'DET$ša",
"f": {"lang": "akk-x-neoass",
"form": "ša",
"cf": "ša",
"gw": "of",
"sense": "of",
"norm": "ša",
"pos": "DET",
"epos": "DET"}
}
,
{
"node": "l",
"frag": "bu-ri",
"id": "P335960.l0296f",
"ref": "P335960.8.7",
"inst": "būru[cistern//well]N$būri",
"exosig": "@saao/saa06%akk-x-neoass:bu-ri=būru[cistern//well]N'N$būri",
"f": {"lang": "akk-x-neoass",
"form": "bu-ri",
"cf": "būru",
"gw": "cistern",
"sense": "well",
"norm": "būri",
"pos": "N",
"epos": "N"}
}
,
{
"node": "d",
"type": "line-start",
"ref": "P335960.9",
"n": "5",
"label": "o 5"}
,
{
"node": "l",
"frag": "[u₂]-⸢piš⸣-ma",
"id": "P335960.l02970",
"ref": "P335960.9.1",
"inst": "uppišma[contract]V",
"exosig": "@saao/saa06%akk-x-neoass:u₂-piš-ma=epēšu[do//contract]V'V$uppišma",
"f": {"lang": "akk-x-neoass",
"form": "u₂-piš-ma",
"cf": "epēšu",
"gw": "do",
"sense": "contract",
"norm": "uppišma",
"pos": "V",
"epos": "V"}
}
,
{
"node": "l",
"frag": "{1}aš-šur-A-PAB",
"id": "P335960.l02971",
"ref": "P335960.9.2",
"inst": "Aššur-aplu-uṣur[1]PN$",
"exosig": "@saao/saa06%akk-x-neoass:{1}aš-šur-A-PAB=Aššur-aplu-uṣur[1//1]PN'PN$Aššur-aplu-uṣur",
"f": {"lang": "akk-x-neoass",
"form": "{1}aš-šur-A-PAB",
"cf": "Aššur-aplu-uṣur",
"gw": "1",
"sense": "1",
"norm": "Aššur-aplu-uṣur",
"pos": "PN",
"epos": "PN"}
}
,
{
"node": "c",
"type": "phrase",
"tag": "phr",
"id": "P335960.U4",
"ref": "P335960.ls00000",
"cdl": [
{
"node": "l",
"frag": "ina",
"id": "P335960.l02972",
"ref": "P335960.9.3",
"inst": "ina[in+=for]PRP",
"exosig": "@saao/saa06%akk-x-neoass:ina=ina[in//in]PRP'PRP$ina",
"f": {"lang": "akk-x-neoass",
"form": "ina",
"cf": "ina",
"gw": "in",
"sense": "in",
"norm": "ina",
"pos": "PRP",
"epos": "PRP"}
}
,
{
"node": "l",
"frag": "ŠA₃-bi",
"id": "P335960.l02973",
"ref": "P335960.9.4",
"inst": "libbi[interior]N",
"exosig": "@saao/saa06%akk-x-neoass:ŠA₃-bi=libbu[interior//interior]N'N$libbi",
"f": {"lang": "akk-x-neoass",
"form": "ŠA₃-bi",
"cf": "libbu",
"gw": "interior",
"sense": "interior",
"norm": "libbi",
"pos": "N",
"epos": "N"}
}
]}
,
{
"node": "d",
"type": "line-start",
"ref": "P335960.10",
"n": "6",
"label": "o 6"}
,
{
"node": "l",
"frag": "[x",
"id": "P335960.l02974",
"ref": "P335960.10.1",
"inst": "u",
"f": {"lang": "akk-x-neoass",
"form": "x",
"pos": "u"}
}
,
{
"node": "l",
"frag": "MA].⸢NA",
"id": "P335960.l02975",
"ref": "P335960.10.2",
"inst": "manê[a unit of weight]N",
"exosig": "@saao/saa06%akk-x-neoass:MA.NA=manû[unit//a unit of weight]N'N$manê",
"f": {"lang": "akk-x-neoass",
"form": "MA.NA",
"cf": "manû",
"gw": "unit",
"sense": "a unit of weight",
"norm": "manê",
"pos": "N",
"epos": "N"}
}
,
{
"node": "l",
"frag": "KUG⸣.[UD]",
"id": "P335960.l02976",
"ref": "P335960.10.3",
"inst": "ṣarpi[silver]N",
"exosig": "@saao/saa06%akk-x-neoass:KUG.UD=ṣarpu[silver//silver]N'N$ṣarpi",
"f": {"lang": "akk-x-neoass",
"form": "KUG.UD",
"cf": "ṣarpu",
"gw": "silver",
"sense": "silver",
"norm": "ṣarpi",
"pos": "N",
"epos": "N"}
}
,
{
"node": "l",
"frag": "ša",
"id": "P335960.l02977",
"ref": "P335960.10.4",
"inst": "ša[of]DET",
"exosig": "@saao/saa06%akk-x-neoass:ša=ša[of//of]DET'DET$ša",
"f": {"lang": "akk-x-neoass",
"form": "ša",
"cf": "ša",
"gw": "of",
"sense": "of",
"norm": "ša",
"pos": "DET",
"epos": "DET"}
}
,
{
"node": "l",
"frag": "⸢LUGAL",
"id": "P335960.l02978",
"ref": "P335960.10.5",
"inst": "šarri[king]N",
"exosig": "@saao/saa06%akk-x-neoass:LUGAL=šarru[king//king]N'N$šarri",
"f": {"lang": "akk-x-neoass",
"form": "LUGAL",
"cf": "šarru",
"gw": "king",
"sense": "king",
"norm": "šarri",
"pos": "N",
"epos": "N"}
}
,
{
"node": "l",
"frag": "TI-qi₂⸣",
"id": "P335960.l02979",
"ref": "P335960.10.6",
"inst": "ilqi[purchase]V",
"exosig": "@saao/saa06%akk-x-neoass:TI-qi₂=leqû[take//purchase]V'V$ilqi",
"f": {"lang": "akk-x-neoass",
"form": "TI-qi₂",
"cf": "leqû",
"gw": "take",
"sense": "purchase",
"norm": "ilqi",
"pos": "V",
"epos": "V"}
}
,
{
"node": "d",
"type": "nonx",
"ref": "P335960.11",
"strict": "0",
"extent": "rest",
"state": "missing"}
,
{
"node": "d",
"subtype": "reverse",
"type": "surface",
"ref": "P335960.r.12",
"type": "reverse",
"label": "r"}
,
{
"node": "d",
"type": "nonx",
"ref": "P335960.13",
"strict": "0",
"extent": "beginning",
"state": "missing"}
,
{
"node": "d",
"type": "line-start",
"ref": "P335960.14",
"n": "1'",
"label": "r 1'"}
,
{
"node": "l",
"frag": "[IGI",
"id": "P335960.l0297a",
"ref": "P335960.14.1",
"inst": "šību[witness]N",
"exosig": "@saao/saa06%akk-x-neoass:IGI=šību[witness//witness]N'N$šību",
"f": {"lang": "akk-x-neoass",
"form": "IGI",
"cf": "šību",
"gw": "witness",
"sense": "witness",
"norm": "šību",
"pos": "N",
"epos": "N"}
}
,
{
"node": "l",
"frag": "{1}{d}x]+⸢x⸣-SUM-⸢na",
"id": "P335960.l0297b",
"ref": "P335960.14.2",
"inst": "u",
"f": {"lang": "akk-x-neoass",
"form": "{1}{d}x+x-SUM-na",
"pos": "u"}
}
,
{
"node": "l",
"frag": "{1}ARAD-PAB-MEŠ-šu₂",
"id": "P335960.l0297c",
"ref": "P335960.14.3",
"inst": "Urdu-ahhešu[1]PN",
"exosig": "@saao/saa06%akk-x-neoass:{1}ARAD-PAB-MEŠ-šu₂=Urdu-ahhešu[1//1]PN'PN$Urdu-ahhešu",
"f": {"lang": "akk-x-neoass",
"form": "{1}ARAD-PAB-MEŠ-šu₂",
"cf": "Urdu-ahhešu",
"gw": "1",
"sense": "1",
"norm": "Urdu-ahhešu",
"pos": "PN",
"epos": "PN"}
}
,
{
"node": "d",
"type": "line-start",
"ref": "P335960.15",
"n": "2'",
"label": "r 2'"}
,
{
"node": "l",
"frag": "[IGI",
"id": "P335960.l0297d",
"ref": "P335960.15.1",
"inst": "šību[witness]N",
"exosig": "@saao/saa06%akk-x-neoass:IGI=šību[witness//witness]N'N$šību",
"f": {"lang": "akk-x-neoass",
"form": "IGI",
"cf": "šību",
"gw": "witness",
"sense": "witness",
"norm": "šību",
"pos": "N",
"epos": "N"}
}
,
{
"node": "l",
"frag": "{1}{⸢d⸣}AG-I",
"id": "P335960.l0297e",
"ref": "P335960.15.2",
"inst": "Nabu-naʾid[1]PN$",
"exosig": "@saao/saa06%akk-x-neoass:{1}{d}AG-I=Nabu-naʾid[1//1]PN'PN$Nabu-naʾid",
"f": {"lang": "akk-x-neoass",
"form": "{1}{d}AG-I",
"cf": "Nabu-naʾid",
"gw": "1",
"sense": "1",
"norm": "Nabu-naʾid",
"pos": "PN",
"epos": "PN"}
}
,
{
"node": "l",
"frag": "{1}{d}PA-PAB-ir",
"id": "P335960.l0297f",
"ref": "P335960.15.3",
"inst": "Nabu-naṣir[1]PN$",
"exosig": "@saao/saa06%akk-x-neoass:{1}{d}PA-PAB-ir=Nabu-naṣir[1//1]PN'PN$Nabu-naṣir",
"f": {"lang": "akk-x-neoass",
"form": "{1}{d}PA-PAB-ir",
"cf": "Nabu-naṣir",
"gw": "1",
"sense": "1",
"norm": "Nabu-naṣir",
"pos": "PN",
"epos": "PN"}
}
,
{
"node": "c",
"type": "phrase",
"tag": "phr",
"id": "P335960.U5",
"ref": "P335960.ls00001",
"cdl": [
{
"node": "l",
"frag": "{lu₂v}ENGAR-KUR",
"id": "P335960.l02980",
"ref": "P335960.15.4",
"cof-tails": "P335960.l02981",
"inst": "ikkaru[farmer]N$ikkār&ēkallu[palace]N$ēkalli",
"exosig": "@saao/saa06%akk-x-neoass:{LU₂}ENGAR-KUR=ikkaru[farmer//farmer]N'N$ikkār&&@saao%akk-x-neoass:=ēkallu[palace//palace]N'N$ēkalli",
"f": {"lang": "akk-x-neoass",
"form": "{LU₂}ENGAR-KUR",
"cf": "ikkaru",
"gw": "farmer",
"sense": "farmer",
"norm": "ikkār",
"pos": "N",
"epos": "N"}
}
,
{
"node": "l",
"frag": "{lu₂v}ENGAR-KUR",
"id": "P335960.l02981",
"ref": "P335960.15.4",
"cof-head": "P335960.l02980",
"inst": "ikkaru[farmer]N$ikkār&ēkallu[palace]N$ēkalli",
"tail-sig": "@saao%akk-x-neoass:=ēkallu[palace//palace]N'N$ēkalli",
"f": {"lang": "akk-x-neoass",
"form": "{LU₂}ENGAR-KUR",
"cf": "ēkallu",
"gw": "palace",
"sense": "palace",
"norm": "ēkalli",
"pos": "N",
"epos": "N"}
}
]}
,
{
"node": "d",
"type": "line-start",
"ref": "P335960.16",
"n": "3'",
"label": "r 3'"}
,
{
"node": "l",
"frag": "[IGI",
"id": "P335960.l02982",
"ref": "P335960.16.1",
"inst": "šību[witness]N",
"exosig": "@saao/saa06%akk-x-neoass:IGI=šību[witness//witness]N'N$šību",
"f": {"lang": "akk-x-neoass",
"form": "IGI",
"cf": "šību",
"gw": "witness",
"sense": "witness",
"norm": "šību",
"pos": "N",
"epos": "N"}
}
,
{
"node": "l",
"frag": "{1}x",
"id": "P335960.l02983",
"ref": "P335960.16.2",
"inst": "u",
"f": {"lang": "akk-x-neoass",
"form": "{1}x",
"pos": "u"}
}
,
{
"node": "l",
"frag": "x",
"id": "P335960.l02984",
"ref": "P335960.16.3",
"inst": "u",
"f": {"lang": "akk-x-neoass",
"form": "x",
"pos": "u"}
}
,
{
"node": "l",
"frag": "x]+⸢x⸣-ši",
"id": "P335960.l02985",
"ref": "P335960.16.4",
"inst": "u",
"f": {"lang": "akk-x-neoass",
"form": "x+x-ši",
"pos": "u"}
}
,
{
"node": "l",
"frag": "{uru}me-ra-a.a",
"id": "P335960.l02986",
"ref": "P335960.16.5",
"inst": "Mera[1]GN$Meraya",
"exosig": "@saao/saa06%akk-x-neoass:{URU}me-ra-a.a=Mera[1//1]GN'GN$Meraya",
"f": {"lang": "akk-x-neoass",
"form": "{URU}me-ra-a.a",
"cf": "Mera",
"gw": "1",
"sense": "1",
"norm": "Meraya",
"pos": "GN",
"epos": "GN"}
}
,
{
"node": "d",
"type": "nonx",
"ref": "P335960.17",
"strict": "0",
"extent": "1",
"scope": "line",
"state": "blank"}
,
{
"node": "d",
"type": "line-start",
"ref": "P335960.18",
"n": "4'",
"label": "r 4'"}
,
{
"node": "l",
"frag": "{[iti}x",
"id": "P335960.l02987",
"ref": "P335960.18.1",
"inst": "u",
"f": {"lang": "akk-x-neoass",
"form": "{ITI}x",
"pos": "u"}
}
,
{
"node": "l",
"frag": "UD",
"id": "P335960.l02988",
"ref": "P335960.18.2",
"inst": "ūm[day]N",
"exosig": "@saao/saa06%akk-x-neoass:UD=ūmu[day//day]N'N$ūm",
"f": {"lang": "akk-x-neoass",
"form": "UD",
"cf": "ūmu",
"gw": "day",
"sense": "day",
"norm": "ūm",
"pos": "N",
"epos": "N"}
}
,
{
"node": "l",
"frag": "x]-⸢KAM⸣",
"id": "P335960.l02989",
"ref": "P335960.18.3",
"inst": "n",
"f": {"lang": "akk-x-neoass",
"form": "x-KAM",
"pos": "n"}
}
,
{
"node": "d",
"type": "line-start",
"ref": "P335960.19",
"n": "5'",
"label": "r 5'"}
,
{
"node": "l",
"frag": "[lim-mu",
"id": "P335960.l0298a",
"ref": "P335960.19.1",
"inst": "limmu[eponym (of year)]N",
"exosig": "@saao/saa06%akk-x-neoass:lim-mu=līmu[eponym (of year)//eponym (of year)]N'N$limmu",
"f": {"lang": "akk-x-neoass",
"form": "lim-mu",
"cf": "līmu",
"gw": "eponym (of year)",
"sense": "eponym (of year)",
"norm": "limmu",
"pos": "N",
"epos": "N"}
}
,
{
"node": "l",
"frag": "{1}{d}PA-ZU]",
"id": "P335960.l0298b",
"ref": "P335960.19.2",
"inst": "Nabu-leʾi[1]PN",
"exosig": "@saao/saa06%akk-x-neoass:{1}{d}PA-ZU=Nabu-leʾi[1//1]PN'PN$Nabu-leʾi",
"f": {"lang": "akk-x-neoass",
"form": "{1}{d}PA-ZU",
"cf": "Nabu-leʾi",
"gw": "1",
"sense": "1",
"norm": "Nabu-leʾi",
"pos": "PN",
"epos": "PN"}
}
,
{
"node": "c",
"type": "phrase",
"tag": "phr",
"id": "P335960.U6",
"ref": "P335960.ls00002",
"cdl": [
{
"node": "l",
"frag": "GAR.KUR",
"id": "P335960.l0298c",
"ref": "P335960.19.3",
"cof-tails": "P335960.l0298d",
"inst": "šaknu[appointee]N$šakin&mātu[land]N$māti",
"exosig": "@saao/saa06%akk-x-neoass:GAR.KUR=šaknu[appointee//appointee]N'N$šakin&&@saao%akk-x-neoass:=mātu[land//land]N'N$māti",
"f": {"lang": "akk-x-neoass",
"form": "GAR.KUR",
"cf": "šaknu",
"gw": "appointee",
"sense": "appointee",
"norm": "šakin",
"pos": "N",
"epos": "N"}
}
,
{
"node": "l",
"frag": "GAR.KUR",
"id": "P335960.l0298d",
"ref": "P335960.19.3",
"cof-head": "P335960.l0298c",
"inst": "šaknu[appointee]N$šakin&mātu[land]N$māti",
"tail-sig": "@saao%akk-x-neoass:=mātu[land//land]N'N$māti",
"f": {"lang": "akk-x-neoass",
"form": "GAR.KUR",
"cf": "mātu",
"gw": "land",
"sense": "land",
"norm": "māti",
"pos": "N",
"epos": "N"}
}
]}
,
{
"node": "l",
"frag": "{uru}arba-il₃",
"id": "P335960.l0298e",
"ref": "P335960.19.4",
"inst": "Arbail[Arbela]GN",
"exosig": "@saao/saa06%akk-x-neoass:{URU}arba-il₃=Arbail[Arbela//Arbela]GN'GN$Arbail",
"f": {"lang": "akk-x-neoass",
"form": "{URU}arba-il₃",
"cf": "Arbail",
"gw": "Arbela",
"sense": "Arbela",
"norm": "Arbail",
"pos": "GN",
"epos": "GN"}
}
,
{
"node": "d",
"type": "line-start",
"ref": "P335960.20",
"n": "6'",
"label": "r 6'"}
,
{
"node": "l",
"frag": "[IGI",
"id": "P335960.l0298f",
"ref": "P335960.20.1",
"inst": "šību[witness]N",
"exosig": "@saao/saa06%akk-x-neoass:IGI=šību[witness//witness]N'N$šību",
"f": {"lang": "akk-x-neoass",
"form": "IGI",
"cf": "šību",
"gw": "witness",
"sense": "witness",
"norm": "šību",
"pos": "N",
"epos": "N"}
}
,
{
"node": "l",
"frag": "{1}x",
"id": "P335960.l02990",
"ref": "P335960.20.2",
"inst": "u",
"f": {"lang": "akk-x-neoass",
"form": "{1}x",
"pos": "u"}
}
,
{
"node": "l",
"frag": "x",
"id": "P335960.l02991",
"ref": "P335960.20.3",
"inst": "u",
"f": {"lang": "akk-x-neoass",
"form": "x",
"pos": "u"}
}
,
{
"node": "l",
"frag": "x",
"id": "P335960.l02992",
"ref": "P335960.20.4",
"inst": "u",
"f": {"lang": "akk-x-neoass",
"form": "x",
"pos": "u"}
}
,
{
"node": "l",
"frag": "x",
"id": "P335960.l02993",
"ref": "P335960.20.5",
"inst": "u",
"f": {"lang": "akk-x-neoass",
"form": "x",
"pos": "u"}
}
,
{
"node": "l",
"frag": "{lu₂v]}⸢A.BA⸣",
"id": "P335960.l02994",
"ref": "P335960.20.6",
"inst": "ṭupšarru[scribe]N",
"exosig": "@saao/saa06%akk-x-neoass:{LU₂}A.BA=ṭupšarru[scribe//scribe]N'N$ṭupšarru",
"f": {"lang": "akk-x-neoass",
"form": "{LU₂}A.BA",
"cf": "ṭupšarru",
"gw": "scribe",
"sense": "scribe",
"norm": "ṭupšarru",
"pos": "N",
"epos": "N"}
}
]}
]}
]}
,
{
"linkbase": [{
"type": "linkset",
"xlink_title": "ina libbi[in//(in exchange) for]PRP'PRP",
"id": "P335960.ls00000",
"xlink_type": "extended",
"xlink_role": "psu",
"sig": "{ina[in]PRP libbu[interior]N += ina libbi[in//(in exchange) for]PRP'PRP}::@saao%akk-x-neoass:ina=ina[in//into]PRP'PRP$ina++@saao%akk-x-neoass:ŠA₃-bi=libbu[interior//interior]N'N$libbi",
"links": [
{
"type": "link",
"xlink_title": "ina",
"xlink_type": "locator",
"xlink_href": "#P335960.l02972",
"xlink_role": "elt"}
,
{
"type": "link",
"xlink_title": "libbi",
"xlink_type": "locator",
"xlink_href": "#P335960.l02973",
"xlink_role": "elt"}
]}
,
{
"type": "linkset",
"xlink_title": "ikkār ēkalli[palace farmer//palace farmer]N'N",
"id": "P335960.ls00001",
"xlink_type": "extended",
"xlink_role": "psu",
"sig": "{ikkaru[farmer]N ēkallu[palace]N += ikkār ēkalli[palace farmer//palace farmer]N'N}::@saao%akk-x-neoass:{LU₂}ENGAR-E₂.GAL=ikkaru[farmer//farmer]N'N$ikkār++@saao%akk-x-neoass:{LU₂}ENGAR-E₂.GAL=ēkallu[palace//palace]N'N$ēkalli",
"links": [
{
"type": "link",
"xlink_title": "ikkaru",
"xlink_type": "locator",
"xlink_href": "#P335960.l02980",
"xlink_role": "elt"}
,
{
"type": "link",
"xlink_title": "ēkallu",
"xlink_type": "locator",
"xlink_href": "#P335960.l02981",
"xlink_role": "elt"}
]}
,
{
"type": "linkset",
"xlink_title": "šakin māti[governor//governor]N'N",
"id": "P335960.ls00002",
"xlink_type": "extended",
"xlink_role": "psu",
"sig": "{šaknu[appointee]N mātu[land]N += šakin māti[governor//governor]N'N}::@saao%akk-x-neoass:GAR.KUR=šaknu[appointee//appointee]N'N$šakin++@saao%akk-x-neoass:GAR.KUR=mātu[land//land]N'N$māti",
"links": [
{
"type": "link",
"xlink_title": "šaknu",
"xlink_type": "locator",
"xlink_href": "#P335960.l0298c",
"xlink_role": "elt"}
,
{
"type": "link",
"xlink_title": "mātu",
"xlink_type": "locator",
"xlink_href": "#P335960.l0298d",
"xlink_role": "elt"}
]}
]}
]}
