{
"type": "cdl",
  "source": "http://oracc.org/saao/saa06",
  "license": "This data is released under the CC0 license",
  "license-url": "https://creativecommons.org/publicdomain/zero/1.0/",
  "more-info": "http://oracc.org/doc/opendata/",
  "UTC-timestamp": "2017-05-19T11:31:24",
"project": "saao/saa06",
"textid": "P335412",
"cdl": [
{
"node": "c",
"type": "text",
"id": "P335412.U0",
"cdl": [
{
"node": "d",
"type": "object",
"ref": ""}
,
{
"node": "d",
"subtype": "obverse",
"type": "surface",
"ref": "P335412.o.1",
"type": "obverse",
"label": "o"}
,
{
"node": "c",
"type": "discourse",
"subtype": "body",
"id": "P335412.U1",
"cdl": [
{
"node": "c",
"type": "sentence",
"id": "P335412.U2",
"label": "o 1 - e. 1",
"cdl": [
{
"node": "d",
"type": "line-start",
"ref": "P335412.2",
"n": "1",
"label": "o 1"}
,
{
"node": "l",
"frag": "ku-um",
"id": "P335412.l023d3",
"ref": "P335412.2.1",
"inst": "kūm[instead of]PRP",
"exosig": "@saao/saa06%akk-x-neoass:ku-um=kūm[instead of//instead of]PRP'PRP$kūm",
"f": {"lang": "akk-x-neoass",
"form": "ku-um",
"cf": "kūm",
"gw": "instead of",
"sense": "instead of",
"norm": "kūm",
"pos": "PRP",
"epos": "PRP"}
}
,
{
"node": "l",
"frag": "{na₄}KIŠIB-šu₂-nu",
"id": "P335412.l023d4",
"ref": "P335412.2.2",
"inst": "kunukkišunu[seal]N",
"exosig": "@saao/saa06%akk-x-neoass:{NA₄}KIŠIB-šu₂-nu=kunukku[seal//seal]N'N$kunukkišunu",
"f": {"lang": "akk-x-neoass",
"form": "{NA₄}KIŠIB-šu₂-nu",
"cf": "kunukku",
"gw": "seal",
"sense": "seal",
"norm": "kunukkišunu",
"pos": "N",
"epos": "N"}
}
,
{
"node": "l",
"frag": "{1}ha-ru-ra-[a-nu]",
"id": "P335412.l023d5",
"ref": "P335412.2.3",
"inst": "Haruranu[1]PN$",
"exosig": "@saao/saa06%akk-x-neoass:{1}ha-ru-ra-a-nu=Haruranu[1//1]PN'PN$Haruranu",
"f": {"lang": "akk-x-neoass",
"form": "{1}ha-ru-ra-a-nu",
"cf": "Haruranu",
"gw": "1",
"sense": "1",
"norm": "Haruranu",
"pos": "PN",
"epos": "PN"}
}
,
{
"node": "d",
"type": "line-start",
"ref": "P335412.3",
"n": "2",
"label": "o 2"}
,
{
"node": "l",
"frag": "{1}sa-li-la-a-nu",
"id": "P335412.l023d6",
"ref": "P335412.3.1",
"inst": "Salilanu[1]PN$",
"exosig": "@saao/saa06%akk-x-neoass:{1}sa-li-la-a-nu=Salilanu[1//1]PN'PN$Salilanu",
"f": {"lang": "akk-x-neoass",
"form": "{1}sa-li-la-a-nu",
"cf": "Salilanu",
"gw": "1",
"sense": "1",
"norm": "Salilanu",
"pos": "PN",
"epos": "PN"}
}
,
{
"node": "l",
"frag": "ṣu-bar-šu₂-nu",
"id": "P335412.l023d7",
"ref": "P335412.3.2",
"inst": "ṣupru[nail//fingernail]N$ṣubaršunu",
"exosig": "@saao/saa06%akk-x-neoass:ṣu-bar-šu₂-nu=ṣupru[nail//fingernail]N'N$ṣubaršunu",
"f": {"lang": "akk-x-neoass",
"form": "ṣu-bar-šu₂-nu",
"cf": "ṣupru",
"gw": "nail",
"sense": "fingernail",
"norm": "ṣubaršunu",
"pos": "N",
"epos": "N"}
}
,
{
"node": "l",
"frag": "iš-⸢kun⸣",
"id": "P335412.l023d8",
"ref": "P335412.3.3",
"inst": "iškun[place]V",
"exosig": "@saao/saa06%akk-x-neoass:iš-kun=šakānu[put//place]V'V$iškun",
"f": {"lang": "akk-x-neoass",
"form": "iš-kun",
"cf": "šakānu",
"gw": "put",
"sense": "place",
"norm": "iškun",
"pos": "V",
"epos": "V"}
}
,
{
"node": "d",
"type": "nonx",
"ref": "P335412.4",
"strict": "1",
"extent": "n",
"scope": "line",
"state": "ruling",
"flags": "!"}
,
{
"node": "d",
"type": "nonx",
"ref": "P335412.5",
"strict": "0",
"extent": "11",
"state": "other"}
,
{
"node": "d",
"type": "nonx",
"ref": "P335412.6",
"strict": "1",
"extent": "n",
"scope": "line",
"state": "ruling",
"flags": "!"}
,
{
"node": "d",
"type": "nonx",
"ref": "P335412.7",
"strict": "1",
"extent": "n",
"scope": "line",
"state": "ruling",
"flags": "!"}
,
{
"node": "d",
"type": "line-start",
"ref": "P335412.8",
"n": "3",
"label": "o 3"}
,
{
"node": "l",
"frag": "{uru}i-si-tu₂",
"id": "P335412.l023d9",
"ref": "P335412.8.1",
"inst": "isītu[tower]N",
"exosig": "@saao/saa06%akk-x-neoass:{URU}i-si-tu₂=isītu[tower//tower]N'N$isītu",
"f": {"lang": "akk-x-neoass",
"form": "{URU}i-si-tu₂",
"cf": "isītu",
"gw": "tower",
"sense": "tower",
"norm": "isītu",
"pos": "N",
"epos": "N"}
}
,
{
"node": "l",
"frag": "be₂-et",
"id": "P335412.l023da",
"ref": "P335412.8.2",
"inst": "bītu[house//plot of land]N$bēt",
"exosig": "@saao/saa06%akk-x-neoass:be₂-et=bītu[house//plot of land]N'N$bēt",
"f": {"lang": "akk-x-neoass",
"form": "be₂-et",
"cf": "bītu",
"gw": "house",
"sense": "plot of land",
"norm": "bēt",
"pos": "N",
"epos": "N"}
}
,
{
"node": "l",
"frag": "10",
"id": "P335412.l023db",
"ref": "P335412.8.3",
"inst": "n",
"f": {"lang": "akk-x-neoass",
"form": "10",
"pos": "n"}
}
,
{
"node": "l",
"frag": "⸢ANŠE⸣",
"id": "P335412.l023dc",
"ref": "P335412.8.4",
"inst": "imārī[a unit of capacity]N",
"exosig": "@saao/saa06%akk-x-neoass:ANŠE=imēru[unit//a unit of capacity]N'N$imārī",
"f": {"lang": "akk-x-neoass",
"form": "ANŠE",
"cf": "imēru",
"gw": "unit",
"sense": "a unit of capacity",
"norm": "imārī",
"pos": "N",
"epos": "N"}
}
,
{
"node": "l",
"frag": "[A.ŠA₃.GA]",
"id": "P335412.l023dd",
"ref": "P335412.8.5",
"inst": "eqlu[land]N",
"exosig": "@saao/saa06%akk-x-neoass:A.ŠA₃.GA=eqlu[field//land]N'N$eqlu",
"f": {"lang": "akk-x-neoass",
"form": "A.ŠA₃.GA",
"cf": "eqlu",
"gw": "field",
"sense": "land",
"norm": "eqlu",
"pos": "N",
"epos": "N"}
}
,
{
"node": "d",
"type": "line-start",
"ref": "P335412.9",
"n": "4",
"label": "o 4"}
,
{
"node": "c",
"type": "phrase",
"tag": "phr",
"id": "P335412.U4",
"ref": "P335412.ls00000",
"cdl": [
{
"node": "l",
"frag": "ina",
"id": "P335412.l023de",
"ref": "P335412.9.1",
"inst": "ina[in+=in]PRP",
"exosig": "@saao/saa06%akk-x-neoass:ina=ina[in//in]PRP'PRP$ina",
"f": {"lang": "akk-x-neoass",
"form": "ina",
"cf": "ina",
"gw": "in",
"sense": "in",
"norm": "ina",
"pos": "PRP",
"epos": "PRP"}
}
,
{
"node": "l",
"frag": "ŠA₃-bi",
"id": "P335412.l023df",
"ref": "P335412.9.2",
"inst": "libbi[interior]N",
"exosig": "@saao/saa06%akk-x-neoass:ŠA₃-bi=libbu[interior//interior]N'N$libbi",
"f": {"lang": "akk-x-neoass",
"form": "ŠA₃-bi",
"cf": "libbu",
"gw": "interior",
"sense": "interior",
"norm": "libbi",
"pos": "N",
"epos": "N"}
}
]}
,
{
"node": "l",
"frag": "u₂-šal-li",
"id": "P335412.l023e0",
"ref": "P335412.9.3",
"inst": "ušalli[meadow]N",
"exosig": "@saao/saa06%akk-x-neoass:u₂-šal-li=ušallu[(fields) along valley-bottom//meadow]N'N$ušalli",
"f": {"lang": "akk-x-neoass",
"form": "u₂-šal-li",
"cf": "ušallu",
"gw": "(fields) along valley-bottom",
"sense": "meadow",
"norm": "ušalli",
"pos": "N",
"epos": "N"}
}
,
{
"node": "l",
"frag": "ina",
"id": "P335412.l023e1",
"ref": "P335412.9.4",
"inst": "ina[in]PRP",
"exosig": "@saao/saa06%akk-x-neoass:ina=ina[in//in]PRP'PRP$ina",
"f": {"lang": "akk-x-neoass",
"form": "ina",
"cf": "ina",
"gw": "in",
"sense": "in",
"norm": "ina",
"pos": "PRP",
"epos": "PRP"}
}
,
{
"node": "l",
"frag": "{uru}[x",
"id": "P335412.l023e2",
"ref": "P335412.9.5",
"inst": "u",
"f": {"lang": "akk-x-neoass",
"form": "{URU}x",
"pos": "u"}
}
,
{
"node": "l",
"frag": "x",
"id": "P335412.l023e3",
"ref": "P335412.9.6",
"inst": "u",
"f": {"lang": "akk-x-neoass",
"form": "x",
"pos": "u"}
}
,
{
"node": "l",
"frag": "x]",
"id": "P335412.l023e4",
"ref": "P335412.9.7",
"inst": "u",
"f": {"lang": "akk-x-neoass",
"form": "x",
"pos": "u"}
}
,
{
"node": "d",
"type": "line-start",
"ref": "P335412.10",
"n": "5",
"label": "o 5"}
,
{
"node": "l",
"frag": "{1}ab-di-ku-bu-bi",
"id": "P335412.l023e5",
"ref": "P335412.10.1",
"inst": "Abdi-Kububi[1]PN$",
"exosig": "@saao/saa06%akk-x-neoass:{1}ab-di-ku-bu-bi=Abdi-Kububi[1//1]PN'PN$Abdi-Kububi",
"f": {"lang": "akk-x-neoass",
"form": "{1}ab-di-ku-bu-bi",
"cf": "Abdi-Kububi",
"gw": "1",
"sense": "1",
"norm": "Abdi-Kububi",
"pos": "PN",
"epos": "PN"}
}
,
{
"node": "l",
"frag": "MI₂-[šu₂",
"id": "P335412.l023e6",
"ref": "P335412.10.2",
"inst": "issušu[woman]N",
"exosig": "@saao/saa06%akk-x-neoass:MI₂-šu₂=sinništu[woman//woman]N'N$issušu",
"f": {"lang": "akk-x-neoass",
"form": "MI₂-šu₂",
"cf": "sinništu",
"gw": "woman",
"sense": "woman",
"norm": "issušu",
"pos": "N",
"epos": "N"}
}
,
{
"node": "l",
"frag": "02",
"id": "P335412.l023e7",
"ref": "P335412.10.3",
"inst": "n",
"f": {"lang": "akk-x-neoass",
"form": "02",
"pos": "n"}
}
,
{
"node": "l",
"frag": "DUMU-MEŠ-šu₂]",
"id": "P335412.l023e8",
"ref": "P335412.10.4",
"inst": "marʾēšu[son]N",
"sig": "@saao%akk-x-neoass:DUMU-MEŠ-šu₂=māru[son//son]N'N$marʾēšu",
"f": {"lang": "akk-x-neoass",
"form": "DUMU-MEŠ-šu₂",
"cf": "māru",
"gw": "son",
"sense": "son",
"norm": "marʾēšu",
"pos": "N",
"epos": "N"}
}
,
{
"node": "d",
"type": "line-start",
"ref": "P335412.11",
"n": "6",
"label": "o 6"}
,
{
"node": "l",
"frag": "PAB",
"id": "P335412.l023e9",
"ref": "P335412.11.1",
"inst": "gimru[total]N",
"exosig": "@saao/saa06%akk-x-neoass:PAB=gimru[totality//total]N'N$gimru",
"f": {"lang": "akk-x-neoass",
"form": "PAB",
"cf": "gimru",
"gw": "totality",
"sense": "total",
"norm": "gimru",
"pos": "N",
"epos": "N"}
}
,
{
"node": "l",
"frag": "04",
"id": "P335412.l023ea",
"ref": "P335412.11.2",
"inst": "n",
"f": {"lang": "akk-x-neoass",
"form": "04",
"pos": "n"}
}
,
{
"node": "l",
"frag": "{lu₂v}ZI-MEŠ",
"id": "P335412.l023eb",
"ref": "P335412.11.3",
"inst": "nupšāti[person]N",
"exosig": "@saao/saa06%akk-x-neoass:{LU₂}ZI-MEŠ=napištu[throat//person]N'N$nupšāti",
"f": {"lang": "akk-x-neoass",
"form": "{LU₂}ZI-MEŠ",
"cf": "napištu",
"gw": "throat",
"sense": "person",
"norm": "nupšāti",
"pos": "N",
"epos": "N"}
}
,
{
"node": "l",
"frag": "ša",
"id": "P335412.l023ec",
"ref": "P335412.11.4",
"inst": "ša[of]DET",
"exosig": "@saao/saa06%akk-x-neoass:ša=ša[of//of]DET'DET$ša",
"f": {"lang": "akk-x-neoass",
"form": "ša",
"cf": "ša",
"gw": "of",
"sense": "of",
"norm": "ša",
"pos": "DET",
"epos": "DET"}
}
,
{
"node": "l",
"frag": "{1}⸢ha⸣-[ru-ra-a-nu]",
"id": "P335412.l023ed",
"ref": "P335412.11.5",
"inst": "Haruranu[1]PN$",
"exosig": "@saao/saa06%akk-x-neoass:{1}ha-ru-ra-a-nu=Haruranu[1//1]PN'PN$Haruranu",
"f": {"lang": "akk-x-neoass",
"form": "{1}ha-ru-ra-a-nu",
"cf": "Haruranu",
"gw": "1",
"sense": "1",
"norm": "Haruranu",
"pos": "PN",
"epos": "PN"}
}
,
{
"node": "l",
"frag": "o",
"id": "P335412.l023ee",
"ref": "P335412.11.6",
"inst": "u",
"f": {"lang": "akk-x-neoass",
"form": "o",
"pos": "u"}
}
,
{
"node": "d",
"type": "line-start",
"ref": "P335412.12",
"n": "7",
"label": "o 7"}
,
{
"node": "l",
"frag": "⸢u₃⸣",
"id": "P335412.l023ef",
"ref": "P335412.12.1",
"inst": "u[and]CNJ",
"exosig": "@saao/saa06%akk-x-neoass:u₃=u[and//and]CNJ'CNJ$u",
"f": {"lang": "akk-x-neoass",
"form": "u₃",
"cf": "u",
"gw": "and",
"sense": "and",
"norm": "u",
"pos": "CNJ",
"epos": "CNJ"}
}
,
{
"node": "l",
"frag": "{1}sa-li-la-a-nu",
"id": "P335412.l023f0",
"ref": "P335412.12.2",
"inst": "Salilanu[1]PN$",
"exosig": "@saao/saa06%akk-x-neoass:{1}sa-li-la-a-nu=Salilanu[1//1]PN'PN$Salilanu",
"f": {"lang": "akk-x-neoass",
"form": "{1}sa-li-la-a-nu",
"cf": "Salilanu",
"gw": "1",
"sense": "1",
"norm": "Salilanu",
"pos": "PN",
"epos": "PN"}
}
,
{
"node": "l",
"frag": "u₂-piš]-ma",
"id": "P335412.l023f1",
"ref": "P335412.12.3",
"inst": "uppišma[contract]V",
"exosig": "@saao/saa06%akk-x-neoass:u₂-piš-ma=epēšu[do//contract]V'V$uppišma",
"f": {"lang": "akk-x-neoass",
"form": "u₂-piš-ma",
"cf": "epēšu",
"gw": "do",
"sense": "contract",
"norm": "uppišma",
"pos": "V",
"epos": "V"}
}
,
{
"node": "l",
"frag": "{1}[DUMU.UŠ-a.a]",
"id": "P335412.l023f2",
"ref": "P335412.12.4",
"inst": "Aplaya[1]PN",
"exosig": "@saao/saa06%akk-x-neoass:{1}DUMU.UŠ-a.a=Aplaya[1//1]PN'PN$Aplaya",
"f": {"lang": "akk-x-neoass",
"form": "{1}DUMU.UŠ-a.a",
"cf": "Aplaya",
"gw": "1",
"sense": "1",
"norm": "Aplaya",
"pos": "PN",
"epos": "PN"}
}
,
{
"node": "d",
"type": "line-start",
"ref": "P335412.13",
"n": "8",
"label": "o 8"}
,
{
"node": "l",
"frag": "[TA@v",
"id": "P335412.l023f3",
"ref": "P335412.13.1",
"inst": "issu[from]PRP",
"exosig": "@saao/saa06%akk-x-neoass:TA@v=ištu[from//from]PRP'PRP$issu",
"f": {"lang": "akk-x-neoass",
"form": "TA@v",
"cf": "ištu",
"gw": "from",
"sense": "from",
"norm": "issu",
"pos": "PRP",
"epos": "PRP"}
}
,
{
"node": "l",
"frag": "ŠU.2-šu₂-nu",
"id": "P335412.l023f4",
"ref": "P335412.13.2",
"inst": "qātēšunu[hand]N",
"exosig": "@saao/saa06%akk-x-neoass:ŠU.2-šu₂-nu=qātu[hand//hand]N'N$qātēšunu",
"f": {"lang": "akk-x-neoass",
"form": "ŠU.2-šu₂-nu",
"cf": "qātu",
"gw": "hand",
"sense": "hand",
"norm": "qātēšunu",
"pos": "N",
"epos": "N"}
}
,
{
"node": "c",
"type": "phrase",
"tag": "phr",
"id": "P335412.U5",
"ref": "P335412.ls00001",
"cdl": [
{
"node": "l",
"frag": "ina",
"id": "P335412.l023f5",
"ref": "P335412.13.3",
"inst": "ina[in+=for]PRP",
"exosig": "@saao/saa06%akk-x-neoass:ina=ina[in//in]PRP'PRP$ina",
"f": {"lang": "akk-x-neoass",
"form": "ina",
"cf": "ina",
"gw": "in",
"sense": "in",
"norm": "ina",
"pos": "PRP",
"epos": "PRP"}
}
,
{
"node": "l",
"frag": "ŠA₃",
"id": "P335412.l023f6",
"ref": "P335412.13.4",
"inst": "libbi[interior]N",
"exosig": "@saao/saa06%akk-x-neoass:ŠA₃=libbu[interior//interior]N'N$libbi",
"f": {"lang": "akk-x-neoass",
"form": "ŠA₃",
"cf": "libbu",
"gw": "interior",
"sense": "interior",
"norm": "libbi",
"pos": "N",
"epos": "N"}
}
]}
,
{
"node": "l",
"frag": "x",
"id": "P335412.l023f7",
"ref": "P335412.13.5",
"inst": "u",
"f": {"lang": "akk-x-neoass",
"form": "x",
"pos": "u"}
}
,
{
"node": "l",
"frag": "MA.NA",
"id": "P335412.l023f8",
"ref": "P335412.13.6",
"inst": "manê[a unit of weight]N",
"exosig": "@saao/saa06%akk-x-neoass:MA.NA=manû[unit//a unit of weight]N'N$manê",
"f": {"lang": "akk-x-neoass",
"form": "MA.NA",
"cf": "manû",
"gw": "unit",
"sense": "a unit of weight",
"norm": "manê",
"pos": "N",
"epos": "N"}
}
,
{
"node": "l",
"frag": "KUG.UD",
"id": "P335412.l023f9",
"ref": "P335412.13.7",
"inst": "ṣarpi[silver]N",
"exosig": "@saao/saa06%akk-x-neoass:KUG.UD=ṣarpu[silver//silver]N'N$ṣarpi",
"f": {"lang": "akk-x-neoass",
"form": "KUG.UD",
"cf": "ṣarpu",
"gw": "silver",
"sense": "silver",
"norm": "ṣarpi",
"pos": "N",
"epos": "N"}
}
,
{
"node": "l",
"frag": "il-qi₂]",
"id": "P335412.l023fa",
"ref": "P335412.13.8",
"inst": "ilqi[purchase]V",
"exosig": "@saao/saa06%akk-x-neoass:il-qi₂=leqû[take//purchase]V'V$ilqi",
"f": {"lang": "akk-x-neoass",
"form": "il-qi₂",
"cf": "leqû",
"gw": "take",
"sense": "purchase",
"norm": "ilqi",
"pos": "V",
"epos": "V"}
}
,
{
"node": "d",
"type": "line-start",
"ref": "P335412.14",
"n": "9",
"label": "o 9"}
,
{
"node": "l",
"frag": "{[uru}i-si-tu₂",
"id": "P335412.l023fb",
"ref": "P335412.14.1",
"inst": "isītu[tower]N",
"exosig": "@saao/saa06%akk-x-neoass:{URU}i-si-tu₂=isītu[tower//tower]N'N$isītu",
"f": {"lang": "akk-x-neoass",
"form": "{URU}i-si-tu₂",
"cf": "isītu",
"gw": "tower",
"sense": "tower",
"norm": "isītu",
"pos": "N",
"epos": "N"}
}
,
{
"node": "l",
"frag": "a-du",
"id": "P335412.l023fc",
"ref": "P335412.14.2",
"inst": "adu[with]PRP",
"exosig": "@saao/saa06%akk-x-neoass:a-du=adi[until//with]PRP'PRP$adu",
"f": {"lang": "akk-x-neoass",
"form": "a-du",
"cf": "adi",
"gw": "until",
"sense": "with",
"norm": "adu",
"pos": "PRP",
"epos": "PRP"}
}
,
{
"node": "l",
"frag": "A].⸢ŠA₃.GA⸣-[MEŠ]",
"id": "P335412.l023fd",
"ref": "P335412.14.3",
"inst": "eqlāti[field]N",
"exosig": "@saao/saa06%akk-x-neoass:A.ŠA₃.GA-MEŠ=eqlu[field//field]N'N$eqlāti",
"f": {"lang": "akk-x-neoass",
"form": "A.ŠA₃.GA-MEŠ",
"cf": "eqlu",
"gw": "field",
"sense": "field",
"norm": "eqlāti",
"pos": "N",
"epos": "N"}
}
,
{
"node": "d",
"type": "line-start",
"ref": "P335412.15",
"n": "10",
"label": "o 10"}
,
{
"node": "l",
"frag": "{1}ab-di-ku-bu]-⸢bi⸣",
"id": "P335412.l023fe",
"ref": "P335412.15.1",
"inst": "Abdi-Kububi[1]PN$",
"exosig": "@saao/saa06%akk-x-neoass:{1}ab-di-ku-bu-bi=Abdi-Kububi[1//1]PN'PN$Abdi-Kububi",
"f": {"lang": "akk-x-neoass",
"form": "{1}ab-di-ku-bu-bi",
"cf": "Abdi-Kububi",
"gw": "1",
"sense": "1",
"norm": "Abdi-Kububi",
"pos": "PN",
"epos": "PN"}
}
,
{
"node": "l",
"frag": "a-du",
"id": "P335412.l023ff",
"ref": "P335412.15.2",
"inst": "adu[with]PRP",
"exosig": "@saao/saa06%akk-x-neoass:a-du=adi[until//with]PRP'PRP$adu",
"f": {"lang": "akk-x-neoass",
"form": "a-du",
"cf": "adi",
"gw": "until",
"sense": "with",
"norm": "adu",
"pos": "PRP",
"epos": "PRP"}
}
,
{
"node": "l",
"frag": "⸢UN⸣-[MEŠ-šu₂]",
"id": "P335412.l02400",
"ref": "P335412.15.3",
"inst": "nišēšu[people]N",
"exosig": "@saao/saa06%akk-x-neoass:UN-MEŠ-šu₂=nišu[people//people]N'N$nišēšu",
"f": {"lang": "akk-x-neoass",
"form": "UN-MEŠ-šu₂",
"cf": "nišu",
"gw": "people",
"sense": "people",
"norm": "nišēšu",
"pos": "N",
"epos": "N"}
}
,
{
"node": "d",
"type": "line-start",
"ref": "P335412.16",
"n": "11",
"label": "o 11"}
,
{
"node": "l",
"frag": "[ap-lu",
"id": "P335412.l02401",
"ref": "P335412.16.1",
"inst": "aplu[paid off]AJ$",
"exosig": "@saao/saa06%akk-x-neoass:ap-lu=aplu[paid off//paid off]AJ'AJ$aplu",
"f": {"lang": "akk-x-neoass",
"form": "ap-lu",
"cf": "aplu",
"gw": "paid off",
"sense": "paid off",
"norm": "aplu",
"pos": "AJ",
"epos": "AJ"}
}
,
{
"node": "l",
"frag": "zar-pu]",
"id": "P335412.l02402",
"ref": "P335412.16.2",
"inst": "zarpu[purchased]AJ",
"exosig": "@saao/saa06%akk-x-neoass:zar-pu=zarpu[purchased//purchased]AJ'AJ$zarpu",
"f": {"lang": "akk-x-neoass",
"form": "zar-pu",
"cf": "zarpu",
"gw": "purchased",
"sense": "purchased",
"norm": "zarpu",
"pos": "AJ",
"epos": "AJ"}
}
,
{
"node": "l",
"frag": "⸢TI⸣-qi-u₂",
"id": "P335412.l02403",
"ref": "P335412.16.3",
"inst": "leqû[taken//acquired]AJ$laqiu",
"exosig": "@saao/saa06%akk-x-neoass:TI-qi-u₂=leqû[taken//acquired]AJ'AJ$laqiu",
"f": {"lang": "akk-x-neoass",
"form": "TI-qi-u₂",
"cf": "leqû",
"gw": "taken",
"sense": "acquired",
"norm": "laqiu",
"pos": "AJ",
"epos": "AJ"}
}
,
{
"node": "l",
"frag": "o",
"id": "P335412.l02404",
"ref": "P335412.16.4",
"inst": "u",
"f": {"lang": "akk-x-neoass",
"form": "o",
"pos": "u"}
}
,
{
"node": "d",
"type": "line-start",
"ref": "P335412.17",
"n": "12",
"label": "o 12"}
,
{
"node": "l",
"frag": "[tu-a-ru",
"id": "P335412.l02405",
"ref": "P335412.17.1",
"inst": "tuāru[revocation]'N",
"exosig": "@saao/saa06%akk-x-neoass:tu-a-ru=târu[turn//revocation]V'N$tuāru",
"f": {"lang": "akk-x-neoass",
"form": "tu-a-ru",
"cf": "târu",
"gw": "turn",
"sense": "revocation",
"norm": "tuāru",
"pos": "V",
"epos": "N"}
}
,
{
"node": "l",
"frag": "de-e-nu]",
"id": "P335412.l02406",
"ref": "P335412.17.2",
"inst": "dēnu[lawsuit]N",
"exosig": "@saao/saa06%akk-x-neoass:de-e-nu=dīnu[legal decision//lawsuit]N'N$dēnu",
"f": {"lang": "akk-x-neoass",
"form": "de-e-nu",
"cf": "dīnu",
"gw": "legal decision",
"sense": "lawsuit",
"norm": "dēnu",
"pos": "N",
"epos": "N"}
}
,
{
"node": "l",
"frag": "DUG₄.DUG₄",
"id": "P335412.l02407",
"ref": "P335412.17.3",
"inst": "dabābu[litigation]'N",
"exosig": "@saao/saa06%akk-x-neoass:DUG₄.DUG₄=dabābu[speak//litigation]V'N$dabābu",
"f": {"lang": "akk-x-neoass",
"form": "DUG₄.DUG₄",
"cf": "dabābu",
"gw": "speak",
"sense": "litigation",
"norm": "dabābu",
"pos": "V",
"epos": "N"}
}
,
{
"node": "l",
"frag": "o",
"id": "P335412.l02408",
"ref": "P335412.17.4",
"inst": "u",
"f": {"lang": "akk-x-neoass",
"form": "o",
"pos": "u"}
}
,
{
"node": "d",
"type": "line-start",
"ref": "P335412.18",
"n": "13",
"label": "o 13"}
,
{
"node": "l",
"frag": "[la-aš₂-šu₂",
"id": "P335412.l02409",
"ref": "P335412.18.1",
"inst": "laššu[(there) is not]V",
"exosig": "@saao/saa06%akk-x-neoass:la-aš₂-šu₂=laššu[(there) is not//(there) is not]V'V$laššu",
"f": {"lang": "akk-x-neoass",
"form": "la-aš₂-šu₂",
"cf": "laššu",
"gw": "(there) is not",
"sense": "(there) is not",
"norm": "laššu",
"pos": "V",
"epos": "V"}
}
,
{
"node": "l",
"frag": "man-nu]",
"id": "P335412.l0240a",
"ref": "P335412.18.2",
"inst": "mannu[whoever]'XP",
"exosig": "@saao/saa06%akk-x-neoass:man-nu=mannu[who?//whoever]QP'XP$mannu",
"f": {"lang": "akk-x-neoass",
"form": "man-nu",
"cf": "mannu",
"gw": "who?",
"sense": "whoever",
"norm": "mannu",
"pos": "QP",
"epos": "XP"}
}
,
{
"node": "l",
"frag": "⸢ša⸣",
"id": "P335412.l0240b",
"ref": "P335412.18.3",
"inst": "ša[that]REL",
"exosig": "@saao/saa06%akk-x-neoass:ša=ša[that//that]REL'REL$ša",
"f": {"lang": "akk-x-neoass",
"form": "ša",
"cf": "ša",
"gw": "that",
"sense": "that",
"norm": "ša",
"pos": "REL",
"epos": "REL"}
}
,
{
"node": "l",
"frag": "ina",
"id": "P335412.l0240c",
"ref": "P335412.18.4",
"inst": "ina[in]PRP",
"exosig": "@saao/saa06%akk-x-neoass:ina=ina[in//in]PRP'PRP$ina",
"f": {"lang": "akk-x-neoass",
"form": "ina",
"cf": "ina",
"gw": "in",
"sense": "in",
"norm": "ina",
"pos": "PRP",
"epos": "PRP"}
}
,
{
"node": "l",
"frag": "ar₂-kat",
"id": "P335412.l0240d",
"ref": "P335412.18.5",
"inst": "warkītu[posterity//future+=future time]N'AJ$arkāt",
"exosig": "@saao/saa06%akk-x-neoass:ar₂-kat=warkītu[posterity//future]N'AJ$arkāt",
"f": {"lang": "akk-x-neoass",
"form": "ar₂-kat",
"cf": "warkītu",
"gw": "posterity",
"sense": "future",
"norm": "arkāt",
"pos": "N",
"epos": "AJ"}
}
,
{
"node": "l",
"frag": "UD-me",
"id": "P335412.l0240e",
"ref": "P335412.18.6",
"inst": "ūmu[day]N$ūme",
"exosig": "@saao/saa06%akk-x-neoass:UD-me=ūmu[day//day]N'N$ūme",
"f": {"lang": "akk-x-neoass",
"form": "UD-me",
"cf": "ūmu",
"gw": "day",
"sense": "day",
"norm": "ūme",
"pos": "N",
"epos": "N"}
}
,
{
"node": "l",
"frag": "o",
"id": "P335412.l0240f",
"ref": "P335412.18.7",
"inst": "u",
"f": {"lang": "akk-x-neoass",
"form": "o",
"pos": "u"}
}
,
{
"node": "d",
"type": "line-start",
"ref": "P335412.19",
"n": "14",
"label": "o 14"}
,
{
"node": "l",
"frag": "[ša",
"id": "P335412.l02410",
"ref": "P335412.19.1",
"inst": "ša[of]DET",
"exosig": "@saao/saa06%akk-x-neoass:ša=ša[of//of]DET'DET$ša",
"f": {"lang": "akk-x-neoass",
"form": "ša",
"cf": "ša",
"gw": "of",
"sense": "of",
"norm": "ša",
"pos": "DET",
"epos": "DET"}
}
,
{
"node": "l",
"frag": "e-la]-⸢an⸣-ni",
"id": "P335412.l02411",
"ref": "P335412.19.2",
"inst": "elû[go up//come forward]V$ellāni",
"exosig": "@saao/saa06%akk-x-neoass:e-la-an-ni=elû[go up//come forward]V'V$ellāni",
"f": {"lang": "akk-x-neoass",
"form": "e-la-an-ni",
"cf": "elû",
"gw": "go up",
"sense": "come forward",
"norm": "ellāni",
"pos": "V",
"epos": "V"}
}
,
{
"node": "d",
"frag": ":",
"type": "nonw",
"ref": "P335412.19.3",
"lang": "akk-x-neoass",
"type": "punct",
"gdl_delim": " "}
,
{
"node": "l",
"frag": "lu-u",
"id": "P335412.l02412",
"ref": "P335412.19.4",
"inst": "lū[may]MOD",
"exosig": "@saao/saa06%akk-x-neoass:lu-u=lū[may//may]MOD'MOD$lū",
"f": {"lang": "akk-x-neoass",
"form": "lu-u",
"cf": "lū",
"gw": "may",
"sense": "may",
"norm": "lū",
"pos": "MOD",
"epos": "MOD"}
}
,
{
"node": "l",
"frag": "{1}ha-ru-[ra-a-nu]",
"id": "P335412.l02413",
"ref": "P335412.19.5",
"inst": "Haruranu[1]PN$",
"exosig": "@saao/saa06%akk-x-neoass:{1}ha-ru-ra-a-nu=Haruranu[1//1]PN'PN$Haruranu",
"f": {"lang": "akk-x-neoass",
"form": "{1}ha-ru-ra-a-nu",
"cf": "Haruranu",
"gw": "1",
"sense": "1",
"norm": "Haruranu",
"pos": "PN",
"epos": "PN"}
}
,
{
"node": "d",
"type": "line-start",
"ref": "P335412.20",
"n": "15",
"label": "o 15"}
,
{
"node": "l",
"frag": "[lu-u",
"id": "P335412.l02414",
"ref": "P335412.20.1",
"inst": "lū[may]MOD",
"exosig": "@saao/saa06%akk-x-neoass:lu-u=lū[may//may]MOD'MOD$lū",
"f": {"lang": "akk-x-neoass",
"form": "lu-u",
"cf": "lū",
"gw": "may",
"sense": "may",
"norm": "lū",
"pos": "MOD",
"epos": "MOD"}
}
,
{
"node": "l",
"frag": "{1}sa]-⸢li⸣-la-a-nu",
"id": "P335412.l02415",
"ref": "P335412.20.2",
"inst": "Salilanu[1]PN$",
"exosig": "@saao/saa06%akk-x-neoass:{1}sa-li-la-a-nu=Salilanu[1//1]PN'PN$Salilanu",
"f": {"lang": "akk-x-neoass",
"form": "{1}sa-li-la-a-nu",
"cf": "Salilanu",
"gw": "1",
"sense": "1",
"norm": "Salilanu",
"pos": "PN",
"epos": "PN"}
}
,
{
"node": "d",
"type": "line-start",
"ref": "P335412.21",
"n": "16",
"label": "o 16"}
,
{
"node": "l",
"frag": "[lu-u",
"id": "P335412.l02416",
"ref": "P335412.21.1",
"inst": "lū[may]MOD",
"exosig": "@saao/saa06%akk-x-neoass:lu-u=lū[may//may]MOD'MOD$lū",
"f": {"lang": "akk-x-neoass",
"form": "lu-u",
"cf": "lū",
"gw": "may",
"sense": "may",
"norm": "lū",
"pos": "MOD",
"epos": "MOD"}
}
,
{
"node": "l",
"frag": "DUMU]-⸢MEŠ⸣-šu₂-nu",
"id": "P335412.l02417",
"ref": "P335412.21.2",
"inst": "marʾēšunu[son]N",
"exosig": "@saao/saa06%akk-x-neoass:DUMU-MEŠ-šu₂-nu=māru[son//son]N'N$marʾēšunu",
"f": {"lang": "akk-x-neoass",
"form": "DUMU-MEŠ-šu₂-nu",
"cf": "māru",
"gw": "son",
"sense": "son",
"norm": "marʾēšunu",
"pos": "N",
"epos": "N"}
}
,
{
"node": "l",
"frag": "lu-u",
"id": "P335412.l02418",
"ref": "P335412.21.3",
"inst": "lū[may]MOD",
"exosig": "@saao/saa06%akk-x-neoass:lu-u=lū[may//may]MOD'MOD$lū",
"f": {"lang": "akk-x-neoass",
"form": "lu-u",
"cf": "lū",
"gw": "may",
"sense": "may",
"norm": "lū",
"pos": "MOD",
"epos": "MOD"}
}
,
{
"node": "c",
"type": "phrase",
"tag": "phr",
"id": "P335412.U6",
"ref": "P335412.ls00002",
"cdl": [
{
"node": "l",
"frag": "DUMU-DUMU-MEŠ-⸢šu₂⸣-[nu]",
"id": "P335412.l02419",
"ref": "P335412.21.4",
"cof-tails": "P335412.l0241a",
"inst": "māru[son]N$mār&māru[son]N$marʾēšunu",
"exosig": "@saao/saa06%akk-x-neoass:DUMU-DUMU-MEŠ-šu₂-nu=māru[son//son]N'N$mār&&@saao%akk-x-neoass:=māru[son//son]N'N$marʾēšunu",
"f": {"lang": "akk-x-neoass",
"form": "DUMU-DUMU-MEŠ-šu₂-nu",
"cf": "māru",
"gw": "son",
"sense": "son",
"norm": "mār",
"pos": "N",
"epos": "N"}
}
,
{
"node": "l",
"frag": "DUMU-DUMU-MEŠ-⸢šu₂⸣-[nu]",
"id": "P335412.l0241a",
"ref": "P335412.21.4",
"cof-head": "P335412.l02419",
"inst": "māru[son]N$mār&māru[son]N$marʾēšunu",
"tail-sig": "@saao%akk-x-neoass:=māru[son//son]N'N$marʾēšunu",
"f": {"lang": "akk-x-neoass",
"form": "DUMU-DUMU-MEŠ-šu₂-nu",
"cf": "māru",
"gw": "son",
"sense": "son",
"norm": "marʾēšunu",
"pos": "N",
"epos": "N"}
}
]}
,
{
"node": "d",
"type": "line-start",
"ref": "P335412.22",
"n": "17",
"label": "o 17"}
,
{
"node": "l",
"frag": "[lu-u",
"id": "P335412.l0241b",
"ref": "P335412.22.1",
"inst": "lū[may]MOD",
"exosig": "@saao/saa06%akk-x-neoass:lu-u=lū[may//may]MOD'MOD$lū",
"f": {"lang": "akk-x-neoass",
"form": "lu-u",
"cf": "lū",
"gw": "may",
"sense": "may",
"norm": "lū",
"pos": "MOD",
"epos": "MOD"}
}
,
{
"node": "l",
"frag": "PAB]-MEŠ-šu₂-nu",
"id": "P335412.l0241c",
"ref": "P335412.22.2",
"inst": "ahhēšunu[brother]N",
"exosig": "@saao/saa06%akk-x-neoass:PAB-MEŠ-šu₂-nu=ahu[brother//brother]N'N$ahhēšunu",
"f": {"lang": "akk-x-neoass",
"form": "PAB-MEŠ-šu₂-nu",
"cf": "ahu",
"gw": "brother",
"sense": "brother",
"norm": "ahhēšunu",
"pos": "N",
"epos": "N"}
}
,
{
"node": "l",
"frag": "lu-u",
"id": "P335412.l0241d",
"ref": "P335412.22.3",
"inst": "lū[may]MOD",
"exosig": "@saao/saa06%akk-x-neoass:lu-u=lū[may//may]MOD'MOD$lū",
"f": {"lang": "akk-x-neoass",
"form": "lu-u",
"cf": "lū",
"gw": "may",
"sense": "may",
"norm": "lū",
"pos": "MOD",
"epos": "MOD"}
}
,
{
"node": "c",
"type": "phrase",
"tag": "phr",
"id": "P335412.U7",
"ref": "P335412.ls00003",
"cdl": [
{
"node": "l",
"frag": "DUMU-MEŠ-⸢ŠEŠ⸣-[MEŠ-šu₂-nu]",
"id": "P335412.l0241e",
"ref": "P335412.22.4",
"cof-tails": "P335412.l0241f",
"inst": "māru[son]N$marʾē&ahu[brother]N$ahhēšunu",
"exosig": "@saao/saa06%akk-x-neoass:DUMU-MEŠ-ŠEŠ-MEŠ-šu₂-nu=māru[son//son]N'N$marʾē&&@saao%akk-x-neoass:=ahu[brother//brother]N'N$ahhēšunu",
"f": {"lang": "akk-x-neoass",
"form": "DUMU-MEŠ-ŠEŠ-MEŠ-šu₂-nu",
"cf": "māru",
"gw": "son",
"sense": "son",
"norm": "marʾē",
"pos": "N",
"epos": "N"}
}
,
{
"node": "l",
"frag": "DUMU-MEŠ-⸢ŠEŠ⸣-[MEŠ-šu₂-nu]",
"id": "P335412.l0241f",
"ref": "P335412.22.4",
"cof-head": "P335412.l0241e",
"inst": "māru[son]N$marʾē&ahu[brother]N$ahhēšunu",
"tail-sig": "@saao%akk-x-neoass:=ahu[brother//brother]N'N$ahhēšunu",
"f": {"lang": "akk-x-neoass",
"form": "DUMU-MEŠ-ŠEŠ-MEŠ-šu₂-nu",
"cf": "ahu",
"gw": "brother",
"sense": "brother",
"norm": "ahhēšunu",
"pos": "N",
"epos": "N"}
}
]}
,
{
"node": "d",
"type": "line-start",
"ref": "P335412.23",
"n": "18",
"label": "o 18"}
,
{
"node": "l",
"frag": "[lu-u",
"id": "P335412.l02420",
"ref": "P335412.23.1",
"inst": "lū[may]MOD",
"exosig": "@saao/saa06%akk-x-neoass:lu-u=lū[may//may]MOD'MOD$lū",
"f": {"lang": "akk-x-neoass",
"form": "lu-u",
"cf": "lū",
"gw": "may",
"sense": "may",
"norm": "lū",
"pos": "MOD",
"epos": "MOD"}
}
,
{
"node": "l",
"frag": "{lu₂v]}⸢ha⸣-za-na-šu₂-nu",
"id": "P335412.l02421",
"ref": "P335412.23.2",
"inst": "hazannu[mayor]N$hazannašunu",
"exosig": "@saao/saa06%akk-x-neoass:{LU₂}ha-za-na-šu₂-nu=hazannu[mayor//mayor]N'N$hazannašunu",
"f": {"lang": "akk-x-neoass",
"form": "{LU₂}ha-za-na-šu₂-nu",
"cf": "hazannu",
"gw": "mayor",
"sense": "mayor",
"norm": "hazannašunu",
"pos": "N",
"epos": "N"}
}
,
{
"node": "l",
"frag": "lu-u",
"id": "P335412.l02422",
"ref": "P335412.23.3",
"inst": "lū[may]MOD",
"exosig": "@saao/saa06%akk-x-neoass:lu-u=lū[may//may]MOD'MOD$lū",
"f": {"lang": "akk-x-neoass",
"form": "lu-u",
"cf": "lū",
"gw": "may",
"sense": "may",
"norm": "lū",
"pos": "MOD",
"epos": "MOD"}
}
,
{
"node": "l",
"frag": "{⸢lu₂v⸣}[GAR-nu-šu₂-nu]",
"id": "P335412.l02423",
"ref": "P335412.23.4",
"inst": "šaknušunu[prefect]N",
"exosig": "@saao/saa06%akk-x-neoass:{LU₂}GAR-nu-šu₂-nu=šaknu[appointee//prefect]N'N$šaknušunu",
"f": {"lang": "akk-x-neoass",
"form": "{LU₂}GAR-nu-šu₂-nu",
"cf": "šaknu",
"gw": "appointee",
"sense": "prefect",
"norm": "šaknušunu",
"pos": "N",
"epos": "N"}
}
,
{
"node": "d",
"type": "line-start",
"ref": "P335412.24",
"n": "19",
"label": "o 19"}
,
{
"node": "l",
"frag": "[lu-u]",
"id": "P335412.l02424",
"ref": "P335412.24.1",
"inst": "lū[may]MOD",
"exosig": "@saao/saa06%akk-x-neoass:lu-u=lū[may//may]MOD'MOD$lū",
"f": {"lang": "akk-x-neoass",
"form": "lu-u",
"cf": "lū",
"gw": "may",
"sense": "may",
"norm": "lū",
"pos": "MOD",
"epos": "MOD"}
}
,
{
"node": "l",
"frag": "⸢IM⸣.RI.A",
"id": "P335412.l02425",
"ref": "P335412.24.2",
"inst": "kimtu[family]N$",
"exosig": "@saao/saa06%akk-x-neoass:IM.RI.A=kimtu[family//family]N'N$kimtu",
"f": {"lang": "akk-x-neoass",
"form": "IM.RI.A",
"cf": "kimtu",
"gw": "family",
"sense": "family",
"norm": "kimtu",
"pos": "N",
"epos": "N"}
}
,
{
"node": "l",
"frag": "KI.MIN",
"id": "P335412.l02426",
"ref": "P335412.24.3",
"inst": "šanīš[ditto]AV",
"exosig": "@saao/saa06%akk-x-neoass:KI.MIN=šanîš[otherwise//ditto]AV'AV$šanīš",
"f": {"lang": "akk-x-neoass",
"form": "KI.MIN",
"cf": "šanîš",
"gw": "otherwise",
"sense": "ditto",
"norm": "šanīš",
"pos": "AV",
"epos": "AV"}
}
,
{
"node": "l",
"frag": "KI.MIN",
"id": "P335412.l02427",
"ref": "P335412.24.4",
"inst": "šanīš[ditto]AV",
"exosig": "@saao/saa06%akk-x-neoass:KI.MIN=šanîš[otherwise//ditto]AV'AV$šanīš",
"f": {"lang": "akk-x-neoass",
"form": "KI.MIN",
"cf": "šanîš",
"gw": "otherwise",
"sense": "ditto",
"norm": "šanīš",
"pos": "AV",
"epos": "AV"}
}
,
{
"node": "l",
"frag": "[x",
"id": "P335412.l02428",
"ref": "P335412.24.5",
"inst": "u",
"f": {"lang": "akk-x-neoass",
"form": "x",
"pos": "u"}
}
,
{
"node": "l",
"frag": "x",
"id": "P335412.l02429",
"ref": "P335412.24.6",
"inst": "u",
"f": {"lang": "akk-x-neoass",
"form": "x",
"pos": "u"}
}
,
{
"node": "l",
"frag": "x]",
"id": "P335412.l0242a",
"ref": "P335412.24.7",
"inst": "u",
"f": {"lang": "akk-x-neoass",
"form": "x",
"pos": "u"}
}
,
{
"node": "d",
"type": "line-start",
"ref": "P335412.25",
"n": "20",
"label": "o 20"}
,
{
"node": "l",
"frag": "[lu-u",
"id": "P335412.l0242b",
"ref": "P335412.25.1",
"inst": "lū[may]MOD",
"exosig": "@saao/saa06%akk-x-neoass:lu-u=lū[may//may]MOD'MOD$lū",
"f": {"lang": "akk-x-neoass",
"form": "lu-u",
"cf": "lū",
"gw": "may",
"sense": "may",
"norm": "lū",
"pos": "MOD",
"epos": "MOD"}
}
,
{
"node": "l",
"frag": "mam₂]-ma-šu₂-nu",
"id": "P335412.l0242c",
"ref": "P335412.25.2",
"inst": "mammanu-[whosoever//relative]XP'N$mammašunu",
"exosig": "@saao/saa06%akk-x-neoass:mam₂-ma-šu₂-nu=mammanu-[whosoever//relative]XP'N$mammašunu",
"f": {"lang": "akk-x-neoass",
"form": "mam₂-ma-šu₂-nu",
"cf": "mammanu-",
"gw": "whosoever",
"sense": "relative",
"norm": "mammašunu",
"pos": "XP",
"epos": "N"}
}
,
{
"node": "l",
"frag": "e-la-an-[ni]",
"id": "P335412.l0242d",
"ref": "P335412.25.3",
"inst": "elû[go up//come forward]V$ellāni",
"exosig": "@saao/saa06%akk-x-neoass:e-la-an-ni=elû[go up//come forward]V'V$ellāni",
"f": {"lang": "akk-x-neoass",
"form": "e-la-an-ni",
"cf": "elû",
"gw": "go up",
"sense": "come forward",
"norm": "ellāni",
"pos": "V",
"epos": "V"}
}
,
{
"node": "d",
"type": "line-start",
"ref": "P335412.26",
"n": "21",
"label": "o 21"}
,
{
"node": "l",
"frag": "[TA@v",
"id": "P335412.l0242e",
"ref": "P335412.26.1",
"inst": "issi[with]PRP",
"exosig": "@saao/saa06%akk-x-neoass:TA@v=išti[with//with]PRP'PRP$issi",
"f": {"lang": "akk-x-neoass",
"form": "TA@v",
"cf": "išti",
"gw": "with",
"sense": "with",
"norm": "issi",
"pos": "PRP",
"epos": "PRP"}
}
,
{
"node": "l",
"frag": "{1}DUMU.UŠ-a.a",
"id": "P335412.l0242f",
"ref": "P335412.26.2",
"inst": "Aplaya[1]PN",
"exosig": "@saao/saa06%akk-x-neoass:{1}DUMU.UŠ-a.a=Aplaya[1//1]PN'PN$Aplaya",
"f": {"lang": "akk-x-neoass",
"form": "{1}DUMU.UŠ-a.a",
"cf": "Aplaya",
"gw": "1",
"sense": "1",
"norm": "Aplaya",
"pos": "PN",
"epos": "PN"}
}
,
{
"node": "l",
"frag": "[u₃",
"id": "P335412.l02430",
"ref": "P335412.26.3",
"inst": "u[and]CNJ",
"exosig": "@saao/saa06%akk-x-neoass:u₃=u[and//and]CNJ'CNJ$u",
"f": {"lang": "akk-x-neoass",
"form": "u₃",
"cf": "u",
"gw": "and",
"sense": "and",
"norm": "u",
"pos": "CNJ",
"epos": "CNJ"}
}
,
{
"node": "l",
"frag": "DUMU-MEŠ-šu₂]",
"id": "P335412.l02431",
"ref": "P335412.26.4",
"inst": "marʾēšu[son]N",
"sig": "@saao%akk-x-neoass:DUMU-MEŠ-šu₂=māru[son//son]N'N$marʾēšu",
"f": {"lang": "akk-x-neoass",
"form": "DUMU-MEŠ-šu₂",
"cf": "māru",
"gw": "son",
"sense": "son",
"norm": "marʾēšu",
"pos": "N",
"epos": "N"}
}
,
{
"node": "d",
"subtype": "bottom",
"type": "surface",
"ref": "P335412.b.e..27",
"type": "bottom",
"label": "b.e."}
,
{
"node": "d",
"type": "line-start",
"ref": "P335412.28",
"n": "22",
"label": "b.e. 22"}
,
{
"node": "l",
"frag": "[de-nu]",
"id": "P335412.l02432",
"ref": "P335412.28.1",
"inst": "dēnu[lawsuit]N",
"exosig": "@saao/saa06%akk-x-neoass:de-nu=dīnu[legal decision//lawsuit]N'N$dēnu",
"f": {"lang": "akk-x-neoass",
"form": "de-nu",
"cf": "dīnu",
"gw": "legal decision",
"sense": "lawsuit",
"norm": "dēnu",
"pos": "N",
"epos": "N"}
}
,
{
"node": "l",
"frag": "⸢DUG₄.DUG₄",
"id": "P335412.l02433",
"ref": "P335412.28.2",
"inst": "dabābu[litigation]'N",
"exosig": "@saao/saa06%akk-x-neoass:DUG₄.DUG₄=dabābu[speak//litigation]V'N$dabābu",
"f": {"lang": "akk-x-neoass",
"form": "DUG₄.DUG₄",
"cf": "dabābu",
"gw": "speak",
"sense": "litigation",
"norm": "dabābu",
"pos": "V",
"epos": "N"}
}
,
{
"node": "l",
"frag": "i⸣-[gar-ru-ni]",
"id": "P335412.l02434",
"ref": "P335412.28.3",
"inst": "gerû[be(come) hostile to//initiate]V$igarrûni",
"exosig": "@saao/saa06%akk-x-neoass:i-gar-ru-ni=gerû[be(come) hostile to//initiate]V'V$igarrûni",
"f": {"lang": "akk-x-neoass",
"form": "i-gar-ru-ni",
"cf": "gerû",
"gw": "be(come) hostile to",
"sense": "initiate",
"norm": "igarrûni",
"pos": "V",
"epos": "V"}
}
,
{
"node": "d",
"subtype": "reverse",
"type": "surface",
"ref": "P335412.r.29",
"type": "reverse",
"label": "r"}
,
{
"node": "d",
"type": "line-start",
"ref": "P335412.30",
"n": "1",
"label": "r 1"}
,
{
"node": "l",
"frag": "[i-qab-bu-u-ni",
"id": "P335412.l02435",
"ref": "P335412.30.1",
"inst": "iqabbûni[say]V",
"exosig": "@saao/saa06%akk-x-neoass:i-qab-bu-u-ni=qabû[say//say]V'V$iqabbûni",
"f": {"lang": "akk-x-neoass",
"form": "i-qab-bu-u-ni",
"cf": "qabû",
"gw": "say",
"sense": "say",
"norm": "iqabbûni",
"pos": "V",
"epos": "V"}
}
,
{
"node": "l",
"frag": "ma-a",
"id": "P335412.l02436",
"ref": "P335412.30.2",
"inst": "mā[saying]PRP",
"exosig": "@saao/saa06%akk-x-neoass:ma-a=mā[saying//saying]PRP'PRP$mā",
"f": {"lang": "akk-x-neoass",
"form": "ma-a",
"cf": "mā",
"gw": "saying",
"sense": "saying",
"norm": "mā",
"pos": "PRP",
"epos": "PRP"}
}
,
{
"node": "l",
"frag": "kas-pu]",
"id": "P335412.l02437",
"ref": "P335412.30.3",
"inst": "kaspu[money]N",
"exosig": "@saao/saa06%akk-x-neoass:kas-pu=kaspu[silver//money]N'N$kaspu",
"f": {"lang": "akk-x-neoass",
"form": "kas-pu",
"cf": "kaspu",
"gw": "silver",
"sense": "money",
"norm": "kaspu",
"pos": "N",
"epos": "N"}
}
,
{
"node": "d",
"type": "line-start",
"ref": "P335412.31",
"n": "2",
"label": "r 2"}
,
{
"node": "l",
"frag": "[la",
"id": "P335412.l02438",
"ref": "P335412.31.1",
"inst": "lā[not]MOD",
"exosig": "@saao/saa06%akk-x-neoass:la=lā[not//not]MOD'MOD$lā",
"f": {"lang": "akk-x-neoass",
"form": "la",
"cf": "lā",
"gw": "not",
"sense": "not",
"norm": "lā",
"pos": "MOD",
"epos": "MOD"}
}
,
{
"node": "l",
"frag": "gam-mur",
"id": "P335412.l02439",
"ref": "P335412.31.2",
"inst": "gammur[completed]AJ",
"exosig": "@saao/saa06%akk-x-neoass:gam-mur=gammuru[finished//completed]AJ'AJ$gammur",
"f": {"lang": "akk-x-neoass",
"form": "gam-mur",
"cf": "gammuru",
"gw": "finished",
"sense": "completed",
"norm": "gammur",
"pos": "AJ",
"epos": "AJ"}
}
,
{
"node": "l",
"frag": "la",
"id": "P335412.l0243a",
"ref": "P335412.31.3",
"inst": "lā[not]MOD",
"exosig": "@saao/saa06%akk-x-neoass:la=lā[not//not]MOD'MOD$lā",
"f": {"lang": "akk-x-neoass",
"form": "la",
"cf": "lā",
"gw": "not",
"sense": "not",
"norm": "lā",
"pos": "MOD",
"epos": "MOD"}
}
,
{
"node": "l",
"frag": "ta-ad-din",
"id": "P335412.l0243b",
"ref": "P335412.31.4",
"inst": "taddin[paid]AJ",
"exosig": "@saao/saa06%akk-x-neoass:ta-ad-din=tadnu[given//paid]AJ'AJ$taddin",
"f": {"lang": "akk-x-neoass",
"form": "ta-ad-din",
"cf": "tadnu",
"gw": "given",
"sense": "paid",
"norm": "taddin",
"pos": "AJ",
"epos": "AJ"}
}
,
{
"node": "l",
"frag": "i-si-tu₂]",
"id": "P335412.l0243c",
"ref": "P335412.31.5",
"inst": "isītu[tower]N$",
"exosig": "@saao/saa06%akk-x-neoass:i-si-tu₂=isītu[tower//tower]N'N$isītu",
"f": {"lang": "akk-x-neoass",
"form": "i-si-tu₂",
"cf": "isītu",
"gw": "tower",
"sense": "tower",
"norm": "isītu",
"pos": "N",
"epos": "N"}
}
,
{
"node": "d",
"type": "line-start",
"ref": "P335412.32",
"n": "3",
"label": "r 3"}
,
{
"node": "l",
"frag": "[a-di",
"id": "P335412.l0243d",
"ref": "P335412.32.1",
"inst": "adi[with]PRP",
"exosig": "@saao/saa06%akk-x-neoass:a-di=adi[until//with]PRP'PRP$adi",
"f": {"lang": "akk-x-neoass",
"form": "a-di",
"cf": "adi",
"gw": "until",
"sense": "with",
"norm": "adi",
"pos": "PRP",
"epos": "PRP"}
}
,
{
"node": "l",
"frag": "A.ŠA₃.GA-MEŠ",
"id": "P335412.l0243e",
"ref": "P335412.32.2",
"inst": "eqlāti[field]N",
"exosig": "@saao/saa06%akk-x-neoass:A.ŠA₃.GA-MEŠ=eqlu[field//field]N'N$eqlāti",
"f": {"lang": "akk-x-neoass",
"form": "A.ŠA₃.GA-MEŠ",
"cf": "eqlu",
"gw": "field",
"sense": "field",
"norm": "eqlāti",
"pos": "N",
"epos": "N"}
}
,
{
"node": "l",
"frag": "{1}ab-di]-ku-⸢bu⸣-[bi]",
"id": "P335412.l0243f",
"ref": "P335412.32.3",
"inst": "Abdi-Kububi[1]PN$",
"exosig": "@saao/saa06%akk-x-neoass:{1}ab-di-ku-bu-bi=Abdi-Kububi[1//1]PN'PN$Abdi-Kububi",
"f": {"lang": "akk-x-neoass",
"form": "{1}ab-di-ku-bu-bi",
"cf": "Abdi-Kububi",
"gw": "1",
"sense": "1",
"norm": "Abdi-Kububi",
"pos": "PN",
"epos": "PN"}
}
,
{
"node": "d",
"type": "line-start",
"ref": "P335412.33",
"n": "4",
"label": "r 4"}
,
{
"node": "l",
"frag": "[a-di",
"id": "P335412.l02440",
"ref": "P335412.33.1",
"inst": "adi[with]PRP",
"exosig": "@saao/saa06%akk-x-neoass:a-di=adi[until//with]PRP'PRP$adi",
"f": {"lang": "akk-x-neoass",
"form": "a-di",
"cf": "adi",
"gw": "until",
"sense": "with",
"norm": "adi",
"pos": "PRP",
"epos": "PRP"}
}
,
{
"node": "l",
"frag": "UN]-MEŠ",
"id": "P335412.l02441",
"ref": "P335412.33.2",
"inst": "nišē[people]N",
"exosig": "@saao/saa06%akk-x-neoass:UN-MEŠ=nišu[people//people]N'N$nišē",
"f": {"lang": "akk-x-neoass",
"form": "UN-MEŠ",
"cf": "nišu",
"gw": "people",
"sense": "people",
"norm": "nišē",
"pos": "N",
"epos": "N"}
}
,
{
"node": "l",
"frag": "la",
"id": "P335412.l02442",
"ref": "P335412.33.3",
"inst": "lā[not]MOD",
"exosig": "@saao/saa06%akk-x-neoass:la=lā[not//not]MOD'MOD$lā",
"f": {"lang": "akk-x-neoass",
"form": "la",
"cf": "lā",
"gw": "not",
"sense": "not",
"norm": "lā",
"pos": "MOD",
"epos": "MOD"}
}
,
{
"node": "l",
"frag": "laq-qi-[u",
"id": "P335412.l02443",
"ref": "P335412.33.4",
"inst": "laqqiu[purchased]AJ",
"exosig": "@saao/saa06%akk-x-neoass:laq-qi-u=leqû[taken//purchased]AJ'AJ$laqqiu",
"f": {"lang": "akk-x-neoass",
"form": "laq-qi-u",
"cf": "leqû",
"gw": "taken",
"sense": "purchased",
"norm": "laqqiu",
"pos": "AJ",
"epos": "AJ"}
}
,
{
"node": "l",
"frag": "la",
"id": "P335412.l02444",
"ref": "P335412.33.5",
"inst": "lā[not]MOD",
"exosig": "@saao/saa06%akk-x-neoass:la=lā[not//not]MOD'MOD$lā",
"f": {"lang": "akk-x-neoass",
"form": "la",
"cf": "lā",
"gw": "not",
"sense": "not",
"norm": "lā",
"pos": "MOD",
"epos": "MOD"}
}
,
{
"node": "l",
"frag": "ap-lu]",
"id": "P335412.l02445",
"ref": "P335412.33.6",
"inst": "aplu[paid off]AJ$",
"exosig": "@saao/saa06%akk-x-neoass:ap-lu=aplu[paid off//paid off]AJ'AJ$aplu",
"f": {"lang": "akk-x-neoass",
"form": "ap-lu",
"cf": "aplu",
"gw": "paid off",
"sense": "paid off",
"norm": "aplu",
"pos": "AJ",
"epos": "AJ"}
}
,
{
"node": "d",
"type": "line-start",
"ref": "P335412.34",
"n": "5",
"label": "r 5"}
,
{
"node": "l",
"frag": "[x",
"id": "P335412.l02446",
"ref": "P335412.34.1",
"inst": "u",
"f": {"lang": "akk-x-neoass",
"form": "x",
"pos": "u"}
}
,
{
"node": "l",
"frag": "x",
"id": "P335412.l02447",
"ref": "P335412.34.2",
"inst": "u",
"f": {"lang": "akk-x-neoass",
"form": "x",
"pos": "u"}
}
,
{
"node": "l",
"frag": "x",
"id": "P335412.l02448",
"ref": "P335412.34.3",
"inst": "u",
"f": {"lang": "akk-x-neoass",
"form": "x",
"pos": "u"}
}
,
{
"node": "l",
"frag": "x]-mur",
"id": "P335412.l02449",
"ref": "P335412.34.4",
"inst": "u",
"f": {"lang": "akk-x-neoass",
"form": "x-mur",
"pos": "u"}
}
,
{
"node": "l",
"frag": "u₂-ma-a",
"id": "P335412.l0244a",
"ref": "P335412.34.5",
"inst": "ūmâ[now]AV",
"exosig": "@saao/saa06%akk-x-neoass:u₂-ma-a=ūma[today//now]AV'AV$ūmâ",
"f": {"lang": "akk-x-neoass",
"form": "u₂-ma-a",
"cf": "ūma",
"gw": "today",
"sense": "now",
"norm": "ūmâ",
"pos": "AV",
"epos": "AV"}
}
,
{
"node": "l",
"frag": "⸢kas⸣-[pu",
"id": "P335412.l0244b",
"ref": "P335412.34.6",
"inst": "kaspu[money]N",
"exosig": "@saao/saa06%akk-x-neoass:kas-pu=kaspu[silver//money]N'N$kaspu",
"f": {"lang": "akk-x-neoass",
"form": "kas-pu",
"cf": "kaspu",
"gw": "silver",
"sense": "money",
"norm": "kaspu",
"pos": "N",
"epos": "N"}
}
,
{
"node": "l",
"frag": "ih-hur]",
"id": "P335412.l0244c",
"ref": "P335412.34.7",
"inst": "mahāru[face//receive]V$ihhur",
"exosig": "@saao/saa06%akk-x-neoass:ih-hur=mahāru[face//receive]V'V$ihhur",
"f": {"lang": "akk-x-neoass",
"form": "ih-hur",
"cf": "mahāru",
"gw": "face",
"sense": "receive",
"norm": "ihhur",
"pos": "V",
"epos": "V"}
}
,
{
"node": "d",
"type": "line-start",
"ref": "P335412.35",
"n": "6",
"label": "r 6"}
,
{
"node": "l",
"frag": "[a-na",
"id": "P335412.l0244d",
"ref": "P335412.35.1",
"inst": "ana[by]PRP",
"exosig": "@saao/saa06%akk-x-neoass:a-na=ana[to//by]PRP'PRP$ana",
"f": {"lang": "akk-x-neoass",
"form": "a-na",
"cf": "ana",
"gw": "to",
"sense": "by",
"norm": "ana",
"pos": "PRP",
"epos": "PRP"}
}
,
{
"node": "l",
"frag": "12.TA-a].⸢a⸣",
"id": "P335412.l0244e",
"ref": "P335412.35.2",
"inst": "n",
"f": {"lang": "akk-x-neoass",
"form": "12.TA-a.a",
"pos": "n"}
}
,
{
"node": "l",
"frag": "a-na",
"id": "P335412.l0244f",
"ref": "P335412.35.3",
"inst": "ana[to]PRP",
"exosig": "@saao/saa06%akk-x-neoass:a-na=ana[to//to]PRP'PRP$ana",
"f": {"lang": "akk-x-neoass",
"form": "a-na",
"cf": "ana",
"gw": "to",
"sense": "to",
"norm": "ana",
"pos": "PRP",
"epos": "PRP"}
}
,
{
"node": "l",
"frag": "EN-šu₂",
"id": "P335412.l02450",
"ref": "P335412.35.4",
"inst": "bēlīšu[owner]N",
"exosig": "@saao/saa06%akk-x-neoass:EN-šu₂=bēlu[lord//owner]N'N$bēlīšu",
"f": {"lang": "akk-x-neoass",
"form": "EN-šu₂",
"cf": "bēlu",
"gw": "lord",
"sense": "owner",
"norm": "bēlīšu",
"pos": "N",
"epos": "N"}
}
,
{
"node": "l",
"frag": "[GUR-ra]",
"id": "P335412.l02451",
"ref": "P335412.35.5",
"inst": "itūra[return]V",
"exosig": "@saao/saa06%akk-x-neoass:GUR-ra=târu[turn//return]V'V$itūra",
"f": {"lang": "akk-x-neoass",
"form": "GUR-ra",
"cf": "târu",
"gw": "turn",
"sense": "return",
"norm": "itūra",
"pos": "V",
"epos": "V"}
}
,
{
"node": "d",
"type": "line-start",
"ref": "P335412.36",
"n": "7",
"label": "r 7"}
,
{
"node": "l",
"frag": "[ina",
"id": "P335412.l02452",
"ref": "P335412.36.1",
"inst": "ina[in]PRP",
"exosig": "@saao/saa06%akk-x-neoass:ina=ina[in//in]PRP'PRP$ina",
"f": {"lang": "akk-x-neoass",
"form": "ina",
"cf": "ina",
"gw": "in",
"sense": "in",
"norm": "ina",
"pos": "PRP",
"epos": "PRP"}
}
,
{
"node": "l",
"frag": "de-ni-šu₂]",
"id": "P335412.l02453",
"ref": "P335412.36.2",
"inst": "dēnīšu[lawsuit]N",
"exosig": "@saao/saa06%akk-x-neoass:de-ni-šu₂=dīnu[legal decision//lawsuit]N'N$dēnīšu",
"f": {"lang": "akk-x-neoass",
"form": "de-ni-šu₂",
"cf": "dīnu",
"gw": "legal decision",
"sense": "lawsuit",
"norm": "dēnīšu",
"pos": "N",
"epos": "N"}
}
,
{
"node": "l",
"frag": "DUG₄.DUG₄-ma",
"id": "P335412.l02454",
"ref": "P335412.36.3",
"inst": "idabbubma[contest]V",
"exosig": "@saao/saa06%akk-x-neoass:DUG₄.DUG₄-ma=dabābu[speak//contest]V'V$idabbubma",
"f": {"lang": "akk-x-neoass",
"form": "DUG₄.DUG₄-ma",
"cf": "dabābu",
"gw": "speak",
"sense": "contest",
"norm": "idabbubma",
"pos": "V",
"epos": "V"}
}
,
{
"node": "l",
"frag": "⸢la⸣",
"id": "P335412.l02455",
"ref": "P335412.36.4",
"inst": "lā[not]MOD",
"exosig": "@saao/saa06%akk-x-neoass:la=lā[not//not]MOD'MOD$lā",
"f": {"lang": "akk-x-neoass",
"form": "la",
"cf": "lā",
"gw": "not",
"sense": "not",
"norm": "lā",
"pos": "MOD",
"epos": "MOD"}
}
,
{
"node": "l",
"frag": "[i-laq-qi]",
"id": "P335412.l02456",
"ref": "P335412.36.5",
"inst": "ilaqqi[succeed]V",
"exosig": "@saao/saa06%akk-x-neoass:i-laq-qi=leqû[take//succeed]V'V$ilaqqi",
"f": {"lang": "akk-x-neoass",
"form": "i-laq-qi",
"cf": "leqû",
"gw": "take",
"sense": "succeed",
"norm": "ilaqqi",
"pos": "V",
"epos": "V"}
}
,
{
"node": "d",
"type": "nonx",
"ref": "P335412.37",
"strict": "1",
"extent": "n",
"scope": "line",
"state": "ruling"}
,
{
"node": "d",
"type": "line-start",
"ref": "P335412.38",
"n": "8",
"label": "r 8"}
,
{
"node": "l",
"frag": "[IGI",
"id": "P335412.l02457",
"ref": "P335412.38.1",
"inst": "šību[witness]N",
"exosig": "@saao/saa06%akk-x-neoass:IGI=šību[witness//witness]N'N$šību",
"f": {"lang": "akk-x-neoass",
"form": "IGI",
"cf": "šību",
"gw": "witness",
"sense": "witness",
"norm": "šību",
"pos": "N",
"epos": "N"}
}
,
{
"node": "l",
"frag": "{1}U.GUR]-⸢šal⸣-lim-an-ni",
"id": "P335412.l02458",
"ref": "P335412.38.2",
"inst": "Nergal-šallimanni[1]PN$",
"exosig": "@saao/saa06%akk-x-neoass:{1}U.GUR-šal-lim-an-ni=Nergal-šallimanni[1//1]PN'PN$Nergal-šallimanni",
"f": {"lang": "akk-x-neoass",
"form": "{1}U.GUR-šal-lim-an-ni",
"cf": "Nergal-šallimanni",
"gw": "1",
"sense": "1",
"norm": "Nergal-šallimanni",
"pos": "PN",
"epos": "PN"}
}
,
{
"node": "l",
"frag": "{lu₂v}GAL-[x",
"id": "P335412.l02459",
"ref": "P335412.38.3",
"inst": "u",
"f": {"lang": "akk-x-neoass",
"form": "{LU₂}GAL-x",
"pos": "u"}
}
,
{
"node": "l",
"frag": "x",
"id": "P335412.l0245a",
"ref": "P335412.38.4",
"inst": "u",
"f": {"lang": "akk-x-neoass",
"form": "x",
"pos": "u"}
}
,
{
"node": "l",
"frag": "x]",
"id": "P335412.l0245b",
"ref": "P335412.38.5",
"inst": "u",
"f": {"lang": "akk-x-neoass",
"form": "x",
"pos": "u"}
}
,
{
"node": "d",
"type": "line-start",
"ref": "P335412.39",
"n": "9",
"label": "r 9"}
,
{
"node": "l",
"frag": "[IGI",
"id": "P335412.l0245c",
"ref": "P335412.39.1",
"inst": "šību[witness]N",
"exosig": "@saao/saa06%akk-x-neoass:IGI=šību[witness//witness]N'N$šību",
"f": {"lang": "akk-x-neoass",
"form": "IGI",
"cf": "šību",
"gw": "witness",
"sense": "witness",
"norm": "šību",
"pos": "N",
"epos": "N"}
}
,
{
"node": "l",
"frag": "{1}x",
"id": "P335412.l0245d",
"ref": "P335412.39.2",
"inst": "u",
"f": {"lang": "akk-x-neoass",
"form": "{1}x",
"pos": "u"}
}
,
{
"node": "l",
"frag": "x",
"id": "P335412.l0245e",
"ref": "P335412.39.3",
"inst": "u",
"f": {"lang": "akk-x-neoass",
"form": "x",
"pos": "u"}
}
,
{
"node": "l",
"frag": "x]",
"id": "P335412.l0245f",
"ref": "P335412.39.4",
"inst": "u",
"f": {"lang": "akk-x-neoass",
"form": "x",
"pos": "u"}
}
,
{
"node": "l",
"frag": "{⸢lu₂v⸣}GAL-⸢sa-x⸣+[x",
"id": "P335412.l02460",
"ref": "P335412.39.5",
"inst": "u",
"f": {"lang": "akk-x-neoass",
"form": "{LU₂}GAL-sa-x+x",
"pos": "u"}
}
,
{
"node": "l",
"frag": "x",
"id": "P335412.l02461",
"ref": "P335412.39.6",
"inst": "u",
"f": {"lang": "akk-x-neoass",
"form": "x",
"pos": "u"}
}
,
{
"node": "l",
"frag": "x]",
"id": "P335412.l02462",
"ref": "P335412.39.7",
"inst": "u",
"f": {"lang": "akk-x-neoass",
"form": "x",
"pos": "u"}
}
,
{
"node": "d",
"type": "line-start",
"ref": "P335412.40",
"n": "10",
"label": "r 10"}
,
{
"node": "l",
"frag": "[IGI",
"id": "P335412.l02463",
"ref": "P335412.40.1",
"inst": "šību[witness]N",
"exosig": "@saao/saa06%akk-x-neoass:IGI=šību[witness//witness]N'N$šību",
"f": {"lang": "akk-x-neoass",
"form": "IGI",
"cf": "šību",
"gw": "witness",
"sense": "witness",
"norm": "šību",
"pos": "N",
"epos": "N"}
}
,
{
"node": "l",
"frag": "{1}AN.GAL-me]-si",
"id": "P335412.l02464",
"ref": "P335412.40.2",
"inst": "Issaran-mesi[1]PN$",
"exosig": "@saao/saa06%akk-x-neoass:{1}AN.GAL-me-si=Issaran-mesi[1//1]PN'PN$Issaran-mesi",
"f": {"lang": "akk-x-neoass",
"form": "{1}AN.GAL-me-si",
"cf": "Issaran-mesi",
"gw": "1",
"sense": "1",
"norm": "Issaran-mesi",
"pos": "PN",
"epos": "PN"}
}
,
{
"node": "l",
"frag": "{lu₂v}⸢rak⸣-su",
"id": "P335412.l02465",
"ref": "P335412.40.3",
"inst": "raksu[conscript]N",
"exosig": "@saao/saa06%akk-x-neoass:{LU₂}rak-su=raksu[recruit//conscript]N'N$raksu",
"f": {"lang": "akk-x-neoass",
"form": "{LU₂}rak-su",
"cf": "raksu",
"gw": "recruit",
"sense": "conscript",
"norm": "raksu",
"pos": "N",
"epos": "N"}
}
,
{
"node": "l",
"frag": "[x",
"id": "P335412.l02466",
"ref": "P335412.40.4",
"inst": "u",
"f": {"lang": "akk-x-neoass",
"form": "x",
"pos": "u"}
}
,
{
"node": "l",
"frag": "x",
"id": "P335412.l02467",
"ref": "P335412.40.5",
"inst": "u",
"f": {"lang": "akk-x-neoass",
"form": "x",
"pos": "u"}
}
,
{
"node": "l",
"frag": "x]",
"id": "P335412.l02468",
"ref": "P335412.40.6",
"inst": "u",
"f": {"lang": "akk-x-neoass",
"form": "x",
"pos": "u"}
}
,
{
"node": "d",
"type": "line-start",
"ref": "P335412.41",
"n": "11",
"label": "r 11"}
,
{
"node": "l",
"frag": "[IGI",
"id": "P335412.l02469",
"ref": "P335412.41.1",
"inst": "šību[witness]N",
"exosig": "@saao/saa06%akk-x-neoass:IGI=šību[witness//witness]N'N$šību",
"f": {"lang": "akk-x-neoass",
"form": "IGI",
"cf": "šību",
"gw": "witness",
"sense": "witness",
"norm": "šību",
"pos": "N",
"epos": "N"}
}
,
{
"node": "l",
"frag": "{1}{d}IM]-⸢ka⸣-šir",
"id": "P335412.l0246a",
"ref": "P335412.41.2",
"inst": "Adad-kašir[1]PN$",
"exosig": "@saao/saa06%akk-x-neoass:{1}{d}IM-ka-šir=Adad-kašir[1//1]PN'PN$Adad-kašir",
"f": {"lang": "akk-x-neoass",
"form": "{1}{d}IM-ka-šir",
"cf": "Adad-kašir",
"gw": "1",
"sense": "1",
"norm": "Adad-kašir",
"pos": "PN",
"epos": "PN"}
}
,
{
"node": "l",
"frag": "{[lu₂v}x",
"id": "P335412.l0246b",
"ref": "P335412.41.3",
"inst": "u",
"f": {"lang": "akk-x-neoass",
"form": "{LU₂}x",
"pos": "u"}
}
,
{
"node": "l",
"frag": "x",
"id": "P335412.l0246c",
"ref": "P335412.41.4",
"inst": "u",
"f": {"lang": "akk-x-neoass",
"form": "x",
"pos": "u"}
}
,
{
"node": "l",
"frag": "x]",
"id": "P335412.l0246d",
"ref": "P335412.41.5",
"inst": "u",
"f": {"lang": "akk-x-neoass",
"form": "x",
"pos": "u"}
}
,
{
"node": "d",
"type": "line-start",
"ref": "P335412.42",
"n": "12",
"label": "r 12"}
,
{
"node": "l",
"frag": "⸢IGI⸣",
"id": "P335412.l0246e",
"ref": "P335412.42.1",
"inst": "šību[witness]N",
"exosig": "@saao/saa06%akk-x-neoass:IGI=šību[witness//witness]N'N$šību",
"f": {"lang": "akk-x-neoass",
"form": "IGI",
"cf": "šību",
"gw": "witness",
"sense": "witness",
"norm": "šību",
"pos": "N",
"epos": "N"}
}
,
{
"node": "l",
"frag": "{1}{⸢d}AMAR⸣.[UTU-MU-AŠ",
"id": "P335412.l0246f",
"ref": "P335412.42.2",
"inst": "Marduk-šumu-iddina[1]PN$",
"exosig": "@saao/saa06%akk-x-neoass:{1}{d}AMAR.UTU-MU-AŠ=Marduk-šumu-iddina[1//1]PN'PN$Marduk-šumu-iddina",
"f": {"lang": "akk-x-neoass",
"form": "{1}{d}AMAR.UTU-MU-AŠ",
"cf": "Marduk-šumu-iddina",
"gw": "1",
"sense": "1",
"norm": "Marduk-šumu-iddina",
"pos": "PN",
"epos": "PN"}
}
,
{
"node": "l",
"frag": "{lu₂v}x",
"id": "P335412.l02470",
"ref": "P335412.42.3",
"inst": "u",
"f": {"lang": "akk-x-neoass",
"form": "{LU₂}x",
"pos": "u"}
}
,
{
"node": "l",
"frag": "x",
"id": "P335412.l02471",
"ref": "P335412.42.4",
"inst": "u",
"f": {"lang": "akk-x-neoass",
"form": "x",
"pos": "u"}
}
,
{
"node": "l",
"frag": "x]",
"id": "P335412.l02472",
"ref": "P335412.42.5",
"inst": "u",
"f": {"lang": "akk-x-neoass",
"form": "x",
"pos": "u"}
}
,
{
"node": "d",
"type": "line-start",
"ref": "P335412.43",
"n": "13",
"label": "r 13"}
,
{
"node": "l",
"frag": "⸢IGI",
"id": "P335412.l02473",
"ref": "P335412.43.1",
"inst": "šību[witness]N",
"exosig": "@saao/saa06%akk-x-neoass:IGI=šību[witness//witness]N'N$šību",
"f": {"lang": "akk-x-neoass",
"form": "IGI",
"cf": "šību",
"gw": "witness",
"sense": "witness",
"norm": "šību",
"pos": "N",
"epos": "N"}
}
,
{
"node": "l",
"frag": "{1}[x",
"id": "P335412.l02474",
"ref": "P335412.43.2",
"inst": "u",
"f": {"lang": "akk-x-neoass",
"form": "{1}x",
"pos": "u"}
}
,
{
"node": "l",
"frag": "x",
"id": "P335412.l02475",
"ref": "P335412.43.3",
"inst": "u",
"f": {"lang": "akk-x-neoass",
"form": "x",
"pos": "u"}
}
,
{
"node": "l",
"frag": "x",
"id": "P335412.l02476",
"ref": "P335412.43.4",
"inst": "u",
"f": {"lang": "akk-x-neoass",
"form": "x",
"pos": "u"}
}
,
{
"node": "l",
"frag": "x",
"id": "P335412.l02477",
"ref": "P335412.43.5",
"inst": "u",
"f": {"lang": "akk-x-neoass",
"form": "x",
"pos": "u"}
}
,
{
"node": "l",
"frag": "x]+⸢x⸣+[x",
"id": "P335412.l02478",
"ref": "P335412.43.6",
"inst": "u",
"f": {"lang": "akk-x-neoass",
"form": "x+x+x",
"pos": "u"}
}
,
{
"node": "l",
"frag": "x",
"id": "P335412.l02479",
"ref": "P335412.43.7",
"inst": "u",
"f": {"lang": "akk-x-neoass",
"form": "x",
"pos": "u"}
}
,
{
"node": "l",
"frag": "x",
"id": "P335412.l0247a",
"ref": "P335412.43.8",
"inst": "u",
"f": {"lang": "akk-x-neoass",
"form": "x",
"pos": "u"}
}
,
{
"node": "l",
"frag": "x]",
"id": "P335412.l0247b",
"ref": "P335412.43.9",
"inst": "u",
"f": {"lang": "akk-x-neoass",
"form": "x",
"pos": "u"}
}
,
{
"node": "d",
"type": "line-start",
"ref": "P335412.44",
"n": "14",
"label": "r 14"}
,
{
"node": "l",
"frag": "IGI",
"id": "P335412.l0247c",
"ref": "P335412.44.1",
"inst": "šību[witness]N",
"exosig": "@saao/saa06%akk-x-neoass:IGI=šību[witness//witness]N'N$šību",
"f": {"lang": "akk-x-neoass",
"form": "IGI",
"cf": "šību",
"gw": "witness",
"sense": "witness",
"norm": "šību",
"pos": "N",
"epos": "N"}
}
,
{
"node": "l",
"frag": "{1}⸢x⸣+[x",
"id": "P335412.l0247d",
"ref": "P335412.44.2",
"inst": "u",
"f": {"lang": "akk-x-neoass",
"form": "{1}x+x",
"pos": "u"}
}
,
{
"node": "l",
"frag": "x",
"id": "P335412.l0247e",
"ref": "P335412.44.3",
"inst": "u",
"f": {"lang": "akk-x-neoass",
"form": "x",
"pos": "u"}
}
,
{
"node": "l",
"frag": "x",
"id": "P335412.l0247f",
"ref": "P335412.44.4",
"inst": "u",
"f": {"lang": "akk-x-neoass",
"form": "x",
"pos": "u"}
}
,
{
"node": "l",
"frag": "x",
"id": "P335412.l02480",
"ref": "P335412.44.5",
"inst": "u",
"f": {"lang": "akk-x-neoass",
"form": "x",
"pos": "u"}
}
,
{
"node": "l",
"frag": "x",
"id": "P335412.l02481",
"ref": "P335412.44.6",
"inst": "u",
"f": {"lang": "akk-x-neoass",
"form": "x",
"pos": "u"}
}
,
{
"node": "l",
"frag": "x",
"id": "P335412.l02482",
"ref": "P335412.44.7",
"inst": "u",
"f": {"lang": "akk-x-neoass",
"form": "x",
"pos": "u"}
}
,
{
"node": "l",
"frag": "x",
"id": "P335412.l02483",
"ref": "P335412.44.8",
"inst": "u",
"f": {"lang": "akk-x-neoass",
"form": "x",
"pos": "u"}
}
,
{
"node": "l",
"frag": "x]",
"id": "P335412.l02484",
"ref": "P335412.44.9",
"inst": "u",
"f": {"lang": "akk-x-neoass",
"form": "x",
"pos": "u"}
}
,
{
"node": "d",
"type": "line-start",
"ref": "P335412.45",
"n": "15",
"label": "r 15"}
,
{
"node": "d",
"type": "nonw",
"ref": ""}
,
{
"node": "c",
"type": "phrase",
"tag": "phr",
"id": "P335412.U8",
"ref": "P335412.ls00004",
"cdl": [
{
"node": "l",
"frag": "DUMU-{uru}⸢NINA⸣{[ki]}",
"id": "P335412.l02485",
"ref": "P335412.45.1",
"cof-tails": "P335412.l02486",
"inst": "māru[son]N$mār&Ninua[Nineveh]GN$",
"exosig": "@saao/saa06%akk-x-neoass:DUMU-{URU}NINA{KI}=māru[son//son]N'N$mār&&@saao%akk-x-neoass:=Ninua[Nineveh//Nineveh]GN'GN$Ninua",
"f": {"lang": "akk-x-neoass",
"form": "DUMU-{URU}NINA{KI}",
"cf": "māru",
"gw": "son",
"sense": "son",
"norm": "mār",
"pos": "N",
"epos": "N"}
}
,
{
"node": "l",
"frag": "DUMU-{uru}⸢NINA⸣{[ki]}",
"id": "P335412.l02486",
"ref": "P335412.45.1",
"cof-head": "P335412.l02485",
"inst": "māru[son]N$mār&Ninua[Nineveh]GN$",
"tail-sig": "@saao%akk-x-neoass:=Ninua[Nineveh//Nineveh]GN'GN$Ninua",
"f": {"lang": "akk-x-neoass",
"form": "DUMU-{URU}NINA{KI}",
"cf": "Ninua",
"gw": "Nineveh",
"sense": "Nineveh",
"norm": "Ninua",
"pos": "GN",
"epos": "GN"}
}
]}
,
{
"node": "d",
"type": "line-start",
"ref": "P335412.46",
"n": "16",
"label": "r 16"}
,
{
"node": "l",
"frag": "IGI",
"id": "P335412.l02487",
"ref": "P335412.46.1",
"inst": "šību[witness]N",
"exosig": "@saao/saa06%akk-x-neoass:IGI=šību[witness//witness]N'N$šību",
"f": {"lang": "akk-x-neoass",
"form": "IGI",
"cf": "šību",
"gw": "witness",
"sense": "witness",
"norm": "šību",
"pos": "N",
"epos": "N"}
}
,
{
"node": "l",
"frag": "{1}ba-qu-[x",
"id": "P335412.l02488",
"ref": "P335412.46.2",
"inst": "u",
"f": {"lang": "akk-x-neoass",
"form": "{1}ba-qu-x",
"pos": "u"}
}
,
{
"node": "l",
"frag": "x",
"id": "P335412.l02489",
"ref": "P335412.46.3",
"inst": "u",
"f": {"lang": "akk-x-neoass",
"form": "x",
"pos": "u"}
}
,
{
"node": "l",
"frag": "x",
"id": "P335412.l0248a",
"ref": "P335412.46.4",
"inst": "u",
"f": {"lang": "akk-x-neoass",
"form": "x",
"pos": "u"}
}
,
{
"node": "l",
"frag": "x",
"id": "P335412.l0248b",
"ref": "P335412.46.5",
"inst": "u",
"f": {"lang": "akk-x-neoass",
"form": "x",
"pos": "u"}
}
,
{
"node": "l",
"frag": "x]",
"id": "P335412.l0248c",
"ref": "P335412.46.6",
"inst": "u",
"f": {"lang": "akk-x-neoass",
"form": "x",
"pos": "u"}
}
,
{
"node": "d",
"type": "line-start",
"ref": "P335412.47",
"n": "17",
"label": "r 17"}
,
{
"node": "l",
"frag": "IGI",
"id": "P335412.l0248d",
"ref": "P335412.47.1",
"inst": "šību[witness]N",
"exosig": "@saao/saa06%akk-x-neoass:IGI=šību[witness//witness]N'N$šību",
"f": {"lang": "akk-x-neoass",
"form": "IGI",
"cf": "šību",
"gw": "witness",
"sense": "witness",
"norm": "šību",
"pos": "N",
"epos": "N"}
}
,
{
"node": "l",
"frag": "{1}{d}IM-tak-lak",
"id": "P335412.l0248e",
"ref": "P335412.47.2",
"inst": "Adad-taklak[1]PN$",
"exosig": "@saao/saa06%akk-x-neoass:{1}{d}IM-tak-lak=Adad-taklak[1//1]PN'PN$Adad-taklak",
"f": {"lang": "akk-x-neoass",
"form": "{1}{d}IM-tak-lak",
"cf": "Adad-taklak",
"gw": "1",
"sense": "1",
"norm": "Adad-taklak",
"pos": "PN",
"epos": "PN"}
}
,
{
"node": "l",
"frag": "{⸢lu₂v⸣}[x",
"id": "P335412.l0248f",
"ref": "P335412.47.3",
"inst": "u",
"f": {"lang": "akk-x-neoass",
"form": "{LU₂}x",
"pos": "u"}
}
,
{
"node": "l",
"frag": "x",
"id": "P335412.l02490",
"ref": "P335412.47.4",
"inst": "u",
"f": {"lang": "akk-x-neoass",
"form": "x",
"pos": "u"}
}
,
{
"node": "l",
"frag": "x]",
"id": "P335412.l02491",
"ref": "P335412.47.5",
"inst": "u",
"f": {"lang": "akk-x-neoass",
"form": "x",
"pos": "u"}
}
,
{
"node": "d",
"type": "line-start",
"ref": "P335412.48",
"n": "18",
"label": "r 18"}
,
{
"node": "l",
"frag": "IGI",
"id": "P335412.l02492",
"ref": "P335412.48.1",
"inst": "šību[witness]N",
"exosig": "@saao/saa06%akk-x-neoass:IGI=šību[witness//witness]N'N$šību",
"f": {"lang": "akk-x-neoass",
"form": "IGI",
"cf": "šību",
"gw": "witness",
"sense": "witness",
"norm": "šību",
"pos": "N",
"epos": "N"}
}
,
{
"node": "l",
"frag": "{1}DINGIR-PAB",
"id": "P335412.l02493",
"ref": "P335412.48.2",
"inst": "Ilu-uṣur[1]PN$",
"exosig": "@saao/saa06%akk-x-neoass:{1}DINGIR-PAB=Ilu-uṣur[1//1]PN'PN$Ilu-uṣur",
"f": {"lang": "akk-x-neoass",
"form": "{1}DINGIR-PAB",
"cf": "Ilu-uṣur",
"gw": "1",
"sense": "1",
"norm": "Ilu-uṣur",
"pos": "PN",
"epos": "PN"}
}
,
{
"node": "d",
"frag": ":",
"type": "nonw",
"ref": "P335412.48.3",
"lang": "akk-x-neoass",
"type": "punct",
"gdl_delim": " "}
,
{
"node": "l",
"frag": "IGI",
"id": "P335412.l02494",
"ref": "P335412.48.4",
"inst": "šību[witness]N",
"exosig": "@saao/saa06%akk-x-neoass:IGI=šību[witness//witness]N'N$šību",
"f": {"lang": "akk-x-neoass",
"form": "IGI",
"cf": "šību",
"gw": "witness",
"sense": "witness",
"norm": "šību",
"pos": "N",
"epos": "N"}
}
,
{
"node": "l",
"frag": "{1}bal-⸢ti⸣-[x",
"id": "P335412.l02495",
"ref": "P335412.48.5",
"inst": "u",
"f": {"lang": "akk-x-neoass",
"form": "{1}bal-ti-x",
"pos": "u"}
}
,
{
"node": "l",
"frag": "x]",
"id": "P335412.l02496",
"ref": "P335412.48.6",
"inst": "u",
"f": {"lang": "akk-x-neoass",
"form": "x",
"pos": "u"}
}
,
{
"node": "d",
"type": "line-start",
"ref": "P335412.49",
"n": "19",
"label": "r 19"}
,
{
"node": "l",
"frag": "IGI",
"id": "P335412.l02497",
"ref": "P335412.49.1",
"inst": "šību[witness]N",
"exosig": "@saao/saa06%akk-x-neoass:IGI=šību[witness//witness]N'N$šību",
"f": {"lang": "akk-x-neoass",
"form": "IGI",
"cf": "šību",
"gw": "witness",
"sense": "witness",
"norm": "šību",
"pos": "N",
"epos": "N"}
}
,
{
"node": "l",
"frag": "{1}{d}BA.U₂-PAB-MEŠ-⸢AŠ⸣",
"id": "P335412.l02498",
"ref": "P335412.49.2",
"inst": "Babu-ahhe-iddina[1]PN$",
"exosig": "@saao/saa06%akk-x-neoass:{1}{d}BA.U₂-PAB-MEŠ-AŠ=Babu-ahhe-iddina[1//1]PN'PN$Babu-ahhe-iddina",
"f": {"lang": "akk-x-neoass",
"form": "{1}{d}BA.U₂-PAB-MEŠ-AŠ",
"cf": "Babu-ahhe-iddina",
"gw": "1",
"sense": "1",
"norm": "Babu-ahhe-iddina",
"pos": "PN",
"epos": "PN"}
}
,
{
"node": "d",
"type": "line-start",
"ref": "P335412.50",
"n": "20",
"label": "r 20"}
,
{
"node": "l",
"frag": "IGI",
"id": "P335412.l02499",
"ref": "P335412.50.1",
"inst": "šību[witness]N",
"exosig": "@saao/saa06%akk-x-neoass:IGI=šību[witness//witness]N'N$šību",
"f": {"lang": "akk-x-neoass",
"form": "IGI",
"cf": "šību",
"gw": "witness",
"sense": "witness",
"norm": "šību",
"pos": "N",
"epos": "N"}
}
,
{
"node": "l",
"frag": "{1}{d}PA-PAB-MEŠ-SU",
"id": "P335412.l0249a",
"ref": "P335412.50.2",
"inst": "Nabu-ahhe-eriba[1]PN$",
"exosig": "@saao/saa06%akk-x-neoass:{1}{d}PA-PAB-MEŠ-SU=Nabu-ahhe-eriba[1//1]PN'PN$Nabu-ahhe-eriba",
"f": {"lang": "akk-x-neoass",
"form": "{1}{d}PA-PAB-MEŠ-SU",
"cf": "Nabu-ahhe-eriba",
"gw": "1",
"sense": "1",
"norm": "Nabu-ahhe-eriba",
"pos": "PN",
"epos": "PN"}
}
,
{
"node": "l",
"frag": "{lu₂v}⸢A⸣.[BA]",
"id": "P335412.l0249b",
"ref": "P335412.50.3",
"inst": "ṭupšarru[scribe]N",
"exosig": "@saao/saa06%akk-x-neoass:{LU₂}A.BA=ṭupšarru[scribe//scribe]N'N$ṭupšarru",
"f": {"lang": "akk-x-neoass",
"form": "{LU₂}A.BA",
"cf": "ṭupšarru",
"gw": "scribe",
"sense": "scribe",
"norm": "ṭupšarru",
"pos": "N",
"epos": "N"}
}
,
{
"node": "d",
"type": "line-start",
"ref": "P335412.51",
"n": "21",
"label": "r 21"}
,
{
"node": "d",
"type": "nonw",
"ref": ""}
,
{
"node": "l",
"frag": "ṣa-bit",
"id": "P335412.l0249c",
"ref": "P335412.51.1",
"inst": "ṣābit[keeper]N",
"exosig": "@saao/saa06%akk-x-neoass:ṣa-bit=ṣābitu[recipient//keeper]N'N$ṣābit",
"f": {"lang": "akk-x-neoass",
"form": "ṣa-bit",
"cf": "ṣābitu",
"gw": "recipient",
"sense": "keeper",
"norm": "ṣābit",
"pos": "N",
"epos": "N"}
}
,
{
"node": "l",
"frag": "ṭup-pi",
"id": "P335412.l0249d",
"ref": "P335412.51.2",
"inst": "ṭuppi[tablet]N",
"exosig": "@saao/saa06%akk-x-neoass:ṭup-pi=ṭuppu[tablet//tablet]N'N$ṭuppi",
"f": {"lang": "akk-x-neoass",
"form": "ṭup-pi",
"cf": "ṭuppu",
"gw": "tablet",
"sense": "tablet",
"norm": "ṭuppi",
"pos": "N",
"epos": "N"}
}
,
{
"node": "l",
"frag": "{iti}SIG₄",
"id": "P335412.l0249e",
"ref": "P335412.51.3",
"inst": "Simani[Sivan]MN",
"exosig": "@saao/saa06%akk-x-neoass:{ITI}SIG₄=Simanu[Sivan//Sivan]MN'MN$Simani",
"f": {"lang": "akk-x-neoass",
"form": "{ITI}SIG₄",
"cf": "Simanu",
"gw": "Sivan",
"sense": "Sivan",
"norm": "Simani",
"pos": "MN",
"epos": "MN"}
}
,
{
"node": "l",
"frag": "UD",
"id": "P335412.l0249f",
"ref": "P335412.51.4",
"inst": "ūm[day]N",
"exosig": "@saao/saa06%akk-x-neoass:UD=ūmu[day//day]N'N$ūm",
"f": {"lang": "akk-x-neoass",
"form": "UD",
"cf": "ūmu",
"gw": "day",
"sense": "day",
"norm": "ūm",
"pos": "N",
"epos": "N"}
}
,
{
"node": "l",
"frag": "10-[KAM₂]",
"id": "P335412.l024a0",
"ref": "P335412.51.5",
"inst": "n",
"f": {"lang": "akk-x-neoass",
"form": "10-KAM₂",
"pos": "n"}
}
,
{
"node": "d",
"type": "line-start",
"ref": "P335412.52",
"n": "22",
"label": "r 22"}
,
{
"node": "l",
"frag": "lim-me",
"id": "P335412.l024a1",
"ref": "P335412.52.1",
"inst": "limme[eponym (of year)]N",
"exosig": "@saao/saa06%akk-x-neoass:lim-me=līmu[eponym (of year)//eponym (of year)]N'N$limme",
"f": {"lang": "akk-x-neoass",
"form": "lim-me",
"cf": "līmu",
"gw": "eponym (of year)",
"sense": "eponym (of year)",
"norm": "limme",
"pos": "N",
"epos": "N"}
}
,
{
"node": "l",
"frag": "{1}DI-mu-LUGAL",
"id": "P335412.l024a2",
"ref": "P335412.52.2",
"inst": "Šulmu-šarri[1]PN$",
"exosig": "@saao/saa06%akk-x-neoass:{1}DI-mu-LUGAL=Šulmu-šarri[1//1]PN'PN$Šulmu-šarri",
"f": {"lang": "akk-x-neoass",
"form": "{1}DI-mu-LUGAL",
"cf": "Šulmu-šarri",
"gw": "1",
"sense": "1",
"norm": "Šulmu-šarri",
"pos": "PN",
"epos": "PN"}
}
,
{
"node": "d",
"subtype": "edge",
"type": "surface",
"ref": "P335412.e..53",
"type": "edge",
"label": "e."}
,
{
"node": "d",
"type": "line-start",
"ref": "P335412.54",
"n": "1",
"label": "e. 1"}
,
{
"node": "l",
"frag": "[x",
"id": "P335412.l024a3",
"ref": "P335412.54.1",
"inst": "u",
"f": {"lang": "akk-x-neoass",
"form": "x",
"pos": "u"}
}
,
{
"node": "l",
"frag": "x",
"id": "P335412.l024a4",
"ref": "P335412.54.2",
"inst": "u",
"f": {"lang": "akk-x-neoass",
"form": "x",
"pos": "u"}
}
,
{
"node": "l",
"frag": "x",
"id": "P335412.l024a5",
"ref": "P335412.54.3",
"inst": "u",
"f": {"lang": "akk-x-neoass",
"form": "x",
"pos": "u"}
}
,
{
"node": "l",
"frag": "x",
"id": "P335412.l024a6",
"ref": "P335412.54.4",
"inst": "u",
"f": {"lang": "akk-x-neoass",
"form": "x",
"pos": "u"}
}
,
{
"node": "l",
"frag": "x",
"id": "P335412.l024a7",
"ref": "P335412.54.5",
"inst": "u",
"f": {"lang": "akk-x-neoass",
"form": "x",
"pos": "u"}
}
,
{
"node": "l",
"frag": "x",
"id": "P335412.l024a8",
"ref": "P335412.54.6",
"inst": "u",
"f": {"lang": "akk-x-neoass",
"form": "x",
"pos": "u"}
}
,
{
"node": "l",
"frag": "x",
"id": "P335412.l024a9",
"ref": "P335412.54.7",
"inst": "u",
"f": {"lang": "akk-x-neoass",
"form": "x",
"pos": "u"}
}
,
{
"node": "l",
"frag": "x",
"id": "P335412.l024aa",
"ref": "P335412.54.8",
"inst": "u",
"f": {"lang": "akk-x-neoass",
"form": "x",
"pos": "u"}
}
,
{
"node": "l",
"frag": "x]+⸢x⸣",
"id": "P335412.l024ab",
"ref": "P335412.54.9",
"inst": "u",
"f": {"lang": "akk-x-neoass",
"form": "x+x",
"pos": "u"}
}
,
{
"node": "l",
"frag": "i-ta-ṣu",
"id": "P335412.l024ac",
"ref": "P335412.54.10",
"inst": "ittaṣṣu[take]V",
"exosig": "@saao/saa06%akk-x-neoass:i-ta-ṣu=našû[lift//take]V'V$ittaṣṣu",
"f": {"lang": "akk-x-neoass",
"form": "i-ta-ṣu",
"cf": "našû",
"gw": "lift",
"sense": "take",
"norm": "ittaṣṣu",
"pos": "V",
"epos": "V"}
}
]}
]}
]}
,
{
"linkbase": [{
"type": "linkset",
"xlink_title": "ina libbi[in//(in exchange) for]PRP'PRP",
"id": "P335412.ls00000",
"xlink_type": "extended",
"xlink_role": "psu",
"sig": "{ina[in]PRP libbu[interior]N += ina libbi[in//(in exchange) for]PRP'PRP}::@saao%akk-x-neoass:ina=ina[in//into]PRP'PRP$ina++@saao%akk-x-neoass:ŠA₃-bi=libbu[interior//interior]N'N$libbi",
"links": [
{
"type": "link",
"xlink_title": "ina",
"xlink_type": "locator",
"xlink_href": "#P335412.l023de",
"xlink_role": "elt"}
,
{
"type": "link",
"xlink_title": "libbi",
"xlink_type": "locator",
"xlink_href": "#P335412.l023df",
"xlink_role": "elt"}
]}
,
{
"type": "linkset",
"xlink_title": "ina libbi[in//(in exchange) for]PRP'PRP",
"id": "P335412.ls00001",
"xlink_type": "extended",
"xlink_role": "psu",
"sig": "{ina[in]PRP libbu[interior]N += ina libbi[in//(in exchange) for]PRP'PRP}::@saao%akk-x-neoass:ina=ina[in//into]PRP'PRP$ina++@saao%akk-x-neoass:ŠA₃=libbu[interior//interior]N'N$libbi",
"links": [
{
"type": "link",
"xlink_title": "ina",
"xlink_type": "locator",
"xlink_href": "#P335412.l023f5",
"xlink_role": "elt"}
,
{
"type": "link",
"xlink_title": "libbi",
"xlink_type": "locator",
"xlink_href": "#P335412.l023f6",
"xlink_role": "elt"}
]}
,
{
"type": "linkset",
"xlink_title": "mār māri[grandson//grandson]N'N",
"id": "P335412.ls00002",
"xlink_type": "extended",
"xlink_role": "psu",
"sig": "{DUMU-DUMU-MEŠ-šu₂-nu = māru[son]N māru[son]N += mār māri[grandson//grandson]N'N}::@saao/saa10%akk-x-neoass:DUMU-DUMU-MEŠ-šu₂-nu=māru[son//son]N'N$mār++@saao/saa10%akk-x-neoass:DUMU-DUMU-MEŠ-šu₂-nu=māru[son//son]N'N$marʾēšunu",
"links": [
{
"type": "link",
"xlink_title": "māru",
"xlink_type": "locator",
"xlink_href": "#P335412.l02419",
"xlink_role": "elt"}
,
{
"type": "link",
"xlink_title": "māru",
"xlink_type": "locator",
"xlink_href": "#P335412.l0241a",
"xlink_role": "elt"}
]}
,
{
"type": "linkset",
"xlink_title": "mār ahi[nephew//nephew]N'N",
"id": "P335412.ls00003",
"xlink_type": "extended",
"xlink_role": "psu",
"sig": "{māru[son]N ahu[brother]N += mār ahi[nephew//nephew]N'N}::@saao%akk-x-neoass:A-MEŠ-PAB-MEŠ-šu₂-nu=māru[son//son]N'N$marʾē++@saao%akk-x-neoass:A-MEŠ-PAB-MEŠ-šu₂-nu=ahu[brother//brother]N'N$ahhēšunu",
"links": [
{
"type": "link",
"xlink_title": "māru",
"xlink_type": "locator",
"xlink_href": "#P335412.l0241e",
"xlink_role": "elt"}
,
{
"type": "link",
"xlink_title": "ahu",
"xlink_type": "locator",
"xlink_href": "#P335412.l0241f",
"xlink_role": "elt"}
]}
,
{
"type": "linkset",
"xlink_title": "mar Ninua[Ninevite//Ninevite]EN'EN",
"id": "P335412.ls00004",
"xlink_type": "extended",
"xlink_role": "psu",
"sig": "{māru[son]N Ninua[Nineveh]GN += mar Ninua[Ninevite//Ninevite]EN'EN}::@saao%akk-x-neoass:DUMU-NINA=māru[son//son]N'N$mār++@saao%akk-x-neoass:DUMU-NINA=Ninua[Nineveh//Nineveh]GN'GN$Ninua",
"links": [
{
"type": "link",
"xlink_title": "māru",
"xlink_type": "locator",
"xlink_href": "#P335412.l02485",
"xlink_role": "elt"}
,
{
"type": "link",
"xlink_title": "Ninua",
"xlink_type": "locator",
"xlink_href": "#P335412.l02486",
"xlink_role": "elt"}
]}
]}
]}
