{
"type": "cdl",
  "source": "http://oracc.org/saao/saa06",
  "license": "This data is released under the CC0 license",
  "license-url": "https://creativecommons.org/publicdomain/zero/1.0/",
  "more-info": "http://oracc.org/doc/opendata/",
  "UTC-timestamp": "2017-05-19T11:30:52",
"project": "saao/saa06",
"textid": "P335025",
"cdl": [
{
"node": "c",
"type": "text",
"id": "P335025.U0",
"cdl": [
{
"node": "d",
"type": "object",
"ref": ""}
,
{
"node": "d",
"subtype": "obverse",
"type": "surface",
"ref": "P335025.o.1",
"type": "obverse",
"label": "o"}
,
{
"node": "c",
"type": "discourse",
"subtype": "body",
"id": "P335025.U1",
"cdl": [
{
"node": "c",
"type": "sentence",
"id": "P335025.U2",
"label": "o 1 - e. 2",
"cdl": [
{
"node": "d",
"type": "line-start",
"ref": "P335025.2",
"n": "1",
"label": "o 1"}
,
{
"node": "l",
"frag": "05",
"id": "P335025.l05333",
"ref": "P335025.2.1",
"inst": "n",
"f": {"lang": "akk-x-neoass",
"form": "05",
"pos": "n"}
}
,
{
"node": "l",
"frag": "ANŠE",
"id": "P335025.l05334",
"ref": "P335025.2.2",
"inst": "imārī[a unit of capacity]N",
"exosig": "@saao/saa06%akk-x-neoass:ANŠE=imēru[unit//a unit of capacity]N'N$imārī",
"f": {"lang": "akk-x-neoass",
"form": "ANŠE",
"cf": "imēru",
"gw": "unit",
"sense": "a unit of capacity",
"norm": "imārī",
"pos": "N",
"epos": "N"}
}
,
{
"node": "l",
"frag": "A.ŠA₃",
"id": "P335025.l05335",
"ref": "P335025.2.3",
"inst": "eqlu[land]N",
"exosig": "@saao/saa06%akk-x-neoass:A.ŠA₃=eqlu[field//land]N'N$eqlu",
"f": {"lang": "akk-x-neoass",
"form": "A.ŠA₃",
"cf": "eqlu",
"gw": "field",
"sense": "land",
"norm": "eqlu",
"pos": "N",
"epos": "N"}
}
,
{
"node": "l",
"frag": "ša",
"id": "P335025.l05336",
"ref": "P335025.2.4",
"inst": "ša[of]DET",
"exosig": "@saao/saa06%akk-x-neoass:ša=ša[of//of]DET'DET$ša",
"f": {"lang": "akk-x-neoass",
"form": "ša",
"cf": "ša",
"gw": "of",
"sense": "of",
"norm": "ša",
"pos": "DET",
"epos": "DET"}
}
,
{
"node": "l",
"frag": "{1}e-du-⸢šal⸣-[lim]",
"id": "P335025.l05337",
"ref": "P335025.2.5",
"inst": "Edu-šallim[1]PN",
"exosig": "@saao/saa06%akk-x-neoass:{1}e-du-šal-lim=Edu-šallim[1//1]PN'PN$Edu-šallim",
"f": {"lang": "akk-x-neoass",
"form": "{1}e-du-šal-lim",
"cf": "Edu-šallim",
"gw": "1",
"sense": "1",
"norm": "Edu-šallim",
"pos": "PN",
"epos": "PN"}
}
,
{
"node": "d",
"type": "line-start",
"ref": "P335025.3",
"n": "2",
"label": "o 2"}
,
{
"node": "l",
"frag": "ina",
"id": "P335025.l05338",
"ref": "P335025.3.1",
"inst": "ina[in]PRP",
"exosig": "@saao/saa06%akk-x-neoass:ina=ina[in//in]PRP'PRP$ina",
"f": {"lang": "akk-x-neoass",
"form": "ina",
"cf": "ina",
"gw": "in",
"sense": "in",
"norm": "ina",
"pos": "PRP",
"epos": "PRP"}
}
,
{
"node": "l",
"frag": "{uru}kar-A.10",
"id": "P335025.l05339",
"ref": "P335025.3.2",
"inst": "Kar-Apladad[1]GN",
"exosig": "@saao/saa06%akk-x-neoass:{URU}kar-A.10=Kar-Apladad[1//1]GN'GN$Kar-Apladad",
"f": {"lang": "akk-x-neoass",
"form": "{URU}kar-A.10",
"cf": "Kar-Apladad",
"gw": "1",
"sense": "1",
"norm": "Kar-Apladad",
"pos": "GN",
"epos": "GN"}
}
,
{
"node": "d",
"type": "line-start",
"ref": "P335025.4",
"n": "3",
"label": "o 3"}
,
{
"node": "l",
"frag": "{1}mu-še-zi-bu",
"id": "P335025.l0533a",
"ref": "P335025.4.1",
"inst": "Mušezib[1]PN$Mušezibu",
"exosig": "@saao/saa06%akk-x-neoass:{1}mu-še-zi-bu=Mušezib[1//1]PN'PN$Mušezibu",
"f": {"lang": "akk-x-neoass",
"form": "{1}mu-še-zi-bu",
"cf": "Mušezib",
"gw": "1",
"sense": "1",
"norm": "Mušezibu",
"pos": "PN",
"epos": "PN"}
}
,
{
"node": "l",
"frag": "01",
"id": "P335025.l0533b",
"ref": "P335025.4.2",
"inst": "n",
"f": {"lang": "akk-x-neoass",
"form": "01",
"pos": "n"}
}
,
{
"node": "l",
"frag": "1/2",
"id": "P335025.l0533c",
"ref": "P335025.4.3",
"inst": "n",
"f": {"lang": "akk-x-neoass",
"form": "1/2",
"pos": "n"}
}
,
{
"node": "l",
"frag": "<MA>.NA",
"id": "P335025.l0533d",
"ref": "P335025.4.4",
"inst": "manê[a unit of weight]N",
"exosig": "@saao/saa06%akk-x-neoass:MA.NA=manû[unit//a unit of weight]N'N$manê",
"f": {"lang": "akk-x-neoass",
"form": "MA.NA",
"cf": "manû",
"gw": "unit",
"sense": "a unit of weight",
"norm": "manê",
"pos": "N",
"epos": "N"}
}
,
{
"node": "l",
"frag": "KUG.UD",
"id": "P335025.l0533e",
"ref": "P335025.4.5",
"inst": "ṣarpi[silver]N",
"exosig": "@saao/saa06%akk-x-neoass:KUG.UD=ṣarpu[silver//silver]N'N$ṣarpi",
"f": {"lang": "akk-x-neoass",
"form": "KUG.UD",
"cf": "ṣarpu",
"gw": "silver",
"sense": "silver",
"norm": "ṣarpi",
"pos": "N",
"epos": "N"}
}
,
{
"node": "d",
"type": "line-start",
"ref": "P335025.5",
"n": "4",
"label": "o 4"}
,
{
"node": "l",
"frag": "a-na",
"id": "P335025.l0533f",
"ref": "P335025.5.1",
"inst": "ana[to]PRP",
"exosig": "@saao/saa06%akk-x-neoass:a-na=ana[to//to]PRP'PRP$ana",
"f": {"lang": "akk-x-neoass",
"form": "a-na",
"cf": "ana",
"gw": "to",
"sense": "to",
"norm": "ana",
"pos": "PRP",
"epos": "PRP"}
}
,
{
"node": "l",
"frag": "{1}e-du-šal-lim",
"id": "P335025.l05340",
"ref": "P335025.5.2",
"inst": "Edu-šallim[1]PN",
"exosig": "@saao/saa06%akk-x-neoass:{1}e-du-šal-lim=Edu-šallim[1//1]PN'PN$Edu-šallim",
"f": {"lang": "akk-x-neoass",
"form": "{1}e-du-šal-lim",
"cf": "Edu-šallim",
"gw": "1",
"sense": "1",
"norm": "Edu-šallim",
"pos": "PN",
"epos": "PN"}
}
,
{
"node": "l",
"frag": "i-ti-din",
"id": "P335025.l05341",
"ref": "P335025.5.3",
"inst": "ittidin[pay]V",
"exosig": "@saao/saa06%akk-x-neoass:i-ti-din=tadānu[give//pay]V'V$ittidin",
"f": {"lang": "akk-x-neoass",
"form": "i-ti-din",
"cf": "tadānu",
"gw": "give",
"sense": "pay",
"norm": "ittidin",
"pos": "V",
"epos": "V"}
}
,
{
"node": "d",
"type": "line-start",
"ref": "P335025.6",
"n": "5",
"label": "o 5"}
,
{
"node": "l",
"frag": "5/6",
"id": "P335025.l05342",
"ref": "P335025.6.1",
"inst": "n",
"f": {"lang": "akk-x-neoass",
"form": "5/6",
"pos": "n"}
}
,
{
"node": "l",
"frag": "MA.NA",
"id": "P335025.l05343",
"ref": "P335025.6.2",
"inst": "manê[a unit of weight]N",
"exosig": "@saao/saa06%akk-x-neoass:MA.NA=manû[unit//a unit of weight]N'N$manê",
"f": {"lang": "akk-x-neoass",
"form": "MA.NA",
"cf": "manû",
"gw": "unit",
"sense": "a unit of weight",
"norm": "manê",
"pos": "N",
"epos": "N"}
}
,
{
"node": "l",
"frag": "ša",
"id": "P335025.l05344",
"ref": "P335025.6.3",
"inst": "ša[of]DET",
"exosig": "@saao/saa06%akk-x-neoass:ša=ša[of//of]DET'DET$ša",
"f": {"lang": "akk-x-neoass",
"form": "ša",
"cf": "ša",
"gw": "of",
"sense": "of",
"norm": "ša",
"pos": "DET",
"epos": "DET"}
}
,
{
"node": "l",
"frag": "A.ŠA₃",
"id": "P335025.l05345",
"ref": "P335025.6.4",
"inst": "eqlu[land]N",
"exosig": "@saao/saa06%akk-x-neoass:A.ŠA₃=eqlu[field//land]N'N$eqlu",
"f": {"lang": "akk-x-neoass",
"form": "A.ŠA₃",
"cf": "eqlu",
"gw": "field",
"sense": "land",
"norm": "eqlu",
"pos": "N",
"epos": "N"}
}
,
{
"node": "l",
"frag": "{1}mu-še-zib",
"id": "P335025.l05346",
"ref": "P335025.6.5",
"inst": "Mušezib[1]PN",
"exosig": "@saao/saa06%akk-x-neoass:{1}mu-še-zib=Mušezibu[1//1]PN'PN$Mušezib",
"f": {"lang": "akk-x-neoass",
"form": "{1}mu-še-zib",
"cf": "Mušezibu",
"gw": "1",
"sense": "1",
"norm": "Mušezib",
"pos": "PN",
"epos": "PN"}
}
,
{
"node": "d",
"type": "line-start",
"ref": "P335025.7",
"n": "6",
"label": "o 6"}
,
{
"node": "l",
"frag": "i-si-šu₂",
"id": "P335025.l05347",
"ref": "P335025.7.1",
"inst": "issīšu[with]PRP",
"exosig": "@saao/saa06%akk-x-neoass:i-si-šu₂=išti[with//with]PRP'PRP$issīšu",
"f": {"lang": "akk-x-neoass",
"form": "i-si-šu₂",
"cf": "išti",
"gw": "with",
"sense": "with",
"norm": "issīšu",
"pos": "PRP",
"epos": "PRP"}
}
,
{
"node": "d",
"type": "nonw",
"ref": ""}
,
{
"node": "l",
"frag": "e-kal",
"id": "P335025.l05348",
"ref": "P335025.7.2",
"inst": "akālu[eat//have usufruct of]V$ekkal",
"exosig": "@saao/saa06%akk-x-neoass:e-kal=akālu[eat//have usufruct of]V'V$ekkal",
"f": {"lang": "akk-x-neoass",
"form": "e-kal",
"cf": "akālu",
"gw": "eat",
"sense": "have usufruct of",
"norm": "ekkal",
"pos": "V",
"epos": "V"}
}
,
{
"node": "d",
"subtype": "bottom",
"type": "surface",
"ref": "P335025.b.e..8",
"type": "bottom",
"label": "b.e."}
,
{
"node": "d",
"type": "line-start",
"ref": "P335025.9",
"n": "7",
"label": "b.e. 7"}
,
{
"node": "l",
"frag": "ina",
"id": "P335025.l05349",
"ref": "P335025.9.1",
"inst": "ina[on]PRP",
"exosig": "@saao/saa06%akk-x-neoass:ina=ina[in//on]PRP'PRP$ina",
"f": {"lang": "akk-x-neoass",
"form": "ina",
"cf": "ina",
"gw": "in",
"sense": "on",
"norm": "ina",
"pos": "PRP",
"epos": "PRP"}
}
,
{
"node": "l",
"frag": "UD-me",
"id": "P335025.l0534a",
"ref": "P335025.9.2",
"inst": "ūme[day]N",
"exosig": "@saao/saa06%akk-x-neoass:UD-me=ūmu[day//day]N'N$ūme",
"f": {"lang": "akk-x-neoass",
"form": "UD-me",
"cf": "ūmu",
"gw": "day",
"sense": "day",
"norm": "ūme",
"pos": "N",
"epos": "N"}
}
,
{
"node": "l",
"frag": "ša",
"id": "P335025.l0534b",
"ref": "P335025.9.3",
"inst": "ša[that]REL",
"exosig": "@saao/saa06%akk-x-neoass:ša=ša[that//that]REL'REL$ša",
"f": {"lang": "akk-x-neoass",
"form": "ša",
"cf": "ša",
"gw": "that",
"sense": "that",
"norm": "ša",
"pos": "REL",
"epos": "REL"}
}
,
{
"node": "l",
"frag": "KUG.UD",
"id": "P335025.l0534c",
"ref": "P335025.9.4",
"inst": "ṣarpi[silver]N",
"exosig": "@saao/saa06%akk-x-neoass:KUG.UD=ṣarpu[silver//silver]N'N$ṣarpi",
"f": {"lang": "akk-x-neoass",
"form": "KUG.UD",
"cf": "ṣarpu",
"gw": "silver",
"sense": "silver",
"norm": "ṣarpi",
"pos": "N",
"epos": "N"}
}
,
{
"node": "l",
"frag": "SUM-u-[ni]",
"id": "P335025.l0534d",
"ref": "P335025.9.5",
"inst": "iddanūni[pay]V",
"exosig": "@saao/saa06%akk-x-neoass:SUM-u-ni=tadānu[give//pay]V'V$iddanūni",
"f": {"lang": "akk-x-neoass",
"form": "SUM-u-ni",
"cf": "tadānu",
"gw": "give",
"sense": "pay",
"norm": "iddanūni",
"pos": "V",
"epos": "V"}
}
,
{
"node": "d",
"subtype": "reverse",
"type": "surface",
"ref": "P335025.r.10",
"type": "reverse",
"label": "r"}
,
{
"node": "d",
"type": "line-start",
"ref": "P335025.11",
"n": "1",
"label": "r 1"}
,
{
"node": "l",
"frag": "A.ŠA₃-šu₂",
"id": "P335025.l0534e",
"ref": "P335025.11.1",
"inst": "eqlīšu[field]N",
"exosig": "@saao/saa06%akk-x-neoass:A.ŠA₃-šu₂=eqlu[field//field]N'N$eqlīšu",
"f": {"lang": "akk-x-neoass",
"form": "A.ŠA₃-šu₂",
"cf": "eqlu",
"gw": "field",
"sense": "field",
"norm": "eqlīšu",
"pos": "N",
"epos": "N"}
}
,
{
"node": "l",
"frag": "u-še-ṣa",
"id": "P335025.l0534f",
"ref": "P335025.11.2",
"inst": "ušēṣa[redeem]V",
"exosig": "@saao/saa06%akk-x-neoass:u-še-ṣa=aṣû[go out//redeem]V'V$ušēṣa",
"f": {"lang": "akk-x-neoass",
"form": "u-še-ṣa",
"cf": "aṣû",
"gw": "go out",
"sense": "redeem",
"norm": "ušēṣa",
"pos": "V",
"epos": "V"}
}
,
{
"node": "d",
"type": "line-start",
"ref": "P335025.12",
"n": "2",
"label": "r 2"}
,
{
"node": "l",
"frag": "IGI",
"id": "P335025.l05350",
"ref": "P335025.12.1",
"inst": "šību[witness]N",
"exosig": "@saao/saa06%akk-x-neoass:IGI=šību[witness//witness]N'N$šību",
"f": {"lang": "akk-x-neoass",
"form": "IGI",
"cf": "šību",
"gw": "witness",
"sense": "witness",
"norm": "šību",
"pos": "N",
"epos": "N"}
}
,
{
"node": "l",
"frag": "{1}{d}PA-SIG₅-DINGIR-MEŠ",
"id": "P335025.l05351",
"ref": "P335025.12.2",
"inst": "Nabu-damqi-ilani[1]PN$",
"exosig": "@saao/saa06%akk-x-neoass:{1}{d}PA-SIG₅-DINGIR-MEŠ=Nabu-damqi-ilani[1//1]PN'PN$Nabu-damqi-ilani",
"f": {"lang": "akk-x-neoass",
"form": "{1}{d}PA-SIG₅-DINGIR-MEŠ",
"cf": "Nabu-damqi-ilani",
"gw": "1",
"sense": "1",
"norm": "Nabu-damqi-ilani",
"pos": "PN",
"epos": "PN"}
}
,
{
"node": "d",
"type": "line-start",
"ref": "P335025.13",
"n": "3",
"label": "r 3"}
,
{
"node": "l",
"frag": "IGI",
"id": "P335025.l05352",
"ref": "P335025.13.1",
"inst": "šību[witness]N",
"exosig": "@saao/saa06%akk-x-neoass:IGI=šību[witness//witness]N'N$šību",
"f": {"lang": "akk-x-neoass",
"form": "IGI",
"cf": "šību",
"gw": "witness",
"sense": "witness",
"norm": "šību",
"pos": "N",
"epos": "N"}
}
,
{
"node": "l",
"frag": "{1}il-tap-pa",
"id": "P335025.l05353",
"ref": "P335025.13.2",
"inst": "Il-tappa[1]PN",
"exosig": "@saao/saa06%akk-x-neoass:{1}il-tap-pa=Il-tappa[1//1]PN'PN$Il-tappa",
"f": {"lang": "akk-x-neoass",
"form": "{1}il-tap-pa",
"cf": "Il-tappa",
"gw": "1",
"sense": "1",
"norm": "Il-tappa",
"pos": "PN",
"epos": "PN"}
}
,
{
"node": "d",
"type": "line-start",
"ref": "P335025.14",
"n": "4",
"label": "r 4"}
,
{
"node": "l",
"frag": "IGI",
"id": "P335025.l05354",
"ref": "P335025.14.1",
"inst": "šību[witness]N",
"exosig": "@saao/saa06%akk-x-neoass:IGI=šību[witness//witness]N'N$šību",
"f": {"lang": "akk-x-neoass",
"form": "IGI",
"cf": "šību",
"gw": "witness",
"sense": "witness",
"norm": "šību",
"pos": "N",
"epos": "N"}
}
,
{
"node": "l",
"frag": "{1}a-bi-da-a-nu",
"id": "P335025.l05355",
"ref": "P335025.14.2",
"inst": "Abi-danu[1]PN$",
"exosig": "@saao/saa06%akk-x-neoass:{1}a-bi-da-a-nu=Abi-danu[1//1]PN'PN$Abi-danu",
"f": {"lang": "akk-x-neoass",
"form": "{1}a-bi-da-a-nu",
"cf": "Abi-danu",
"gw": "1",
"sense": "1",
"norm": "Abi-danu",
"pos": "PN",
"epos": "PN"}
}
,
{
"node": "d",
"type": "line-start",
"ref": "P335025.15",
"n": "5",
"label": "r 5"}
,
{
"node": "l",
"frag": "IGI",
"id": "P335025.l05356",
"ref": "P335025.15.1",
"inst": "šību[witness]N",
"exosig": "@saao/saa06%akk-x-neoass:IGI=šību[witness//witness]N'N$šību",
"f": {"lang": "akk-x-neoass",
"form": "IGI",
"cf": "šību",
"gw": "witness",
"sense": "witness",
"norm": "šību",
"pos": "N",
"epos": "N"}
}
,
{
"node": "l",
"frag": "{1}EN-KAM-eš",
"id": "P335025.l05357",
"ref": "P335025.15.2",
"inst": "Bel-ereš[1]PN$",
"exosig": "@saao/saa06%akk-x-neoass:{1}EN-KAM-eš=Bel-ereš[1//1]PN'PN$Bel-ereš",
"f": {"lang": "akk-x-neoass",
"form": "{1}EN-KAM-eš",
"cf": "Bel-ereš",
"gw": "1",
"sense": "1",
"norm": "Bel-ereš",
"pos": "PN",
"epos": "PN"}
}
,
{
"node": "d",
"type": "line-start",
"ref": "P335025.16",
"n": "6",
"label": "r 6"}
,
{
"node": "l",
"frag": "IGI",
"id": "P335025.l05358",
"ref": "P335025.16.1",
"inst": "šību[witness]N",
"exosig": "@saao/saa06%akk-x-neoass:IGI=šību[witness//witness]N'N$šību",
"f": {"lang": "akk-x-neoass",
"form": "IGI",
"cf": "šību",
"gw": "witness",
"sense": "witness",
"norm": "šību",
"pos": "N",
"epos": "N"}
}
,
{
"node": "l",
"frag": "{1}lu-u-ba-laṭ",
"id": "P335025.l05359",
"ref": "P335025.16.2",
"inst": "Lu-balaṭ[1]PN",
"exosig": "@saao/saa06%akk-x-neoass:{1}lu-u-ba-laṭ=Lu-balaṭ[1//1]PN'PN$Lu-balaṭ",
"f": {"lang": "akk-x-neoass",
"form": "{1}lu-u-ba-laṭ",
"cf": "Lu-balaṭ",
"gw": "1",
"sense": "1",
"norm": "Lu-balaṭ",
"pos": "PN",
"epos": "PN"}
}
,
{
"node": "l",
"frag": "IGI",
"id": "P335025.l0535a",
"ref": "P335025.16.3",
"inst": "šību[witness]N",
"exosig": "@saao/saa06%akk-x-neoass:IGI=šību[witness//witness]N'N$šību",
"f": {"lang": "akk-x-neoass",
"form": "IGI",
"cf": "šību",
"gw": "witness",
"sense": "witness",
"norm": "šību",
"pos": "N",
"epos": "N"}
}
,
{
"node": "l",
"frag": "{1}la-tu₂-⸢ba⸣-o",
"id": "P335025.l0535b",
"ref": "P335025.16.4",
"inst": "La-tubašanni-ilu[1]PN$",
"exosig": "@saao/saa06%akk-x-neoass:{1}la-tu₂-ba-o=La-tubašanni-ilu[1//1]PN'PN$La-tubašanni-ilu",
"f": {"lang": "akk-x-neoass",
"form": "{1}la-tu₂-ba-o",
"cf": "La-tubašanni-ilu",
"gw": "1",
"sense": "1",
"norm": "La-tubašanni-ilu",
"pos": "PN",
"epos": "PN"}
}
,
{
"node": "d",
"subtype": "right",
"type": "surface",
"ref": "P335025.r.e..17",
"type": "right",
"label": "r.e."}
,
{
"node": "d",
"type": "line-start",
"ref": "P335025.18",
"n": "7",
"label": "r.e. 7"}
,
{
"node": "l",
"frag": "IGI",
"id": "P335025.l0535c",
"ref": "P335025.18.1",
"inst": "šību[witness]N",
"exosig": "@saao/saa06%akk-x-neoass:IGI=šību[witness//witness]N'N$šību",
"f": {"lang": "akk-x-neoass",
"form": "IGI",
"cf": "šību",
"gw": "witness",
"sense": "witness",
"norm": "šību",
"pos": "N",
"epos": "N"}
}
,
{
"node": "l",
"frag": "{1}ku₃-KA₂-⸢KAM⸣-eš",
"id": "P335025.l0535d",
"ref": "P335025.18.2",
"inst": "Kubabu-ereš[1]PN",
"exosig": "@saao/saa06%akk-x-neoass:{1}ku₃-KA₂-KAM-eš=Kubabu-ereš[1//1]PN'PN$Kubabu-ereš",
"f": {"lang": "akk-x-neoass",
"form": "{1}ku₃-KA₂-KAM-eš",
"cf": "Kubabu-ereš",
"gw": "1",
"sense": "1",
"norm": "Kubabu-ereš",
"pos": "PN",
"epos": "PN"}
}
,
{
"node": "d",
"type": "line-start",
"ref": "P335025.19",
"n": "8",
"label": "r.e. 8"}
,
{
"node": "l",
"frag": "IGI",
"id": "P335025.l0535e",
"ref": "P335025.19.1",
"inst": "šību[witness]N",
"exosig": "@saao/saa06%akk-x-neoass:IGI=šību[witness//witness]N'N$šību",
"f": {"lang": "akk-x-neoass",
"form": "IGI",
"cf": "šību",
"gw": "witness",
"sense": "witness",
"norm": "šību",
"pos": "N",
"epos": "N"}
}
,
{
"node": "l",
"frag": "{1}NUMUN-15",
"id": "P335025.l0535f",
"ref": "P335025.19.2",
"inst": "Zar-Issar[1]PN",
"exosig": "@saao/saa06%akk-x-neoass:{1}NUMUN-15=Zar-Issar[1//1]PN'PN$Zar-Issar",
"f": {"lang": "akk-x-neoass",
"form": "{1}NUMUN-15",
"cf": "Zar-Issar",
"gw": "1",
"sense": "1",
"norm": "Zar-Issar",
"pos": "PN",
"epos": "PN"}
}
,
{
"node": "d",
"subtype": "edge",
"type": "surface",
"ref": "P335025.e..20",
"type": "edge",
"label": "e."}
,
{
"node": "d",
"type": "line-start",
"ref": "P335025.21",
"n": "1",
"label": "e. 1"}
,
{
"node": "l",
"frag": "ša",
"id": "P335025.l05360",
"ref": "P335025.21.1",
"inst": "ša[that]REL",
"exosig": "@saao/saa06%akk-x-neoass:ša=ša[that//that]REL'REL$ša",
"f": {"lang": "akk-x-neoass",
"form": "ša",
"cf": "ša",
"gw": "that",
"sense": "that",
"norm": "ša",
"pos": "REL",
"epos": "REL"}
}
,
{
"node": "l",
"frag": "EGIR",
"id": "P335025.l05361",
"ref": "P335025.21.2",
"inst": "arki[after]PRP$urki",
"exosig": "@saao/saa06%akk-x-neoass:EGIR=arki[after//after]PRP'PRP$urki",
"f": {"lang": "akk-x-neoass",
"form": "EGIR",
"cf": "arki",
"gw": "after",
"sense": "after",
"norm": "urki",
"pos": "PRP",
"epos": "PRP"}
}
,
{
"node": "d",
"type": "line-start",
"ref": "P335025.22",
"n": "2",
"label": "e. 2"}
,
{
"node": "l",
"frag": "⸢ŠU⸣",
"id": "P335025.l05362",
"ref": "P335025.22.1",
"inst": "u",
"f": {"lang": "akk-x-neoass",
"form": "ŠU",
"pos": "u"}
}
,
{
"node": "l",
"frag": "UD",
"id": "P335025.l05363",
"ref": "P335025.22.2",
"inst": "ūm[day]N",
"exosig": "@saao/saa06%akk-x-neoass:UD=ūmu[day//day]N'N$ūm",
"f": {"lang": "akk-x-neoass",
"form": "UD",
"cf": "ūmu",
"gw": "day",
"sense": "day",
"norm": "ūm",
"pos": "N",
"epos": "N"}
}
,
{
"node": "l",
"frag": "06-KAM₂",
"id": "P335025.l05364",
"ref": "P335025.22.3",
"inst": "n",
"f": {"lang": "akk-x-neoass",
"form": "06-KAM₂",
"pos": "n"}
}
]}
]}
]}
]}
