{
"type": "cdl",
  "source": "http://oracc.org/saao/saa06",
  "license": "This data is released under the CC0 license",
  "license-url": "https://creativecommons.org/publicdomain/zero/1.0/",
  "more-info": "http://oracc.org/doc/opendata/",
  "UTC-timestamp": "2017-05-19T11:31:35",
"project": "saao/saa06",
"textid": "P336003",
"cdl": [
{
"node": "c",
"type": "text",
"id": "P336003.U0",
"cdl": [
{
"node": "d",
"type": "object",
"ref": ""}
,
{
"node": "d",
"subtype": "obverse",
"type": "surface",
"ref": "P336003.o.1",
"type": "obverse",
"label": "o"}
,
{
"node": "d",
"type": "nonx",
"ref": "P336003.2",
"strict": "0",
"extent": "beginning",
"state": "missing"}
,
{
"node": "c",
"type": "discourse",
"subtype": "body",
"id": "P336003.U1",
"cdl": [
{
"node": "c",
"type": "sentence",
"id": "P336003.U2",
"label": "o 1' - e. 2",
"cdl": [
{
"node": "d",
"type": "line-start",
"ref": "P336003.3",
"n": "1'",
"label": "o 1'"}
,
{
"node": "l",
"frag": "[x",
"id": "P336003.l0447b",
"ref": "P336003.3.1",
"inst": "u",
"f": {"lang": "akk-x-neoass",
"form": "x",
"pos": "u"}
}
,
{
"node": "l",
"frag": "x",
"id": "P336003.l0447c",
"ref": "P336003.3.2",
"inst": "u",
"f": {"lang": "akk-x-neoass",
"form": "x",
"pos": "u"}
}
,
{
"node": "l",
"frag": "x]",
"id": "P336003.l0447d",
"ref": "P336003.3.3",
"inst": "u",
"f": {"lang": "akk-x-neoass",
"form": "x",
"pos": "u"}
}
,
{
"node": "l",
"frag": "⸢x⸣",
"id": "P336003.l0447e",
"ref": "P336003.3.4",
"inst": "u",
"f": {"lang": "akk-x-neoass",
"form": "x",
"pos": "u"}
}
,
{
"node": "l",
"frag": "[x",
"id": "P336003.l0447f",
"ref": "P336003.3.5",
"inst": "u",
"f": {"lang": "akk-x-neoass",
"form": "x",
"pos": "u"}
}
,
{
"node": "l",
"frag": "x",
"id": "P336003.l04480",
"ref": "P336003.3.6",
"inst": "u",
"f": {"lang": "akk-x-neoass",
"form": "x",
"pos": "u"}
}
,
{
"node": "l",
"frag": "x",
"id": "P336003.l04481",
"ref": "P336003.3.7",
"inst": "u",
"f": {"lang": "akk-x-neoass",
"form": "x",
"pos": "u"}
}
,
{
"node": "l",
"frag": "x]",
"id": "P336003.l04482",
"ref": "P336003.3.8",
"inst": "u",
"f": {"lang": "akk-x-neoass",
"form": "x",
"pos": "u"}
}
,
{
"node": "d",
"type": "line-start",
"ref": "P336003.4",
"n": "2'",
"label": "o 2'"}
,
{
"node": "c",
"type": "phrase",
"tag": "phr",
"id": "P336003.U4",
"ref": "P336003.ls00000",
"cdl": [
{
"node": "l",
"frag": "[TA",
"id": "P336003.l04483",
"ref": "P336003.4.1",
"inst": "issu[from+=from]PRP",
"exosig": "@saao/saa06%akk-x-neoass:TA=ištu[from//from]PRP'PRP$issu",
"f": {"lang": "akk-x-neoass",
"form": "TA",
"cf": "ištu",
"gw": "from",
"sense": "from",
"norm": "issu",
"pos": "PRP",
"epos": "PRP"}
}
,
{
"node": "l",
"frag": "IGI",
"id": "P336003.l04484",
"ref": "P336003.4.2",
"inst": "pān[front]N",
"exosig": "@saao/saa06%akk-x-neoass:IGI=pānu[front//front]N'N$pān",
"f": {"lang": "akk-x-neoass",
"form": "IGI",
"cf": "pānu",
"gw": "front",
"sense": "front",
"norm": "pān",
"pos": "N",
"epos": "N"}
}
]}
,
{
"node": "l",
"frag": "{1}⸢x",
"id": "P336003.l04485",
"ref": "P336003.4.3",
"inst": "u",
"f": {"lang": "akk-x-neoass",
"form": "{1}x",
"pos": "u"}
}
,
{
"node": "l",
"frag": "x-lu⸣",
"id": "P336003.l04486",
"ref": "P336003.4.4",
"inst": "u",
"f": {"lang": "akk-x-neoass",
"form": "x-lu",
"pos": "u"}
}
,
{
"node": "l",
"frag": "[il-qi]",
"id": "P336003.l04487",
"ref": "P336003.4.5",
"inst": "ilqi[purchase]V",
"exosig": "@saao/saa06%akk-x-neoass:il-qi=leqû[take//purchase]V'V$ilqi",
"f": {"lang": "akk-x-neoass",
"form": "il-qi",
"cf": "leqû",
"gw": "take",
"sense": "purchase",
"norm": "ilqi",
"pos": "V",
"epos": "V"}
}
,
{
"node": "d",
"type": "line-start",
"ref": "P336003.5",
"n": "3'",
"label": "o 3'"}
,
{
"node": "l",
"frag": "[kas]-pu",
"id": "P336003.l04488",
"ref": "P336003.5.1",
"inst": "kaspu[money]N",
"exosig": "@saao/saa06%akk-x-neoass:kas-pu=kaspu[silver//money]N'N$kaspu",
"f": {"lang": "akk-x-neoass",
"form": "kas-pu",
"cf": "kaspu",
"gw": "silver",
"sense": "money",
"norm": "kaspu",
"pos": "N",
"epos": "N"}
}
,
{
"node": "l",
"frag": "ga-mur",
"id": "P336003.l04489",
"ref": "P336003.5.2",
"inst": "gammur[completed]AJ",
"exosig": "@saao/saa06%akk-x-neoass:ga-mur=gammuru[finished//completed]AJ'AJ$gammur",
"f": {"lang": "akk-x-neoass",
"form": "ga-mur",
"cf": "gammuru",
"gw": "finished",
"sense": "completed",
"norm": "gammur",
"pos": "AJ",
"epos": "AJ"}
}
,
{
"node": "l",
"frag": "⸢ta⸣-[din]",
"id": "P336003.l0448a",
"ref": "P336003.5.3",
"inst": "tadin[paid]AJ",
"exosig": "@saao/saa06%akk-x-neoass:ta-din=tadnu[given//paid]AJ'AJ$tadin",
"f": {"lang": "akk-x-neoass",
"form": "ta-din",
"cf": "tadnu",
"gw": "given",
"sense": "paid",
"norm": "tadin",
"pos": "AJ",
"epos": "AJ"}
}
,
{
"node": "d",
"type": "line-start",
"ref": "P336003.6",
"n": "4'",
"label": "o 4'"}
,
{
"node": "l",
"frag": "[A].ŠA₃",
"id": "P336003.l0448b",
"ref": "P336003.6.1",
"inst": "eqlu[field]N",
"exosig": "@saao/saa06%akk-x-neoass:A.ŠA₃=eqlu[field//field]N'N$eqlu",
"f": {"lang": "akk-x-neoass",
"form": "A.ŠA₃",
"cf": "eqlu",
"gw": "field",
"sense": "field",
"norm": "eqlu",
"pos": "N",
"epos": "N"}
}
,
{
"node": "l",
"frag": "šu-a-te",
"id": "P336003.l0448c",
"ref": "P336003.6.2",
"inst": "šuāte[that]'DP",
"exosig": "@saao/saa06%akk-x-neoass:šu-a-te=šuāti[him//that]IP'DP$šuāte",
"f": {"lang": "akk-x-neoass",
"form": "šu-a-te",
"cf": "šuāti",
"gw": "him",
"sense": "that",
"norm": "šuāte",
"pos": "IP",
"epos": "DP"}
}
,
{
"node": "l",
"frag": "za-⸢rip⸣",
"id": "P336003.l0448d",
"ref": "P336003.6.3",
"inst": "zarip[purchased]AJ",
"exosig": "@saao/saa06%akk-x-neoass:za-rip=zarpu[purchased//purchased]AJ'AJ$zarip",
"f": {"lang": "akk-x-neoass",
"form": "za-rip",
"cf": "zarpu",
"gw": "purchased",
"sense": "purchased",
"norm": "zarip",
"pos": "AJ",
"epos": "AJ"}
}
,
{
"node": "d",
"type": "line-start",
"ref": "P336003.7",
"n": "5'",
"label": "o 5'"}
,
{
"node": "l",
"frag": "[la]-⸢qi⸣",
"id": "P336003.l0448e",
"ref": "P336003.7.1",
"inst": "laqi[acquired]AJ",
"exosig": "@saao/saa06%akk-x-neoass:la-qi=leqû[taken//acquired]AJ'AJ$laqi",
"f": {"lang": "akk-x-neoass",
"form": "la-qi",
"cf": "leqû",
"gw": "taken",
"sense": "acquired",
"norm": "laqi",
"pos": "AJ",
"epos": "AJ"}
}
,
{
"node": "l",
"frag": "tu-a-ru",
"id": "P336003.l0448f",
"ref": "P336003.7.2",
"inst": "tuāru[revocation]'N",
"exosig": "@saao/saa06%akk-x-neoass:tu-a-ru=târu[turn//revocation]V'N$tuāru",
"f": {"lang": "akk-x-neoass",
"form": "tu-a-ru",
"cf": "târu",
"gw": "turn",
"sense": "revocation",
"norm": "tuāru",
"pos": "V",
"epos": "N"}
}
,
{
"node": "l",
"frag": "⸢de⸣-[nu]",
"id": "P336003.l04490",
"ref": "P336003.7.3",
"inst": "dēnu[lawsuit]N",
"exosig": "@saao/saa06%akk-x-neoass:de-nu=dīnu[legal decision//lawsuit]N'N$dēnu",
"f": {"lang": "akk-x-neoass",
"form": "de-nu",
"cf": "dīnu",
"gw": "legal decision",
"sense": "lawsuit",
"norm": "dēnu",
"pos": "N",
"epos": "N"}
}
,
{
"node": "d",
"type": "line-start",
"ref": "P336003.8",
"n": "6'",
"label": "o 6'"}
,
{
"node": "l",
"frag": "⸢DUG₄⸣.DUG₄",
"id": "P336003.l04491",
"ref": "P336003.8.1",
"inst": "dabābu[litigation]'N",
"exosig": "@saao/saa06%akk-x-neoass:DUG₄.DUG₄=dabābu[speak//litigation]V'N$dabābu",
"f": {"lang": "akk-x-neoass",
"form": "DUG₄.DUG₄",
"cf": "dabābu",
"gw": "speak",
"sense": "litigation",
"norm": "dabābu",
"pos": "V",
"epos": "N"}
}
,
{
"node": "l",
"frag": "la-aš₂-[šu₂]",
"id": "P336003.l04492",
"ref": "P336003.8.2",
"inst": "laššu[(there) is not]V",
"exosig": "@saao/saa06%akk-x-neoass:la-aš₂-šu₂=laššu[(there) is not//(there) is not]V'V$laššu",
"f": {"lang": "akk-x-neoass",
"form": "la-aš₂-šu₂",
"cf": "laššu",
"gw": "(there) is not",
"sense": "(there) is not",
"norm": "laššu",
"pos": "V",
"epos": "V"}
}
,
{
"node": "d",
"subtype": "bottom",
"type": "surface",
"ref": "P336003.b.e..9",
"type": "bottom",
"label": "b.e."}
,
{
"node": "d",
"type": "line-start",
"ref": "P336003.10",
"n": "7'",
"label": "b.e. 7'"}
,
{
"node": "l",
"frag": "⸢man⸣-nu",
"id": "P336003.l04493",
"ref": "P336003.10.1",
"inst": "mannu[whoever]'XP",
"exosig": "@saao/saa06%akk-x-neoass:man-nu=mannu[who?//whoever]QP'XP$mannu",
"f": {"lang": "akk-x-neoass",
"form": "man-nu",
"cf": "mannu",
"gw": "who?",
"sense": "whoever",
"norm": "mannu",
"pos": "QP",
"epos": "XP"}
}
,
{
"node": "l",
"frag": "ša₂",
"id": "P336003.l04494",
"ref": "P336003.10.2",
"inst": "ša[that]REL",
"exosig": "@saao/saa06%akk-x-neoass:ša₂=ša[that//that]REL'REL$ša",
"f": {"lang": "akk-x-neoass",
"form": "ša₂",
"cf": "ša",
"gw": "that",
"sense": "that",
"norm": "ša",
"pos": "REL",
"epos": "REL"}
}
,
{
"node": "c",
"type": "phrase",
"tag": "phr",
"id": "P336003.U5",
"ref": "P336003.ls00001",
"cdl": [
{
"node": "l",
"frag": "ina",
"id": "P336003.l04495",
"ref": "P336003.10.3",
"inst": "ina[in+=in the future]PRP",
"exosig": "@saao/saa06%akk-x-neoass:ina=ina[in//in]PRP'PRP$ina",
"f": {"lang": "akk-x-neoass",
"form": "ina",
"cf": "ina",
"gw": "in",
"sense": "in",
"norm": "ina",
"pos": "PRP",
"epos": "PRP"}
}
,
{
"node": "l",
"frag": "⸢ur-kiš⸣",
"id": "P336003.l04496",
"ref": "P336003.10.4",
"inst": "urkiš[later]AV",
"exosig": "@saao/saa06%akk-x-neoass:ur-kiš=urkiš[later//later]AV'AV$urkiš",
"f": {"lang": "akk-x-neoass",
"form": "ur-kiš",
"cf": "urkiš",
"gw": "later",
"sense": "later",
"norm": "urkiš",
"pos": "AV",
"epos": "AV"}
}
]}
,
{
"node": "l",
"frag": "[o]",
"id": "P336003.l04497",
"ref": "P336003.10.5",
"inst": "u",
"f": {"lang": "akk-x-neoass",
"form": "o",
"pos": "u"}
}
,
{
"node": "d",
"type": "line-start",
"ref": "P336003.11",
"n": "8'",
"label": "b.e. 8'"}
,
{
"node": "l",
"frag": "lu-u",
"id": "P336003.l04498",
"ref": "P336003.11.1",
"inst": "lū[may]MOD",
"exosig": "@saao/saa06%akk-x-neoass:lu-u=lū[may//may]MOD'MOD$lū",
"f": {"lang": "akk-x-neoass",
"form": "lu-u",
"cf": "lū",
"gw": "may",
"sense": "may",
"norm": "lū",
"pos": "MOD",
"epos": "MOD"}
}
,
{
"node": "l",
"frag": "{1}si-i-lu",
"id": "P336003.l04499",
"ref": "P336003.11.2",
"inst": "Saʾilu[1]PN$",
"exosig": "@saao/saa06%akk-x-neoass:{1}si-i-lu=Saʾilu[1//1]PN'PN$Saʾilu",
"f": {"lang": "akk-x-neoass",
"form": "{1}si-i-lu",
"cf": "Saʾilu",
"gw": "1",
"sense": "1",
"norm": "Saʾilu",
"pos": "PN",
"epos": "PN"}
}
,
{
"node": "l",
"frag": "[o]",
"id": "P336003.l0449a",
"ref": "P336003.11.3",
"inst": "u",
"f": {"lang": "akk-x-neoass",
"form": "o",
"pos": "u"}
}
,
{
"node": "d",
"type": "line-start",
"ref": "P336003.12",
"n": "9'",
"label": "b.e. 9'"}
,
{
"node": "l",
"frag": "⸢lu⸣-u",
"id": "P336003.l0449b",
"ref": "P336003.12.1",
"inst": "lū[may]MOD",
"exosig": "@saao/saa06%akk-x-neoass:lu-u=lū[may//may]MOD'MOD$lū",
"f": {"lang": "akk-x-neoass",
"form": "lu-u",
"cf": "lū",
"gw": "may",
"sense": "may",
"norm": "lū",
"pos": "MOD",
"epos": "MOD"}
}
,
{
"node": "l",
"frag": "DUMU-MEŠ-šu₂",
"id": "P336003.l0449c",
"ref": "P336003.12.2",
"inst": "marʾēšu[son]N",
"sig": "@saao%akk-x-neoass:DUMU-MEŠ-šu₂=māru[son//son]N'N$marʾēšu",
"f": {"lang": "akk-x-neoass",
"form": "DUMU-MEŠ-šu₂",
"cf": "māru",
"gw": "son",
"sense": "son",
"norm": "marʾēšu",
"pos": "N",
"epos": "N"}
}
,
{
"node": "l",
"frag": "[o]",
"id": "P336003.l0449d",
"ref": "P336003.12.3",
"inst": "u",
"f": {"lang": "akk-x-neoass",
"form": "o",
"pos": "u"}
}
,
{
"node": "d",
"subtype": "reverse",
"type": "surface",
"ref": "P336003.r.13",
"type": "reverse",
"label": "r"}
,
{
"node": "d",
"type": "line-start",
"ref": "P336003.14",
"n": "1",
"label": "r 1"}
,
{
"node": "l",
"frag": "⸢ša⸣",
"id": "P336003.l0449e",
"ref": "P336003.14.1",
"inst": "ša[of]DET",
"exosig": "@saao/saa06%akk-x-neoass:ša=ša[of//of]DET'DET$ša",
"f": {"lang": "akk-x-neoass",
"form": "ša",
"cf": "ša",
"gw": "of",
"sense": "of",
"norm": "ša",
"pos": "DET",
"epos": "DET"}
}
,
{
"node": "l",
"frag": "de-e-nu",
"id": "P336003.l0449f",
"ref": "P336003.14.2",
"inst": "dēnu[lawsuit]N",
"exosig": "@saao/saa06%akk-x-neoass:de-e-nu=dīnu[legal decision//lawsuit]N'N$dēnu",
"f": {"lang": "akk-x-neoass",
"form": "de-e-nu",
"cf": "dīnu",
"gw": "legal decision",
"sense": "lawsuit",
"norm": "dēnu",
"pos": "N",
"epos": "N"}
}
,
{
"node": "l",
"frag": "⸢DUG₄⸣.[DUG₄]",
"id": "P336003.l044a0",
"ref": "P336003.14.3",
"inst": "dabābu[litigation]'N",
"exosig": "@saao/saa06%akk-x-neoass:DUG₄.DUG₄=dabābu[speak//litigation]V'N$dabābu",
"f": {"lang": "akk-x-neoass",
"form": "DUG₄.DUG₄",
"cf": "dabābu",
"gw": "speak",
"sense": "litigation",
"norm": "dabābu",
"pos": "V",
"epos": "N"}
}
,
{
"node": "d",
"type": "line-start",
"ref": "P336003.15",
"n": "2",
"label": "r 2"}
,
{
"node": "l",
"frag": "TA@v",
"id": "P336003.l044a1",
"ref": "P336003.15.1",
"inst": "issi[with]PRP",
"exosig": "@saao/saa06%akk-x-neoass:TA@v=išti[with//with]PRP'PRP$issi",
"f": {"lang": "akk-x-neoass",
"form": "TA@v",
"cf": "išti",
"gw": "with",
"sense": "with",
"norm": "issi",
"pos": "PRP",
"epos": "PRP"}
}
,
{
"node": "l",
"frag": "{1}man-nu-ki-⸢arba⸣-[il₃]",
"id": "P336003.l044a2",
"ref": "P336003.15.2",
"inst": "Mannu-ki-Arbail[1]PN",
"exosig": "@saao/saa06%akk-x-neoass:{1}man-nu-ki-arba-il₃=Mannu-ki-Arbail[1//1]PN'PN$Mannu-ki-Arbail",
"f": {"lang": "akk-x-neoass",
"form": "{1}man-nu-ki-arba-il₃",
"cf": "Mannu-ki-Arbail",
"gw": "1",
"sense": "1",
"norm": "Mannu-ki-Arbail",
"pos": "PN",
"epos": "PN"}
}
,
{
"node": "d",
"type": "line-start",
"ref": "P336003.16",
"n": "3",
"label": "r 3"}
,
{
"node": "l",
"frag": "ub-ta-u-[ni]",
"id": "P336003.l044a3",
"ref": "P336003.16.1",
"inst": "ubtaʾʾūni[seek]V",
"exosig": "@saao/saa06%akk-x-neoass:ub-ta-u-ni=buʾʾû[look for//seek]V'V$ubtaʾʾūni",
"f": {"lang": "akk-x-neoass",
"form": "ub-ta-u-ni",
"cf": "buʾʾû",
"gw": "look for",
"sense": "seek",
"norm": "ubtaʾʾūni",
"pos": "V",
"epos": "V"}
}
,
{
"node": "d",
"type": "line-start",
"ref": "P336003.17",
"n": "4",
"label": "r 4"}
,
{
"node": "l",
"frag": "10",
"id": "P336003.l044a4",
"ref": "P336003.17.1",
"inst": "n",
"f": {"lang": "akk-x-neoass",
"form": "10",
"pos": "n"}
}
,
{
"node": "l",
"frag": "MA.NA",
"id": "P336003.l044a5",
"ref": "P336003.17.2",
"inst": "manê[a unit of weight]N",
"exosig": "@saao/saa06%akk-x-neoass:MA.NA=manû[unit//a unit of weight]N'N$manê",
"f": {"lang": "akk-x-neoass",
"form": "MA.NA",
"cf": "manû",
"gw": "unit",
"sense": "a unit of weight",
"norm": "manê",
"pos": "N",
"epos": "N"}
}
,
{
"node": "l",
"frag": "KUG.⸢UD⸣",
"id": "P336003.l044a6",
"ref": "P336003.17.3",
"inst": "ṣarpi[silver]N",
"exosig": "@saao/saa06%akk-x-neoass:KUG.UD=ṣarpu[silver//silver]N'N$ṣarpi",
"f": {"lang": "akk-x-neoass",
"form": "KUG.UD",
"cf": "ṣarpu",
"gw": "silver",
"sense": "silver",
"norm": "ṣarpi",
"pos": "N",
"epos": "N"}
}
,
{
"node": "l",
"frag": "[LUH-u]",
"id": "P336003.l044a7",
"ref": "P336003.17.4",
"inst": "masû[washed]AJ",
"exosig": "@saao/saa06%akk-x-neoass:LUH-u=mesû[washed//washed]AJ'AJ$masû",
"f": {"lang": "akk-x-neoass",
"form": "LUH-u",
"cf": "mesû",
"gw": "washed",
"sense": "washed",
"norm": "masû",
"pos": "AJ",
"epos": "AJ"}
}
,
{
"node": "d",
"type": "line-start",
"ref": "P336003.18",
"n": "5",
"label": "r 5"}
,
{
"node": "l",
"frag": "ina",
"id": "P336003.l044a8",
"ref": "P336003.18.1",
"inst": "ina[in]PRP",
"exosig": "@saao/saa06%akk-x-neoass:ina=ina[in//in]PRP'PRP$ina",
"f": {"lang": "akk-x-neoass",
"form": "ina",
"cf": "ina",
"gw": "in",
"sense": "in",
"norm": "ina",
"pos": "PRP",
"epos": "PRP"}
}
,
{
"node": "l",
"frag": "bur-ki",
"id": "P336003.l044a9",
"ref": "P336003.18.2",
"inst": "burki[lap]N",
"exosig": "@saao/saa06%akk-x-neoass:bur-ki=burku[knee//lap]N'N$burki",
"f": {"lang": "akk-x-neoass",
"form": "bur-ki",
"cf": "burku",
"gw": "knee",
"sense": "lap",
"norm": "burki",
"pos": "N",
"epos": "N"}
}
,
{
"node": "l",
"frag": "{⸢d⸣}[x",
"id": "P336003.l044aa",
"ref": "P336003.18.3",
"inst": "u",
"f": {"lang": "akk-x-neoass",
"form": "{d}x",
"pos": "u"}
}
,
{
"node": "l",
"frag": "x",
"id": "P336003.l044ab",
"ref": "P336003.18.4",
"inst": "u",
"f": {"lang": "akk-x-neoass",
"form": "x",
"pos": "u"}
}
,
{
"node": "l",
"frag": "GAR]",
"id": "P336003.l044ac",
"ref": "P336003.18.5",
"inst": "šakānu[put//place]V$išakkan",
"exosig": "@saao/saa06%akk-x-neoass:GAR=šakānu[put//place]V'V$išakkan",
"f": {"lang": "akk-x-neoass",
"form": "GAR",
"cf": "šakānu",
"gw": "put",
"sense": "place",
"norm": "išakkan",
"pos": "V",
"epos": "V"}
}
,
{
"node": "d",
"type": "line-start",
"ref": "P336003.19",
"n": "6",
"label": "r 6"}
,
{
"node": "l",
"frag": "ina",
"id": "P336003.l044ad",
"ref": "P336003.19.1",
"inst": "ina[in]PRP",
"exosig": "@saao/saa06%akk-x-neoass:ina=ina[in//in]PRP'PRP$ina",
"f": {"lang": "akk-x-neoass",
"form": "ina",
"cf": "ina",
"gw": "in",
"sense": "in",
"norm": "ina",
"pos": "PRP",
"epos": "PRP"}
}
,
{
"node": "l",
"frag": "de-ni-šu₂",
"id": "P336003.l044ae",
"ref": "P336003.19.2",
"inst": "dēnīšu[lawsuit]N",
"exosig": "@saao/saa06%akk-x-neoass:de-ni-šu₂=dīnu[legal decision//lawsuit]N'N$dēnīšu",
"f": {"lang": "akk-x-neoass",
"form": "de-ni-šu₂",
"cf": "dīnu",
"gw": "legal decision",
"sense": "lawsuit",
"norm": "dēnīšu",
"pos": "N",
"epos": "N"}
}
,
{
"node": "l",
"frag": "⸢DUG₄⸣.[DUG₄-ma",
"id": "P336003.l044af",
"ref": "P336003.19.3",
"inst": "idabbubma[contest]V",
"exosig": "@saao/saa06%akk-x-neoass:DUG₄.DUG₄-ma=dabābu[speak//contest]V'V$idabbubma",
"f": {"lang": "akk-x-neoass",
"form": "DUG₄.DUG₄-ma",
"cf": "dabābu",
"gw": "speak",
"sense": "contest",
"norm": "idabbubma",
"pos": "V",
"epos": "V"}
}
,
{
"node": "l",
"frag": "la₃",
"id": "P336003.l044b0",
"ref": "P336003.19.4",
"inst": "lā[not]MOD",
"exosig": "@saao/saa06%akk-x-neoass:la₃=lā[not//not]MOD'MOD$lā",
"f": {"lang": "akk-x-neoass",
"form": "la₃",
"cf": "lā",
"gw": "not",
"sense": "not",
"norm": "lā",
"pos": "MOD",
"epos": "MOD"}
}
,
{
"node": "l",
"frag": "TI]",
"id": "P336003.l044b1",
"ref": "P336003.19.5",
"inst": "ilaqqi[succeed]V",
"exosig": "@saao/saa06%akk-x-neoass:TI=leqû[take//succeed]V'V$ilaqqi",
"f": {"lang": "akk-x-neoass",
"form": "TI",
"cf": "leqû",
"gw": "take",
"sense": "succeed",
"norm": "ilaqqi",
"pos": "V",
"epos": "V"}
}
,
{
"node": "d",
"type": "nonx",
"ref": "P336003.20",
"strict": "1",
"extent": "n",
"scope": "line",
"state": "ruling"}
,
{
"node": "d",
"type": "line-start",
"ref": "P336003.21",
"n": "7",
"label": "r 7"}
,
{
"node": "l",
"frag": "IGI",
"id": "P336003.l044b2",
"ref": "P336003.21.1",
"inst": "šību[witness]N",
"exosig": "@saao/saa06%akk-x-neoass:IGI=šību[witness//witness]N'N$šību",
"f": {"lang": "akk-x-neoass",
"form": "IGI",
"cf": "šību",
"gw": "witness",
"sense": "witness",
"norm": "šību",
"pos": "N",
"epos": "N"}
}
,
{
"node": "l",
"frag": "{1}si-⸢x⸣",
"id": "P336003.l044b3",
"ref": "P336003.21.2",
"inst": "u",
"f": {"lang": "akk-x-neoass",
"form": "{1}si-x",
"pos": "u"}
}
,
{
"node": "l",
"frag": "[x",
"id": "P336003.l044b4",
"ref": "P336003.21.3",
"inst": "u",
"f": {"lang": "akk-x-neoass",
"form": "x",
"pos": "u"}
}
,
{
"node": "l",
"frag": "x",
"id": "P336003.l044b5",
"ref": "P336003.21.4",
"inst": "u",
"f": {"lang": "akk-x-neoass",
"form": "x",
"pos": "u"}
}
,
{
"node": "l",
"frag": "x",
"id": "P336003.l044b6",
"ref": "P336003.21.5",
"inst": "u",
"f": {"lang": "akk-x-neoass",
"form": "x",
"pos": "u"}
}
,
{
"node": "l",
"frag": "x]",
"id": "P336003.l044b7",
"ref": "P336003.21.6",
"inst": "u",
"f": {"lang": "akk-x-neoass",
"form": "x",
"pos": "u"}
}
,
{
"node": "d",
"type": "line-start",
"ref": "P336003.22",
"n": "8",
"label": "r 8"}
,
{
"node": "l",
"frag": "[IGI]",
"id": "P336003.l044b8",
"ref": "P336003.22.1",
"inst": "šību[witness]N",
"exosig": "@saao/saa06%akk-x-neoass:IGI=šību[witness//witness]N'N$šību",
"f": {"lang": "akk-x-neoass",
"form": "IGI",
"cf": "šību",
"gw": "witness",
"sense": "witness",
"norm": "šību",
"pos": "N",
"epos": "N"}
}
,
{
"node": "l",
"frag": "{1}[x",
"id": "P336003.l044b9",
"ref": "P336003.22.2",
"inst": "u",
"f": {"lang": "akk-x-neoass",
"form": "{1}x",
"pos": "u"}
}
,
{
"node": "l",
"frag": "x",
"id": "P336003.l044ba",
"ref": "P336003.22.3",
"inst": "u",
"f": {"lang": "akk-x-neoass",
"form": "x",
"pos": "u"}
}
,
{
"node": "l",
"frag": "x",
"id": "P336003.l044bb",
"ref": "P336003.22.4",
"inst": "u",
"f": {"lang": "akk-x-neoass",
"form": "x",
"pos": "u"}
}
,
{
"node": "l",
"frag": "x",
"id": "P336003.l044bc",
"ref": "P336003.22.5",
"inst": "u",
"f": {"lang": "akk-x-neoass",
"form": "x",
"pos": "u"}
}
,
{
"node": "l",
"frag": "x",
"id": "P336003.l044bd",
"ref": "P336003.22.6",
"inst": "u",
"f": {"lang": "akk-x-neoass",
"form": "x",
"pos": "u"}
}
,
{
"node": "l",
"frag": "x]",
"id": "P336003.l044be",
"ref": "P336003.22.7",
"inst": "u",
"f": {"lang": "akk-x-neoass",
"form": "x",
"pos": "u"}
}
,
{
"node": "d",
"type": "nonx",
"ref": "P336003.23",
"strict": "0",
"extent": "rest",
"state": "missing"}
,
{
"node": "d",
"subtype": "edge",
"type": "surface",
"ref": "P336003.e..24",
"type": "edge",
"label": "e."}
,
{
"node": "d",
"type": "line-start",
"ref": "P336003.25",
"n": "1",
"label": "e. 1"}
,
{
"node": "l",
"frag": "{iti}GUD",
"id": "P336003.l044bf",
"ref": "P336003.25.1",
"inst": "Ayari[Iyyar]MN",
"exosig": "@saao/saa06%akk-x-neoass:{ITI}GUD=Ayaru[Iyyar//Iyyar]MN'MN$Ayari",
"f": {"lang": "akk-x-neoass",
"form": "{ITI}GUD",
"cf": "Ayaru",
"gw": "Iyyar",
"sense": "Iyyar",
"norm": "Ayari",
"pos": "MN",
"epos": "MN"}
}
,
{
"node": "l",
"frag": "UD",
"id": "P336003.l044c0",
"ref": "P336003.25.2",
"inst": "ūm[day]N",
"exosig": "@saao/saa06%akk-x-neoass:UD=ūmu[day//day]N'N$ūm",
"f": {"lang": "akk-x-neoass",
"form": "UD",
"cf": "ūmu",
"gw": "day",
"sense": "day",
"norm": "ūm",
"pos": "N",
"epos": "N"}
}
,
{
"node": "l",
"frag": "21-⸢KAM₂⸣",
"id": "P336003.l044c1",
"ref": "P336003.25.3",
"inst": "n",
"f": {"lang": "akk-x-neoass",
"form": "21-KAM₂",
"pos": "n"}
}
,
{
"node": "l",
"frag": "[lim-mu",
"id": "P336003.l044c2",
"ref": "P336003.25.4",
"inst": "limmu[eponym (of year)]N",
"exosig": "@saao/saa06%akk-x-neoass:lim-mu=līmu[eponym (of year)//eponym (of year)]N'N$limmu",
"f": {"lang": "akk-x-neoass",
"form": "lim-mu",
"cf": "līmu",
"gw": "eponym (of year)",
"sense": "eponym (of year)",
"norm": "limmu",
"pos": "N",
"epos": "N"}
}
,
{
"node": "l",
"frag": "{1}U.GUR-MAN-PAB]",
"id": "P336003.l044c3",
"ref": "P336003.25.5",
"inst": "Nergal-šarru-uṣur[1]PN$",
"exosig": "@saao/saa06%akk-x-neoass:{1}U.GUR-MAN-PAB=Nergal-šarru-uṣur[1//1]PN'PN$Nergal-šarru-uṣur",
"f": {"lang": "akk-x-neoass",
"form": "{1}U.GUR-MAN-PAB",
"cf": "Nergal-šarru-uṣur",
"gw": "1",
"sense": "1",
"norm": "Nergal-šarru-uṣur",
"pos": "PN",
"epos": "PN"}
}
,
{
"node": "d",
"type": "line-start",
"ref": "P336003.26",
"n": "2",
"label": "e. 2"}
,
{
"node": "l",
"frag": "[o]",
"id": "P336003.l044c4",
"ref": "P336003.26.1",
"inst": "u",
"f": {"lang": "akk-x-neoass",
"form": "o",
"pos": "u"}
}
,
{
"node": "c",
"type": "phrase",
"tag": "phr",
"id": "P336003.U6",
"ref": "P336003.ls00002",
"cdl": [
{
"node": "l",
"frag": "{lu₂v}⸢GAL⸣-[KAŠ.LUL]",
"id": "P336003.l044c5",
"ref": "P336003.26.2",
"cof-tails": "P336003.l044c6",
"inst": "rabû[big one]N$rab&šāqû[cupbearer]N$šāqê",
"exosig": "@saao/saa06%akk-x-neoass:{LU₂}GAL-KAŠ.LUL=rabû[big one//big one]N'N$rab&&@saao%akk-x-neoass:=šāqû[butler//cupbearer]N'N$šāqê",
"f": {"lang": "akk-x-neoass",
"form": "{LU₂}GAL-KAŠ.LUL",
"cf": "rabû",
"gw": "big one",
"sense": "big one",
"norm": "rab",
"pos": "N",
"epos": "N"}
}
,
{
"node": "l",
"frag": "{lu₂v}⸢GAL⸣-[KAŠ.LUL]",
"id": "P336003.l044c6",
"ref": "P336003.26.2",
"cof-head": "P336003.l044c5",
"inst": "rabû[big one]N$rab&šāqû[cupbearer]N$šāqê",
"tail-sig": "@saao%akk-x-neoass:=šāqû[butler//cupbearer]N'N$šāqê",
"f": {"lang": "akk-x-neoass",
"form": "{LU₂}GAL-KAŠ.LUL",
"cf": "šāqû",
"gw": "butler",
"sense": "cupbearer",
"norm": "šāqê",
"pos": "N",
"epos": "N"}
}
]}
]}
]}
]}
,
{
"linkbase": [{
"type": "linkset",
"xlink_title": "ištu pān[from//because of]PRP'PRP",
"id": "P336003.ls00000",
"xlink_type": "extended",
"xlink_role": "psu",
"sig": "{ištu[from]PRP pānu[front]N += ištu pān[from//because of]PRP'PRP}::@saao%akk-x-neoass:TA=ištu[from//from]PRP'PRP$issu++@saao%akk-x-neoass:IGI=pānu[front//front]N'N$pān",
"links": [
{
"type": "link",
"xlink_title": "issu",
"xlink_type": "locator",
"xlink_href": "#P336003.l04483",
"xlink_role": "elt"}
,
{
"type": "link",
"xlink_title": "pān",
"xlink_type": "locator",
"xlink_href": "#P336003.l04484",
"xlink_role": "elt"}
]}
,
{
"type": "linkset",
"xlink_title": "ina urkiš[in the future//in the future]AV'AV",
"id": "P336003.ls00001",
"xlink_type": "extended",
"xlink_role": "psu",
"sig": "{ina[in]PRP urkiš[later]AV += ina urkiš[in the future//in the future]AV'AV}::@saao%akk-x-neoass:ina=ina[in//into]PRP'PRP$ina++@saao%akk-x-neoass:ur-kiš=urkiš[later//later]AV'AV$urkiš",
"links": [
{
"type": "link",
"xlink_title": "ina",
"xlink_type": "locator",
"xlink_href": "#P336003.l04495",
"xlink_role": "elt"}
,
{
"type": "link",
"xlink_title": "urkiš",
"xlink_type": "locator",
"xlink_href": "#P336003.l04496",
"xlink_role": "elt"}
]}
,
{
"type": "linkset",
"xlink_title": "rab šāqê[chief cupbearer//chief cupbearer]N'N",
"id": "P336003.ls00002",
"xlink_type": "extended",
"xlink_role": "psu",
"sig": "{{LU₂}GAL-KAŠ.LUL = rabû[big one]N šāqû[butler]N += rab šāqê[chief cupbearer//chief cupbearer]N'N}::@saao/saa10%akk-x-neoass:{LU₂}GAL-KAŠ.LUL=rabû[big one//big one]N'N$rab++@saao/saa10%akk-x-neoass:{LU₂}GAL-KAŠ.LUL=šāqû[butler//butler]N'N$šāqê",
"links": [
{
"type": "link",
"xlink_title": "rabû",
"xlink_type": "locator",
"xlink_href": "#P336003.l044c5",
"xlink_role": "elt"}
,
{
"type": "link",
"xlink_title": "šāqû",
"xlink_type": "locator",
"xlink_href": "#P336003.l044c6",
"xlink_role": "elt"}
]}
]}
]}
