{
"type": "corpus",
"project": "saao/saa19",
  "source": "http://oracc.org/saao/saa19",
  "license": "This data is released under the CC0 license",
  "license-url": "https://creativecommons.org/publicdomain/zero/1.0/",
  "more-info": "http://oracc.org/doc/opendata/",
  "UTC-timestamp": "2017-05-19T12:04:11",
"members": {
"P224378": "corpusjson/P224378.json","P224379": "corpusjson/P224379.json","P224380": "corpusjson/P224380.json","P224381": "corpusjson/P224381.json","P224382": "corpusjson/P224382.json","P224383": "corpusjson/P224383.json","P224385": "corpusjson/P224385.json","P224386": "corpusjson/P224386.json","P224387": "corpusjson/P224387.json","P224388": "corpusjson/P224388.json","P224389": "corpusjson/P224389.json","P224390": "corpusjson/P224390.json","P224391": "corpusjson/P224391.json","P224392": "corpusjson/P224392.json","P224393": "corpusjson/P224393.json","P224394": "corpusjson/P224394.json","P224395": "corpusjson/P224395.json","P224396": "corpusjson/P224396.json","P224397": "corpusjson/P224397.json","P224398": "corpusjson/P224398.json","P224399": "corpusjson/P224399.json","P224400": "corpusjson/P224400.json","P224401": "corpusjson/P224401.json","P224402": "corpusjson/P224402.json","P224403": "corpusjson/P224403.json","P224404": "corpusjson/P224404.json","P224405": "corpusjson/P224405.json","P224406": "corpusjson/P224406.json","P224407": "corpusjson/P224407.json","P224408": "corpusjson/P224408.json","P224409": "corpusjson/P224409.json","P224410": "corpusjson/P224410.json","P224411": "corpusjson/P224411.json","P224412": "corpusjson/P224412.json","P224413": "corpusjson/P224413.json","P224414": "corpusjson/P224414.json","P224415": "corpusjson/P224415.json","P224416": "corpusjson/P224416.json","P224417": "corpusjson/P224417.json","P224418": "corpusjson/P224418.json","P224419": "corpusjson/P224419.json","P224420": "corpusjson/P224420.json","P224421": "corpusjson/P224421.json","P224422": "corpusjson/P224422.json","P224423": "corpusjson/P224423.json","P224424": "corpusjson/P224424.json","P224425": "corpusjson/P224425.json","P224426": "corpusjson/P224426.json","P224427": "corpusjson/P224427.json","P224428": "corpusjson/P224428.json","P224429": "corpusjson/P224429.json","P224430": "corpusjson/P224430.json","P224431": "corpusjson/P224431.json","P224432": "corpusjson/P224432.json","P224433": "corpusjson/P224433.json","P224434": "corpusjson/P224434.json","P224435": "corpusjson/P224435.json","P224436": "corpusjson/P224436.json","P224437": "corpusjson/P224437.json","P224438": "corpusjson/P224438.json","P224439": "corpusjson/P224439.json","P224440": "corpusjson/P224440.json","P224441": "corpusjson/P224441.json","P224442": "corpusjson/P224442.json","P224443": "corpusjson/P224443.json","P224444": "corpusjson/P224444.json","P224445": "corpusjson/P224445.json","P224446": "corpusjson/P224446.json","P224447": "corpusjson/P224447.json","P224448": "corpusjson/P224448.json","P224449": "corpusjson/P224449.json","P224450": "corpusjson/P224450.json","P224451": "corpusjson/P224451.json","P224452": "corpusjson/P224452.json","P224453": "corpusjson/P224453.json","P224454": "corpusjson/P224454.json","P224455": "corpusjson/P224455.json","P224456": "corpusjson/P224456.json","P224457": "corpusjson/P224457.json","P224458": "corpusjson/P224458.json","P224459": "corpusjson/P224459.json","P224460": "corpusjson/P224460.json","P224461": "corpusjson/P224461.json","P224462": "corpusjson/P224462.json","P224463": "corpusjson/P224463.json","P224464": "corpusjson/P224464.json","P224465": "corpusjson/P224465.json","P224466": "corpusjson/P224466.json","P224467": "corpusjson/P224467.json","P224468": "corpusjson/P224468.json","P224469": "corpusjson/P224469.json","P224470": "corpusjson/P224470.json","P224471": "corpusjson/P224471.json","P224472": "corpusjson/P224472.json","P224473": "corpusjson/P224473.json","P224474": "corpusjson/P224474.json","P224475": "corpusjson/P224475.json","P224476": "corpusjson/P224476.json","P224477": "corpusjson/P224477.json","P224478": "corpusjson/P224478.json","P224479": "corpusjson/P224479.json","P224480": "corpusjson/P224480.json","P224481": "corpusjson/P224481.json","P224482": "corpusjson/P224482.json","P224484": "corpusjson/P224484.json","P224486": "corpusjson/P224486.json","P224487": "corpusjson/P224487.json","P224488": "corpusjson/P224488.json","P224489": "corpusjson/P224489.json","P224490": "corpusjson/P224490.json","P224491": "corpusjson/P224491.json","P224492": "corpusjson/P224492.json","P224493": "corpusjson/P224493.json","P224494": "corpusjson/P224494.json","P224495": "corpusjson/P224495.json","P224496": "corpusjson/P224496.json","P224497": "corpusjson/P224497.json","P224498": "corpusjson/P224498.json","P224499": "corpusjson/P224499.json","P224500": "corpusjson/P224500.json","P224501": "corpusjson/P224501.json","P224502": "corpusjson/P224502.json","P224503": "corpusjson/P224503.json","P336300": "corpusjson/P336300.json","P393604": "corpusjson/P393604.json","P393605": "corpusjson/P393605.json","P393606": "corpusjson/P393606.json","P393607": "corpusjson/P393607.json","P393608": "corpusjson/P393608.json","P393609": "corpusjson/P393609.json","P393610": "corpusjson/P393610.json","P393611": "corpusjson/P393611.json","P393612": "corpusjson/P393612.json","P393613": "corpusjson/P393613.json","P393614": "corpusjson/P393614.json","P393615": "corpusjson/P393615.json","P393616": "corpusjson/P393616.json","P393617": "corpusjson/P393617.json","P393618": "corpusjson/P393618.json","P393619": "corpusjson/P393619.json","P393620": "corpusjson/P393620.json","P393621": "corpusjson/P393621.json","P393622": "corpusjson/P393622.json","P393623": "corpusjson/P393623.json","P393624": "corpusjson/P393624.json","P393625": "corpusjson/P393625.json","P393626": "corpusjson/P393626.json","P393627": "corpusjson/P393627.json","P393628": "corpusjson/P393628.json","P393629": "corpusjson/P393629.json","P393630": "corpusjson/P393630.json","P393631": "corpusjson/P393631.json","P393632": "corpusjson/P393632.json","P393633": "corpusjson/P393633.json","P393634": "corpusjson/P393634.json","P393635": "corpusjson/P393635.json","P393636": "corpusjson/P393636.json","P393637": "corpusjson/P393637.json","P393638": "corpusjson/P393638.json","P393639": "corpusjson/P393639.json","P393640": "corpusjson/P393640.json","P393641": "corpusjson/P393641.json","P393642": "corpusjson/P393642.json","P393643": "corpusjson/P393643.json","P393644": "corpusjson/P393644.json","P393645": "corpusjson/P393645.json","P393646": "corpusjson/P393646.json","P393647": "corpusjson/P393647.json","P393648": "corpusjson/P393648.json","P393649": "corpusjson/P393649.json","P393650": "corpusjson/P393650.json","P393651": "corpusjson/P393651.json","P393652": "corpusjson/P393652.json","P393653": "corpusjson/P393653.json","P393654": "corpusjson/P393654.json","P393655": "corpusjson/P393655.json","P393656": "corpusjson/P393656.json","P393657": "corpusjson/P393657.json","P393658": "corpusjson/P393658.json","P393659": "corpusjson/P393659.json","P393660": "corpusjson/P393660.json","P393661": "corpusjson/P393661.json","P393662": "corpusjson/P393662.json","P393663": "corpusjson/P393663.json","P393664": "corpusjson/P393664.json","P393665": "corpusjson/P393665.json","P393666": "corpusjson/P393666.json","P393667": "corpusjson/P393667.json","P393668": "corpusjson/P393668.json","P393669": "corpusjson/P393669.json","P393670": "corpusjson/P393670.json","P393671": "corpusjson/P393671.json","P393672": "corpusjson/P393672.json","P393673": "corpusjson/P393673.json","P393674": "corpusjson/P393674.json","P393675": "corpusjson/P393675.json","P393676": "corpusjson/P393676.json","P393677": "corpusjson/P393677.json","P393678": "corpusjson/P393678.json","P393679": "corpusjson/P393679.json","P393680": "corpusjson/P393680.json","P393681": "corpusjson/P393681.json","P393682": "corpusjson/P393682.json","P393683": "corpusjson/P393683.json","P393684": "corpusjson/P393684.json","P393685": "corpusjson/P393685.json","P393686": "corpusjson/P393686.json","P393687": "corpusjson/P393687.json","P393688": "corpusjson/P393688.json","P393689": "corpusjson/P393689.json","P393690": "corpusjson/P393690.json","P393691": "corpusjson/P393691.json","P393692": "corpusjson/P393692.json","P393693": "corpusjson/P393693.json","P393694": "corpusjson/P393694.json","P393695": "corpusjson/P393695.json","P393696": "corpusjson/P393696.json","P393698": "corpusjson/P393698.json","P393699": "corpusjson/P393699.json","P393700": "corpusjson/P393700.json","P393702": "corpusjson/P393702.json","P393703": "corpusjson/P393703.json","P393704": "corpusjson/P393704.json","P393705": "corpusjson/P393705.json","P393707": "corpusjson/P393707.json","P393708": "corpusjson/P393708.json","P393709": "corpusjson/P393709.json","P415762": "corpusjson/P415762.json","X900013": "corpusjson/X900013.json"
}
}
