{
	"type": "glossary",
	"project":"saao/saa19",
  "source": "http://oracc.org/saao/saa19",
  "license": "This data is released under the CC0 license",
  "license-url": "https://creativecommons.org/publicdomain/zero/1.0/",
  "more-info": "http://oracc.org/doc/opendata/",
  "UTC-timestamp": "2017-05-19T12:04:13",
  "source": "http://oracc.org/saao/saa19",
  "license": "This data is released under the CC0 license",
  "license-url": "https://creativecommons.org/publicdomain/zero/1.0/",
  "more-info": "http://oracc.org/doc/opendata/",
  "UTC-timestamp": "2017-05-19T12:03:23",
  "source": "http://oracc.org/saao/saa19",
  "license": "This data is released under the CC0 license",
  "license-url": "https://creativecommons.org/publicdomain/zero/1.0/",
  "more-info": "http://oracc.org/doc/opendata/",
  "UTC-timestamp": "2017-02-19T09:27:06",
  "source": "http://oracc.org/saao/saa19",
  "license": "This data is released under the CC0 license",
  "license-url": "https://creativecommons.org/publicdomain/zero/1.0/",
  "more-info": "http://oracc.org/doc/opendata/",
  "UTC-timestamp": "2017-02-19T09:26:16",
	"index": "cbd/qpn",
	"keys": [{
		"key": "Šarru-emuranni[1]",
		"count": "1",
		"instances": [
			"Šarru-emuranni[1]"
		]},{
		"key": "2",
		"count": "4",
		"instances": [
			"2","2","2","2"
		]},{
		"key": "3",
		"count": "6",
		"instances": [
			"3","3","3","3","3","3"
		]},{
		"key": "4",
		"count": "6",
		"instances": [
			"4","4","4","4","4","4"
		]},{
		"key": "5",
		"count": "2",
		"instances": [
			"5","5"
		]},{
		"key": "9",
		"count": "2",
		"instances": [
			"9","9"
		]},{
		"key": "diglat",
		"count": "2",
		"instances": [
			"diglat","diglat"
		]},{
		"key": "Nabu-šarru-uṣur[1]",
		"count": "1",
		"instances": [
			"Nabu-šarru-uṣur[1]"
		]},{
		"key": "pahhir",
		"count": "2",
		"instances": [
			"pahhir","pahhir"
		]},{
		"key": "tuqunu",
		"count": "2",
		"instances": [
			"tuqunu","tuqunu"
		]},{
		"key": "Ištar[1]",
		"count": "1",
		"instances": [
			"Ištar[1]"
		]},{
		"key": "ṭebetu",
		"count": "1",
		"instances": [
			"ṭebetu"
		]},{
		"key": "ṭebeti",
		"count": "1",
		"instances": [
			"ṭebeti"
		]},{
		"key": "Šamaš-ereš[1]",
		"count": "1",
		"instances": [
			"Šamaš-ereš[1]"
		]},{
		"key": "Lu-gamil[1]",
		"count": "1",
		"instances": [
			"Lu-gamil[1]"
		]},{
		"key": "ahhešu",
		"count": "2",
		"instances": [
			"ahhešu","ahhešu"
		]},{
		"key": "Arsazaya[1]",
		"count": "1",
		"instances": [
			"Arsazaya[1]"
		]},{
		"key": "Duri-Aššur[02]",
		"count": "1",
		"instances": [
			"Duri-Aššur[02]"
		]},{
		"key": "Aššur-naṣir[4]",
		"count": "1",
		"instances": [
			"Aššur-naṣir[4]"
		]},{
		"key": "atlur",
		"count": "2",
		"instances": [
			"atlur","atlur"
		]},{
		"key": "Bit-Imbiya[1]",
		"count": "1",
		"instances": [
			"Bit-Imbiya[1]"
		]},{
		"key": "turmišaya",
		"count": "2",
		"instances": [
			"turmišaya","turmišaya"
		]},{
		"key": "Harbiṣaṣu[1]",
		"count": "1",
		"instances": [
			"Harbiṣaṣu[1]"
		]},{
		"key": "nabe",
		"count": "1",
		"instances": [
			"nabe"
		]},{
		"key": "naba",
		"count": "2",
		"instances": [
			"naba","naba"
		]},{
		"key": "nabi",
		"count": "1",
		"instances": [
			"nabi"
		]},{
		"key": "durtuni",
		"count": "1",
		"instances": [
			"durtuni"
		]},{
		"key": "marad",
		"count": "2",
		"instances": [
			"marad","marad"
		]},{
		"key": "Šulmu-beli[1]",
		"count": "1",
		"instances": [
			"Šulmu-beli[1]"
		]},{
		"key": "šiʾanaya",
		"count": "2",
		"instances": [
			"šiʾanaya","šiʾanaya"
		]},{
		"key": "durtunu",
		"count": "1",
		"instances": [
			"durtunu"
		]},{
		"key": "Arzuhina[1]",
		"count": "1",
		"instances": [
			"Arzuhina[1]"
		]},{
		"key": "ionian",
		"count": "2",
		"instances": [
			"ionian","ionian"
		]},{
		"key": "munnabitu",
		"count": "1",
		"instances": [
			"munnabitu"
		]},{
		"key": "Hazzataya[Gazaite]",
		"count": "1",
		"instances": [
			"Hazzataya[Gazaite]"
		]},{
		"key": "iddin",
		"count": "2",
		"instances": [
			"iddin","iddin"
		]},{
		"key": "Ahu-lamur[1]",
		"count": "1",
		"instances": [
			"Ahu-lamur[1]"
		]},{
		"key": "hagranu",
		"count": "1",
		"instances": [
			"hagranu"
		]},{
		"key": "Addaru[Adar]",
		"count": "1",
		"instances": [
			"Addaru[Adar]"
		]},{
		"key": "aini",
		"count": "1",
		"instances": [
			"aini"
		]},{
		"key": "Marduk-emuranni[1]",
		"count": "1",
		"instances": [
			"Marduk-emuranni[1]"
		]},{
		"key": "Abi-hari[1]",
		"count": "1",
		"instances": [
			"Abi-hari[1]"
		]},{
		"key": "Hazala[1]",
		"count": "1",
		"instances": [
			"Hazala[1]"
		]},{
		"key": "puqudu",
		"count": "2",
		"instances": [
			"puqudu","puqudu"
		]},{
		"key": "Maʾabaya[Moabite]",
		"count": "1",
		"instances": [
			"Maʾabaya[Moabite]"
		]},{
		"key": "birdunu",
		"count": "2",
		"instances": [
			"birdunu","birdunu"
		]},{
		"key": "samerina",
		"count": "1",
		"instances": [
			"samerina"
		]},{
		"key": "hagaranu",
		"count": "2",
		"instances": [
			"hagaranu","hagaranu"
		]},{
		"key": "Balassu[1]",
		"count": "1",
		"instances": [
			"Balassu[1]"
		]},{
		"key": "urpalaʾa",
		"count": "2",
		"instances": [
			"urpalaʾa","urpalaʾa"
		]},{
		"key": "kummuhaya",
		"count": "2",
		"instances": [
			"kummuhaya","kummuhaya"
		]},{
		"key": "Bel-iqbi[1]",
		"count": "1",
		"instances": [
			"Bel-iqbi[1]"
		]},{
		"key": "15",
		"count": "11",
		"instances": [
			"15","15","15","15","15","15","15","15","15","15","15"
		]},{
		"key": "10",
		"count": "10",
		"instances": [
			"10","10","10","10","10","10","10","10","10","10"
		]},{
		"key": "Hindanaya[1]",
		"count": "1",
		"instances": [
			"Hindanaya[1]"
		]},{
		"key": "orontes",
		"count": "2",
		"instances": [
			"orontes","orontes"
		]},{
		"key": "argite",
		"count": "2",
		"instances": [
			"argite","argite"
		]},{
		"key": "ibni",
		"count": "8",
		"instances": [
			"ibni","ibni","ibni","ibni","ibni","ibni","ibni","ibni","ibni","ibni"
		]},{
		"key": "Renni[1]",
		"count": "1",
		"instances": [
			"Renni[1]"
		]},{
		"key": "ukkaya",
		"count": "2",
		"instances": [
			"ukkaya","ukkaya"
		]},{
		"key": "yakinu",
		"count": "1",
		"instances": [
			"yakinu"
		]},{
		"key": "30",
		"count": "6",
		"instances": [
			"30","30","30","30","30","30"
		]},{
		"key": "Tuqunu[1]",
		"count": "1",
		"instances": [
			"Tuqunu[1]"
		]},{
		"key": "Zarpanitu[1]",
		"count": "1",
		"instances": [
			"Zarpanitu[1]"
		]},{
		"key": "inurta",
		"count": "8",
		"instances": [
			"inurta","inurta","inurta","inurta","inurta","inurta","inurta","inurta"
		]},{
		"key": "urzuhinaya",
		"count": "1",
		"instances": [
			"urzuhinaya"
		]},{
		"key": "Šarru-duri[1]",
		"count": "1",
		"instances": [
			"Šarru-duri[1]"
		]},{
		"key": "Marduk-remanni[1]",
		"count": "1",
		"instances": [
			"Marduk-remanni[1]"
		]},{
		"key": "dannaya",
		"count": "4",
		"instances": [
			"dannaya","dannaya","dannaya","dannaya"
		]},{
		"key": "Mušallim-Aššur[1]",
		"count": "1",
		"instances": [
			"Mušallim-Aššur[1]"
		]},{
		"key": "kapar",
		"count": "2",
		"instances": [
			"kapar","kapar"
		]},{
		"key": "attar",
		"count": "4",
		"instances": [
			"attar","attar","attar","attar"
		]},{
		"key": "waru",
		"count": "2",
		"instances": [
			"waru","waru"
		]},{
		"key": "ašdudaya",
		"count": "1",
		"instances": [
			"ašdudaya"
		]}
	],
	"map": {
		"%akk": "akk",
		"(Assur)": "assur",
		"01": "1",
		"02": "2",
		"A": "a",
		"AB": "ab",
		"AD": "ad",
		"AG": "ag",
		"AMAR.UTU": "amarutu",
		"AN.ŠAR₂": "anšar₂",
		"APIN": "apin",
		"ARAD": "arad",
		"Ab": "ab",
		"Abi": "abi",
		"Abu": "abu",
		"Adad": "adad",
		"Adar": "adar",
		"Adasi": "adasi",
		"Adda": "adda",
		"Addari": "addari",
		"Addaru": "addaru",
		"Adia": "adia",
		"Ah": "ah",
		"Ahi": "ahi",
		"Ahu": "ahu",
		"Ahunu": "ahunu",
		"Aini": "aini",
		"Al": "al",
		"Allaya": "allaya",
		"Am": "am",
		"Ambati": "ambati",
		"Amel": "amel",
		"Ameli": "ameli",
		"Amiri": "amiri",
		"Ammanaya": "ammanaya",
		"Ammi": "ammi",
		"Ammonite": "ammonite",
		"Amqarrunaya": "amqarrunaya",
		"Amudani": "amudani",
		"Amudanu": "amudanu",
		"Amukanni": "amukanni",
		"Amurru": "amurru",
		"Ani": "ani",
		"Anqarrunaya": "anqarrunaya",
		"Apinunaya": "apinunaya",
		"Apinunu": "apinunu",
		"Aplaya": "aplaya",
		"Aqqarrunaya": "aqqarrunaya",
		"Arab": "arab",
		"Arahsamni": "arahsamni",
		"Arahsamnu": "arahsamnu",
		"Aramaic": "aramaic",
		"Aramean": "aramean",
		"Arantu": "arantu",
		"Arbail": "arbail",
		"Arbaya": "arbaya",
		"Arbela": "arbela",
		"Argite": "argite",
		"Argue": "argue",
		"Arime": "arime",
		"Arimi": "arimi",
		"Ariqu": "ariqu",
		"Armaya": "armaya",
		"Armete": "armete",
		"Armitu": "armitu",
		"Arpad": "arpad",
		"Arpadda": "arpadda",
		"Arrapha": "arrapha",
		"Arsazaya": "arsazaya",
		"Arumu": "arumu",
		"Arumû": "arumu",
		"Arzaya": "arzaya",
		"Arzuhina": "arzuhina",
		"Arzuhinaya": "arzuhinaya",
		"Arzuhinu": "arzuhinu",
		"Arṣua": "arṣua",
		"Asdudaya": "asdudaya",
		"Ashdodite": "ashdodite",
		"Assyrian": "assyrian",
		"Atamar": "atamar",
		"Atlur": "atlur",
		"Attar": "attar",
		"Attua": "attua",
		"Atunnaya": "atunnaya",
		"Aya": "aya",
		"Ayari": "ayari",
		"Ayaru": "ayaru",
		"Azari": "azari",
		"AŠ": "aš",
		"Ašdudaya": "ašdudaya",
		"Ašipa": "ašipa",
		"Aššur": "aššur",
		"Aššuraya": "aššuraya",
		"A₂.GAL₂": "a₂gal₂",
		"BA": "ba",
		"BAD₃": "bad₃",
		"BAD₃.DINGIR": "bad₃dingir",
		"BALA": "bala",
		"BARAG": "barag",
		"BAR₂.SIPA": "bar₂sipa",
		"BE": "be",
		"Bab": "bab",
		"Babe": "babe",
		"Babilaya": "babilaya",
		"Babili": "babili",
		"Babylon": "babylon",
		"Babylonian": "babylonian",
		"Badiʾ": "badiʾ",
		"Balassi": "balassi",
		"Balassu": "balassu",
		"Balihaya": "balihaya",
		"Ban": "ban",
		"Bani": "bani",
		"Baqar": "baqar",
		"Baqarma": "baqarma",
		"Bar": "bar",
		"Barhalza": "barhalza",
		"Barhalzi": "barhalzi",
		"Bariaš": "bariaš",
		"Barruqu": "barruqu",
		"Barsiba": "barsiba",
		"Barsibitu": "barsibitu",
		"Barsip": "barsip",
		"Barsipaya": "barsipaya",
		"Barsipitu": "barsipitu",
		"Baʾal": "baʾal",
		"Bel": "bel",
		"Belu": "belu",
		"Bessunu": "bessunu",
		"Bet": "bet",
		"Bethelite": "bethelite",
		"Bibi": "bibi",
		"Bibie": "bibie",
		"Bir": "bir",
		"Birdunu": "birdunu",
		"Birti": "birti",
		"Birtu": "birtu",
		"Bit": "bit",
		"Borsippa": "borsippa",
		"Borsippan": "borsippan",
		"Budana": "budana",
		"Buharru": "buharru",
		"Bur": "bur",
		"Carchemish": "carchemish",
		"Chaldea": "chaldea",
		"Chaldean": "chaldean",
		"Cimmeria": "cimmeria",
		"City": "city",
		"Commagene": "commagene",
		"Cutha": "cutha",
		"DI": "di",
		"DI.KUD": "dikud",
		"DINGIR": "dingir",
		"DUL": "dul",
		"DUMU": "dumu",
		"DUMU.UŠ": "dumuuš",
		"DU₃": "du₃",
		"DU₆": "du₆",
		"Dabinaya": "dabinaya",
		"Dadi": "dadi",
		"Dahina": "dahina",
		"Dahini": "dahini",
		"Dahinu": "dahinu",
		"Dalta": "dalta",
		"Damascus": "damascus",
		"Danabaya": "danabaya",
		"Danabi": "danabi",
		"Danabu": "danabu",
		"Danapaya": "danapaya",
		"Dannaya": "dannaya",
		"Data": "data",
		"Dayan": "dayan",
		"Der": "der",
		"Deraya": "deraya",
		"Deri": "deri",
		"Deru": "deru",
		"Dibonite": "dibonite",
		"Digirina": "digirina",
		"Diglat": "diglat",
		"Dilbat": "dilbat",
		"Dilbataya": "dilbataya",
		"Dilbatean": "dilbatean",
		"Dimašqa": "dimašqa",
		"Dimašqi": "dimašqi",
		"Dummal": "dummal",
		"Dummuqu": "dummuqu",
		"Dur": "dur",
		"Duri": "duri",
		"Durtuni": "durtuni",
		"Durtunu": "durtunu",
		"Duʾuzu": "duʾuzu",
		"EN": "en",
		"EN.LIL₂": "enlil₂",
		"ERIM": "erim",
		"Edomite": "edomite",
		"Egyptian": "egyptian",
		"Ekallate": "ekallate",
		"Ekallati": "ekallati",
		"Ekronite": "ekronite",
		"Elam": "elam",
		"Elamaya": "elamaya",
		"Elamite": "elamite",
		"Elamti": "elamti",
		"Elamtu": "elamtu",
		"Elizki": "elizki",
		"Elizkun": "elizkun",
		"Ellipi": "ellipi",
		"Elul": "elul",
		"Eluli": "eluli",
		"Elulu": "elulu",
		"Eni": "eni",
		"Enlil": "enlil",
		"Erimziqaya": "erimziqaya",
		"Erimziqi": "erimziqi",
		"Erimziqu": "erimziqu",
		"Eriya": "eriya",
		"Esaggil": "esaggil",
		"Etiniaya": "etiniaya",
		"Etuʾu": "etuʾu",
		"Ezazu": "ezazu",
		"E₂": "e₂",
		"E₂.GAL": "e₂gal",
		"GAN": "gan",
		"GAR": "gar",
		"GIN": "gin",
		"GIR₃.2": "gir₃2",
		"GIŠ": "giš",
		"GIŠ.MI": "gišmi",
		"GUD": "gud",
		"GUR": "gur",
		"GU₂.DU₈.A": "gu₂du₈a",
		"Gabbu": "gabbu",
		"Gaga": "gaga",
		"Gambulaya": "gambulaya",
		"Ganbulaya": "ganbulaya",
		"Garaba": "garaba",
		"Gargamesaya": "gargamesaya",
		"Gargamis": "gargamis",
		"Gargarmesaya": "gargarmesaya",
		"Gazaite": "gazaite",
		"Gaʾamanu": "gaʾamanu",
		"Gidiraya": "gidiraya",
		"Gilgime": "gilgime",
		"Gilu": "gilu",
		"Gimir": "gimir",
		"Gir": "gir",
		"Giri": "giri",
		"Gurali": "gurali",
		"Gurraya": "gurraya",
		"Gurrean": "gurrean",
		"Gurru": "gurru",
		"Guzana": "guzana",
		"HAL": "hal",
		"HAL.HAL": "halhal",
		"Habban": "habban",
		"Hagaranu": "hagaranu",
		"Hagranu": "hagranu",
		"Halahhi": "halahhi",
		"Halahhu": "halahhu",
		"Hallusu": "hallusu",
		"Hamani": "hamani",
		"Hamanu": "hamanu",
		"Hamapi": "hamapi",
		"Hamaraya": "hamaraya",
		"Hamaraye": "hamaraye",
		"Hamat": "hamat",
		"Hamate": "hamate",
		"Hamath": "hamath",
		"Hamban": "hamban",
		"Hamete": "hamete",
		"Harammu": "harammu",
		"Harbiṣaṣu": "harbiṣaṣu",
		"Hardi": "hardi",
		"Hardu": "hardu",
		"Hariṣu": "hariṣu",
		"Harran": "harran",
		"Harranu": "harranu",
		"Hasuatti": "hasuatti",
		"Hatarikka": "hatarikka",
		"Hatti": "hatti",
		"Hattimma": "hattimma",
		"Hazala": "hazala",
		"Hazzataya": "hazzataya",
		"Hašdat": "hašdat",
		"Haṭallaya": "haṭallaya",
		"Helbon": "helbon",
		"Hi": "hi",
		"Hindana": "hindana",
		"Hindanaya": "hindanaya",
		"Hindani": "hindani",
		"Hindanu": "hindanu",
		"Hindaraya": "hindaraya",
		"Hiram": "hiram",
		"Hu": "hu",
		"Hulbuna": "hulbuna",
		"Hunaba": "hunaba",
		"Hunanu": "hunanu",
		"Huzaza": "huzaza",
		"Huzirina": "huzirina",
		"Huzirna": "huzirna",
		"I": "i",
		"IDIM": "idim",
		"ID₂": "id₂",
		"IGI": "igi",
		"IGI.LAL": "igilal",
		"IM": "im",
		"ITI": "iti",
		"Iauna": "iauna",
		"Iaunaya": "iaunaya",
		"Iba": "iba",
		"Iddin": "iddin",
		"Ilanasa": "ilanasa",
		"Ilaya": "ilaya",
		"Ilaʾi": "ilaʾi",
		"Illabani": "illabani",
		"Illil": "illil",
		"Ilu": "ilu",
		"Imbiya": "imbiya",
		"Immiha": "immiha",
		"Immiu": "immiu",
		"Inner": "inner",
		"Inurta": "inurta",
		"Ionia": "ionia",
		"Ionian": "ionian",
		"Iqipi": "iqipi",
		"Iqišaya": "iqišaya",
		"Isana": "isana",
		"Issar": "issar",
		"Issete": "issete",
		"Istuandaya": "istuandaya",
		"Itu": "itu",
		"Itu'ean": "ituean",
		"Ituʾaya": "ituʾaya",
		"Ituʾe": "ituʾe",
		"Ituʾu": "ituʾu",
		"Iyyar": "iyyar",
		"Ištahup": "ištahup",
		"Ištar": "ištar",
		"Judean": "judean",
		"KA": "ka",
		"KALAG": "kalag",
		"KAM": "kam",
		"KAR": "kar",
		"KASKAL": "kaskal",
		"KASKAL.KUR": "kaskalkur",
		"KA₂": "ka₂",
		"KA₂.DINGIR": "ka₂dingir",
		"KA₂.DINGIR.RA": "ka₂dingirra",
		"KI": "ki",
		"KIN": "kin",
		"KIŠ": "kiš",
		"KUR": "kur",
		"KUR.GAL": "kurgal",
		"Kaldaya": "kaldaya",
		"Kaldi": "kaldi",
		"Kaldu": "kaldu",
		"Kalha": "kalha",
		"Kalhi": "kalhi",
		"Kalhu": "kalhu",
		"Kalzi": "kalzi",
		"Kanunaya": "kanunaya",
		"Kanunayu": "kanunayu",
		"Kapar": "kapar",
		"Kar": "kar",
		"Karallaya": "karallaya",
		"Karlaya": "karlaya",
		"Kašpuna": "kašpuna",
		"Kašpunaya": "kašpunaya",
		"Kihudaksi": "kihudaksi",
		"Kilar": "kilar",
		"Kilizi": "kilizi",
		"Kimumaya": "kimumaya",
		"Kinnili": "kinnili",
		"Kisasi": "kisasi",
		"Kislev": "kislev",
		"Kislimi": "kislimi",
		"Kislimu": "kislimu",
		"Kiš": "kiš",
		"Kišaya": "kišaya",
		"Kiṣirte": "kiṣirte",
		"Kiṣirtu": "kiṣirtu",
		"Kubaba": "kubaba",
		"Kubanaše": "kubanaše",
		"Kudurru": "kudurru",
		"Kullania": "kullania",
		"Kulnia": "kulnia",
		"Kuluman": "kuluman",
		"Kummaya": "kummaya",
		"Kummean": "kummean",
		"Kummuhaya": "kummuhaya",
		"Kunane": "kunane",
		"Kurbail": "kurbail",
		"Kurigalzi": "kurigalzi",
		"Kurigalzu": "kurigalzu",
		"Kute": "kute",
		"Kutea": "kutea",
		"Kutie": "kutie",
		"Kutiu": "kutiu",
		"LAL": "lal",
		"LAL₂": "lal₂",
		"LUGAL": "lugal",
		"LU₂": "lu₂",
		"La": "la",
		"Labasi": "labasi",
		"Labaʾu": "labaʾu",
		"Labnana": "labnana",
		"Ladini": "ladini",
		"Lahiri": "lahiri",
		"Lahiru": "lahiru",
		"Larak": "larak",
		"Larakaya": "larakaya",
		"Larakean": "larakean",
		"Laṣ": "laṣ",
		"Lebanon": "lebanon",
		"Libbali": "libbali",
		"Libbi": "libbi",
		"Lidiaya": "lidiaya",
		"Lidu": "lidu",
		"Litamaya": "litamaya",
		"Liʾtamu": "liʾtamu",
		"Lu": "lu",
		"Lulubani": "lulubani",
		"MAN": "man",
		"MAŠ": "maš",
		"MAŠ.GU₂.QAR": "mašgu₂qar",
		"MAŠ.MAŠ": "mašmaš",
		"MEŠ": "meš",
		"MI₂": "mi₂",
		"MU": "mu",
		"Madaya": "madaya",
		"Mahde": "mahde",
		"Malilataya": "malilataya",
		"Manisaya": "manisaya",
		"Manna": "manna",
		"Mannaya": "mannaya",
		"Mannea": "mannea",
		"Manni": "manni",
		"Mannu": "mannu",
		"Manṣuate": "manṣuate",
		"Manṣuati": "manṣuati",
		"Mar": "mar",
		"Marad": "marad",
		"Marchesvan": "marchesvan",
		"Marduk": "marduk",
		"Mari": "mari",
		"Marqasa": "marqasa",
		"Marqasaya": "marqasaya",
		"Maruri": "maruri",
		"Maruru": "maruru",
		"Mas'ean": "masean",
		"Masʾaya": "masʾaya",
		"Mataya": "mataya",
		"Matenni": "matenni",
		"Matiʾ": "matiʾ",
		"Mazamua": "mazamua",
		"Mazamuaya": "mazamuaya",
		"Maʾab": "maʾab",
		"Maʾaba": "maʾaba",
		"Maʾabaya": "maʾabaya",
		"Mede": "mede",
		"Menaga": "menaga",
		"Merodach": "merodach",
		"Meta": "meta",
		"Metenna": "metenna",
		"Meṣi": "meṣi",
		"Midas": "midas",
		"Mila": "mila",
		"Mišarru": "mišarru",
		"Mišaru": "mišaru",
		"Moab": "moab",
		"Moabite": "moabite",
		"Mubi": "mubi",
		"Mukin": "mukin",
		"Mulliltu": "mulliltu",
		"Mullissu": "mullissu",
		"Munnabittu": "munnabittu",
		"Munnabitu": "munnabitu",
		"Muqallil": "muqallil",
		"Muskaya": "muskaya",
		"Mušallim": "mušallim",
		"Mušezib": "mušezib",
		"Mušeṣi": "mušeṣi",
		"Muṣuraya": "muṣuraya",
		"NE": "ne",
		"NIGIN": "nigin",
		"NIG₂.GUB": "nig₂gub",
		"NIM.MA": "nimma",
		"NIN.LIL₂": "ninlil₂",
		"NU": "nu",
		"NUMUN": "numun",
		"NUN.ME": "nunme",
		"Naba": "naba",
		"Nabe": "nabe",
		"Nabi": "nabi",
		"Nabu": "nabu",
		"Nabuʾa": "nabuʾa",
		"Nadinu": "nadinu",
		"Nahiši": "nahiši",
		"Nashir": "nashir",
		"Nashur": "nashur",
		"Našmedi": "našmedi",
		"Naʾdi": "naʾdi",
		"Nergal": "nergal",
		"Nergalma": "nergalma",
		"Nineveh": "nineveh",
		"Ninua": "ninua",
		"Ninurta": "ninurta",
		"Nippur": "nippur",
		"Nippuraya": "nippuraya",
		"Nippurean": "nippurean",
		"Nisan": "nisan",
		"Nisanni": "nisanni",
		"Nisannu": "nisannu",
		"Niʾu": "niʾu",
		"Nupari": "nupari",
		"Nusku": "nusku",
		"Orontes": "orontes",
		"PA": "pa",
		"PA.TUG₂": "patug₂",
		"PAB": "pab",
		"Palaštaya": "palaštaya",
		"Parak": "parak",
		"Parnalde": "parnalde",
		"Parni": "parni",
		"Paruta": "paruta",
		"Patibiri": "patibiri",
		"Philistine": "philistine",
		"Phrygian": "phrygian",
		"Pilistaya": "pilistaya",
		"Pirriya": "pirriya",
		"Puqudaya": "puqudaya",
		"Puqudu": "puqudu",
		"Purutaš": "purutaš",
		"Pî": "pi",
		"QI": "qi",
		"QIzalaya": "qizalaya",
		"QIzalayu": "qizalayu",
		"Qadarua": "qadarua",
		"Qadeš": "qadeš",
		"Qadisu": "qadisu",
		"Qarnina": "qarnina",
		"Qarradi": "qarradi",
		"Qedarite": "qedarite",
		"Qidiraya": "qidiraya",
		"Qidisi": "qidisi",
		"Quraya": "quraya",
		"Qurdi": "qurdi",
		"Qurru": "qurru",
		"Quwaya": "quwaya",
		"Quwe": "quwe",
		"Rabla": "rabla",
		"Rable": "rable",
		"Radanu": "radanu",
		"Rapiša": "rapiša",
		"Raṣappa": "raṣappa",
		"Raṣappi": "raṣappi",
		"Remanni": "remanni",
		"Remute": "remute",
		"Remutu": "remutu",
		"Renni": "renni",
		"Reš": "reš",
		"Riba": "riba",
		"Riblah": "riblah",
		"Ruʾu": "ruʾu",
		"Ruʾuaya": "ruʾuaya",
		"SAG": "sag",
		"SAG.KAL": "sagkal",
		"SIG₄": "sig₄",
		"SIG₅": "sig₅",
		"SU": "su",
		"SUHUŠ": "suhuš",
		"SUM": "sum",
		"Saggil": "saggil",
		"Sahiru": "sahiru",
		"Salama": "salama",
		"Salame": "salame",
		"Salamu": "salamu",
		"Salmanu": "salmanu",
		"Sam'al": "samal",
		"Samaria": "samaria",
		"Samerina": "samerina",
		"Samirna": "samirna",
		"Samsimuruna": "samsimuruna",
		"Samʾalaya": "samʾalaya",
		"Sapia": "sapia",
		"Sarduriana": "sarduriana",
		"Sarduriani": "sarduriani",
		"Sarun": "sarun",
		"Shebat": "shebat",
		"Sidon": "sidon",
		"Sidonite": "sidonite",
		"Sidudaya": "sidudaya",
		"Simani": "simani",
		"Simanu": "simanu",
		"Sin": "sin",
		"Singar": "singar",
		"Singara": "singara",
		"Sippar": "sippar",
		"Sivan": "sivan",
		"Suhaya": "suhaya",
		"Suhu": "suhu",
		"Sulaya": "sulaya",
		"Suru": "suru",
		"Suruduriani": "suruduriani",
		"TIN": "tin",
		"TIN.TIR": "tintir",
		"Tabal": "tabal",
		"Tabalaya": "tabalaya",
		"Tabalean": "tabalean",
		"Tabali": "tabali",
		"Tabalu": "tabalu",
		"Taku": "taku",
		"Tammuz": "tammuz",
		"Tardit": "tardit",
		"Tarditu": "tarditu",
		"Tasi": "tasi",
		"Tatu": "tatu",
		"Tašriti": "tašriti",
		"Tašritu": "tašritu",
		"Taʾuzi": "taʾuzi",
		"Tebet": "tebet",
		"Teššub": "teššub",
		"Tigris": "tigris",
		"Til": "til",
		"Tille": "tille",
		"Tilleya": "tilleya",
		"Tinuta": "tinuta",
		"Tishri": "tishri",
		"Tummal": "tummal",
		"Tunaya": "tunaya",
		"Tuqunu": "tuqunu",
		"Turbisiba": "turbisiba",
		"Turmiš": "turmiš",
		"Turmišaya": "turmišaya",
		"Turmuna": "turmuna",
		"Tutammu": "tutammu",
		"Tyre": "tyre",
		"Tyrean": "tyrean",
		"U": "u",
		"U.GUR": "ugur",
		"UD.KIB.NUN": "udkibnun",
		"UD.UD": "udud",
		"UGU": "ugu",
		"UNUG": "unug",
		"URI": "uri",
		"URU": "uru",
		"UTU": "utu",
		"Ubri": "ubri",
		"Ubru": "ubru",
		"Udumaya": "udumaya",
		"Udumuaya": "udumuaya",
		"Ukkaya": "ukkaya",
		"Ukkean": "ukkean",
		"Ullubaya": "ullubaya",
		"Ulmunaši": "ulmunaši",
		"Ululayu": "ululayu",
		"Upume": "upume",
		"Upumu": "upumu",
		"Uqimutaya": "uqimutaya",
		"Urarṭaya": "urarṭaya",
		"Urarṭi": "urarṭi",
		"Urarṭian": "urarṭian",
		"Urarṭu": "urarṭu",
		"Urdu": "urdu",
		"Uri": "uri",
		"Urik": "urik",
		"Urmu": "urmu",
		"Urpalaʾa": "urpalaʾa",
		"Ursa": "ursa",
		"Urukaya": "urukaya",
		"Urukean": "urukean",
		"Urzuhina": "urzuhina",
		"Urzuhinaya": "urzuhinaya",
		"Utuʾaye": "utuʾaye",
		"Wargi": "wargi",
		"Waru": "waru",
		"Wayaniara": "wayaniara",
		"Yadaʾ": "yadaʾ",
		"Yadiʾ": "yadiʾ",
		"Yakin": "yakin",
		"Yakinu": "yakinu",
		"Yansiatu": "yansiatu",
		"Yaqiri": "yaqiri",
		"Yaqiru": "yaqiru",
		"Yasubaya": "yasubaya",
		"Yasubayu": "yasubayu",
		"Yataya": "yataya",
		"Yataʾ": "yataʾ",
		"Yauna": "yauna",
		"Yaʾudaya": "yaʾudaya",
		"Yaʾuduaya": "yaʾuduaya",
		"ZALAG₂": "zalag₂",
		"ZIZ₂": "ziz₂",
		"ZU": "zu",
		"Zab": "zab",
		"Zaba": "zaba",
		"Zaban": "zaban",
		"Zabban": "zabban",
		"Zakir": "zakir",
		"Zakiru": "zakiru",
		"Zakrutu": "zakrutu",
		"Zariqu": "zariqu",
		"Zarpanitu": "zarpanitu",
		"Zasinnu": "zasinnu",
		"Zer": "zer",
		"Zeri": "zeri",
		"Zeru": "zeru",
		"Zineni": "zineni",
		"a.a": "aa",
		"armītu": "armitu",
		"bāb": "bab",
		"bīt": "bit",
		"d.AG": "dag",
		"d.EN": "den",
		"d.EN.LIL₂": "denlil₂",
		"d.INNIN": "dinnin",
		"marʾē": "marʾe",
		"mār": "mar",
		"mārē": "mare",
		"māt": "mat",
		"neoass:": "neoass",
		"neoass:15": "neoass15",
		"neoass:BARAG": "neoassbarag",
		"neoass:BAR₂.SIPA": "neoassbar₂sipa",
		"neoass:DUMU": "neoassdumu",
		"neoass:EN": "neoassen",
		"neoass:EN.LIL₂": "neoassenlil₂",
		"neoass:E₂": "neoasse₂",
		"neoass:GU₂.DU₈.A": "neoassgu₂du₈a",
		"neoass:KA₂": "neoasska₂",
		"neoass:KA₂.DINGIR": "neoasska₂dingir",
		"neoass:KA₂.DINGIR.RA": "neoasska₂dingirra",
		"neoass:KIŠ": "neoasskiš",
		"neoass:KUR": "neoasskur",
		"neoass:NIM.MA": "neoassnimma",
		"neoass:TIN.TIR": "neoasstintir",
		"neoass:UD.UD": "neoassudud",
		"neoass:UGU": "neoassugu",
		"neoass:a": "neoassa",
		"neoass:arba": "neoassarba",
		"neoass:ar₂": "neoassar₂",
		"neoass:aš": "neoassaš",
		"neoass:dil": "neoassdil",
		"neoass:i": "neoassi",
		"neoass:ip": "neoassip",
		"neoass:ma": "neoassma",
		"neoass:mar": "neoassmar",
		"neoass:sip": "neoasssip",
		"neobab:": "neobab",
		"neobab:BAD₃": "neobabbad₃",
		"neobab:BAR₂.SIPA": "neobabbar₂sipa",
		"neobab:DUMU": "neobabdumu",
		"neobab:E₂": "neobabe₂",
		"neobab:KA₂": "neobabka₂",
		"neobab:KA₂.DINGIR.RA": "neobabka₂dingirra",
		"neobab:KUR": "neobabkur",
		"neobab:TIN.TIR": "neobabtintir",
		"neobab:UD.UD": "neobabudud",
		"neobab:d.AG": "neobabdag",
		"neobab:d.EN": "neobabden",
		"neobab:d.EN.LIL₂": "neobabdenlil₂",
		"neobab:d.INNIN": "neobabdinnin",
		"neobab:dil": "neobabdil",
		"neobab:i": "neobabi",
		"ŠA₃": "ša₃",
		"ŠE": "še",
		"ŠEŠ": "šeš",
		"ŠU": "šu",
		"ŠU₂": "šu₂",
		"Ša": "ša",
		"Šabaṭi": "šabaṭi",
		"Šabaṭu": "šabaṭu",
		"Šabirešu": "šabirešu",
		"Šamaš": "šamaš",
		"Šamšati": "šamšati",
		"Šapia": "šapia",
		"Šarru": "šarru",
		"Šarruken": "šarruken",
		"Šarrukin": "šarrukin",
		"Šep": "šep",
		"Šininahaya": "šininahaya",
		"Šiʾanaya": "šiʾanaya",
		"Šubria": "šubria",
		"Šubrian": "šubrian",
		"Šubriaya": "šubriaya",
		"Šubriaye": "šubriaye",
		"Šulluma": "šulluma",
		"Šulmu": "šulmu",
		"Šumu": "šumu",
		"Šuzubi": "šuzubi",
		"Šuzubu": "šuzubu",
		"Ṣabu": "ṣabu",
		"Ṣalam": "ṣalam",
		"Ṣallaya": "ṣallaya",
		"Ṣalliya": "ṣalliya",
		"Ṣidunaya": "ṣidunaya",
		"Ṣiduni": "ṣiduni",
		"Ṣidunu": "ṣidunu",
		"Ṣil": "ṣil",
		"Ṣimerra": "ṣimerra",
		"Ṣimirra": "ṣimirra",
		"Ṣira": "ṣira",
		"Ṣupat": "ṣupat",
		"Ṣupite": "ṣupite",
		"Ṣuraya": "ṣuraya",
		"Ṣurraya": "ṣurraya",
		"Ṣurri": "ṣurri",
		"Ṣurru": "ṣurru",
		"Ṭebeti": "ṭebeti",
		"Ṭebetu": "ṭebetu",
		"Ṭurušpa": "ṭurušpa"
	}
}
