{
  "type": "glossary",
  "project": "dcclt",
  "source": "http://oracc.org/dcclt",
  "license": "This data is released under the CC0 license",
  "license-url": "https://creativecommons.org/publicdomain/zero/1.0/",
  "more-info": "http://oracc.org/doc/opendata/",
  "UTC-timestamp": "2018-02-26T13:08:15",
  "lang": "qpn-x-months",
  "entries": [
    {
      "headword": "Abbaʾe[1]MN",
      "id": "qpn-x-months.x000000",
      "icount": "3",
      "ipct": "100",
      "xis": "qpn.r00000",
      "dc_title": "dcclt/qpn-x-months/Abbaʾe[1]",
      "cf": "Abbaʾe",
      "gw": "1",
      "pos": "MN",
      "forms": [
        {
          "type": "form",
          "id": "qpn-x-months.x000001",
          "n": "{iti}ab-e₃",
          "icount": "2",
          "ipct": "67",
          "xis": "qpn.r00001"
        },
        {
          "type": "form",
          "id": "qpn-x-months.x000002",
          "n": "{iti}ab-e₃-a",
          "icount": "1",
          "ipct": "33",
          "xis": "qpn.r00002"
        }
      ],
      "norms": [
        {
          "id": "qpn-x-months.x000003",
          "icount": "3",
          "ipct": "100",
          "xis": "qpn.r00000",
          "n": "Abbaʾe",
          "forms": [
            {
              "type": "normform",
              "id": "qpn-x-months.x000004",
              "ref": "qpn-x-months.x000001",
              "icount": "2",
              "ipct": "67",
              "xis": "qpn.r00001"
            },
            {
              "type": "normform",
              "id": "qpn-x-months.x000005",
              "ref": "qpn-x-months.x000002",
              "icount": "1",
              "ipct": "33",
              "xis": "qpn.r00002"
            }
          ]
        }
      ],
      "bases": [
        {
          "type": "base",
          "id": "qpn-x-months.x000006",
          "n": "{iti}ab-e₃",
          "icount": "2",
          "ipct": "67",
          "xis": "qpn.r00001"
        },
        {
          "type": "base",
          "id": "qpn-x-months.x000007",
          "n": "{iti}ab-e₃-a",
          "icount": "1",
          "ipct": "33",
          "xis": "qpn.r00002"
        }
      ],
      "morphs": [
        {
          "type": "morph",
          "id": "qpn-x-months.x000008",
          "n": "~",
          "icount": "3",
          "ipct": "100",
          "xis": "qpn.r00000"
        }
      ],
      "senses": [
        {
          "type": "sense",
          "id": "qpn-x-months.x000009",
          "n": "Abbaʾe[1//1]MN'MN",
          "icount": "3",
          "ipct": "100",
          "xis": "qpn.r00000",
          "num": "1.",
          "pos": "MN",
          "mng": "1",
          "forms": [
            {
              "type": "form",
              "id": "qpn-x-months.x000010",
              "n": "{iti}ab-e₃",
              "icount": "2",
              "ipct": "67",
              "xis": "qpn.r00001"
            },
            {
              "type": "form",
              "id": "qpn-x-months.x000011",
              "n": "{iti}ab-e₃-a",
              "icount": "1",
              "ipct": "33",
              "xis": "qpn.r00002"
            }
          ],
          "norms": [
            {
              "id": "qpn-x-months.x000012",
              "n": "Abbaʾe",
              "icount": "3",
              "ipct": "100",
              "xis": "qpn.r00000"
            }
          ],
          "bases": [
            {
              "type": "base",
              "id": "qpn-x-months.x000013",
              "n": "{iti}ab-e₃",
              "icount": "2",
              "ipct": "67",
              "xis": "qpn.r00001"
            },
            {
              "type": "base",
              "id": "qpn-x-months.x000014",
              "n": "{iti}ab-e₃-a",
              "icount": "1",
              "ipct": "33",
              "xis": "qpn.r00002"
            }
          ],
          "morphs": [
            {
              "type": "morph",
              "id": "qpn-x-months.x000015",
              "n": "~",
              "icount": "3",
              "ipct": "100",
              "xis": "qpn.r00000"
            }
          ],
          "sigs": [
            {
              "type": "sig",
              "id": "qpn-x-months.x000016",
              "sig": "@dcclt%sux:{iti}ab-e₃-a=Abbaʾe[1//1]MN'MN$Abbaʾe/{iti}ab-e₃-a#~",
              "icount": "1",
              "ipct": "33",
              "xis": "qpn.r00002"
            },
            {
              "type": "sig",
              "id": "qpn-x-months.x000017",
              "sig": "@dcclt%sux:{iti}ab-e₃=Abbaʾe[1//1]MN'MN$Abbaʾe/{iti}ab-e₃#~",
              "icount": "2",
              "ipct": "67",
              "xis": "qpn.r00001"
            }
          ]
        }
      ],
      "periods": [
        {
          "p": "Old Babylonian",
          "icount": "2",
          "ipct": "67",
          "xis": "qpn.r00000.p.s000"
        },
        {
          "p": "Middle Babylonian",
          "icount": "1",
          "ipct": "33",
          "xis": "qpn.r00000.p.s001"
        }
      ]
    },
    {
      "headword": "Abu[1]MN",
      "id": "qpn-x-months.x000018",
      "icount": "1",
      "ipct": "100",
      "xis": "qpn.r00003",
      "dc_title": "dcclt/qpn-x-months/Abu[1]",
      "cf": "Abu",
      "gw": "1",
      "pos": "MN",
      "forms": [
        {
          "type": "form",
          "id": "qpn-x-months.x000019",
          "n": "{iti}NE",
          "icount": "1",
          "ipct": "100",
          "xis": "qpn.r00003"
        }
      ],
      "norms": [
        {
          "id": "qpn-x-months.x000020",
          "icount": "1",
          "ipct": "100",
          "xis": "qpn.r00003",
          "n": "Abu",
          "forms": [
            {
              "type": "normform",
              "id": "qpn-x-months.x000021",
              "ref": "qpn-x-months.x000019",
              "icount": "1",
              "ipct": "100",
              "xis": "qpn.r00003"
            }
          ]
        }
      ],
      "senses": [
        {
          "type": "sense",
          "id": "qpn-x-months.x000022",
          "n": "Abu[1//1]MN'MN",
          "icount": "1",
          "ipct": "100",
          "xis": "qpn.r00003",
          "num": "1.",
          "pos": "MN",
          "mng": "1",
          "forms": [
            {
              "type": "form",
              "id": "qpn-x-months.x000023",
              "n": "%akk-x-stdbab:{iti}NE",
              "icount": "1",
              "ipct": "100",
              "xis": "qpn.r00003"
            }
          ],
          "norms": [
            {
              "id": "qpn-x-months.x000024",
              "n": "Abu",
              "icount": "1",
              "ipct": "100",
              "xis": "qpn.r00003"
            }
          ],
          "sigs": [
            {
              "type": "sig",
              "id": "qpn-x-months.x000025",
              "sig": "@dcclt%akk-x-stdbab:{iti}NE=Abu[1//1]MN'MN$Abu",
              "icount": "1",
              "ipct": "100",
              "xis": "qpn.r00003"
            }
          ]
        }
      ],
      "periods": [
        {
          "p": "Neo-Babylonian",
          "icount": "1",
          "ipct": "100",
          "xis": "qpn.r00003.p.s000"
        }
      ]
    },
    {
      "headword": "Apinduʾa[1]MN",
      "id": "qpn-x-months.x000026",
      "icount": "3",
      "ipct": "100",
      "xis": "qpn.r00004",
      "dc_title": "dcclt/qpn-x-months/Apinduʾa[1]",
      "cf": "Apinduʾa",
      "gw": "1",
      "pos": "MN",
      "forms": [
        {
          "type": "form",
          "id": "qpn-x-months.x000027",
          "n": "{iti}apin-du₈-a",
          "icount": "1",
          "ipct": "33",
          "xis": "qpn.r00005"
        },
        {
          "type": "form",
          "id": "qpn-x-months.x000028",
          "n": "{iti}{ŋeš}apin-du₈-a",
          "icount": "2",
          "ipct": "67",
          "xis": "qpn.r00006"
        }
      ],
      "norms": [
        {
          "id": "qpn-x-months.x000029",
          "icount": "3",
          "ipct": "100",
          "xis": "qpn.r00004",
          "n": "Apinduʾa",
          "forms": [
            {
              "type": "normform",
              "id": "qpn-x-months.x000030",
              "ref": "qpn-x-months.x000027",
              "icount": "1",
              "ipct": "33",
              "xis": "qpn.r00005"
            },
            {
              "type": "normform",
              "id": "qpn-x-months.x000031",
              "ref": "qpn-x-months.x000028",
              "icount": "2",
              "ipct": "67",
              "xis": "qpn.r00006"
            }
          ]
        }
      ],
      "bases": [
        {
          "type": "base",
          "id": "qpn-x-months.x000032",
          "n": "{iti}apin-du₈-a",
          "icount": "1",
          "ipct": "33",
          "xis": "qpn.r00005"
        },
        {
          "type": "base",
          "id": "qpn-x-months.x000033",
          "n": "{iti}{ŋeš}apin-du₈-a",
          "icount": "2",
          "ipct": "67",
          "xis": "qpn.r00006"
        }
      ],
      "morphs": [
        {
          "type": "morph",
          "id": "qpn-x-months.x000034",
          "n": "~",
          "icount": "3",
          "ipct": "100",
          "xis": "qpn.r00004"
        }
      ],
      "senses": [
        {
          "type": "sense",
          "id": "qpn-x-months.x000035",
          "n": "Apinduʾa[1//1]MN'MN",
          "icount": "3",
          "ipct": "100",
          "xis": "qpn.r00004",
          "num": "1.",
          "pos": "MN",
          "mng": "1",
          "forms": [
            {
              "type": "form",
              "id": "qpn-x-months.x000036",
              "n": "{iti}apin-du₈-a",
              "icount": "1",
              "ipct": "33",
              "xis": "qpn.r00005"
            },
            {
              "type": "form",
              "id": "qpn-x-months.x000037",
              "n": "{iti}{ŋeš}apin-du₈-a",
              "icount": "2",
              "ipct": "67",
              "xis": "qpn.r00006"
            }
          ],
          "norms": [
            {
              "id": "qpn-x-months.x000038",
              "n": "Apinduʾa",
              "icount": "3",
              "ipct": "100",
              "xis": "qpn.r00004"
            }
          ],
          "bases": [
            {
              "type": "base",
              "id": "qpn-x-months.x000039",
              "n": "{iti}apin-du₈-a",
              "icount": "1",
              "ipct": "33",
              "xis": "qpn.r00005"
            },
            {
              "type": "base",
              "id": "qpn-x-months.x000040",
              "n": "{iti}{ŋeš}apin-du₈-a",
              "icount": "2",
              "ipct": "67",
              "xis": "qpn.r00006"
            }
          ],
          "morphs": [
            {
              "type": "morph",
              "id": "qpn-x-months.x000041",
              "n": "~",
              "icount": "3",
              "ipct": "100",
              "xis": "qpn.r00004"
            }
          ],
          "sigs": [
            {
              "type": "sig",
              "id": "qpn-x-months.x000042",
              "sig": "@dcclt%sux:{iti}apin-du₈-a=Apinduʾa[1//1]MN'MN$Apinduʾa/{iti}apin-du₈-a#~",
              "icount": "1",
              "ipct": "33",
              "xis": "qpn.r00005"
            },
            {
              "type": "sig",
              "id": "qpn-x-months.x000043",
              "sig": "@dcclt%sux:{iti}{ŋeš}apin-du₈-a=Apinduʾa[1//1]MN'MN$Apinduʾa/{iti}{ŋeš}apin-du₈-a#~",
              "icount": "2",
              "ipct": "67",
              "xis": "qpn.r00006"
            }
          ]
        }
      ],
      "periods": [
        {
          "p": "Old Babylonian",
          "icount": "2",
          "ipct": "67",
          "xis": "qpn.r00004.p.s000"
        },
        {
          "p": "Middle Babylonian",
          "icount": "1",
          "ipct": "33",
          "xis": "qpn.r00004.p.s001"
        }
      ]
    },
    {
      "headword": "Ayyaru[1]MN",
      "id": "qpn-x-months.x000044",
      "icount": "2",
      "ipct": "100",
      "xis": "qpn.r00007",
      "dc_title": "dcclt/qpn-x-months/Ayyaru[1]",
      "cf": "Ayyaru",
      "gw": "1",
      "pos": "MN",
      "forms": [
        {
          "type": "form",
          "id": "qpn-x-months.x000045",
          "n": "{iti}GUD",
          "icount": "1",
          "ipct": "50",
          "xis": "qpn.r00008"
        },
        {
          "type": "form",
          "id": "qpn-x-months.x000046",
          "n": "{iti}GU₄",
          "icount": "1",
          "ipct": "50",
          "xis": "qpn.r00009"
        }
      ],
      "norms": [
        {
          "id": "qpn-x-months.x000047",
          "icount": "2",
          "ipct": "100",
          "xis": "qpn.r00007",
          "n": "Ayyaru",
          "forms": [
            {
              "type": "normform",
              "id": "qpn-x-months.x000048",
              "ref": "qpn-x-months.x000045",
              "icount": "1",
              "ipct": "50",
              "xis": "qpn.r00008"
            },
            {
              "type": "normform",
              "id": "qpn-x-months.x000049",
              "ref": "qpn-x-months.x000046",
              "icount": "1",
              "ipct": "50",
              "xis": "qpn.r00009"
            }
          ]
        }
      ],
      "senses": [
        {
          "type": "sense",
          "id": "qpn-x-months.x000050",
          "n": "Ayyaru[1//1]MN'MN",
          "icount": "2",
          "ipct": "100",
          "xis": "qpn.r00007",
          "num": "1.",
          "pos": "MN",
          "mng": "1",
          "forms": [
            {
              "type": "form",
              "id": "qpn-x-months.x000051",
              "n": "{iti}GUD",
              "icount": "1",
              "ipct": "50",
              "xis": "qpn.r00008"
            },
            {
              "type": "form",
              "id": "qpn-x-months.x000052",
              "n": "{iti}GU₄",
              "icount": "1",
              "ipct": "50",
              "xis": "qpn.r00009"
            }
          ],
          "norms": [
            {
              "id": "qpn-x-months.x000053",
              "n": "Ayyaru",
              "icount": "2",
              "ipct": "100",
              "xis": "qpn.r00007"
            }
          ],
          "sigs": [
            {
              "type": "sig",
              "id": "qpn-x-months.x000054",
              "sig": "@dcclt%akk:{iti}GUD=Ayyaru[1//1]MN'MN$Ayyaru",
              "icount": "1",
              "ipct": "50",
              "xis": "qpn.r00008"
            },
            {
              "type": "sig",
              "id": "qpn-x-months.x000055",
              "sig": "@dcclt%akk:{iti}GU₄=Ayyaru[1//1]MN'MN$Ayyaru",
              "icount": "1",
              "ipct": "50",
              "xis": "qpn.r00009"
            }
          ]
        }
      ],
      "periods": [
        {
          "p": "Achaemenid",
          "icount": "1",
          "ipct": "50",
          "xis": "qpn.r00007.p.s000"
        },
        {
          "p": "Hellenistic",
          "icount": "1",
          "ipct": "50",
          "xis": "qpn.r00007.p.s001"
        }
      ]
    },
    {
      "headword": "Barag-zagŋar[1]MN",
      "id": "qpn-x-months.x000056",
      "icount": "3",
      "ipct": "100",
      "xis": "qpn.r0000a",
      "dc_title": "dcclt/qpn-x-months/Barag-zagŋar[1]",
      "cf": "Barag-zagŋar",
      "gw": "1",
      "pos": "MN",
      "forms": [
        {
          "type": "form",
          "id": "qpn-x-months.x000057",
          "n": "{iti}barag-zag-ŋar",
          "icount": "3",
          "ipct": "100",
          "xis": "qpn.r0000a"
        }
      ],
      "norms": [
        {
          "id": "qpn-x-months.x000058",
          "icount": "3",
          "ipct": "100",
          "xis": "qpn.r0000a",
          "n": "Barag-zagŋar",
          "forms": [
            {
              "type": "normform",
              "id": "qpn-x-months.x000059",
              "ref": "qpn-x-months.x000057",
              "icount": "3",
              "ipct": "100",
              "xis": "qpn.r0000a"
            }
          ]
        }
      ],
      "bases": [
        {
          "type": "base",
          "id": "qpn-x-months.x000060",
          "n": "{iti}barag-zag-ŋar",
          "icount": "3",
          "ipct": "100",
          "xis": "qpn.r0000a"
        }
      ],
      "morphs": [
        {
          "type": "morph",
          "id": "qpn-x-months.x000061",
          "n": "~",
          "icount": "3",
          "ipct": "100",
          "xis": "qpn.r0000a"
        }
      ],
      "senses": [
        {
          "type": "sense",
          "id": "qpn-x-months.x000062",
          "n": "Barag-zagŋar[1//1]MN'MN",
          "icount": "3",
          "ipct": "100",
          "xis": "qpn.r0000a",
          "num": "1.",
          "pos": "MN",
          "mng": "1",
          "forms": [
            {
              "type": "form",
              "id": "qpn-x-months.x000063",
              "n": "{iti}barag-zag-ŋar",
              "icount": "3",
              "ipct": "100",
              "xis": "qpn.r0000a"
            }
          ],
          "norms": [
            {
              "id": "qpn-x-months.x000064",
              "n": "Barag-zagŋar",
              "icount": "3",
              "ipct": "100",
              "xis": "qpn.r0000a"
            }
          ],
          "bases": [
            {
              "type": "base",
              "id": "qpn-x-months.x000065",
              "n": "{iti}barag-zag-ŋar",
              "icount": "3",
              "ipct": "100",
              "xis": "qpn.r0000a"
            }
          ],
          "morphs": [
            {
              "type": "morph",
              "id": "qpn-x-months.x000066",
              "n": "~",
              "icount": "3",
              "ipct": "100",
              "xis": "qpn.r0000a"
            }
          ],
          "sigs": [
            {
              "type": "sig",
              "id": "qpn-x-months.x000067",
              "sig": "@dcclt%sux:{iti}barag-zag-ŋar=Barag-zagŋar[1//1]MN'MN$Barag-zagŋar/{iti}barag-zag-ŋar#~",
              "icount": "3",
              "ipct": "100",
              "xis": "qpn.r0000a"
            }
          ]
        }
      ],
      "periods": [
        {
          "p": "Old Babylonian",
          "icount": "2",
          "ipct": "67",
          "xis": "qpn.r0000a.p.s000"
        },
        {
          "p": "Middle Babylonian",
          "icount": "1",
          "ipct": "33",
          "xis": "qpn.r0000a.p.s001"
        }
      ]
    },
    {
      "headword": "Dukug[1]MN",
      "id": "qpn-x-months.x000068",
      "icount": "3",
      "ipct": "100",
      "xis": "qpn.r0000b",
      "dc_title": "dcclt/qpn-x-months/Dukug[1]",
      "cf": "Dukug",
      "gw": "1",
      "pos": "MN",
      "forms": [
        {
          "type": "form",
          "id": "qpn-x-months.x000069",
          "n": "{iti}du₆-kug",
          "icount": "3",
          "ipct": "100",
          "xis": "qpn.r0000b"
        }
      ],
      "norms": [
        {
          "id": "qpn-x-months.x000070",
          "icount": "3",
          "ipct": "100",
          "xis": "qpn.r0000b",
          "n": "Dukug",
          "forms": [
            {
              "type": "normform",
              "id": "qpn-x-months.x000071",
              "ref": "qpn-x-months.x000069",
              "icount": "3",
              "ipct": "100",
              "xis": "qpn.r0000b"
            }
          ]
        }
      ],
      "bases": [
        {
          "type": "base",
          "id": "qpn-x-months.x000072",
          "n": "{iti}du₆-kug",
          "icount": "3",
          "ipct": "100",
          "xis": "qpn.r0000b"
        }
      ],
      "morphs": [
        {
          "type": "morph",
          "id": "qpn-x-months.x000073",
          "n": "~",
          "icount": "3",
          "ipct": "100",
          "xis": "qpn.r0000b"
        }
      ],
      "senses": [
        {
          "type": "sense",
          "id": "qpn-x-months.x000074",
          "n": "Dukug[1//1]MN'MN",
          "icount": "3",
          "ipct": "100",
          "xis": "qpn.r0000b",
          "num": "1.",
          "pos": "MN",
          "mng": "1",
          "forms": [
            {
              "type": "form",
              "id": "qpn-x-months.x000075",
              "n": "{iti}du₆-kug",
              "icount": "3",
              "ipct": "100",
              "xis": "qpn.r0000b"
            }
          ],
          "norms": [
            {
              "id": "qpn-x-months.x000076",
              "n": "Dukug",
              "icount": "3",
              "ipct": "100",
              "xis": "qpn.r0000b"
            }
          ],
          "bases": [
            {
              "type": "base",
              "id": "qpn-x-months.x000077",
              "n": "{iti}du₆-kug",
              "icount": "3",
              "ipct": "100",
              "xis": "qpn.r0000b"
            }
          ],
          "morphs": [
            {
              "type": "morph",
              "id": "qpn-x-months.x000078",
              "n": "~",
              "icount": "3",
              "ipct": "100",
              "xis": "qpn.r0000b"
            }
          ],
          "sigs": [
            {
              "type": "sig",
              "id": "qpn-x-months.x000079",
              "sig": "@dcclt%sux:{iti}du₆-kug=Dukug[1//1]MN'MN$Dukug/{iti}du₆-kug#~",
              "icount": "3",
              "ipct": "100",
              "xis": "qpn.r0000b"
            }
          ]
        }
      ],
      "periods": [
        {
          "p": "Old Babylonian",
          "icount": "3",
          "ipct": "100",
          "xis": "qpn.r0000b.p.s000"
        }
      ]
    },
    {
      "headword": "Gangana[1]MN",
      "id": "qpn-x-months.x000080",
      "icount": "4",
      "ipct": "100",
      "xis": "qpn.r0000c",
      "dc_title": "dcclt/qpn-x-months/Gangana[1]",
      "cf": "Gangana",
      "gw": "1",
      "pos": "MN",
      "forms": [
        {
          "type": "form",
          "id": "qpn-x-months.x000081",
          "n": "{iti}gan-gan-e₃",
          "icount": "1",
          "ipct": "25",
          "xis": "qpn.r0000d"
        },
        {
          "type": "form",
          "id": "qpn-x-months.x000082",
          "n": "{iti}gan-gan-e₃-a",
          "icount": "1",
          "ipct": "25",
          "xis": "qpn.r0000e"
        },
        {
          "type": "form",
          "id": "qpn-x-months.x000083",
          "n": "{iti}gan-gan-na",
          "icount": "1",
          "ipct": "25",
          "xis": "qpn.r0000f"
        },
        {
          "type": "form",
          "id": "qpn-x-months.x000084",
          "n": "{iti}gan-gan-ne",
          "icount": "1",
          "ipct": "25",
          "xis": "qpn.r00010"
        }
      ],
      "norms": [
        {
          "id": "qpn-x-months.x000085",
          "icount": "4",
          "ipct": "100",
          "xis": "qpn.r0000c",
          "n": "Gangana",
          "forms": [
            {
              "type": "normform",
              "id": "qpn-x-months.x000086",
              "ref": "qpn-x-months.x000081",
              "icount": "1",
              "ipct": "25",
              "xis": "qpn.r0000d"
            },
            {
              "type": "normform",
              "id": "qpn-x-months.x000087",
              "ref": "qpn-x-months.x000082",
              "icount": "1",
              "ipct": "25",
              "xis": "qpn.r0000e"
            },
            {
              "type": "normform",
              "id": "qpn-x-months.x000088",
              "ref": "qpn-x-months.x000083",
              "icount": "1",
              "ipct": "25",
              "xis": "qpn.r0000f"
            },
            {
              "type": "normform",
              "id": "qpn-x-months.x000089",
              "ref": "qpn-x-months.x000084",
              "icount": "1",
              "ipct": "25",
              "xis": "qpn.r00010"
            }
          ]
        }
      ],
      "bases": [
        {
          "type": "base",
          "id": "qpn-x-months.x000090",
          "n": "{iti}gan-gan-e₃",
          "icount": "1",
          "ipct": "25",
          "xis": "qpn.r0000d"
        },
        {
          "type": "base",
          "id": "qpn-x-months.x000091",
          "n": "{iti}gan-gan-e₃-a",
          "icount": "1",
          "ipct": "25",
          "xis": "qpn.r0000e"
        },
        {
          "type": "base",
          "id": "qpn-x-months.x000092",
          "n": "{iti}gan-gan-na",
          "icount": "1",
          "ipct": "25",
          "xis": "qpn.r0000f"
        },
        {
          "type": "base",
          "id": "qpn-x-months.x000093",
          "n": "{iti}gan-gan-ne",
          "icount": "1",
          "ipct": "25",
          "xis": "qpn.r00010"
        }
      ],
      "morphs": [
        {
          "type": "morph",
          "id": "qpn-x-months.x000094",
          "n": "~",
          "icount": "4",
          "ipct": "100",
          "xis": "qpn.r0000c"
        }
      ],
      "senses": [
        {
          "type": "sense",
          "id": "qpn-x-months.x000095",
          "n": "Gangana[1//1]MN'MN",
          "icount": "4",
          "ipct": "100",
          "xis": "qpn.r0000c",
          "num": "1.",
          "pos": "MN",
          "mng": "1",
          "forms": [
            {
              "type": "form",
              "id": "qpn-x-months.x000096",
              "n": "{iti}gan-gan-e₃",
              "icount": "1",
              "ipct": "25",
              "xis": "qpn.r0000d"
            },
            {
              "type": "form",
              "id": "qpn-x-months.x000097",
              "n": "{iti}gan-gan-e₃-a",
              "icount": "1",
              "ipct": "25",
              "xis": "qpn.r0000e"
            },
            {
              "type": "form",
              "id": "qpn-x-months.x000098",
              "n": "{iti}gan-gan-na",
              "icount": "1",
              "ipct": "25",
              "xis": "qpn.r0000f"
            },
            {
              "type": "form",
              "id": "qpn-x-months.x000099",
              "n": "{iti}gan-gan-ne",
              "icount": "1",
              "ipct": "25",
              "xis": "qpn.r00010"
            }
          ],
          "norms": [
            {
              "id": "qpn-x-months.x000100",
              "n": "Gangana",
              "icount": "4",
              "ipct": "100",
              "xis": "qpn.r0000c"
            }
          ],
          "bases": [
            {
              "type": "base",
              "id": "qpn-x-months.x000101",
              "n": "{iti}gan-gan-e₃",
              "icount": "1",
              "ipct": "25",
              "xis": "qpn.r0000d"
            },
            {
              "type": "base",
              "id": "qpn-x-months.x000102",
              "n": "{iti}gan-gan-e₃-a",
              "icount": "1",
              "ipct": "25",
              "xis": "qpn.r0000e"
            },
            {
              "type": "base",
              "id": "qpn-x-months.x000103",
              "n": "{iti}gan-gan-na",
              "icount": "1",
              "ipct": "25",
              "xis": "qpn.r0000f"
            },
            {
              "type": "base",
              "id": "qpn-x-months.x000104",
              "n": "{iti}gan-gan-ne",
              "icount": "1",
              "ipct": "25",
              "xis": "qpn.r00010"
            }
          ],
          "morphs": [
            {
              "type": "morph",
              "id": "qpn-x-months.x000105",
              "n": "~",
              "icount": "4",
              "ipct": "100",
              "xis": "qpn.r0000c"
            }
          ],
          "sigs": [
            {
              "type": "sig",
              "id": "qpn-x-months.x000106",
              "sig": "@dcclt%sux:{iti}gan-gan-e₃-a=Gangana[1//1]MN'MN$Gangana/{iti}gan-gan-e₃-a#~",
              "icount": "1",
              "ipct": "25",
              "xis": "qpn.r0000e"
            },
            {
              "type": "sig",
              "id": "qpn-x-months.x000107",
              "sig": "@dcclt%sux:{iti}gan-gan-e₃=Gangana[1//1]MN'MN$Gangana/{iti}gan-gan-e₃#~",
              "icount": "1",
              "ipct": "25",
              "xis": "qpn.r0000d"
            },
            {
              "type": "sig",
              "id": "qpn-x-months.x000108",
              "sig": "@dcclt%sux:{iti}gan-gan-na=Gangana[1//1]MN'MN$Gangana/{iti}gan-gan-na#~",
              "icount": "1",
              "ipct": "25",
              "xis": "qpn.r0000f"
            },
            {
              "type": "sig",
              "id": "qpn-x-months.x000109",
              "sig": "@dcclt%sux:{iti}gan-gan-ne=Gangana[1//1]MN'MN$Gangana/{iti}gan-gan-ne#~",
              "icount": "1",
              "ipct": "25",
              "xis": "qpn.r00010"
            }
          ]
        }
      ],
      "periods": [
        {
          "p": "Old Babylonian",
          "icount": "3",
          "ipct": "75",
          "xis": "qpn.r0000c.p.s000"
        },
        {
          "p": "Middle Babylonian",
          "icount": "1",
          "ipct": "25",
          "xis": "qpn.r0000c.p.s001"
        }
      ]
    },
    {
      "headword": "Gud-sisa[1]MN",
      "id": "qpn-x-months.x000110",
      "icount": "3",
      "ipct": "100",
      "xis": "qpn.r00011",
      "dc_title": "dcclt/qpn-x-months/Gud-sisa[1]",
      "cf": "Gud-sisa",
      "gw": "1",
      "pos": "MN",
      "forms": [
        {
          "type": "form",
          "id": "qpn-x-months.x000111",
          "n": "{iti}gud-si-sa₂",
          "icount": "2",
          "ipct": "67",
          "xis": "qpn.r00012"
        },
        {
          "type": "form",
          "id": "qpn-x-months.x000112",
          "n": "{iti}gud-si-su",
          "icount": "1",
          "ipct": "33",
          "xis": "qpn.r00013"
        }
      ],
      "norms": [
        {
          "id": "qpn-x-months.x000113",
          "icount": "3",
          "ipct": "100",
          "xis": "qpn.r00011",
          "n": "Gud-sisa",
          "forms": [
            {
              "type": "normform",
              "id": "qpn-x-months.x000114",
              "ref": "qpn-x-months.x000111",
              "icount": "2",
              "ipct": "67",
              "xis": "qpn.r00012"
            },
            {
              "type": "normform",
              "id": "qpn-x-months.x000115",
              "ref": "qpn-x-months.x000112",
              "icount": "1",
              "ipct": "33",
              "xis": "qpn.r00013"
            }
          ]
        }
      ],
      "bases": [
        {
          "type": "base",
          "id": "qpn-x-months.x000116",
          "n": "{iti}gud-si-sa₂",
          "icount": "2",
          "ipct": "67",
          "xis": "qpn.r00012"
        },
        {
          "type": "base",
          "id": "qpn-x-months.x000117",
          "n": "{iti}gud-si-su",
          "icount": "1",
          "ipct": "33",
          "xis": "qpn.r00013"
        }
      ],
      "morphs": [
        {
          "type": "morph",
          "id": "qpn-x-months.x000118",
          "n": "~",
          "icount": "3",
          "ipct": "100",
          "xis": "qpn.r00011"
        }
      ],
      "senses": [
        {
          "type": "sense",
          "id": "qpn-x-months.x000119",
          "n": "Gud-sisa[1//1]MN'MN",
          "icount": "3",
          "ipct": "100",
          "xis": "qpn.r00011",
          "num": "1.",
          "pos": "MN",
          "mng": "1",
          "forms": [
            {
              "type": "form",
              "id": "qpn-x-months.x000120",
              "n": "{iti}gud-si-sa₂",
              "icount": "2",
              "ipct": "67",
              "xis": "qpn.r00012"
            },
            {
              "type": "form",
              "id": "qpn-x-months.x000121",
              "n": "{iti}gud-si-su",
              "icount": "1",
              "ipct": "33",
              "xis": "qpn.r00013"
            }
          ],
          "norms": [
            {
              "id": "qpn-x-months.x000122",
              "n": "Gud-sisa",
              "icount": "3",
              "ipct": "100",
              "xis": "qpn.r00011"
            }
          ],
          "bases": [
            {
              "type": "base",
              "id": "qpn-x-months.x000123",
              "n": "{iti}gud-si-sa₂",
              "icount": "2",
              "ipct": "67",
              "xis": "qpn.r00012"
            },
            {
              "type": "base",
              "id": "qpn-x-months.x000124",
              "n": "{iti}gud-si-su",
              "icount": "1",
              "ipct": "33",
              "xis": "qpn.r00013"
            }
          ],
          "morphs": [
            {
              "type": "morph",
              "id": "qpn-x-months.x000125",
              "n": "~",
              "icount": "3",
              "ipct": "100",
              "xis": "qpn.r00011"
            }
          ],
          "sigs": [
            {
              "type": "sig",
              "id": "qpn-x-months.x000126",
              "sig": "@dcclt%sux:{iti}gud-si-sa₂=Gud-sisa[1//1]MN'MN$Gud-sisa/{iti}gud-si-sa₂#~",
              "icount": "2",
              "ipct": "67",
              "xis": "qpn.r00012"
            },
            {
              "type": "sig",
              "id": "qpn-x-months.x000127",
              "sig": "@dcclt%sux:{iti}gud-si-su=Gud-sisa[1//1]MN'MN$Gud-sisa/{iti}gud-si-su#~",
              "icount": "1",
              "ipct": "33",
              "xis": "qpn.r00013"
            }
          ]
        }
      ],
      "periods": [
        {
          "p": "Old Babylonian",
          "icount": "2",
          "ipct": "67",
          "xis": "qpn.r00011.p.s000"
        },
        {
          "p": "Middle Babylonian",
          "icount": "1",
          "ipct": "33",
          "xis": "qpn.r00011.p.s001"
        }
      ]
    },
    {
      "headword": "Kiŋ-Inana[1]MN",
      "id": "qpn-x-months.x000128",
      "icount": "4",
      "ipct": "100",
      "xis": "qpn.r00015",
      "dc_title": "dcclt/qpn-x-months/Kiŋ-Inana[1]",
      "cf": "Kiŋ-Inana",
      "gw": "1",
      "pos": "MN",
      "forms": [
        {
          "type": "form",
          "id": "qpn-x-months.x000129",
          "n": "{iti}kiŋ₂-{d}inana",
          "icount": "4",
          "ipct": "100",
          "xis": "qpn.r00015"
        }
      ],
      "norms": [
        {
          "id": "qpn-x-months.x000130",
          "icount": "4",
          "ipct": "100",
          "xis": "qpn.r00015",
          "n": "Kiŋ-Inana",
          "forms": [
            {
              "type": "normform",
              "id": "qpn-x-months.x000131",
              "ref": "qpn-x-months.x000129",
              "icount": "4",
              "ipct": "100",
              "xis": "qpn.r00015"
            }
          ]
        }
      ],
      "bases": [
        {
          "type": "base",
          "id": "qpn-x-months.x000132",
          "n": "{iti}kiŋ₂-{d}inana",
          "icount": "4",
          "ipct": "100",
          "xis": "qpn.r00015"
        }
      ],
      "morphs": [
        {
          "type": "morph",
          "id": "qpn-x-months.x000133",
          "n": "~",
          "icount": "4",
          "ipct": "100",
          "xis": "qpn.r00015"
        }
      ],
      "senses": [
        {
          "type": "sense",
          "id": "qpn-x-months.x000134",
          "n": "Kiŋ-Inana[1//1]MN'MN",
          "icount": "4",
          "ipct": "100",
          "xis": "qpn.r00015",
          "num": "1.",
          "pos": "MN",
          "mng": "1",
          "forms": [
            {
              "type": "form",
              "id": "qpn-x-months.x000135",
              "n": "{iti}kiŋ₂-{d}inana",
              "icount": "4",
              "ipct": "100",
              "xis": "qpn.r00015"
            }
          ],
          "norms": [
            {
              "id": "qpn-x-months.x000136",
              "n": "Kiŋ-Inana",
              "icount": "4",
              "ipct": "100",
              "xis": "qpn.r00015"
            }
          ],
          "bases": [
            {
              "type": "base",
              "id": "qpn-x-months.x000137",
              "n": "{iti}kiŋ₂-{d}inana",
              "icount": "4",
              "ipct": "100",
              "xis": "qpn.r00015"
            }
          ],
          "morphs": [
            {
              "type": "morph",
              "id": "qpn-x-months.x000138",
              "n": "~",
              "icount": "4",
              "ipct": "100",
              "xis": "qpn.r00015"
            }
          ],
          "sigs": [
            {
              "type": "sig",
              "id": "qpn-x-months.x000139",
              "sig": "@dcclt%sux:{iti}kiŋ₂-{d}inana=Kiŋ-Inana[1//1]MN'MN$Kiŋ-Inana/{iti}kiŋ₂-{d}inana#~",
              "icount": "4",
              "ipct": "100",
              "xis": "qpn.r00015"
            }
          ]
        }
      ],
      "periods": [
        {
          "p": "Old Babylonian",
          "icount": "3",
          "ipct": "75",
          "xis": "qpn.r00015.p.s000"
        },
        {
          "p": "Middle Babylonian",
          "icount": "1",
          "ipct": "25",
          "xis": "qpn.r00015.p.s001"
        }
      ]
    },
    {
      "headword": "Kislimu[1]MN",
      "id": "qpn-x-months.x000140",
      "icount": "1",
      "ipct": "100",
      "xis": "qpn.r00014",
      "dc_title": "dcclt/qpn-x-months/Kislimu[1]",
      "cf": "Kislimu",
      "gw": "1",
      "pos": "MN",
      "forms": [
        {
          "type": "form",
          "id": "qpn-x-months.x000141",
          "n": "{iti}GAN",
          "icount": "1",
          "ipct": "100",
          "xis": "qpn.r00014"
        }
      ],
      "norms": [
        {
          "id": "qpn-x-months.x000142",
          "icount": "1",
          "ipct": "100",
          "xis": "qpn.r00014",
          "n": "Kislimu",
          "forms": [
            {
              "type": "normform",
              "id": "qpn-x-months.x000143",
              "ref": "qpn-x-months.x000141",
              "icount": "1",
              "ipct": "100",
              "xis": "qpn.r00014"
            }
          ]
        }
      ],
      "senses": [
        {
          "type": "sense",
          "id": "qpn-x-months.x000144",
          "n": "Kislimu[1//1]MN'MN",
          "icount": "1",
          "ipct": "100",
          "xis": "qpn.r00014",
          "num": "1.",
          "pos": "MN",
          "mng": "1",
          "forms": [
            {
              "type": "form",
              "id": "qpn-x-months.x000145",
              "n": "{iti}GAN",
              "icount": "1",
              "ipct": "100",
              "xis": "qpn.r00014"
            }
          ],
          "norms": [
            {
              "id": "qpn-x-months.x000146",
              "n": "Kislimu",
              "icount": "1",
              "ipct": "100",
              "xis": "qpn.r00014"
            }
          ],
          "sigs": [
            {
              "type": "sig",
              "id": "qpn-x-months.x000147",
              "sig": "@dcclt%akk:{iti}GAN=Kislimu[1//1]MN'MN$Kislimu",
              "icount": "1",
              "ipct": "100",
              "xis": "qpn.r00014"
            }
          ]
        }
      ],
      "periods": [
        {
          "p": "Middle Assyrian",
          "icount": "1",
          "ipct": "100",
          "xis": "qpn.r00014.p.s000"
        }
      ]
    },
    {
      "headword": "NE.NE.ŋar[1]MN",
      "id": "qpn-x-months.x000148",
      "icount": "3",
      "ipct": "100",
      "xis": "qpn.r00016",
      "dc_title": "dcclt/qpn-x-months/NE.NE.ŋar[1]",
      "cf": "NE.NE.ŋar",
      "gw": "1",
      "pos": "MN",
      "forms": [
        {
          "type": "form",
          "id": "qpn-x-months.x000149",
          "n": "{iti}NE-NE-ŋar",
          "icount": "2",
          "ipct": "67",
          "xis": "qpn.r00017"
        },
        {
          "type": "form",
          "id": "qpn-x-months.x000150",
          "n": "{iti}ne-ne",
          "icount": "1",
          "ipct": "33",
          "xis": "qpn.r00018"
        }
      ],
      "norms": [
        {
          "id": "qpn-x-months.x000151",
          "icount": "3",
          "ipct": "100",
          "xis": "qpn.r00016",
          "n": "NE.NE.ŋar",
          "forms": [
            {
              "type": "normform",
              "id": "qpn-x-months.x000152",
              "ref": "qpn-x-months.x000149",
              "icount": "2",
              "ipct": "67",
              "xis": "qpn.r00017"
            },
            {
              "type": "normform",
              "id": "qpn-x-months.x000153",
              "ref": "qpn-x-months.x000150",
              "icount": "1",
              "ipct": "33",
              "xis": "qpn.r00018"
            }
          ]
        }
      ],
      "bases": [
        {
          "type": "base",
          "id": "qpn-x-months.x000154",
          "n": "{iti}NE-NE-ŋar",
          "icount": "2",
          "ipct": "67",
          "xis": "qpn.r00017"
        },
        {
          "type": "base",
          "id": "qpn-x-months.x000155",
          "n": "{iti}ne-ne",
          "icount": "1",
          "ipct": "33",
          "xis": "qpn.r00018"
        }
      ],
      "morphs": [
        {
          "type": "morph",
          "id": "qpn-x-months.x000156",
          "n": "~",
          "icount": "3",
          "ipct": "100",
          "xis": "qpn.r00016"
        }
      ],
      "senses": [
        {
          "type": "sense",
          "id": "qpn-x-months.x000157",
          "n": "NE.NE.ŋar[1//1]MN'MN",
          "icount": "3",
          "ipct": "100",
          "xis": "qpn.r00016",
          "num": "1.",
          "pos": "MN",
          "mng": "1",
          "forms": [
            {
              "type": "form",
              "id": "qpn-x-months.x000158",
              "n": "{iti}NE-NE-ŋar",
              "icount": "2",
              "ipct": "67",
              "xis": "qpn.r00017"
            },
            {
              "type": "form",
              "id": "qpn-x-months.x000159",
              "n": "{iti}ne-ne",
              "icount": "1",
              "ipct": "33",
              "xis": "qpn.r00018"
            }
          ],
          "norms": [
            {
              "id": "qpn-x-months.x000160",
              "n": "NE.NE.ŋar",
              "icount": "3",
              "ipct": "100",
              "xis": "qpn.r00016"
            }
          ],
          "bases": [
            {
              "type": "base",
              "id": "qpn-x-months.x000161",
              "n": "{iti}NE-NE-ŋar",
              "icount": "2",
              "ipct": "67",
              "xis": "qpn.r00017"
            },
            {
              "type": "base",
              "id": "qpn-x-months.x000162",
              "n": "{iti}ne-ne",
              "icount": "1",
              "ipct": "33",
              "xis": "qpn.r00018"
            }
          ],
          "morphs": [
            {
              "type": "morph",
              "id": "qpn-x-months.x000163",
              "n": "~",
              "icount": "3",
              "ipct": "100",
              "xis": "qpn.r00016"
            }
          ],
          "sigs": [
            {
              "type": "sig",
              "id": "qpn-x-months.x000164",
              "sig": "@dcclt%sux:{iti}NE-NE-ŋar=NE.NE.ŋar[1//1]MN'MN$NE.NE.ŋar/{iti}NE-NE-ŋar#~",
              "icount": "2",
              "ipct": "67",
              "xis": "qpn.r00017"
            },
            {
              "type": "sig",
              "id": "qpn-x-months.x000165",
              "sig": "@dcclt%sux:{iti}ne-ne=NE.NE.ŋar[1//1]MN'MN$NE.NE.ŋar/{iti}ne-ne#~",
              "icount": "1",
              "ipct": "33",
              "xis": "qpn.r00018"
            }
          ]
        }
      ],
      "periods": [
        {
          "p": "Old Babylonian",
          "icount": "2",
          "ipct": "67",
          "xis": "qpn.r00016.p.s000"
        },
        {
          "p": "Middle Babylonian",
          "icount": "1",
          "ipct": "33",
          "xis": "qpn.r00016.p.s001"
        }
      ]
    },
    {
      "headword": "Nisannu[1]MN",
      "id": "qpn-x-months.x000166",
      "icount": "1",
      "ipct": "100",
      "xis": "qpn.r00019",
      "dc_title": "dcclt/qpn-x-months/Nisannu[1]",
      "cf": "Nisannu",
      "gw": "1",
      "pos": "MN",
      "forms": [
        {
          "type": "form",
          "id": "qpn-x-months.x000167",
          "n": "ni-sa-an-nu",
          "icount": "1",
          "ipct": "100",
          "xis": "qpn.r00019"
        }
      ],
      "norms": [
        {
          "id": "qpn-x-months.x000168",
          "icount": "1",
          "ipct": "100",
          "xis": "qpn.r00019",
          "n": "Nisannu",
          "forms": [
            {
              "type": "normform",
              "id": "qpn-x-months.x000169",
              "ref": "qpn-x-months.x000167",
              "icount": "1",
              "ipct": "100",
              "xis": "qpn.r00019"
            }
          ]
        }
      ],
      "senses": [
        {
          "type": "sense",
          "id": "qpn-x-months.x000170",
          "n": "Nisannu[1//1]MN'MN",
          "icount": "1",
          "ipct": "100",
          "xis": "qpn.r00019",
          "num": "1.",
          "pos": "MN",
          "mng": "1",
          "forms": [
            {
              "type": "form",
              "id": "qpn-x-months.x000171",
              "n": "ni-sa-an-nu",
              "icount": "1",
              "ipct": "100",
              "xis": "qpn.r00019"
            }
          ],
          "norms": [
            {
              "id": "qpn-x-months.x000172",
              "n": "Nisannu",
              "icount": "1",
              "ipct": "100",
              "xis": "qpn.r00019"
            }
          ],
          "sigs": [
            {
              "type": "sig",
              "id": "qpn-x-months.x000173",
              "sig": "@dcclt%akk:ni-sa-an-nu=Nisannu[1//1]MN'MN$Nisannu",
              "icount": "1",
              "ipct": "100",
              "xis": "qpn.r00019"
            }
          ]
        }
      ],
      "periods": [
        {
          "p": "Neo-Babylonian",
          "icount": "1",
          "ipct": "100",
          "xis": "qpn.r00019.p.s000"
        }
      ]
    },
    {
      "headword": "Simanu[1]MN",
      "id": "qpn-x-months.x000174",
      "icount": "1",
      "ipct": "100",
      "xis": "qpn.r0001a",
      "dc_title": "dcclt/qpn-x-months/Simanu[1]",
      "cf": "Simanu",
      "gw": "1",
      "pos": "MN",
      "forms": [
        {
          "type": "form",
          "id": "qpn-x-months.x000175",
          "n": "SIG₄",
          "icount": "1",
          "ipct": "100",
          "xis": "qpn.r0001a"
        }
      ],
      "norms": [
        {
          "id": "qpn-x-months.x000176",
          "icount": "1",
          "ipct": "100",
          "xis": "qpn.r0001a",
          "n": "Simanu",
          "forms": [
            {
              "type": "normform",
              "id": "qpn-x-months.x000177",
              "ref": "qpn-x-months.x000175",
              "icount": "1",
              "ipct": "100",
              "xis": "qpn.r0001a"
            }
          ]
        }
      ],
      "senses": [
        {
          "type": "sense",
          "id": "qpn-x-months.x000178",
          "n": "Simanu[1//1]MN'MN",
          "icount": "1",
          "ipct": "100",
          "xis": "qpn.r0001a",
          "num": "1.",
          "pos": "MN",
          "mng": "1",
          "forms": [
            {
              "type": "form",
              "id": "qpn-x-months.x000179",
              "n": "%akk-x-stdbab:SIG₄",
              "icount": "1",
              "ipct": "100",
              "xis": "qpn.r0001a"
            }
          ],
          "norms": [
            {
              "id": "qpn-x-months.x000180",
              "n": "Simanu",
              "icount": "1",
              "ipct": "100",
              "xis": "qpn.r0001a"
            }
          ],
          "sigs": [
            {
              "type": "sig",
              "id": "qpn-x-months.x000181",
              "sig": "@dcclt%akk-x-stdbab:SIG₄=Simanu[1//1]MN'MN$Simanu",
              "icount": "1",
              "ipct": "100",
              "xis": "qpn.r0001a"
            }
          ]
        }
      ],
      "periods": [
        {
          "p": "Neo-Babylonian",
          "icount": "1",
          "ipct": "100",
          "xis": "qpn.r0001a.p.s000"
        }
      ]
    },
    {
      "headword": "Šabaṭu[1]MN",
      "id": "qpn-x-months.x000182",
      "icount": "1",
      "ipct": "100",
      "xis": "qpn.r00021",
      "dc_title": "dcclt/qpn-x-months/Šabaṭu[1]",
      "cf": "Šabaṭu",
      "gw": "1",
      "pos": "MN",
      "forms": [
        {
          "type": "form",
          "id": "qpn-x-months.x000183",
          "n": "{iti}ZIZ₂",
          "icount": "1",
          "ipct": "100",
          "xis": "qpn.r00021"
        }
      ],
      "norms": [
        {
          "id": "qpn-x-months.x000184",
          "icount": "1",
          "ipct": "100",
          "xis": "qpn.r00021",
          "n": "Šabaṭu",
          "forms": [
            {
              "type": "normform",
              "id": "qpn-x-months.x000185",
              "ref": "qpn-x-months.x000183",
              "icount": "1",
              "ipct": "100",
              "xis": "qpn.r00021"
            }
          ]
        }
      ],
      "senses": [
        {
          "type": "sense",
          "id": "qpn-x-months.x000186",
          "n": "Šabaṭu[1//1]MN'MN",
          "icount": "1",
          "ipct": "100",
          "xis": "qpn.r00021",
          "num": "1.",
          "pos": "MN",
          "mng": "1",
          "forms": [
            {
              "type": "form",
              "id": "qpn-x-months.x000187",
              "n": "%akk-x-stdbab:{iti}ZIZ₂",
              "icount": "1",
              "ipct": "100",
              "xis": "qpn.r00021"
            }
          ],
          "norms": [
            {
              "id": "qpn-x-months.x000188",
              "n": "Šabaṭu",
              "icount": "1",
              "ipct": "100",
              "xis": "qpn.r00021"
            }
          ],
          "sigs": [
            {
              "type": "sig",
              "id": "qpn-x-months.x000189",
              "sig": "@dcclt%akk-x-stdbab:{iti}ZIZ₂=Šabaṭu[1//1]MN'MN$Šabaṭu",
              "icount": "1",
              "ipct": "100",
              "xis": "qpn.r00021"
            }
          ]
        }
      ],
      "periods": [
        {
          "p": "Achaemenid",
          "icount": "1",
          "ipct": "100",
          "xis": "qpn.r00021.p.s000"
        }
      ]
    },
    {
      "headword": "Šega[1]MN",
      "id": "qpn-x-months.x000190",
      "icount": "3",
      "ipct": "100",
      "xis": "qpn.r00022",
      "dc_title": "dcclt/qpn-x-months/Šega[1]",
      "cf": "Šega",
      "gw": "1",
      "pos": "MN",
      "forms": [
        {
          "type": "form",
          "id": "qpn-x-months.x000191",
          "n": "{iti}šeg₁₂-a",
          "icount": "3",
          "ipct": "100",
          "xis": "qpn.r00022"
        }
      ],
      "norms": [
        {
          "id": "qpn-x-months.x000192",
          "icount": "3",
          "ipct": "100",
          "xis": "qpn.r00022",
          "n": "Šega",
          "forms": [
            {
              "type": "normform",
              "id": "qpn-x-months.x000193",
              "ref": "qpn-x-months.x000191",
              "icount": "3",
              "ipct": "100",
              "xis": "qpn.r00022"
            }
          ]
        }
      ],
      "bases": [
        {
          "type": "base",
          "id": "qpn-x-months.x000194",
          "n": "{iti}šeg₁₂-a",
          "icount": "3",
          "ipct": "100",
          "xis": "qpn.r00022"
        }
      ],
      "morphs": [
        {
          "type": "morph",
          "id": "qpn-x-months.x000195",
          "n": "~",
          "icount": "3",
          "ipct": "100",
          "xis": "qpn.r00022"
        }
      ],
      "senses": [
        {
          "type": "sense",
          "id": "qpn-x-months.x000196",
          "n": "Šega[1//1]MN'MN",
          "icount": "3",
          "ipct": "100",
          "xis": "qpn.r00022",
          "num": "1.",
          "pos": "MN",
          "mng": "1",
          "forms": [
            {
              "type": "form",
              "id": "qpn-x-months.x000197",
              "n": "{iti}šeg₁₂-a",
              "icount": "3",
              "ipct": "100",
              "xis": "qpn.r00022"
            }
          ],
          "norms": [
            {
              "id": "qpn-x-months.x000198",
              "n": "Šega",
              "icount": "3",
              "ipct": "100",
              "xis": "qpn.r00022"
            }
          ],
          "bases": [
            {
              "type": "base",
              "id": "qpn-x-months.x000199",
              "n": "{iti}šeg₁₂-a",
              "icount": "3",
              "ipct": "100",
              "xis": "qpn.r00022"
            }
          ],
          "morphs": [
            {
              "type": "morph",
              "id": "qpn-x-months.x000200",
              "n": "~",
              "icount": "3",
              "ipct": "100",
              "xis": "qpn.r00022"
            }
          ],
          "sigs": [
            {
              "type": "sig",
              "id": "qpn-x-months.x000201",
              "sig": "@dcclt%sux:{iti}šeg₁₂-a=Šega[1//1]MN'MN$Šega/{iti}šeg₁₂-a#~",
              "icount": "3",
              "ipct": "100",
              "xis": "qpn.r00022"
            }
          ]
        }
      ],
      "periods": [
        {
          "p": "Old Babylonian",
          "icount": "2",
          "ipct": "67",
          "xis": "qpn.r00022.p.s000"
        },
        {
          "p": "Middle Babylonian",
          "icount": "1",
          "ipct": "33",
          "xis": "qpn.r00022.p.s001"
        }
      ]
    },
    {
      "headword": "Šegurkud[1]MN",
      "id": "qpn-x-months.x000202",
      "icount": "4",
      "ipct": "100",
      "xis": "qpn.r00023",
      "dc_title": "dcclt/qpn-x-months/Šegurkud[1]",
      "cf": "Šegurkud",
      "gw": "1",
      "pos": "MN",
      "forms": [
        {
          "type": "form",
          "id": "qpn-x-months.x000203",
          "n": "{iti}še-gur₁₀-kud",
          "icount": "3",
          "ipct": "75",
          "xis": "qpn.r00024"
        },
        {
          "type": "form",
          "id": "qpn-x-months.x000204",
          "n": "še-gur₁₀-kud",
          "icount": "1",
          "ipct": "25",
          "xis": "qpn.r00025"
        }
      ],
      "norms": [
        {
          "id": "qpn-x-months.x000205",
          "icount": "4",
          "ipct": "100",
          "xis": "qpn.r00023",
          "n": "Šegurkud",
          "forms": [
            {
              "type": "normform",
              "id": "qpn-x-months.x000206",
              "ref": "qpn-x-months.x000203",
              "icount": "3",
              "ipct": "75",
              "xis": "qpn.r00024"
            },
            {
              "type": "normform",
              "id": "qpn-x-months.x000207",
              "ref": "qpn-x-months.x000204",
              "icount": "1",
              "ipct": "25",
              "xis": "qpn.r00025"
            }
          ]
        }
      ],
      "bases": [
        {
          "type": "base",
          "id": "qpn-x-months.x000208",
          "n": "{iti}še-gur₁₀-kud",
          "icount": "3",
          "ipct": "75",
          "xis": "qpn.r00024"
        },
        {
          "type": "base",
          "id": "qpn-x-months.x000209",
          "n": "še-gur₁₀-kud",
          "icount": "1",
          "ipct": "25",
          "xis": "qpn.r00025"
        }
      ],
      "morphs": [
        {
          "type": "morph",
          "id": "qpn-x-months.x000210",
          "n": "~",
          "icount": "4",
          "ipct": "100",
          "xis": "qpn.r00023"
        }
      ],
      "senses": [
        {
          "type": "sense",
          "id": "qpn-x-months.x000211",
          "n": "Šegurkud[1//1]MN'MN",
          "icount": "4",
          "ipct": "100",
          "xis": "qpn.r00023",
          "num": "1.",
          "pos": "MN",
          "mng": "1",
          "forms": [
            {
              "type": "form",
              "id": "qpn-x-months.x000212",
              "n": "{iti}še-gur₁₀-kud",
              "icount": "3",
              "ipct": "75",
              "xis": "qpn.r00024"
            },
            {
              "type": "form",
              "id": "qpn-x-months.x000213",
              "n": "še-gur₁₀-kud",
              "icount": "1",
              "ipct": "25",
              "xis": "qpn.r00025"
            }
          ],
          "norms": [
            {
              "id": "qpn-x-months.x000214",
              "n": "Šegurkud",
              "icount": "4",
              "ipct": "100",
              "xis": "qpn.r00023"
            }
          ],
          "bases": [
            {
              "type": "base",
              "id": "qpn-x-months.x000215",
              "n": "{iti}še-gur₁₀-kud",
              "icount": "3",
              "ipct": "75",
              "xis": "qpn.r00024"
            },
            {
              "type": "base",
              "id": "qpn-x-months.x000216",
              "n": "še-gur₁₀-kud",
              "icount": "1",
              "ipct": "25",
              "xis": "qpn.r00025"
            }
          ],
          "morphs": [
            {
              "type": "morph",
              "id": "qpn-x-months.x000217",
              "n": "~",
              "icount": "4",
              "ipct": "100",
              "xis": "qpn.r00023"
            }
          ],
          "sigs": [
            {
              "type": "sig",
              "id": "qpn-x-months.x000218",
              "sig": "@dcclt%sux:{iti}še-gur₁₀-kud=Šegurkud[1//1]MN'MN$Šegurkud/{iti}še-gur₁₀-kud#~",
              "icount": "3",
              "ipct": "75",
              "xis": "qpn.r00024"
            },
            {
              "type": "sig",
              "id": "qpn-x-months.x000219",
              "sig": "@dcclt%sux:še-gur₁₀-kud=Šegurkud[1//1]MN'MN$Šegurkud/še-gur₁₀-kud#~",
              "icount": "1",
              "ipct": "25",
              "xis": "qpn.r00025"
            }
          ]
        }
      ],
      "periods": [
        {
          "p": "Old Babylonian",
          "icount": "3",
          "ipct": "75",
          "xis": "qpn.r00023.p.s000"
        },
        {
          "p": "Middle Babylonian",
          "icount": "1",
          "ipct": "25",
          "xis": "qpn.r00023.p.s001"
        }
      ]
    },
    {
      "headword": "Šunumuna[1]MN",
      "id": "qpn-x-months.x000220",
      "icount": "3",
      "ipct": "100",
      "xis": "qpn.r00026",
      "dc_title": "dcclt/qpn-x-months/Šunumuna[1]",
      "cf": "Šunumuna",
      "gw": "1",
      "pos": "MN",
      "forms": [
        {
          "type": "form",
          "id": "qpn-x-months.x000221",
          "n": "{iti}šu-numun-a",
          "icount": "3",
          "ipct": "100",
          "xis": "qpn.r00026"
        }
      ],
      "norms": [
        {
          "id": "qpn-x-months.x000222",
          "icount": "3",
          "ipct": "100",
          "xis": "qpn.r00026",
          "n": "Šunumuna",
          "forms": [
            {
              "type": "normform",
              "id": "qpn-x-months.x000223",
              "ref": "qpn-x-months.x000221",
              "icount": "3",
              "ipct": "100",
              "xis": "qpn.r00026"
            }
          ]
        }
      ],
      "bases": [
        {
          "type": "base",
          "id": "qpn-x-months.x000224",
          "n": "{iti}šu-numun-a",
          "icount": "3",
          "ipct": "100",
          "xis": "qpn.r00026"
        }
      ],
      "morphs": [
        {
          "type": "morph",
          "id": "qpn-x-months.x000225",
          "n": "~",
          "icount": "3",
          "ipct": "100",
          "xis": "qpn.r00026"
        }
      ],
      "senses": [
        {
          "type": "sense",
          "id": "qpn-x-months.x000226",
          "n": "Šunumuna[1//1]MN'MN",
          "icount": "3",
          "ipct": "100",
          "xis": "qpn.r00026",
          "num": "1.",
          "pos": "MN",
          "mng": "1",
          "forms": [
            {
              "type": "form",
              "id": "qpn-x-months.x000227",
              "n": "{iti}šu-numun-a",
              "icount": "3",
              "ipct": "100",
              "xis": "qpn.r00026"
            }
          ],
          "norms": [
            {
              "id": "qpn-x-months.x000228",
              "n": "Šunumuna",
              "icount": "3",
              "ipct": "100",
              "xis": "qpn.r00026"
            }
          ],
          "bases": [
            {
              "type": "base",
              "id": "qpn-x-months.x000229",
              "n": "{iti}šu-numun-a",
              "icount": "3",
              "ipct": "100",
              "xis": "qpn.r00026"
            }
          ],
          "morphs": [
            {
              "type": "morph",
              "id": "qpn-x-months.x000230",
              "n": "~",
              "icount": "3",
              "ipct": "100",
              "xis": "qpn.r00026"
            }
          ],
          "sigs": [
            {
              "type": "sig",
              "id": "qpn-x-months.x000231",
              "sig": "@dcclt%sux:{iti}šu-numun-a=Šunumuna[1//1]MN'MN$Šunumuna/{iti}šu-numun-a#~",
              "icount": "3",
              "ipct": "100",
              "xis": "qpn.r00026"
            }
          ]
        }
      ],
      "periods": [
        {
          "p": "Old Babylonian",
          "icount": "2",
          "ipct": "67",
          "xis": "qpn.r00026.p.s000"
        },
        {
          "p": "Middle Babylonian",
          "icount": "1",
          "ipct": "33",
          "xis": "qpn.r00026.p.s001"
        }
      ]
    },
    {
      "headword": "Udduru[1]MN",
      "id": "qpn-x-months.x000232",
      "icount": "8",
      "ipct": "100",
      "xis": "qpn.r0001b",
      "dc_title": "dcclt/qpn-x-months/Udduru[1]",
      "cf": "Udduru",
      "gw": "1",
      "pos": "MN",
      "forms": [
        {
          "type": "form",
          "id": "qpn-x-months.x000233",
          "n": "ud-du-ru-u₂",
          "icount": "2",
          "ipct": "25",
          "xis": "qpn.r0001c"
        },
        {
          "type": "form",
          "id": "qpn-x-months.x000234",
          "n": "ud-du-ru",
          "icount": "1",
          "ipct": "13",
          "xis": "qpn.r0001d"
        },
        {
          "type": "form",
          "id": "qpn-x-months.x000235",
          "n": "ud₂-duru₅",
          "icount": "2",
          "ipct": "25",
          "xis": "qpn.r0001e"
        },
        {
          "type": "form",
          "id": "qpn-x-months.x000236",
          "n": "{iti}ud₂-duru₅",
          "icount": "3",
          "ipct": "38",
          "xis": "qpn.r0001f"
        }
      ],
      "norms": [
        {
          "id": "qpn-x-months.x000237",
          "icount": "8",
          "ipct": "100",
          "xis": "qpn.r0001b",
          "n": "Udduru",
          "forms": [
            {
              "type": "normform",
              "id": "qpn-x-months.x000238",
              "ref": "qpn-x-months.x000233",
              "icount": "2",
              "ipct": "25",
              "xis": "qpn.r0001c"
            },
            {
              "type": "normform",
              "id": "qpn-x-months.x000239",
              "ref": "qpn-x-months.x000234",
              "icount": "1",
              "ipct": "13",
              "xis": "qpn.r0001d"
            },
            {
              "type": "normform",
              "id": "qpn-x-months.x000240",
              "ref": "qpn-x-months.x000235",
              "icount": "2",
              "ipct": "25",
              "xis": "qpn.r0001e"
            },
            {
              "type": "normform",
              "id": "qpn-x-months.x000241",
              "ref": "qpn-x-months.x000236",
              "icount": "3",
              "ipct": "38",
              "xis": "qpn.r0001f"
            }
          ]
        }
      ],
      "bases": [
        {
          "type": "base",
          "id": "qpn-x-months.x000242",
          "n": "ud-du-ru",
          "icount": "1",
          "ipct": "13",
          "xis": "qpn.r0001d"
        },
        {
          "type": "base",
          "id": "qpn-x-months.x000243",
          "n": "ud₂-duru₅",
          "icount": "2",
          "ipct": "25",
          "xis": "qpn.r0001e"
        },
        {
          "type": "base",
          "id": "qpn-x-months.x000244",
          "n": "{iti}ud₂-duru₅",
          "icount": "3",
          "ipct": "38",
          "xis": "qpn.r0001f"
        }
      ],
      "morphs": [
        {
          "type": "morph",
          "id": "qpn-x-months.x000245",
          "n": "~",
          "icount": "6",
          "ipct": "75",
          "xis": "qpn.r00020"
        }
      ],
      "senses": [
        {
          "type": "sense",
          "id": "qpn-x-months.x000246",
          "n": "Udduru[1//1]MN'MN",
          "icount": "8",
          "ipct": "100",
          "xis": "qpn.r0001b",
          "num": "1.",
          "pos": "MN",
          "mng": "1",
          "forms": [
            {
              "type": "form",
              "id": "qpn-x-months.x000247",
              "n": "%akk-x-oldbab:ud-du-ru-u₂",
              "icount": "2",
              "ipct": "25",
              "xis": "qpn.r0001c"
            },
            {
              "type": "form",
              "id": "qpn-x-months.x000248",
              "n": "ud-du-ru",
              "icount": "1",
              "ipct": "13",
              "xis": "qpn.r0001d"
            },
            {
              "type": "form",
              "id": "qpn-x-months.x000249",
              "n": "ud₂-duru₅",
              "icount": "2",
              "ipct": "25",
              "xis": "qpn.r0001e"
            },
            {
              "type": "form",
              "id": "qpn-x-months.x000250",
              "n": "{iti}ud₂-duru₅",
              "icount": "3",
              "ipct": "38",
              "xis": "qpn.r0001f"
            }
          ],
          "norms": [
            {
              "id": "qpn-x-months.x000251",
              "n": "Udduru",
              "icount": "8",
              "ipct": "100",
              "xis": "qpn.r0001b"
            }
          ],
          "bases": [
            {
              "type": "base",
              "id": "qpn-x-months.x000252",
              "n": "ud-du-ru",
              "icount": "1",
              "ipct": "13",
              "xis": "qpn.r0001d"
            },
            {
              "type": "base",
              "id": "qpn-x-months.x000253",
              "n": "ud₂-duru₅",
              "icount": "2",
              "ipct": "25",
              "xis": "qpn.r0001e"
            },
            {
              "type": "base",
              "id": "qpn-x-months.x000254",
              "n": "{iti}ud₂-duru₅",
              "icount": "3",
              "ipct": "38",
              "xis": "qpn.r0001f"
            }
          ],
          "morphs": [
            {
              "type": "morph",
              "id": "qpn-x-months.x000255",
              "n": "~",
              "icount": "6",
              "ipct": "75",
              "xis": "qpn.r00020"
            }
          ],
          "sigs": [
            {
              "type": "sig",
              "id": "qpn-x-months.x000256",
              "sig": "@dcclt%akk-x-oldbab:ud-du-ru-u₂=Udduru[1//1]MN'MN$Udduru",
              "icount": "2",
              "ipct": "25",
              "xis": "qpn.r0001c"
            },
            {
              "type": "sig",
              "id": "qpn-x-months.x000257",
              "sig": "@dcclt%sux:ud-du-ru=Udduru[1//1]MN'MN$Udduru/ud-du-ru#~",
              "icount": "1",
              "ipct": "13",
              "xis": "qpn.r0001d"
            },
            {
              "type": "sig",
              "id": "qpn-x-months.x000258",
              "sig": "@dcclt%sux:ud₂-duru₅=Udduru[1//1]MN'MN$Udduru/ud₂-duru₅#~",
              "icount": "2",
              "ipct": "25",
              "xis": "qpn.r0001e"
            },
            {
              "type": "sig",
              "id": "qpn-x-months.x000259",
              "sig": "@dcclt%sux:{iti}ud₂-duru₅=Udduru[1//1]MN'MN$Udduru/{iti}ud₂-duru₅#~",
              "icount": "3",
              "ipct": "38",
              "xis": "qpn.r0001f"
            }
          ]
        }
      ],
      "periods": [
        {
          "p": "Old Babylonian",
          "icount": "7",
          "ipct": "88",
          "xis": "qpn.r0001b.p.s000"
        },
        {
          "p": "Middle Babylonian",
          "icount": "1",
          "ipct": "13",
          "xis": "qpn.r0001b.p.s001"
        }
      ]
    }
  ],
  "instances": {
    "qpn.r00003": [
      "dcclt:P471659.22.1"
    ],
    "qpn.r00001": [
      "dcclt:P229750.87.1",
      "dcclt:P271318.158.1"
    ],
    "qpn.r00002": [
      "dcclt:P460882.11.1"
    ],
    "qpn.r00004": [
      "dcclt:P229750.85.1",
      "dcclt:P271318.156.1",
      "dcclt:P460882.9.1"
    ],
    "qpn.r00007": [
      "dcclt:P363707.349.1",
      "dcclt:P459237.112.2"
    ],
    "qpn.r0000a": [
      "dcclt:P229750.78.1",
      "dcclt:P271318.150.1",
      "dcclt:P460882.2.1"
    ],
    "qpn.r00006": [
      "dcclt:P229750.85.1",
      "dcclt:P460882.9.1"
    ],
    "qpn.r00005": [
      "dcclt:P271318.156.1"
    ],
    "qpn.r00000": [
      "dcclt:P229750.87.1",
      "dcclt:P271318.158.1",
      "dcclt:P460882.11.1"
    ],
    "qpn.r0000b": [
      "dcclt:P229750.84.1",
      "dcclt:P349874.24.1",
      "dcclt:P460882.8.1"
    ],
    "qpn.r00008": [
      "dcclt:P459237.112.2"
    ],
    "qpn.r00009": [
      "dcclt:P363707.349.1"
    ],
    "qpn.r0000c": [
      "dcclt:P229750.86.1",
      "dcclt:P271318.157.1",
      "dcclt:P459217.181.1",
      "dcclt:P460882.10.1"
    ],
    "qpn.r00011": [
      "dcclt:P229750.79.1",
      "dcclt:P271318.151.1",
      "dcclt:P460882.3.1"
    ],
    "qpn.r00013": [
      "dcclt:P229750.79.1"
    ],
    "qpn.r00015": [
      "dcclt:P229750.83.1",
      "dcclt:P250364.166.1",
      "dcclt:P271318.155.1",
      "dcclt:P460882.7.1"
    ],
    "qpn.r00014": [
      "dcclt:P252036.159.1"
    ],
    "qpn.r0000d": [
      "dcclt:P459217.181.1"
    ],
    "qpn.r00012": [
      "dcclt:P271318.151.1",
      "dcclt:P460882.3.1"
    ],
    "qpn.r0000e": [
      "dcclt:P460882.10.1"
    ],
    "qpn.r0000f": [
      "dcclt:P229750.86.1"
    ],
    "qpn.r00010": [
      "dcclt:P271318.157.1"
    ],
    "qpn.r00019": [
      "dcclt:P347743.7.3"
    ],
    "qpn.r0001a": [
      "dcclt:X800072.21.1"
    ],
    "qpn.r00016": [
      "dcclt:P229750.82.1",
      "dcclt:P271318.154.1",
      "dcclt:P460882.6.1"
    ],
    "qpn.r00017": [
      "dcclt:P229750.82.1",
      "dcclt:P460882.6.1"
    ],
    "qpn.r00018": [
      "dcclt:P271318.154.1"
    ],
    "qpn.r0001b": [
      "dcclt:P229044.4.3",
      "dcclt:P229750.88.1",
      "dcclt:P250736.170.2",
      "dcclt:P271318.159.1",
      "dcclt:P460882.12.1",
      "dcclt:Q000057.554.1",
      "dcclt:Q000057.554.4",
      "dcclt:Q000057.555.1"
    ],
    "qpn.r00020": [
      "dcclt:P229750.88.1",
      "dcclt:P250736.170.2",
      "dcclt:P271318.159.1",
      "dcclt:P460882.12.1",
      "dcclt:Q000057.554.1",
      "dcclt:Q000057.555.1"
    ],
    "qpn.r00021": [
      "dcclt:P493409.484.4"
    ],
    "qpn.r0001e": [
      "dcclt:Q000057.554.1",
      "dcclt:Q000057.555.1"
    ],
    "qpn.r0001c": [
      "dcclt:P229044.4.3",
      "dcclt:Q000057.554.4"
    ],
    "qpn.r0001d": [
      "dcclt:P250736.170.2"
    ],
    "qpn.r0001f": [
      "dcclt:P229750.88.1",
      "dcclt:P271318.159.1",
      "dcclt:P460882.12.1"
    ],
    "qpn.r00022": [
      "dcclt:P229750.80.1",
      "dcclt:P271318.152.1",
      "dcclt:P460882.4.1"
    ],
    "qpn.r00023": [
      "dcclt:P229750.89.1",
      "dcclt:P271318.160.1",
      "dcclt:P460882.13.1",
      "dcclt:P460882.14.2"
    ],
    "qpn.r00026": [
      "dcclt:P229750.81.1",
      "dcclt:P271318.153.1",
      "dcclt:P460882.5.1"
    ],
    "qpn.r00024": [
      "dcclt:P229750.89.1",
      "dcclt:P271318.160.1",
      "dcclt:P460882.13.1"
    ],
    "qpn.r00025": [
      "dcclt:P460882.14.2"
    ],
    "qpn.r00003.p.s000": [
      "dcclt:P471659.22.1"
    ],
    "qpn.r00001.p.s000": [
      "dcclt:P229750.87.1"
    ],
    "qpn.r00001.p.s001": [
      "dcclt:P271318.158.1"
    ],
    "qpn.r00002.p.s000": [
      "dcclt:P460882.11.1"
    ],
    "qpn.r00004.p.s000": [
      "dcclt:P460882.9.1",
      "dcclt:P229750.85.1"
    ],
    "qpn.r00004.p.s001": [
      "dcclt:P271318.156.1"
    ],
    "qpn.r00007.p.s000": [
      "dcclt:P459237.112.2"
    ],
    "qpn.r00007.p.s001": [
      "dcclt:P363707.349.1"
    ],
    "qpn.r0000a.p.s000": [
      "dcclt:P460882.2.1",
      "dcclt:P229750.78.1"
    ],
    "qpn.r0000a.p.s001": [
      "dcclt:P271318.150.1"
    ],
    "qpn.r00006.p.s000": [
      "dcclt:P460882.9.1",
      "dcclt:P229750.85.1"
    ],
    "qpn.r00005.p.s000": [
      "dcclt:P271318.156.1"
    ],
    "qpn.r00000.p.s000": [
      "dcclt:P460882.11.1",
      "dcclt:P229750.87.1"
    ],
    "qpn.r00000.p.s001": [
      "dcclt:P271318.158.1"
    ],
    "qpn.r0000b.p.s000": [
      "dcclt:P349874.24.1",
      "dcclt:P460882.8.1",
      "dcclt:P229750.84.1"
    ],
    "qpn.r00008.p.s000": [
      "dcclt:P459237.112.2"
    ],
    "qpn.r00009.p.s000": [
      "dcclt:P363707.349.1"
    ],
    "qpn.r0000c.p.s000": [
      "dcclt:P459217.181.1",
      "dcclt:P460882.10.1",
      "dcclt:P229750.86.1"
    ],
    "qpn.r0000c.p.s001": [
      "dcclt:P271318.157.1"
    ],
    "qpn.r00011.p.s000": [
      "dcclt:P460882.3.1",
      "dcclt:P229750.79.1"
    ],
    "qpn.r00011.p.s001": [
      "dcclt:P271318.151.1"
    ],
    "qpn.r00013.p.s000": [
      "dcclt:P229750.79.1"
    ],
    "qpn.r00015.p.s000": [
      "dcclt:P250364.166.1",
      "dcclt:P460882.7.1",
      "dcclt:P229750.83.1"
    ],
    "qpn.r00015.p.s001": [
      "dcclt:P271318.155.1"
    ],
    "qpn.r00014.p.s000": [
      "dcclt:P252036.159.1"
    ],
    "qpn.r0000d.p.s000": [
      "dcclt:P459217.181.1"
    ],
    "qpn.r00012.p.s000": [
      "dcclt:P460882.3.1"
    ],
    "qpn.r00012.p.s001": [
      "dcclt:P271318.151.1"
    ],
    "qpn.r0000e.p.s000": [
      "dcclt:P460882.10.1"
    ],
    "qpn.r0000f.p.s000": [
      "dcclt:P229750.86.1"
    ],
    "qpn.r00010.p.s000": [
      "dcclt:P271318.157.1"
    ],
    "qpn.r00019.p.s000": [
      "dcclt:P347743.7.3"
    ],
    "qpn.r0001a.p.s000": [
      "dcclt:X800072.21.1"
    ],
    "qpn.r00016.p.s000": [
      "dcclt:P460882.6.1",
      "dcclt:P229750.82.1"
    ],
    "qpn.r00016.p.s001": [
      "dcclt:P271318.154.1"
    ],
    "qpn.r00017.p.s000": [
      "dcclt:P460882.6.1",
      "dcclt:P229750.82.1"
    ],
    "qpn.r00018.p.s000": [
      "dcclt:P271318.154.1"
    ],
    "qpn.r0001b.p.s000": [
      "dcclt:P250736.170.2",
      "dcclt:P460882.12.1",
      "dcclt:P229750.88.1",
      "dcclt:P229044.4.3",
      "dcclt:Q000057.554.1",
      "dcclt:Q000057.554.4",
      "dcclt:Q000057.555.1"
    ],
    "qpn.r0001b.p.s001": [
      "dcclt:P271318.159.1"
    ],
    "qpn.r00020.p.s000": [
      "dcclt:P250736.170.2",
      "dcclt:P460882.12.1",
      "dcclt:P229750.88.1",
      "dcclt:Q000057.554.1",
      "dcclt:Q000057.555.1"
    ],
    "qpn.r00020.p.s001": [
      "dcclt:P271318.159.1"
    ],
    "qpn.r00021.p.s000": [
      "dcclt:P493409.484.4"
    ],
    "qpn.r0001e.p.s000": [
      "dcclt:Q000057.554.1",
      "dcclt:Q000057.555.1"
    ],
    "qpn.r0001c.p.s000": [
      "dcclt:P229044.4.3",
      "dcclt:Q000057.554.4"
    ],
    "qpn.r0001d.p.s000": [
      "dcclt:P250736.170.2"
    ],
    "qpn.r0001f.p.s000": [
      "dcclt:P460882.12.1",
      "dcclt:P229750.88.1"
    ],
    "qpn.r0001f.p.s001": [
      "dcclt:P271318.159.1"
    ],
    "qpn.r00022.p.s000": [
      "dcclt:P460882.4.1",
      "dcclt:P229750.80.1"
    ],
    "qpn.r00022.p.s001": [
      "dcclt:P271318.152.1"
    ],
    "qpn.r00023.p.s000": [
      "dcclt:P460882.13.1",
      "dcclt:P460882.14.2",
      "dcclt:P229750.89.1"
    ],
    "qpn.r00023.p.s001": [
      "dcclt:P271318.160.1"
    ],
    "qpn.r00026.p.s000": [
      "dcclt:P460882.5.1",
      "dcclt:P229750.81.1"
    ],
    "qpn.r00026.p.s001": [
      "dcclt:P271318.153.1"
    ],
    "qpn.r00024.p.s000": [
      "dcclt:P460882.13.1",
      "dcclt:P229750.89.1"
    ],
    "qpn.r00024.p.s001": [
      "dcclt:P271318.160.1"
    ],
    "qpn.r00025.p.s000": [
      "dcclt:P460882.14.2"
    ]
  },
  "summaries": {
    "qpn-x-months.x000000": "<p class=\"summary\" id=\"qpn-x-months.x000000\"><span class=\"summary\"><span class=\"summary-headword\"><a href=\"javascript:p3Article('/dcclt/cbd/qpn-x-months/qpn-x-months.x000000.html')\"><span class=\"cf\">Abbaʾe</span> [<span class=\"gw\">1</span>] <span class=\"cf\">MN</span></a> (3x) </span>Old Babylonian, Middle Babylonian  wr. <span class=\"wr\"><span class=\"w \" id=\"gdl.6b8b4567.0002.0\"><sup>iti</sup><span x=\"3\" class=\"sux\">ab</span>-<span x=\"3\" class=\"sux\">e₃</span></span></span>; <span class=\"wr\"><span class=\"w \" id=\"gdl.6b8b4567.0003.0\"><sup>iti</sup><span x=\"3\" class=\"sux\">ab</span>-<span x=\"3\" class=\"sux\">e₃</span>-<span x=\"3\" class=\"sux\">a</span></span></span> \"1\"</span></p>",
    "qpn-x-months.x000018": "<p class=\"summary\" id=\"qpn-x-months.x000018\"><span class=\"summary\"><span class=\"summary-headword\"><a href=\"javascript:p3Article('/dcclt/cbd/qpn-x-months/qpn-x-months.x000018.html')\"><span class=\"cf\">Abu</span> [<span class=\"gw\">1</span>] <span class=\"cf\">MN</span></a> (1x) </span>Neo-Babylonian  \"1\"</span></p>",
    "qpn-x-months.x000026": "<p class=\"summary\" id=\"qpn-x-months.x000026\"><span class=\"summary\"><span class=\"summary-headword\"><a href=\"javascript:p3Article('/dcclt/cbd/qpn-x-months/qpn-x-months.x000026.html')\"><span class=\"cf\">Apinduʾa</span> [<span class=\"gw\">1</span>] <span class=\"cf\">MN</span></a> (3x) </span>Old Babylonian, Middle Babylonian  wr. <span class=\"wr\"><span class=\"w \" id=\"gdl.6b8b4567.0007.0\"><sup>iti</sup><span x=\"3\" class=\"sux\">apin</span>-<span x=\"3\" class=\"sux\">du₈</span>-<span x=\"3\" class=\"sux\">a</span></span></span>; <span class=\"wr\"><span class=\"w \" id=\"gdl.6b8b4567.0008.0\"><sup>iti</sup><sup>ŋeš</sup><span x=\"3\" class=\"sux\">apin</span>-<span x=\"3\" class=\"sux\">du₈</span>-<span x=\"3\" class=\"sux\">a</span></span></span> \"1\"</span></p>",
    "qpn-x-months.x000044": "<p class=\"summary\" id=\"qpn-x-months.x000044\"><span class=\"summary\"><span class=\"summary-headword\"><a href=\"javascript:p3Article('/dcclt/cbd/qpn-x-months/qpn-x-months.x000044.html')\"><span class=\"cf\">Ayyaru</span> [<span class=\"gw\">1</span>] <span class=\"cf\">MN</span></a> (2x) </span>Achaemenid, Hellenistic  \"1\"</span></p>",
    "qpn-x-months.x000056": "<p class=\"summary\" id=\"qpn-x-months.x000056\"><span class=\"summary\"><span class=\"summary-headword\"><a href=\"javascript:p3Article('/dcclt/cbd/qpn-x-months/qpn-x-months.x000056.html')\"><span class=\"cf\">Barag-zagŋar</span> [<span class=\"gw\">1</span>] <span class=\"cf\">MN</span></a> (3x) </span>Old Babylonian, Middle Babylonian  wr. <span class=\"wr\"><span class=\"w \" id=\"gdl.6b8b4567.000c.0\"><sup>iti</sup><span x=\"3\" class=\"sux\">barag</span>-<span x=\"3\" class=\"sux\">zag</span>-<span x=\"3\" class=\"sux\">ŋar</span></span></span> \"1\"</span></p>",
    "qpn-x-months.x000068": "<p class=\"summary\" id=\"qpn-x-months.x000068\"><span class=\"summary\"><span class=\"summary-headword\"><a href=\"javascript:p3Article('/dcclt/cbd/qpn-x-months/qpn-x-months.x000068.html')\"><span class=\"cf\">Dukug</span> [<span class=\"gw\">1</span>] <span class=\"cf\">MN</span></a> (3x) </span>Old Babylonian  wr. <span class=\"wr\"><span class=\"w \" id=\"gdl.6b8b4567.000e.0\"><sup>iti</sup><span x=\"3\" class=\"sux\">du₆</span>-<span x=\"3\" class=\"sux\">kug</span></span></span> \"1\"</span></p>",
    "qpn-x-months.x000080": "<p class=\"summary\" id=\"qpn-x-months.x000080\"><span class=\"summary\"><span class=\"summary-headword\"><a href=\"javascript:p3Article('/dcclt/cbd/qpn-x-months/qpn-x-months.x000080.html')\"><span class=\"cf\">Gangana</span> [<span class=\"gw\">1</span>] <span class=\"cf\">MN</span></a> (4x) </span>Old Babylonian, Middle Babylonian  wr. <span class=\"wr\"><span class=\"w \" id=\"gdl.6b8b4567.0013.0\"><sup>iti</sup><span x=\"3\" class=\"sux\">gan</span>-<span x=\"3\" class=\"sux\">gan</span>-<span x=\"3\" class=\"sux\">e₃</span></span></span>; <span class=\"wr\"><span class=\"w \" id=\"gdl.6b8b4567.0014.0\"><sup>iti</sup><span x=\"3\" class=\"sux\">gan</span>-<span x=\"3\" class=\"sux\">gan</span>-<span x=\"3\" class=\"sux\">e₃</span>-<span x=\"3\" class=\"sux\">a</span></span></span>; <span class=\"wr\"><span class=\"w \" id=\"gdl.6b8b4567.0015.0\"><sup>iti</sup><span x=\"3\" class=\"sux\">gan</span>-<span x=\"3\" class=\"sux\">gan</span>-<span x=\"3\" class=\"sux\">na</span></span></span>; <span class=\"wr\"><span class=\"w \" id=\"gdl.6b8b4567.0016.0\"><sup>iti</sup><span x=\"3\" class=\"sux\">gan</span>-<span x=\"3\" class=\"sux\">gan</span>-<span x=\"3\" class=\"sux\">ne</span></span></span> \"1\"</span></p>",
    "qpn-x-months.x000110": "<p class=\"summary\" id=\"qpn-x-months.x000110\"><span class=\"summary\"><span class=\"summary-headword\"><a href=\"javascript:p3Article('/dcclt/cbd/qpn-x-months/qpn-x-months.x000110.html')\"><span class=\"cf\">Gud-sisa</span> [<span class=\"gw\">1</span>] <span class=\"cf\">MN</span></a> (3x) </span>Old Babylonian, Middle Babylonian  wr. <span class=\"wr\"><span class=\"w \" id=\"gdl.6b8b4567.0019.0\"><sup>iti</sup><span x=\"3\" class=\"sux\">gud</span>-<span x=\"3\" class=\"sux\">si</span>-<span x=\"3\" class=\"sux\">sa₂</span></span></span>; <span class=\"wr\"><span class=\"w \" id=\"gdl.6b8b4567.001a.0\"><sup>iti</sup><span x=\"3\" class=\"sux\">gud</span>-<span x=\"3\" class=\"sux\">si</span>-<span x=\"3\" class=\"sux\">su</span></span></span> \"1\"</span></p>",
    "qpn-x-months.x000128": "<p class=\"summary\" id=\"qpn-x-months.x000128\"><span class=\"summary\"><span class=\"summary-headword\"><a href=\"javascript:p3Article('/dcclt/cbd/qpn-x-months/qpn-x-months.x000128.html')\"><span class=\"cf\">Kiŋ-Inana</span> [<span class=\"gw\">1</span>] <span class=\"cf\">MN</span></a> (4x) </span>Old Babylonian, Middle Babylonian  wr. <span class=\"wr\"><span class=\"w \" id=\"gdl.6b8b4567.001d.0\"><sup>iti</sup><span x=\"3\" class=\"sux\">kiŋ₂</span>-<sup>d</sup><span x=\"3\" class=\"sux\">inana</span></span></span> \"1\"</span></p>",
    "qpn-x-months.x000140": "<p class=\"summary\" id=\"qpn-x-months.x000140\"><span class=\"summary\"><span class=\"summary-headword\"><a href=\"javascript:p3Article('/dcclt/cbd/qpn-x-months/qpn-x-months.x000140.html')\"><span class=\"cf\">Kislimu</span> [<span class=\"gw\">1</span>] <span class=\"cf\">MN</span></a> (1x) </span>Middle Assyrian  \"1\"</span></p>",
    "qpn-x-months.x000148": "<p class=\"summary\" id=\"qpn-x-months.x000148\"><span class=\"summary\"><span class=\"summary-headword\"><a href=\"javascript:p3Article('/dcclt/cbd/qpn-x-months/qpn-x-months.x000148.html')\"><span class=\"cf\">NE.NE.ŋar</span> [<span class=\"gw\">1</span>] <span class=\"cf\">MN</span></a> (3x) </span>Old Babylonian, Middle Babylonian  wr. <span class=\"wr\"><span class=\"w \" id=\"gdl.6b8b4567.0020.0\"><sup>iti</sup><span class=\"sign \">NE</span>-<span class=\"sign \">NE</span>-<span x=\"3\" class=\"sux\">ŋar</span></span></span>; <span class=\"wr\"><span class=\"w \" id=\"gdl.6b8b4567.0021.0\"><sup>iti</sup><span x=\"3\" class=\"sux\">ne</span>-<span x=\"3\" class=\"sux\">ne</span></span></span> \"1\"</span></p>",
    "qpn-x-months.x000166": "<p class=\"summary\" id=\"qpn-x-months.x000166\"><span class=\"summary\"><span class=\"summary-headword\"><a href=\"javascript:p3Article('/dcclt/cbd/qpn-x-months/qpn-x-months.x000166.html')\"><span class=\"cf\">Nisannu</span> [<span class=\"gw\">1</span>] <span class=\"cf\">MN</span></a> (1x) </span>Neo-Babylonian  \"1\"</span></p>",
    "qpn-x-months.x000174": "<p class=\"summary\" id=\"qpn-x-months.x000174\"><span class=\"summary\"><span class=\"summary-headword\"><a href=\"javascript:p3Article('/dcclt/cbd/qpn-x-months/qpn-x-months.x000174.html')\"><span class=\"cf\">Simanu</span> [<span class=\"gw\">1</span>] <span class=\"cf\">MN</span></a> (1x) </span>Neo-Babylonian  \"1\"</span></p>",
    "qpn-x-months.x000182": "<p class=\"summary\" id=\"qpn-x-months.x000182\"><span class=\"summary\"><span class=\"summary-headword\"><a href=\"javascript:p3Article('/dcclt/cbd/qpn-x-months/qpn-x-months.x000182.html')\"><span class=\"cf\">Šabaṭu</span> [<span class=\"gw\">1</span>] <span class=\"cf\">MN</span></a> (1x) </span>Achaemenid  \"1\"</span></p>",
    "qpn-x-months.x000190": "<p class=\"summary\" id=\"qpn-x-months.x000190\"><span class=\"summary\"><span class=\"summary-headword\"><a href=\"javascript:p3Article('/dcclt/cbd/qpn-x-months/qpn-x-months.x000190.html')\"><span class=\"cf\">Šega</span> [<span class=\"gw\">1</span>] <span class=\"cf\">MN</span></a> (3x) </span>Old Babylonian, Middle Babylonian  wr. <span class=\"wr\"><span class=\"w \" id=\"gdl.6b8b4567.002d.0\"><sup>iti</sup><span x=\"3\" class=\"sux\">šeg₁₂</span>-<span x=\"3\" class=\"sux\">a</span></span></span> \"1\"</span></p>",
    "qpn-x-months.x000202": "<p class=\"summary\" id=\"qpn-x-months.x000202\"><span class=\"summary\"><span class=\"summary-headword\"><a href=\"javascript:p3Article('/dcclt/cbd/qpn-x-months/qpn-x-months.x000202.html')\"><span class=\"cf\">Šegurkud</span> [<span class=\"gw\">1</span>] <span class=\"cf\">MN</span></a> (4x) </span>Old Babylonian, Middle Babylonian  wr. <span class=\"wr\"><span class=\"w \" id=\"gdl.6b8b4567.0030.0\"><sup>iti</sup><span x=\"3\" class=\"sux\">še</span>-<span x=\"3\" class=\"sux\">gur₁₀</span>-<span x=\"3\" class=\"sux\">kud</span></span></span>; <span class=\"wr\"><span class=\"w \" id=\"gdl.6b8b4567.0031.0\"><span x=\"3\" class=\"sux\">še</span>-<span x=\"3\" class=\"sux\">gur₁₀</span>-<span x=\"3\" class=\"sux\">kud</span></span></span> \"1\"</span></p>",
    "qpn-x-months.x000220": "<p class=\"summary\" id=\"qpn-x-months.x000220\"><span class=\"summary\"><span class=\"summary-headword\"><a href=\"javascript:p3Article('/dcclt/cbd/qpn-x-months/qpn-x-months.x000220.html')\"><span class=\"cf\">Šunumuna</span> [<span class=\"gw\">1</span>] <span class=\"cf\">MN</span></a> (3x) </span>Old Babylonian, Middle Babylonian  wr. <span class=\"wr\"><span class=\"w \" id=\"gdl.6b8b4567.0033.0\"><sup>iti</sup><span x=\"3\" class=\"sux\">šu</span>-<span x=\"3\" class=\"sux\">numun</span>-<span x=\"3\" class=\"sux\">a</span></span></span> \"1\"</span></p>",
    "qpn-x-months.x000232": "<p class=\"summary\" id=\"qpn-x-months.x000232\"><span class=\"summary\"><span class=\"summary-headword\"><a href=\"javascript:p3Article('/dcclt/cbd/qpn-x-months/qpn-x-months.x000232.html')\"><span class=\"cf\">Udduru</span> [<span class=\"gw\">1</span>] <span class=\"cf\">MN</span></a> (8x) </span>Old Babylonian, Middle Babylonian  wr. <span class=\"wr\"><span class=\"w \" id=\"gdl.6b8b4567.0028.0\"><span x=\"3\" class=\"sux\">ud</span>-<span x=\"3\" class=\"sux\">du</span>-<span x=\"3\" class=\"sux\">ru</span></span></span>; <span class=\"wr\"><span class=\"w \" id=\"gdl.6b8b4567.0029.0\"><span x=\"3\" class=\"sux\">ud₂</span>-<span x=\"3\" class=\"sux\">duru₅</span></span></span>; <span class=\"wr\"><span class=\"w \" id=\"gdl.6b8b4567.002a.0\"><sup>iti</sup><span x=\"3\" class=\"sux\">ud₂</span>-<span x=\"3\" class=\"sux\">duru₅</span></span></span> \"1\"</span></p>"
  }
}
