{
	"type": "glossary",
	"project":"saao/saa01",
  "source": "http://oracc.org/saao/saa01",
  "license": "This data is released under the CC0 license",
  "license-url": "https://creativecommons.org/publicdomain/zero/1.0/",
  "more-info": "http://oracc.org/doc/opendata/",
  "UTC-timestamp": "2017-05-19T11:22:29",
  "source": "http://oracc.org/saao/saa01",
  "license": "This data is released under the CC0 license",
  "license-url": "https://creativecommons.org/publicdomain/zero/1.0/",
  "more-info": "http://oracc.org/doc/opendata/",
  "UTC-timestamp": "2017-05-19T11:21:35",
  "source": "http://oracc.org/saao/saa01",
  "license": "This data is released under the CC0 license",
  "license-url": "https://creativecommons.org/publicdomain/zero/1.0/",
  "more-info": "http://oracc.org/doc/opendata/",
  "UTC-timestamp": "2017-02-13T06:07:54",
	"index": "cbd/akk-x-neoass",
	"keys": [,
	"map": {
		"%akk": "akk",
		"(a": "a",
		"(after)": "after",
		"(an": "an",
		"(an)other": "another",
		"(as)": "as",
		"(away)": "away",
		"(back)": "back",
		"(baked)": "baked",
		"(caravan)": "caravan",
		"(city)": "city",
		"(clean)": "clean",
		"(communally": "communally",
		"(divine)": "divine",
		"(down)": "down",
		"(extreme)": "extreme",
		"(f.)": "f",
		"(for": "for",
		"(fore)thought": "forethought",
		"(grain)": "grain",
		"(hunting)": "hunting",
		"(in": "in",
		"(inflatable)": "inflatable",
		"(into": "into",
		"(kingʾs)": "kingʾs",
		"(length": "length",
		"(man)": "man",
		"(meaning": "meaning",
		"(metal)": "metal",
		"(military)": "military",
		"(o.s.)": "os",
		"(of": "of",
		"(off)": "off",
		"(official)": "official",
		"(on": "on",
		"(one)": "one",
		"(out)": "out",
		"(part": "part",
		"(pl.)": "pl",
		"(place)": "place",
		"(price)": "price",
		"(ration)": "ration",
		"(reed": "reed",
		"(rest)": "rest",
		"(right)": "right",
		"(roped": "roped",
		"(royal)": "royal",
		"(ruin)": "ruin",
		"(stone)": "stone",
		"(temple)": "temple",
		"(the": "the",
		"(there)": "there",
		"(threshold)": "threshold",
		"(to": "to",
		"(treaty": "treaty",
		"(tree)": "tree",
		"(up)": "up",
		"(vessel‑)stand": "vesselstand",
		"(wooden)": "wooden",
		")oath": "oath",
		"01": "1",
		"01.en": "1en",
		"02": "2",
		"03": "3",
		"03.U₅": "3u₅",
		"04": "4",
		"7.BI": "7bi",
		"A": "a",
		"A.AB.BA": "aabba",
		"A.AN": "aan",
		"A.BA": "aba",
		"A.QAR": "aqar",
		"A.ŠA₃": "aša₃",
		"A.ŠA₃.GA": "aša₃ga",
		"AB.BA": "abba",
		"AD": "ad",
		"AD.BAR": "adbar",
		"AG": "ag",
		"ALAD": "alad",
		"ALAD.": "alad",
		"ALAD.LAMA": "aladlama",
		"AM": "am",
		"AM.SI": "amsi",
		"AMA": "ama",
		"AMBAR": "ambar",
		"AN.BAR": "anbar",
		"ANŠE": "anše",
		"ANŠE.NITA₂": "anšenita₂",
		"ARAD": "arad",
		"Adad": "adad",
		"Adar": "adar",
		"Addari": "addari",
		"Addaru": "addaru",
		"Aššur": "aššur",
		"A₂": "a₂",
		"A₂.2": "a₂2",
		"BAD": "bad",
		"BAD₃": "bad₃",
		"BALA": "bala",
		"BANŠUR": "banšur",
		"BAN₂": "ban₂",
		"BAR₂.SIPA": "bar₂sipa",
		"BE": "be",
		"Babili": "babili",
		"Babylon": "babylon",
		"Barsip": "barsip",
		"Borsippa": "borsippa",
		"DA.E.SIR": "daesir",
		"DAGAL": "dagal",
		"DAM.QAR": "damqar",
		"DI": "di",
		"DIB": "dib",
		"DIL": "dil",
		"DINGIR": "dingir",
		"DIRI.ŠE": "diriše",
		"DU": "du",
		"DUG": "dug",
		"DUG₃.GA": "dug₃ga",
		"DUMU": "dumu",
		"DUMU.MI₂": "dumumi₂",
		"DU₃.A.BI": "du₃abi",
		"DU₈": "du₈",
		"EGIR": "egir",
		"EME": "eme",
		"EN": "en",
		"EN.NAM": "ennam",
		"EN.NUN": "ennun",
		"EN.NUN.NA": "ennunna",
		"ENGAR": "engar",
		"ERIM": "erim",
		"ERIN": "erin",
		"EŠ₂.QAR": "eš₂qar",
		"E₂": "e₂",
		"E₂.GAL": "e₂gal",
		"E₂.KUR": "e₂kur",
		"E₂.SIG₄": "e₂sig₄",
		"GABA": "gaba",
		"GADA": "gada",
		"GAL": "gal",
		"GAR": "gar",
		"GAR.KUR": "garkur",
		"GAR.U.U": "garuu",
		"GAZ": "gaz",
		"GEME₂": "geme₂",
		"GI": "gi",
		"GIBIL": "gibil",
		"GID₂.DA": "gid₂da",
		"GIG": "gig",
		"GIGIR": "gigir",
		"GILIM": "gilim",
		"GIM": "gim",
		"GIN₂": "gin₂",
		"GIR₂.AN.BAR": "gir₂anbar",
		"GIR₃": "gir₃",
		"GIR₃.2": "gir₃2",
		"GIR₃.PAD.DU": "gir₃paddu",
		"GIŠ": "giš",
		"GIŠ.I₃": "giši₃",
		"GIŠ.MI": "gišmi",
		"GU.ZA": "guza",
		"GUD": "gud",
		"GUD.NITA₂": "gudnita₂",
		"GU₂.GAL": "gu₂gal",
		"GU₂.UN": "gu₂un",
		"GU₂.ZI": "gu₂zi",
		"HAL": "hal",
		"HAL.ṢU": "halṣu",
		"HAR": "har",
		"HAŠHUR": "hašhur",
		"HI.A": "hia",
		"I": "i",
		"I.DIB": "idib",
		"ID₂": "id₂",
		"IG": "ig",
		"IGI": "igi",
		"IGI.2": "igi2",
		"IGI.DUB": "igidub",
		"IM": "im",
		"IN.NU": "innu",
		"ITI": "iti",
		"IZI": "izi",
		"Issar": "issar",
		"Ištar": "ištar",
		"I₃": "i₃",
		"I₃.DU₈": "i₃du₈",
		"KA": "ka",
		"KAB": "kab",
		"KAB.SAR": "kabsar",
		"KALAG": "kalag",
		"KALAG.GA": "kalagga",
		"KASKAL": "kaskal",
		"KASKAL.2": "kaskal2",
		"KAŠ": "kaš",
		"KAŠ.LUL": "kašlul",
		"KA₂": "ka₂",
		"KA₂.DINGIR": "ka₂dingir",
		"KA₂.GAL": "ka₂gal",
		"KI": "ki",
		"KI.MIN": "kimin",
		"KI.TA": "kita",
		"KI.TUŠ": "kituš",
		"KIB": "kib",
		"KIN": "kin",
		"KIN.GEŠTIN": "kingeštin",
		"KIŠIB": "kišib",
		"KUG.GI": "kuggi",
		"KUG.UD": "kugud",
		"KUR": "kur",
		"KUR.KUR": "kurkur",
		"KUR.RA": "kurra",
		"KUR₂": "kur₂",
		"KUŠ": "kuš",
		"KUŠ₃": "kuš₃",
		"KU₂": "ku₂",
		"KU₆": "ku₆",
		"Kadmuri": "kadmuri",
		"Kidmuri": "kidmuri",
		"LA": "la",
		"LAL": "lal",
		"LAMA": "lama",
		"LAMA.": "lama",
		"LI.U₅.UM": "liu₅um",
		"LUGAL": "lugal",
		"LUL": "lul",
		"LUM.LUM": "lumlum",
		"LU₂": "lu₂",
		"MA": "ma",
		"MA.NA": "mana",
		"MAH": "mah",
		"MAN": "man",
		"MAŠ.MAŠ": "mašmaš",
		"MA₂": "ma₂",
		"MA₂.DU.DU": "ma₂dudu",
		"MA₂.LAH₄": "ma₂lah₄",
		"ME": "me",
		"MEŠ": "meš",
		"MI₂": "mi₂",
		"MU": "mu",
		"MU.AN.NA": "muanna",
		"MU.IM.MA": "muimma",
		"MUN": "mun",
		"MURUB₄": "murub₄",
		"MUŠEN": "mušen",
		"NAGAR": "nagar",
		"NAM": "nam",
		"NAM.ERIM": "namerim",
		"NA₂": "na₂",
		"NA₄": "na₄",
		"NIGIR": "nigir",
		"NIGIR₂": "nigir₂",
		"NIN.GAL": "ningal",
		"NINDA": "ninda",
		"NU.GIŠ": "nugiš",
		"NU.GIŠ.SAR": "nugišsar",
		"NUMUN": "numun",
		"Nabu": "nabu",
		"Nikkal": "nikkal",
		"Nineveh": "nineveh",
		"Ninua": "ninua",
		"PA": "pa",
		"PAB": "pab",
		"PAD": "pad",
		"PU₂": "pu₂",
		"QAL₃": "qal₃",
		"QAR": "qar",
		"SAG": "sag",
		"SAG.DU": "sagdu",
		"SANGA": "sanga",
		"SAR": "sar",
		"SIG": "sig",
		"SIG₂": "sig₂",
		"SIG₄": "sig₄",
		"SIG₅": "sig₅",
		"SIMUG": "simug",
		"SIPA": "sipa",
		"SISKUR": "siskur",
		"SUD": "sud",
		"SUKKAL": "sukkal",
		"SUM": "sum",
		"SUM.NINDA": "sumninda",
		"Sebetti": "sebetti",
		"Sin": "sin",
		"TA": "ta",
		"TA@v": "tav",
		"TE": "te",
		"TI.LA": "tila",
		"TIN": "tin",
		"TUG₂": "tug₂",
		"TUKUL": "tukul",
		"TUR": "tur",
		"TUR₃": "tur₃",
		"UD": "ud",
		"UDU": "udu",
		"UDU.NITA₂": "udunita₂",
		"UGU": "ugu",
		"UM.ME.A": "ummea",
		"UN": "un",
		"UR.MAH": "urmah",
		"URU": "uru",
		"URUDU": "urudu",
		"UR₃": "ur₃",
		"UTU": "utu",
		"UZU": "uzu",
		"UŠ": "uš",
		"UŠ.BAR": "ušbar",
		"UŠ₂": "uš₂",
		"U₂": "u₂",
		"ZAG": "zag",
		"ZAH₂": "zah₂",
		"ZI": "zi",
		"ZID₂": "zid₂",
		"ZU": "zu",
		"ZU₂": "zu₂",
		"a.a": "aa",
		"abanāti": "abanati",
		"abattāqa": "abattaqa",
		"abbēka": "abbeka",
		"abbēni": "abbeni",
		"abbēya": "abbeya",
		"abitī": "abiti",
		"abnāti": "abnati",
		"abāku": "abaku",
		"abālu": "abalu",
		"abīya": "abiya",
		"abīšu": "abišu",
		"abūka": "abuka",
		"abūwa": "abuwa",
		"abūšu": "abušu",
		"adakannīma": "adakannima",
		"addabubūni": "addabubuni",
		"addinūni": "addinuni",
		"addubūbu": "addububu",
		"addāna": "addana",
		"administrator)": "administrator",
		"adê": "ade",
		"adû": "adu",
		"agammarūni": "agammaruni",
		"agāru": "agaru",
		"ahhēni": "ahheni",
		"ahhēšu": "ahhešu",
		"ahhūr": "ahhur",
		"ahliqūni": "ahliquni",
		"ahtīaṭ": "ahtiaṭ",
		"ahullâ": "ahulla",
		"ahîš": "ahiš",
		"ahîši": "ahiši",
		"ahāmiš": "ahamiš",
		"ahāzu": "ahazu",
		"ahāʾiš": "ahaʾiš",
		"ahēʾiš": "aheʾiš",
		"ahī": "ahi",
		"ahīka": "ahika",
		"ahīni": "ahini",
		"ahīšu": "ahišu",
		"ahīšunu": "ahišunu",
		"ahūka": "ahuka",
		"ahūla": "ahula",
		"ahūlā": "ahula",
		"ahūšu": "ahušu",
		"akarrabūni": "akarrabuni",
		"akkisūni": "akkisuni",
		"aklūte": "aklute",
		"aktarāra": "aktarara",
		"aktašāda": "aktašada",
		"aktirīki": "aktiriki",
		"akullê": "akulle",
		"akullû": "akullu",
		"akê": "ake",
		"akālu": "akalu",
		"akī": "aki",
		"akīt": "akit",
		"akīti": "akiti",
		"akītu": "akitu",
		"aladlammê": "aladlamme",
		"aladlammî": "aladlammi",
		"aladlammû": "aladlammu",
		"alkāni": "alkani",
		"allakūni": "allakuni",
		"allāka": "allaka",
		"almanāti": "almanati",
		"alpāni": "alpani",
		"alê": "ale",
		"alāku": "alaku",
		"amattahūni": "amattahuni",
		"amattāha": "amattaha",
		"ammarūni": "ammaruni",
		"ammāka": "ammaka",
		"ammākamma": "ammakamma",
		"ammāti": "ammati",
		"ammūti": "ammuti",
		"amtīšu": "amtišu",
		"amāru": "amaru",
		"amēli": "ameli",
		"amēlu": "amelu",
		"amēlumma": "amelumma",
		"amēlē": "amele",
		"anaššiqūni": "anaššiquni",
		"angāše": "angaše",
		"angāšu": "angašu",
		"annaggāra": "annaggara",
		"annî": "anni",
		"annîmma": "annimma",
		"annîša": "anniša",
		"annû": "annu",
		"annûri": "annuri",
		"annāka": "annaka",
		"annākāni": "annakani",
		"annāte": "annate",
		"annāti": "annati",
		"annēša": "anneša",
		"annīe": "annie",
		"annīnu": "anninu",
		"annīte": "annite",
		"annīti": "anniti",
		"annītu": "annitu",
		"annīu": "anniu",
		"annūte": "annute",
		"annūti": "annuti",
		"annūtu": "annutu",
		"anāku": "anaku",
		"anākūma": "anakuma",
		"anākūni": "anakuni",
		"anāqutu": "anaqutu",
		"anāqāte": "anaqate",
		"anīni": "anini",
		"anīnu": "aninu",
		"apaqqidūni": "apaqqiduni",
		"appāru": "apparu",
		"appārī": "appari",
		"appāti": "appati",
		"aptiqīdi": "aptiqidi",
		"aqabûni": "aqabuni",
		"aqarribūni": "aqarribuni",
		"aqbâššūni": "aqbaššuni",
		"aqbûni": "aqbuni",
		"aqṭibâššu": "aqṭibaššu",
		"aqṭibî": "aqṭibi",
		"arbīšu": "arbišu",
		"archit.": "archit",
		"arkūti": "arkuti",
		"arîqanni": "ariqanni",
		"arādu": "aradu",
		"arāku": "araku",
		"asahhurāni": "asahhurani",
		"askuppāti": "askuppati",
		"assapāra": "assapara",
		"assaṭāra": "assaṭara",
		"assēme": "asseme",
		"atbāri": "atbari",
		"attalāka": "attalaka",
		"attanūni": "attanuni",
		"attasāha": "attasaha",
		"attušībi": "attušibi",
		"attāni": "attani",
		"attītezi": "attitezi",
		"attūbil": "attubil",
		"attūṣi": "attuṣi",
		"atâ": "ata",
		"atû": "atu",
		"atā": "ata",
		"awāt": "awat",
		"awātu": "awatu",
		"awīlu": "awilu",
		"ayyekamēni": "ayyekameni",
		"ayāka": "ayaka",
		"ayākamēni": "ayakameni",
		"ayāši": "ayaši",
		"azzazūni": "azzazuni",
		"ašappāra": "ašappara",
		"aškunūkāni": "aškunukani",
		"ašmûni": "ašmuni",
		"ašpurūni": "ašpuruni",
		"ašābu": "ašabu",
		"ašāru": "ašaru",
		"ašīāṭa": "ašiaṭa",
		"aṣû": "aṣu",
		"balāt": "balat",
		"balāṭ": "balaṭ",
		"balāṭu": "balaṭu",
		"balāṭīma": "balaṭima",
		"balṭūni": "balṭuni",
		"balṭūte": "balṭute",
		"balṭūti": "balṭuti",
		"basket)": "basket",
		"batqūte": "batqute",
		"battēšu": "battešu",
		"batāqu": "bataqu",
		"bašû": "bašu",
		"be(come)": "become",
		"be/go": "bego",
		"bilāt": "bilat",
		"birhī": "birhi",
		"bits)": "bits",
		"biātu": "biatu",
		"bubūti": "bubuti",
		"bubūtu": "bubutu",
		"building)": "building",
		"butūqu": "butuqu",
		"buʾʾû": "buʾʾu",
		"bêru": "beru",
		"bāb": "bab",
		"bābi": "babi",
		"bābu": "babu",
		"bābāni": "babani",
		"bābāte": "babate",
		"bābātēka": "babateka",
		"bādi": "badi",
		"bādu": "badu",
		"bārtu": "bartu",
		"bēdu": "bedu",
		"bēdāni": "bedani",
		"bēl": "bel",
		"bēli": "beli",
		"bēlinni": "belinni",
		"bēlišunu": "belišunu",
		"bēlu": "belu",
		"bēlī": "beli",
		"bēlīni": "belini",
		"bēlīya": "beliya",
		"bēlīšu": "belišu",
		"bēssu": "bessu",
		"bēt": "bet",
		"bēti": "beti",
		"bētimma": "betimma",
		"bētu": "betu",
		"bētāni": "betani",
		"bētāti": "betati",
		"bētātišunu": "betatišunu",
		"bētātīni": "betatini",
		"bētīka": "betika",
		"bētīkāma": "betikama",
		"bētīya": "betiya",
		"bētīšu": "betišu",
		"bētšu": "betšu",
		"bētūte": "betute",
		"bīla": "bila",
		"bīlāni": "bilani",
		"bīlānu": "bilanu",
		"bīrte": "birte",
		"bīrti": "birti",
		"bīrtu": "birtu",
		"bīrāt": "birat",
		"bīrāte": "birate",
		"bīrāti": "birati",
		"bīt": "bit",
		"bīti": "biti",
		"bītu": "bitu",
		"bītānu": "bitanu",
		"bītūtu": "bitutu",
		"būrtu": "burtu",
		"būṣu": "buṣu",
		"būṣī": "buṣi",
		"capacity)": "capacity",
		"class)": "class",
		"controlled)": "controlled",
		"craftsman)": "craftsman",
		"dabābu": "dababu",
		"dagālu": "dagalu",
		"dalāhu": "dalahu",
		"dalāti": "dalati",
		"damqūte": "damqute",
		"damqūti": "damquti",
		"damāqu": "damaqu",
		"dannātīma": "dannatima",
		"dannūte": "dannute",
		"dannūti": "dannuti",
		"danānu": "dananu",
		"daprānu": "dapranu",
		"dariē": "darie",
		"darrû": "darru",
		"dayyāli": "dayyali",
		"dayyālu": "dayyalu",
		"dayālatu": "dayalatu",
		"dayālī": "dayali",
		"dayālīya": "dayaliya",
		"daʾāpu": "daʾapu",
		"deduction?": "deduction",
		"dekû": "deku",
		"deʾiqtī": "deʾiqti",
		"dibbī": "dibbi",
		"dibbīšu": "dibbišu",
		"door)": "door",
		"dullakāni": "dullakani",
		"dullāti": "dullati",
		"dullātēšu": "dullatešu",
		"dullīni": "dullini",
		"dullīya": "dulliya",
		"dullīšūma": "dullišuma",
		"dunqīyāma": "dunqiyama",
		"dupurāni": "dupurani",
		"duāki": "duaki",
		"dâku": "daku",
		"dâlu": "dalu",
		"dān": "dan",
		"dāna": "dana",
		"dāt": "dat",
		"dāte": "date",
		"dāti": "dati",
		"dātuššu": "datuššu",
		"dātūwa": "datuwa",
		"dēka": "deka",
		"dēkat": "dekat",
		"dēke": "deke",
		"dēktu": "dektu",
		"dēku": "deku",
		"dēkūni": "dekuni",
		"dēni": "deni",
		"dēnu": "denu",
		"dēnšu": "denšu",
		"dīktu": "diktu",
		"dīku": "diku",
		"dīna": "dina",
		"dīnanni": "dinanni",
		"dīnaššu": "dinaššu",
		"dīnaššunu": "dinaššunu",
		"dīni": "dini",
		"dīnu": "dinu",
		"dīr": "dir",
		"dīru": "diru",
		"dūlu": "dulu",
		"dūri": "duri",
		"dūru": "duru",
		"dūrāni": "durani",
		"dūršu": "duršu",
		"ebēru": "eberu",
		"ebīhu": "ebihu",
		"ebūru": "eburu",
		"ebūrušunu": "eburušunu",
		"ebūrīni": "eburini",
		"egertī": "egerti",
		"egirtīya": "egirtiya",
		"ekkalūni": "ekkaluni",
		"eleppāti": "eleppati",
		"ellûni": "elluni",
		"elû": "elu",
		"emuqqīkunu": "emuqqikunu",
		"emēdu": "emedu",
		"emēšu": "emešu",
		"emīdi": "emidi",
		"emūqašunu": "emuqašunu",
		"emūqašīna": "emuqašina",
		"emūqašūni": "emuqašuni",
		"emūqu": "emuqu",
		"emūqāšu": "emuqašu",
		"emūqēšu": "emuqešu",
		"emūqī": "emuqi",
		"emūqīka": "emuqika",
		"emūqīkunu": "emuqikunu",
		"emūqīya": "emuqiya",
		"emūqīšu": "emuqišu",
		"emūqīšunu": "emuqišunu",
		"enēšu": "enešu",
		"enīši": "eniši",
		"eppašūni": "eppašuni",
		"eppāša": "eppaša",
		"epāše": "epaše",
		"epāši": "epaši",
		"epēšu": "epešu",
		"epšāni": "epšani",
		"eqlāti": "eqlati",
		"equids)": "equids",
		"erbêšu": "erbešu",
		"erbî": "erbi",
		"erbû": "erbu",
		"errabūninni": "errabuninni",
		"errīši": "erriši",
		"erâ": "era",
		"erû": "eru",
		"erēbu": "erebu",
		"erēni": "ereni",
		"erēnu": "erenu",
		"erēšu": "erešu",
		"esēhu": "esehu",
		"esēpu": "esepu",
		"etc.)": "etc",
		"etinnāni": "etinnani",
		"etinnānīya": "etinnaniya",
		"etinnāti": "etinnati",
		"etê": "ete",
		"etāqi": "etaqi",
		"etēqu": "etequ",
		"exchange)": "exchange",
		"extract(ion)": "extraction",
		"ešēru": "ešeru",
		"eššūti": "eššuti",
		"eṣādu": "eṣadu",
		"eṣēdu": "eṣedu",
		"eṣēru": "eṣeru",
		"eṣīdi": "eṣidi",
		"eṣṣīdi": "eṣṣidi",
		"facility)": "facility",
		"fear(someness)": "fearsomeness",
		"festival)": "festival",
		"fitting)": "fitting",
		"foreman)": "foreman",
		"foundation(s)": "foundations",
		"further(more)": "furthermore",
		"gabarû": "gabaru",
		"gabbīšu": "gabbišu",
		"gabrû": "gabru",
		"galû": "galu",
		"gamirūni": "gamiruni",
		"gammalī": "gammali",
		"gammalīšunu": "gammališunu",
		"gamāru": "gamaru",
		"garment)": "garment",
		"ginû": "ginu",
		"girdle)": "girdle",
		"girûtu": "girutu",
		"gullāte": "gullate",
		"gulēnu": "gulenu",
		"gulēnī": "guleni",
		"gumakillī": "gumakilli",
		"gušūru": "gušuru",
		"gušūrī": "gušuri",
		"gušūrīšu": "gušurišu",
		"habbalūni": "habbaluni",
		"habullī": "habulli",
		"habullīka": "habullika",
		"habullīni": "habullini",
		"habullīšu": "habullišu",
		"habullīšunu": "habullišunu",
		"habātu": "habatu",
		"hadû": "hadu",
		"halqūte": "halqute",
		"halāqu": "halaqu",
		"hand(s)": "hands",
		"hannî": "hanni",
		"hannāka": "hannaka",
		"hannākamma": "hannakamma",
		"hannāti": "hannati",
		"hannīe": "hannie",
		"hannīti": "hanniti",
		"hannītu": "hannitu",
		"hannīu": "hanniu",
		"hannīša": "hanniša",
		"hannūte": "hannute",
		"hannūti": "hannuti",
		"hannūtu": "hannutu",
		"harammāma": "harammama",
		"hardāni": "hardani",
		"hardūte": "hardute",
		"harurtīšu": "harurtišu",
		"harādu": "haradu",
		"harāpu": "harapu",
		"harāṣu": "haraṣu",
		"harāṭu": "haraṭu",
		"harīṣu": "hariṣu",
		"hasāpu": "hasapu",
		"hasāsu": "hasasu",
		"hazannāte": "hazannate",
		"hazāni": "hazani",
		"hašhūru": "hašhuru",
		"haṣāṣu": "haṣaṣu",
		"headdress)": "headdress",
		"hesû": "hesu",
		"hillāni": "hillani",
		"hillānāni": "hillanani",
		"hillānāte": "hillanate",
		"hilāni": "hilani",
		"hire?": "hire",
		"hirīte": "hirite",
		"hirīti": "hiriti",
		"hirītu": "hiritu",
		"hirīṣi": "hiriṣi",
		"hirīṣu": "hiriṣu",
		"hirīṣāni": "hiriṣani",
		"hiāṭu": "hiaṭu",
		"hiṭṭīya": "hiṭṭiya",
		"house(hold)": "household",
		"how?": "how",
		"huhāri": "huhari",
		"huhāru": "huharu",
		"hurāṣi": "huraṣi",
		"hurāṣu": "huraṣu",
		"hurāṣī": "huraṣi",
		"hut)": "hut",
		"huzīru": "huziru",
		"hušû": "hušu",
		"huṣābu": "huṣabu",
		"huṣṣāti": "huṣṣati",
		"hāniqī": "haniqi",
		"hīṭu": "hiṭu",
		"hīṭāte": "hiṭate",
		"hīṭāya": "hiṭaya",
		"hīṭīya": "hiṭiya",
		"hūl": "hul",
		"hūli": "huli",
		"hūlišunu": "hulišunu",
		"hūlu": "hulu",
		"hūlāni": "hulani",
		"hūlīni": "hulini",
		"hūr": "hur",
		"hūru": "huru",
		"ibattaqūni": "ibattaquni",
		"ibattāqa": "ibattaqa",
		"ibaššî": "ibašši",
		"ibaššûni": "ibaššuni",
		"idabbubūni": "idabbubuni",
		"iddanunāši": "iddanunaši",
		"iddanūni": "iddanuni",
		"iddanūnišanû": "iddanunišanu",
		"iddanūšināni": "iddanušinani",
		"iddinannāši": "iddinannaši",
		"iddinannāšīni": "iddinannašini",
		"iddinūni": "iddinuni",
		"iddubūbu": "iddububu",
		"iddūakšu": "idduakšu",
		"iddūka": "idduka",
		"iddūku": "idduku",
		"iddūla": "iddula",
		"iddūwa": "idduwa",
		"idūkanni": "idukanni",
		"idūkkanni": "idukkanni",
		"idūkāni": "idukani",
		"idūlu": "idulu",
		"idūwa": "iduwa",
		"idʾinūni": "idʾinuni",
		"iglûni": "igluni",
		"igāri": "igari",
		"igāru": "igaru",
		"igārāti": "igarati",
		"ihbutūni": "ihbutuni",
		"ihharūni": "ihharuni",
		"ihhurūni": "ihhuruni",
		"ihriṭūni": "ihriṭuni",
		"ihtalqūni": "ihtalquni",
		"ihtardūni": "ihtarduni",
		"ihtīṭu": "ihtiṭu",
		"ikappurūni": "ikappuruni",
		"ikbusūni": "ikbusuni",
		"ikkār": "ikkar",
		"ikkāru": "ikkaru",
		"ikkārāti": "ikkarati",
		"iklûni": "ikluni",
		"ikrikūni": "ikrikuni",
		"ikrūru": "ikruru",
		"iksūpu": "iksupu",
		"iktarāra": "iktarara",
		"iktiʾīdi": "iktiʾidi",
		"ikṣurūni": "ikṣuruni",
		"ilabbûni": "ilabbuni",
		"ilassumūni": "ilassumuni",
		"ilassūmu": "ilassumu",
		"ilaʾʾûni": "ilaʾʾuni",
		"ilkīya": "ilkiya",
		"illakūni": "illakuni",
		"illikūni": "illikuni",
		"illikūninni": "illikuninni",
		"illāka": "illaka",
		"ilāni": "ilani",
		"ilānīka": "ilanika",
		"ilānīya": "ilaniya",
		"ilānīšu": "ilanišu",
		"ilāte": "ilate",
		"imahharūšunu": "imahharušunu",
		"imaqqatūni": "imaqqatuni",
		"imattahūni": "imattahuni",
		"imattahūnê": "imattahune",
		"immarkūni": "immarkuni",
		"immerē": "immere",
		"immerēka": "immereka",
		"immerēšunu": "immerešunu",
		"imqutāni": "imqutani",
		"imqutūni": "imqutuni",
		"imuttû": "imuttu",
		"imāru": "imaru",
		"imārī": "imari",
		"imēru": "imeru",
		"in/from": "infrom",
		"inassahūni": "inassahuni",
		"inaṣṣarūni": "inaṣṣaruni",
		"innû": "innu",
		"innûte": "innute",
		"intarāṣa": "intaraṣa",
		"intathūni": "intathuni",
		"intiʾīdi": "intiʾidi",
		"intunū": "intunu",
		"ipahharūni": "ipahharuni",
		"iparrīki": "iparriki",
		"ippašūni": "ippašuni",
		"ippaṭṭarūni": "ippaṭṭaruni",
		"iptaqdūni": "iptaqduni",
		"iptiūni": "iptiuni",
		"iptūgunāši": "iptugunaši",
		"ipūgušūni": "ipugušuni",
		"iqabbûni": "iqabbuni",
		"iqabbûniššu": "iqabbuniššu",
		"iqabbûniššunu": "iqabbuniššunu",
		"iqbânnāšīni": "iqbannašini",
		"iqbûni": "iqbuni",
		"iqribūni": "iqribuni",
		"iqrânnīni": "iqrannini",
		"iqṭarbūni": "iqṭarbuni",
		"iqṭibannāši": "iqṭibannaši",
		"iqṭibâkkâ": "iqṭibakka",
		"iqṭibâššu": "iqṭibaššu",
		"iqṭibûni": "iqṭibuni",
		"iqṭibûnnāši": "iqṭibunnaši",
		"iraddiūni": "iraddiuni",
		"iraʾʾamūni": "iraʾʾamuni",
		"iraʾʾû": "iraʾʾu",
		"irtūʾāba": "irtuʾaba",
		"irûbu": "irubu",
		"irṣipūni": "irṣipuni",
		"isahhurāni": "isahhurani",
		"ishunnāti": "ishunnati",
		"islûni": "isluni",
		"issahurūni": "issahuruni",
		"issahîš": "issahiš",
		"issakannāši": "issakannaši",
		"issaparūni": "issaparuni",
		"issaprunikkâ": "issaprunikka",
		"issuhūni": "issuhuni",
		"issāhîši": "issahiši",
		"issāti": "issati",
		"issēn": "issen",
		"issēni": "isseni",
		"issēniš": "isseniš",
		"issēt": "isset",
		"issēya": "isseya",
		"issēšu": "issešu",
		"issīka": "issika",
		"issīni": "issini",
		"issīya": "issiya",
		"issīša": "issiša",
		"issīšu": "issišu",
		"issīšūma": "issišuma",
		"issīṣu": "issiṣu",
		"isīti": "isiti",
		"isītu": "isitu",
		"isītāte": "isitate",
		"it)": "it",
		"itabbûni": "itabbuni",
		"item)": "item",
		"ittalkūni": "ittalkuni",
		"ittannanāši": "ittannanaši",
		"ittannūni": "ittannuni",
		"ittaqqanû": "ittaqqanu",
		"ittaṣṣūni": "ittaṣṣuni",
		"itturdūni": "itturduni",
		"ittītizi": "ittitizi",
		"ittūar": "ittuar",
		"ittūbila": "ittubila",
		"ittūšib": "ittušib",
		"ittūṣi": "ittuṣi",
		"ittūṣia": "ittuṣia",
		"ittūṣiu": "ittuṣiu",
		"iyû": "iyu",
		"iyātu": "iyatu",
		"izabbilūni": "izabbiluni",
		"izabbilūninni": "izabbiluninni",
		"izzazūni": "izzazuni",
		"išakkanannīni": "išakkanannini",
		"išakkanūni": "išakkanuni",
		"išakkunūšu": "išakkunušu",
		"išammûni": "išammuni",
		"išapparūni": "išapparuni",
		"išappāra": "išappara",
		"iškunannīni": "iškunannini",
		"iškunnannāšīni": "iškunnannašini",
		"iškunūni": "iškununi",
		"iškāri": "iškari",
		"iškārka": "iškarka",
		"iškāru": "iškaru",
		"iškārāte": "iškarate",
		"iškārāti": "iškarati",
		"iškāršu": "iškaršu",
		"išmûni": "išmuni",
		"išpurannāšīni": "išpurannašini",
		"išpurannīni": "išpurannini",
		"išpurnīni": "išpurnini",
		"išpurūni": "išpuruni",
		"ištēn": "išten",
		"ištēniš": "išteniš",
		"išātu": "išatu",
		"iššaknūni": "iššaknuni",
		"iššanû": "iššanu",
		"iššunû": "iššunu",
		"iššûni": "iššuni",
		"išʾalūni": "išʾaluni",
		"iṣbatūni": "iṣbatuni",
		"kabāsu": "kabasu",
		"kalliāni": "kalliani",
		"kallî": "kalli",
		"kallû": "kallu",
		"kallāp": "kallap",
		"kallāpi": "kallapi",
		"kallāpu": "kallapu",
		"kallāpāni": "kallapani",
		"kalzīyāma": "kalziyama",
		"kalzīšu": "kalzišu",
		"kalû": "kalu",
		"kalāma": "kalama",
		"kammusāka": "kammusaka",
		"kammusāku": "kammusaku",
		"kammusūni": "kammusuni",
		"kammūsu": "kammusu",
		"kanāku": "kanaku",
		"kanīku": "kaniku",
		"kanīkāte": "kanikate",
		"kanūni": "kanuni",
		"kappī": "kappi",
		"kaprāni": "kaprani",
		"kaprānīšu": "kapranišu",
		"kapāri": "kapari",
		"kapāru": "kaparu",
		"kapšarrī": "kapšarri",
		"kaqqadāte": "kaqqadate",
		"karintû": "karintu",
		"karirūni": "kariruni",
		"karmāni": "karmani",
		"karrāni": "karrani",
		"karrūni": "karruni",
		"karwāni": "karwani",
		"karwānīya": "karwaniya",
		"karābu": "karabu",
		"karāki": "karaki",
		"karāku": "karaku",
		"karākūni": "karakuni",
		"karāri": "karari",
		"karāru": "kararu",
		"karṣī": "karṣi",
		"kassapūni": "kassapuni",
		"kassapūte": "kassapute",
		"kasāpu": "kasapu",
		"katāru": "kataru",
		"kayamānu": "kayamanu",
		"kayyamānu": "kayyamanu",
		"kašādu": "kašadu",
		"kašāru": "kašaru",
		"kaʾādu": "kaʾadu",
		"kaṣāru": "kaṣaru",
		"kibsiāni": "kibsiani",
		"kilallān": "kilallan",
		"kilallē": "kilalle",
		"kilīlu": "kililu",
		"kinattātēya": "kinattateya",
		"kinūnu": "kinunu",
		"kirkāni": "kirkani",
		"kirkāniššu": "kirkaniššu",
		"kirkī": "kirki",
		"kirâti": "kirati",
		"kirû": "kiru",
		"kitkittê": "kitkitte",
		"kitê": "kite",
		"kitû": "kitu",
		"kiškattê": "kiškatte",
		"kiškattû": "kiškattu",
		"kiṣirūte": "kiṣirute",
		"kiṣrūti": "kiṣruti",
		"kiṣrūtu": "kiṣrutu",
		"kunukkīya": "kunukkiya",
		"kurummāti": "kurummati",
		"kurummātšunu": "kurummatšunu",
		"kurû": "kuru",
		"kussimāt": "kussimat",
		"kussû": "kussu",
		"kusāpu": "kusapu",
		"kusāpī": "kusapi",
		"kusāpīka": "kusapika",
		"kutallīni": "kutallini",
		"kuzippīšu": "kuzippišu",
		"kânu": "kanu",
		"kâšu": "kašu",
		"kê": "ke",
		"kî": "ki",
		"kārib": "karib",
		"kāribka": "karibka",
		"kāribu": "karibu",
		"kāsu": "kasu",
		"kāsāti": "kasati",
		"kāṣiru": "kaṣiru",
		"kē": "ke",
		"kēniš": "keniš",
		"kēnu": "kenu",
		"kēnāk": "kenak",
		"kēnūti": "kenuti",
		"kētu": "ketu",
		"kī": "ki",
		"kīma": "kima",
		"kīniš": "kiniš",
		"kīnu": "kinu",
		"kītu": "kitu",
		"kūdanu": "kudanu",
		"kūdin": "kudin",
		"kūdinī": "kudini",
		"kūdinīmma": "kudinimma",
		"kūm": "kum",
		"kūmi": "kumi",
		"kūmuššu": "kumuššu",
		"kūnu": "kunu",
		"kūṣi": "kuṣi",
		"kūṣu": "kuṣu",
		"labiānu": "labianu",
		"labāšu": "labašu",
		"labīri": "labiri",
		"labīrtu": "labirtu",
		"labīru": "labiru",
		"labīrūti": "labiruti",
		"laddīni": "laddini",
		"lahhūru": "lahhuru",
		"lantūhu": "lantuhu",
		"lapqīdi": "lapqidi",
		"laptūni": "laptuni",
		"laptūte": "laptute",
		"lasāmu": "lasamu",
		"lattē": "latte",
		"lawû": "lawu",
		"laškūnu": "laškunu",
		"laššūma": "laššuma",
		"laššūni": "laššuni",
		"leʾû": "leʾu",
		"libbātu": "libbatu",
		"libbātēya": "libbateya",
		"libbīka": "libbika",
		"libbīni": "libbini",
		"libbīša": "libbiša",
		"libbīšu": "libbišu",
		"libittāti": "libittati",
		"libtūqu": "libtuqu",
		"libānīka": "libanika",
		"libēru": "liberu",
		"liddinūni": "liddinuni",
		"liddinūnikka": "liddinunikka",
		"lidnūni": "lidnuni",
		"lidūkūšu": "lidukušu",
		"likirīku": "likiriku",
		"likṣarūni": "likṣaruni",
		"lillikūni": "lillikuni",
		"lillikūnu": "lillikunu",
		"lillikūnê": "lillikune",
		"lillīki": "lilliki",
		"lilsūmu": "lilsumu",
		"lintuhūni": "lintuhuni",
		"lintūhu": "lintuhu",
		"lipqīdi": "lipqidi",
		"lipānīka": "lipanika",
		"liqbâkka": "liqbakka",
		"liqbûnikkunu": "liqbunikkunu",
		"liqibûnikkunu": "liqibunikkunu",
		"lirʾû": "lirʾu",
		"littūtu": "littutu",
		"lizzīzi": "lizzizi",
		"lišdadūni": "lišdaduni",
		"lišdudūni": "lišduduni",
		"lišparūni": "lišparuni",
		"lišāni": "lišani",
		"lišānu": "lišanu",
		"lišānšu": "lišanšu",
		"lišʾulūni": "lišʾuluni",
		"lišʾāla": "lišʾala",
		"liṣbatūšunu": "liṣbatušunu",
		"lukīnūni": "lukinuni",
		"lumaddīdi": "lumaddidi",
		"lupahhīri": "lupahhiri",
		"lupīhu": "lupihu",
		"lurammûnāši": "lurammunaši",
		"lurīmakka": "lurimakka",
		"lusahhirūni": "lusahhiruni",
		"lutēre": "lutere",
		"lušaṣabīti": "lušaṣabiti",
		"lušākil": "lušakil",
		"lušākilu": "lušakilu",
		"lušēbila": "lušebila",
		"lušēbilaššû": "lušebilaššu",
		"lušēbilšu": "lušebilšu",
		"lušēbilūni": "lušebiluni",
		"lušēbir": "lušebir",
		"lušēbiru": "lušebiru",
		"lušērida": "lušerida",
		"lušēridkunu": "lušeridkunu",
		"lušētīqi": "lušetiqi",
		"lušēšibšunu": "lušešibšunu",
		"lušēṣia": "lušeṣia",
		"lušēṣišunu": "lušeṣišunu",
		"lušēṣâššunu": "lušeṣaššunu",
		"lušēṣûni": "lušeṣuni",
		"luṣṣīṣi": "luṣṣiṣi",
		"lā": "la",
		"lādin": "ladin",
		"lādinaššu": "ladinaššu",
		"lāmur": "lamur",
		"lāšu": "lašu",
		"lāšurkunu": "lašurkunu",
		"lāšû": "lašu",
		"lāššu": "laššu",
		"lēkula": "lekula",
		"lēlûni": "leluni",
		"lēmur": "lemur",
		"lēmuru": "lemuru",
		"lēmūru": "lemuru",
		"lēpuš": "lepuš",
		"lēpušu": "lepušu",
		"lērik": "lerik",
		"lērubu": "lerubu",
		"lēt": "let",
		"lētiqa": "letiqa",
		"lētiqu": "letiqu",
		"lētiqūni": "letiquni",
		"lētu": "letu",
		"lēʾi": "leʾi",
		"lēʾu": "leʾu",
		"lēʾāni": "leʾani",
		"lēʾīya": "leʾiya",
		"lēṣiru": "leṣiru",
		"līdiš": "lidiš",
		"līm": "lim",
		"līmu": "limu",
		"līṭu": "liṭu",
		"lū": "lu",
		"lūbila": "lubila",
		"lūbilaššunu": "lubilaššunu",
		"lūbilu": "lubilu",
		"lūbilunaššunu": "lubilunaššunu",
		"lūbilūni": "lubiluni",
		"lūbilūniššu": "lubiluniššu",
		"lūbilūniššunu": "lubiluniššunu",
		"lūbīli": "lubili",
		"lūda": "luda",
		"lūdû": "ludu",
		"lūnaššiq": "lunaššiq",
		"lūqarribu": "luqarribu",
		"lūridūni": "luriduni",
		"lūrīmakka": "lurimakka",
		"lūšibu": "lušibu",
		"lūšēšerūni": "lušešeruni",
		"maddanātešunu": "maddanatešunu",
		"madādi": "madadi",
		"madādu": "madadu",
		"madākte": "madakte",
		"madākti": "madakti",
		"madāktu": "madaktu",
		"madāktumma": "madaktumma",
		"madāktušu": "madaktušu",
		"magāru": "magaru",
		"mahirūni": "mahiruni",
		"mahratūni": "mahratuni",
		"mahrūni": "mahruni",
		"mahāru": "maharu",
		"mahāṣu": "mahaṣu",
		"mahēre": "mahere",
		"mahīṣi": "mahiṣi",
		"mahṣāni": "mahṣani",
		"makiūte": "makiute",
		"makû": "maku",
		"mallāhu": "mallahu",
		"mallāhī": "mallahi",
		"malû": "malu",
		"malāhu": "malahu",
		"mammannīšunu": "mammannišunu",
		"manê": "mane",
		"manû": "manu",
		"manāhtu": "manahtu",
		"maqarrāt": "maqarrat",
		"maqtūte": "maqtute",
		"maqātu": "maqatu",
		"mardiāte": "mardiate",
		"mardīti": "marditi",
		"mardītu": "marditu",
		"mardītīya": "marditiya",
		"mariṣūni": "mariṣuni",
		"marāṣu": "maraṣu",
		"marīṣi": "mariṣi",
		"marʾāti": "marʾati",
		"marʾātišu": "marʾatišu",
		"marʾātīša": "marʾatiša",
		"marʾātīšunu": "marʾatišunu",
		"marʾē": "marʾe",
		"marʾēšu": "marʾešu",
		"marʾēšunu": "marʾešunu",
		"marʾīšu": "marʾišu",
		"marṣê": "marṣe",
		"marṣūni": "marṣuni",
		"masê": "mase",
		"matāhu": "matahu",
		"mazzāz": "mazzaz",
		"mazû": "mazu",
		"mazāqu": "mazaqu",
		"mazāʾu": "mazaʾu",
		"maškanāti": "maškanati",
		"maškanātišunu": "maškanatišunu",
		"maškinī": "maškini",
		"maškī": "maški",
		"mašqê": "mašqe",
		"mašqû": "mašqu",
		"mašāʾu": "mašaʾu",
		"maʾdūte": "maʾdute",
		"maṣû": "maṣu",
		"maṣṣartēšu": "maṣṣartešu",
		"maṣṣartīni": "maṣṣartini",
		"maṣṣartīya": "maṣṣartiya",
		"maṣṣartīšu": "maṣṣartišu",
		"maṣṣarāte": "maṣṣarate",
		"maṭû": "maṭu",
		"memmēni": "memmeni",
		"memmēnīka": "memmenika",
		"memmēnīyāma": "memmeniyama",
		"memēni": "memeni",
		"mesû": "mesu",
		"mešēnu": "mešenu",
		"mihrikâ": "mihrika",
		"miksī": "miksi",
		"miksīšunu": "miksišunu",
		"milʾāni": "milʾani",
		"mugirrī": "mugirri",
		"mugirrīya": "mugirriya",
		"muhhīka": "muhhika",
		"muhhīni": "muhhini",
		"muhhīya": "muhhiya",
		"muhhīyāni": "muhhiyani",
		"muhhīšu": "muhhišu",
		"muhhīšūma": "muhhišuma",
		"mukīl": "mukil",
		"munnagrūte": "munnagrute",
		"mussaʾʾīte": "mussaʾʾite",
		"muāti": "muati",
		"mušarkisāni": "mušarkisani",
		"mušlāni": "mušlani",
		"muštaʾʾûti": "muštaʾʾuti",
		"muštaʾʾûtu": "muštaʾʾutu",
		"muṭê": "muṭe",
		"muṭû": "muṭu",
		"mâdu": "madu",
		"mâtu": "matu",
		"mê": "me",
		"mêka": "meka",
		"mêšunu": "mešunu",
		"mû": "mu",
		"mā": "ma",
		"mādidu": "madidu",
		"mādidānīšu": "madidanišu",
		"mādu": "madu",
		"māhāzu": "mahazu",
		"māhāzī": "mahazi",
		"māka": "maka",
		"mākisu": "makisu",
		"mākisê": "makise",
		"mār": "mar",
		"mārtu": "martu",
		"māru": "maru",
		"māršu": "maršu",
		"māssu": "massu",
		"māt": "mat",
		"māti": "mati",
		"mātimma": "matimma",
		"mātu": "matu",
		"mātāti": "matati",
		"mātīni": "matini",
		"mātīšu": "matišu",
		"māšarte": "mašarte",
		"māšarti": "mašarti",
		"māšartu": "mašartu",
		"mē": "me",
		"mēlû": "melu",
		"mēlīšu": "melišu",
		"mēni": "meni",
		"mēte": "mete",
		"mētu": "metu",
		"mētūni": "metuni",
		"mētūti": "metuti",
		"mīlu": "milu",
		"mīlāni": "milani",
		"mīni": "mini",
		"mīnu": "minu",
		"mītu": "mitu",
		"mūbû": "mubu",
		"mūgi": "mugi",
		"mūgu": "mugu",
		"mūgīka": "mugika",
		"mūgīya": "mugiya",
		"mūku": "muku",
		"mūlû": "mulu",
		"mūqāni": "muqani",
		"mūraku": "muraku",
		"mūrakšu": "murakšu",
		"mūriki": "muriki",
		"mūruku": "muruku",
		"mūtāni": "mutani",
		"mūtānu": "mutanu",
		"mūšu": "mušu",
		"nagamarūte": "nagamarute",
		"naggār": "naggar",
		"naggārāni": "naggarani",
		"naggārānīya": "naggaraniya",
		"nagiāni": "nagiani",
		"nagê": "nage",
		"nagû": "nagu",
		"nagār": "nagar",
		"nagāru": "nagaru",
		"nagīka": "nagika",
		"nahalāte": "nahalate",
		"naksāte": "naksate",
		"nakāru": "nakaru",
		"nakāsu": "nakasu",
		"namaddāte": "namaddate",
		"namaddāti": "namaddati",
		"namarkû": "namarku",
		"nammēši": "nammeši",
		"namrāni": "namrani",
		"namāšu": "namašu",
		"nappāhu": "nappahu",
		"napāhu": "napahu",
		"napšāka": "napšaka",
		"nasāhi": "nasahi",
		"nasāhu": "nasahu",
		"nawāru": "nawaru",
		"našû": "našu",
		"našāqu": "našaqu",
		"našāru": "našaru",
		"naṣāku": "naṣaku",
		"naṣāni": "naṣani",
		"naṣāru": "naṣaru",
		"naṣūni": "naṣuni",
		"naṣūninni": "naṣuninni",
		"naṣūniššu": "naṣuniššu",
		"neck(‑tendons)": "necktendons",
		"negotiation?": "negotiation",
		"nemmarūni": "nemmaruni",
		"neoass:": "neoass",
		"neoass:01": "neoass1",
		"neoass:01.en": "neoass1en",
		"neoass:02": "neoass2",
		"neoass:03": "neoass3",
		"neoass:04": "neoass4",
		"neoass:A": "neoassa",
		"neoass:A.AN": "neoassaan",
		"neoass:A.QAR": "neoassaqar",
		"neoass:A.ŠA₃": "neoassaša₃",
		"neoass:A.ŠA₃.GA": "neoassaša₃ga",
		"neoass:AD": "neoassad",
		"neoass:AMA": "neoassama",
		"neoass:AN.BAR": "neoassanbar",
		"neoass:ANŠE": "neoassanše",
		"neoass:ANŠE.NITA₂": "neoassanšenita₂",
		"neoass:ARAD": "neoassarad",
		"neoass:A₂": "neoassa₂",
		"neoass:A₂.2": "neoassa₂2",
		"neoass:BAD": "neoassbad",
		"neoass:BAD₃": "neoassbad₃",
		"neoass:BALA": "neoassbala",
		"neoass:BE": "neoassbe",
		"neoass:DAGAL": "neoassdagal",
		"neoass:DI": "neoassdi",
		"neoass:DIL": "neoassdil",
		"neoass:DINGIR": "neoassdingir",
		"neoass:DU": "neoassdu",
		"neoass:DUG₃.GA": "neoassdug₃ga",
		"neoass:DUMU": "neoassdumu",
		"neoass:DUMU.MI₂": "neoassdumumi₂",
		"neoass:DU₃.A.BI": "neoassdu₃abi",
		"neoass:EGIR": "neoassegir",
		"neoass:EME": "neoasseme",
		"neoass:EN": "neoassen",
		"neoass:EN.NUN": "neoassennun",
		"neoass:EN.NUN.NA": "neoassennunna",
		"neoass:ERIM": "neoasserim",
		"neoass:EŠ₂.QAR": "neoasseš₂qar",
		"neoass:E₂": "neoasse₂",
		"neoass:E₂.GAL": "neoasse₂gal",
		"neoass:E₂.KUR": "neoasse₂kur",
		"neoass:E₂.SIG₄": "neoasse₂sig₄",
		"neoass:GABA": "neoassgaba",
		"neoass:GAL": "neoassgal",
		"neoass:GAR": "neoassgar",
		"neoass:GAZ": "neoassgaz",
		"neoass:GEME₂": "neoassgeme₂",
		"neoass:GIBIL": "neoassgibil",
		"neoass:GID₂.DA": "neoassgid₂da",
		"neoass:GIG": "neoassgig",
		"neoass:GILIM": "neoassgilim",
		"neoass:GIM": "neoassgim",
		"neoass:GIN₂": "neoassgin₂",
		"neoass:GIR₂.AN.BAR": "neoassgir₂anbar",
		"neoass:GIR₃": "neoassgir₃",
		"neoass:GIR₃.2": "neoassgir₃2",
		"neoass:GIR₃.PAD.DU": "neoassgir₃paddu",
		"neoass:GIŠ": "neoassgiš",
		"neoass:GIŠ.MI": "neoassgišmi",
		"neoass:GUD": "neoassgud",
		"neoass:GUD.NITA₂": "neoassgudnita₂",
		"neoass:GU₂.UN": "neoassgu₂un",
		"neoass:GU₂.ZI": "neoassgu₂zi",
		"neoass:HAR": "neoasshar",
		"neoass:ID₂": "neoassid₂",
		"neoass:IGI": "neoassigi",
		"neoass:IGI.2": "neoassigi2",
		"neoass:IM": "neoassim",
		"neoass:ITI": "neoassiti",
		"neoass:IZI": "neoassizi",
		"neoass:I₃": "neoassi₃",
		"neoass:KAB": "neoasskab",
		"neoass:KALAG": "neoasskalag",
		"neoass:KALAG.GA": "neoasskalagga",
		"neoass:KASKAL": "neoasskaskal",
		"neoass:KASKAL.2": "neoasskaskal2",
		"neoass:KAŠ": "neoasskaš",
		"neoass:KA₂": "neoasska₂",
		"neoass:KA₂.GAL": "neoasska₂gal",
		"neoass:KI": "neoasski",
		"neoass:KI.MIN": "neoasskimin",
		"neoass:KI.TA": "neoasskita",
		"neoass:KI.TUŠ": "neoasskituš",
		"neoass:KUG.GI": "neoasskuggi",
		"neoass:KUG.UD": "neoasskugud",
		"neoass:KUR": "neoasskur",
		"neoass:KUR.KUR": "neoasskurkur",
		"neoass:KUR.RA": "neoasskurra",
		"neoass:KUŠ": "neoasskuš",
		"neoass:KUŠ₃": "neoasskuš₃",
		"neoass:KU₂": "neoassku₂",
		"neoass:KU₆": "neoassku₆",
		"neoass:LAL": "neoasslal",
		"neoass:LUGAL": "neoasslugal",
		"neoass:LUM.LUM": "neoasslumlum",
		"neoass:LU₂": "neoasslu₂",
		"neoass:MA": "neoassma",
		"neoass:MA.NA": "neoassmana",
		"neoass:MAN": "neoassman",
		"neoass:MI₂": "neoassmi₂",
		"neoass:MU": "neoassmu",
		"neoass:MU.AN.NA": "neoassmuanna",
		"neoass:MU.IM.MA": "neoassmuimma",
		"neoass:MUN": "neoassmun",
		"neoass:MURUB₄": "neoassmurub₄",
		"neoass:NAM": "neoassnam",
		"neoass:NAM.ERIM": "neoassnamerim",
		"neoass:NA₄": "neoassna₄",
		"neoass:NINDA": "neoassninda",
		"neoass:NUMUN": "neoassnumun",
		"neoass:PAB": "neoasspab",
		"neoass:PU₂": "neoasspu₂",
		"neoass:QAL₃": "neoassqal₃",
		"neoass:SAG": "neoasssag",
		"neoass:SAG.DU": "neoasssagdu",
		"neoass:SIG₂": "neoasssig₂",
		"neoass:SIG₄": "neoasssig₄",
		"neoass:SIG₅": "neoasssig₅",
		"neoass:SIPA": "neoasssipa",
		"neoass:SUD": "neoasssud",
		"neoass:SUM": "neoasssum",
		"neoass:TA": "neoassta",
		"neoass:TA@v": "neoasstav",
		"neoass:TE": "neoasste",
		"neoass:TI.LA": "neoasstila",
		"neoass:TUR₃": "neoasstur₃",
		"neoass:UD": "neoassud",
		"neoass:UDU": "neoassudu",
		"neoass:UDU.NITA₂": "neoassudunita₂",
		"neoass:UGU": "neoassugu",
		"neoass:UN": "neoassun",
		"neoass:UR.MAH": "neoassurmah",
		"neoass:URU": "neoassuru",
		"neoass:URUDU": "neoassurudu",
		"neoass:UZU": "neoassuzu",
		"neoass:UŠ": "neoassuš",
		"neoass:UŠ₂": "neoassuš₂",
		"neoass:U₂": "neoassu₂",
		"neoass:ZAG": "neoasszag",
		"neoass:ZAH₂": "neoasszah₂",
		"neoass:ZI": "neoasszi",
		"neoass:ZU": "neoasszu",
		"neoass:ZU₂": "neoasszu₂",
		"neoass:a": "neoassa",
		"neoass:a.a": "neoassaa",
		"neoass:ab": "neoassab",
		"neoass:ad": "neoassad",
		"neoass:ah": "neoassah",
		"neoass:ak": "neoassak",
		"neoass:al": "neoassal",
		"neoass:am": "neoassam",
		"neoass:an": "neoassan",
		"neoass:ana": "neoassana",
		"neoass:ap": "neoassap",
		"neoass:aq": "neoassaq",
		"neoass:ar": "neoassar",
		"neoass:ar₂": "neoassar₂",
		"neoass:as": "neoassas",
		"neoass:at": "neoassat",
		"neoass:az": "neoassaz",
		"neoass:aš₂": "neoassaš₂",
		"neoass:aʾ": "neoassaʾ",
		"neoass:ba": "neoassba",
		"neoass:bal": "neoassbal",
		"neoass:bar": "neoassbar",
		"neoass:bat": "neoassbat",
		"neoass:be": "neoassbe",
		"neoass:be₂": "neoassbe₂",
		"neoass:bi": "neoassbi",
		"neoass:bir": "neoassbir",
		"neoass:bu": "neoassbu",
		"neoass:da": "neoassda",
		"neoass:dam": "neoassdam",
		"neoass:dan": "neoassdan",
		"neoass:da₃": "neoassda₃",
		"neoass:de": "neoassde",
		"neoass:di": "neoassdi",
		"neoass:dib": "neoassdib",
		"neoass:du": "neoassdu",
		"neoass:dul": "neoassdul",
		"neoass:du₆": "neoassdu₆",
		"neoass:e": "neoasse",
		"neoass:ep": "neoassep",
		"neoass:er": "neoasser",
		"neoass:et": "neoasset",
		"neoass:eṣ": "neoasseṣ",
		"neoass:ga": "neoassga",
		"neoass:gab": "neoassgab",
		"neoass:gam": "neoassgam",
		"neoass:gi": "neoassgi",
		"neoass:gul": "neoassgul",
		"neoass:ha": "neoassha",
		"neoass:hab": "neoasshab",
		"neoass:hal": "neoasshal",
		"neoass:har": "neoasshar",
		"neoass:hi": "neoasshi",
		"neoass:hu": "neoasshu",
		"neoass:hur": "neoasshur",
		"neoass:i": "neoassi",
		"neoass:ia": "neoassia",
		"neoass:id": "neoassid",
		"neoass:ig": "neoassig",
		"neoass:ih": "neoassih",
		"neoass:ik": "neoassik",
		"neoass:il": "neoassil",
		"neoass:im": "neoassim",
		"neoass:in": "neoassin",
		"neoass:ina": "neoassina",
		"neoass:in₆": "neoassin₆",
		"neoass:ip": "neoassip",
		"neoass:iq": "neoassiq",
		"neoass:ir": "neoassir",
		"neoass:is": "neoassis",
		"neoass:it": "neoassit",
		"neoass:iz": "neoassiz",
		"neoass:iš": "neoassiš",
		"neoass:iṣ": "neoassiṣ",
		"neoass:ka": "neoasska",
		"neoass:kal": "neoasskal",
		"neoass:kam": "neoasskam",
		"neoass:kan": "neoasskan",
		"neoass:kap": "neoasskap",
		"neoass:kaq": "neoasskaq",
		"neoass:kar": "neoasskar",
		"neoass:kas": "neoasskas",
		"neoass:ke": "neoasske",
		"neoass:ket": "neoassket",
		"neoass:ki": "neoasski",
		"neoass:kip": "neoasskip",
		"neoass:kir": "neoasskir",
		"neoass:ku": "neoassku",
		"neoass:kur": "neoasskur",
		"neoass:la": "neoassla",
		"neoass:lal": "neoasslal",
		"neoass:lap": "neoasslap",
		"neoass:lat": "neoasslat",
		"neoass:le": "neoassle",
		"neoass:li": "neoassli",
		"neoass:lib": "neoasslib",
		"neoass:lid": "neoasslid",
		"neoass:lik": "neoasslik",
		"neoass:lil": "neoasslil",
		"neoass:lim": "neoasslim",
		"neoass:lip": "neoasslip",
		"neoass:liq": "neoassliq",
		"neoass:lit": "neoasslit",
		"neoass:liš": "neoassliš",
		"neoass:lu": "neoasslu",
		"neoass:ma": "neoassma",
		"neoass:mad": "neoassmad",
		"neoass:mah": "neoassmah",
		"neoass:mam₂": "neoassmam₂",
		"neoass:man": "neoassman",
		"neoass:mar": "neoassmar",
		"neoass:maš": "neoassmaš",
		"neoass:me": "neoassme",
		"neoass:meš": "neoassmeš",
		"neoass:me₂": "neoassme₂",
		"neoass:mi": "neoassmi",
		"neoass:mid": "neoassmid",
		"neoass:mi₃": "neoassmi₃",
		"neoass:mu": "neoassmu",
		"neoass:muš": "neoassmuš",
		"neoass:na": "neoassna",
		"neoass:nak": "neoassnak",
		"neoass:nam": "neoassnam",
		"neoass:nap": "neoassnap",
		"neoass:nar": "neoassnar",
		"neoass:ne₂": "neoassne₂",
		"neoass:ni": "neoassni",
		"neoass:nu": "neoassnu",
		"neoass:pa": "neoasspa",
		"neoass:pal": "neoasspal",
		"neoass:paq": "neoasspaq",
		"neoass:par": "neoasspar",
		"neoass:pe": "neoasspe",
		"neoass:pi": "neoasspi",
		"neoass:pil": "neoasspil",
		"neoass:pil₂": "neoasspil₂",
		"neoass:pir": "neoasspir",
		"neoass:pu": "neoasspu",
		"neoass:qa": "neoassqa",
		"neoass:qab": "neoassqab",
		"neoass:qal₃": "neoassqal₃",
		"neoass:qar": "neoassqar",
		"neoass:qi": "neoassqi",
		"neoass:qu": "neoassqu",
		"neoass:qur": "neoassqur",
		"neoass:ra": "neoassra",
		"neoass:rak": "neoassrak",
		"neoass:ram": "neoassram",
		"neoass:re": "neoassre",
		"neoass:ri": "neoassri",
		"neoass:rik": "neoassrik",
		"neoass:ru": "neoassru",
		"neoass:sa": "neoasssa",
		"neoass:sad": "neoasssad",
		"neoass:sal": "neoasssal",
		"neoass:si": "neoasssi",
		"neoass:su": "neoasssu",
		"neoass:sur": "neoasssur",
		"neoass:ta": "neoassta",
		"neoass:tah": "neoasstah",
		"neoass:tak": "neoasstak",
		"neoass:tal": "neoasstal",
		"neoass:taq": "neoasstaq",
		"neoass:tar": "neoasstar",
		"neoass:taš": "neoasstaš",
		"neoass:te": "neoasste",
		"neoass:ti": "neoassti",
		"neoass:tim": "neoasstim",
		"neoass:tu": "neoasstu",
		"neoass:tug": "neoasstug",
		"neoass:tup": "neoasstup",
		"neoass:tu₂": "neoasstu₂",
		"neoass:u": "neoassu",
		"neoass:ub": "neoassub",
		"neoass:ug": "neoassug",
		"neoass:uh": "neoassuh",
		"neoass:uk": "neoassuk",
		"neoass:un": "neoassun",
		"neoass:up": "neoassup",
		"neoass:ur": "neoassur",
		"neoass:us": "neoassus",
		"neoass:ut": "neoassut",
		"neoass:uz": "neoassuz",
		"neoass:uš": "neoassuš",
		"neoass:uṣ": "neoassuṣ",
		"neoass:u₂": "neoassu₂",
		"neoass:u₃": "neoassu₃",
		"neoass:za": "neoassza",
		"neoass:ziq": "neoassziq",
		"neoass:zu": "neoasszu",
		"neoass:ŠA₃": "neoassša₃",
		"neoass:ŠEŠ": "neoassšeš",
		"neoass:ŠU": "neoassšu",
		"neoass:ŠU.2": "neoassšu2",
		"neoass:ŠU.SI": "neoassšusi",
		"neoass:ša": "neoassša",
		"neoass:šad": "neoassšad",
		"neoass:šak": "neoassšak",
		"neoass:šal": "neoassšal",
		"neoass:šam": "neoassšam",
		"neoass:šap": "neoassšap",
		"neoass:šat": "neoassšat",
		"neoass:šaṭ": "neoassšaṭ",
		"neoass:ša₂": "neoassša₂",
		"neoass:še": "neoassše",
		"neoass:ši": "neoassši",
		"neoass:šid": "neoassšid",
		"neoass:šu": "neoassšu",
		"neoass:šub": "neoassšub",
		"neoass:šuk": "neoassšuk",
		"neoass:šul": "neoassšul",
		"neoass:šum": "neoassšum",
		"neoass:šum₂": "neoassšum₂",
		"neoass:šup": "neoassšup",
		"neoass:šu₂": "neoassšu₂",
		"neoass:ṣa": "neoassṣa",
		"neoass:ṣab": "neoassṣab",
		"neoass:ṣe": "neoassṣe",
		"neoass:ṣip": "neoassṣip",
		"neoass:ṣu": "neoassṣu",
		"neoass:ṭa": "neoassṭa",
		"neoass:ṭe": "neoassṭe",
		"neoass:ṭe₂": "neoassṭe₂",
		"neoass:ṭe₃": "neoassṭe₃",
		"neoass:ṭu": "neoassṭu",
		"neoass:ṭup": "neoassṭup",
		"nibtīar": "nibtiar",
		"nibtūqu": "nibtuqu",
		"nibīad": "nibiad",
		"niddannūni": "niddannuni",
		"niddubūku": "niddubuku",
		"niddāna": "niddana",
		"niddūka": "nidduka",
		"niktarāra": "niktarara",
		"nikšūdu": "nikšudu",
		"nillikūni": "nillikuni",
		"nillāka": "nillaka",
		"nimattāha": "nimattaha",
		"nimriʾī": "nimriʾi",
		"ninassāha": "ninassaha",
		"nintadāda": "nintadada",
		"niqarrībi": "niqarribi",
		"niqiāti": "niqiati",
		"nirtidīpi": "nirtidipi",
		"nittahāṣa": "nittahaṣa",
		"nittalāka": "nittalaka",
		"niāri": "niari",
		"niāru": "niaru",
		"nišaddadūni": "nišaddaduni",
		"nišaddāda": "nišaddada",
		"nišdudūni": "nišduduni",
		"nišē": "niše",
		"nišēkunu": "nišekunu",
		"nišēya": "nišeya",
		"nišēšu": "nišešu",
		"nišēšunu": "nišešunu",
		"nišēšūni": "nišešuni",
		"nišīāṭa": "nišiaṭa",
		"nubattē": "nubatte",
		"nubbāla": "nubbala",
		"nuhatimmī": "nuhatimmi",
		"nukaribbī": "nukaribbi",
		"nuktīni": "nuktini",
		"nummāda": "nummada",
		"nupšutūšu": "nupšutušu",
		"nupšāti": "nupšati",
		"nupšātīšu": "nupšatišu",
		"nurmê": "nurme",
		"nurmû": "nurmu",
		"nussērīdi": "nusseridi",
		"nusāhu": "nusahu",
		"nusāhī": "nusahi",
		"nuttahhīṣi": "nuttahhiṣi",
		"nuttammēdi": "nuttammedi",
		"nuttummēdi": "nuttummedi",
		"nušallīme": "nušallime",
		"nušarâqa": "nušaraqa",
		"nušaškinūni": "nušaškinuni",
		"nušebbarūni": "nušebbaruni",
		"nušerrabūni": "nušerrabuni",
		"nušettāqa": "nušettaqa",
		"nušēbira": "nušebira",
		"nušērib": "nušerib",
		"nušēribši": "nušeribši",
		"nâdu": "nadu",
		"nāgir": "nagir",
		"nāgiru": "nagiru",
		"nāgurtu": "nagurtu",
		"nāka": "naka",
		"nākisu": "nakisu",
		"nākisūte": "nakisute",
		"nāmaru": "namaru",
		"nāmeri": "nameri",
		"nāmerī": "nameri",
		"nāmurtaka": "namurtaka",
		"nāmurtu": "namurtu",
		"nāri": "nari",
		"nāru": "naru",
		"nārāya": "naraya",
		"nārī": "nari",
		"nārīma": "narima",
		"nārūma": "naruma",
		"nāṣa": "naṣa",
		"nēberu": "neberu",
		"nēburu": "neburu",
		"nēhat": "nehat",
		"nēhi": "nehi",
		"nēhu": "nehu",
		"nēmar": "nemar",
		"nēmur": "nemur",
		"nēmurūni": "nemuruni",
		"nēnu": "nenu",
		"nēpaš": "nepaš",
		"nēpuš": "nepuš",
		"nērebu": "nerebu",
		"nēribi": "neribi",
		"nērubu": "nerubu",
		"nētamar": "netamar",
		"nētapaš": "netapaš",
		"nētatqa": "netatqa",
		"nētinīši": "netiniši",
		"nēši": "neši",
		"nēšu": "nešu",
		"nēšē": "neše",
		"nību": "nibu",
		"nīpi": "nipi",
		"nīpāni": "nipani",
		"nīqu": "niqu",
		"nītesīpi": "nitesipi",
		"nūnaššiq": "nunaššiq",
		"nūni": "nuni",
		"nūnu": "nunu",
		"nūnī": "nuni",
		"nūšabalkatšu": "nušabalkatšu",
		"nūṣûni": "nuṣuni",
		"o.s.": "os",
		"of)": "of",
		"official)": "official",
		"on?": "on",
		"padakkāte": "padakkate",
		"padakkātišunu": "padakkatišunu",
		"pahāru": "paharu",
		"palhāka": "palhaka",
		"palhākunu": "palhakunu",
		"pallišī": "palliši",
		"palû": "palu",
		"palāhu": "palahu",
		"paqdāku": "paqdaku",
		"paqādu": "paqadu",
		"parriṣūti": "parriṣuti",
		"parzillê": "parzille",
		"parzillēšu": "parzillešu",
		"parāku": "paraku",
		"parāsu": "parasu",
		"paršamūti": "paršamuti",
		"patiūte": "patiute",
		"pašāru": "pašaru",
		"paššūrāti": "paššurati",
		"paʾāṣu": "paʾaṣu",
		"paṭāru": "paṭaru",
		"paṭīru": "paṭiru",
		"paṭīrāte": "paṭirate",
		"petû": "petu",
		"pilkāni": "pilkani",
		"pilkānīni": "pilkanini",
		"pilkīšu": "pilkišu",
		"piqittekâ": "piqitteka",
		"piqittāte": "piqittate",
		"piqittāti": "piqittati",
		"piqittātēya": "piqittateya",
		"piqittēka": "piqitteka",
		"piqāti": "piqati",
		"pisannāte": "pisannate",
		"pituāte": "pituate",
		"pitūtu": "pitutu",
		"plant(s)": "plants",
		"portico(ed": "porticoed",
		"precinct?": "precinct",
		"produce)": "produce",
		"puāgu": "puagu",
		"pê": "pe",
		"pî": "pi",
		"pîšu": "pišu",
		"pû": "pu",
		"pāhatūte": "pahatute",
		"pāhatūtu": "pahatutu",
		"pāhiti": "pahiti",
		"pāhitīka": "pahitika",
		"pāhutu": "pahutu",
		"pāhāte": "pahate",
		"pāhāti": "pahati",
		"pāhātēšu": "pahatešu",
		"pāhātīšu": "pahatišu",
		"pān": "pan",
		"pāni": "pani",
		"pānikunu": "panikunu",
		"pānitte": "panitte",
		"pāniu": "paniu",
		"pānišunu": "panišunu",
		"pāniūte": "paniute",
		"pānu": "panu",
		"pānû": "panu",
		"pānāssunu": "panassunu",
		"pānāt": "panat",
		"pānātu": "panatu",
		"pānātukkunu": "panatukkunu",
		"pānātun": "panatun",
		"pānātuššu": "panatuššu",
		"pānātuššunu": "panatuššunu",
		"pānātūni": "panatuni",
		"pānātūya": "panatuya",
		"pānē": "pane",
		"pānī": "pani",
		"pānīka": "panika",
		"pānīkāni": "panikani",
		"pānīya": "paniya",
		"pānīšu": "panišu",
		"pēthalli": "pethalli",
		"pēthallikunu": "pethallikunu",
		"pēthallu": "pethallu",
		"pēthallumni": "pethallumni",
		"pēthallāte": "pethallate",
		"pēthallāti": "pethallati",
		"pēthallī": "pethalli",
		"pēthallīšu": "pethallišu",
		"pīhātu": "pihatu",
		"pīhātūtu": "pihatutu",
		"pīlu": "pilu",
		"pīqat": "piqat",
		"pīri": "piri",
		"pīru": "piru",
		"pūhi": "puhi",
		"pūhu": "puhu",
		"pūlu": "pulu",
		"pūlāni": "pulani",
		"pūt": "put",
		"pūtu": "putu",
		"pūtuhhu": "putuhhu",
		"pūtuhu": "putuhu",
		"pūtūya": "putuya",
		"qabaltīu": "qabaltiu",
		"qabassīte": "qabassite",
		"qabassīti": "qabassiti",
		"qabaššunūni": "qabaššununi",
		"qablāti": "qablati",
		"qabî": "qabi",
		"qabû": "qabu",
		"qabûniššūni": "qabuniššuni",
		"qallūte": "qallute",
		"qallūtīni": "qallutini",
		"qarbāte": "qarbate",
		"qarbātēya": "qarbateya",
		"qarbātēšu": "qarbatešu",
		"qarābi": "qarabi",
		"qarābu": "qarabu",
		"qarāru": "qararu",
		"qatāru": "qataru",
		"qerû": "qeru",
		"qerēbu": "qerebu",
		"qinītu": "qinitu",
		"qudīni": "qudini",
		"qurbūte": "qurbute",
		"qurbūti": "qurbuti",
		"qurbūtu": "qurbutu",
		"qurbūtēya": "qurbuteya",
		"qâ": "qa",
		"qâlu": "qalu",
		"qû": "qu",
		"qālu": "qalu",
		"qālāka": "qalaka",
		"qālākunu": "qalakunu",
		"qāni": "qani",
		"qāti": "qati",
		"qātu": "qatu",
		"qātā": "qata",
		"qātāšu": "qatašu",
		"qātē": "qate",
		"qātēya": "qateya",
		"qātēšunu": "qatešunu",
		"qātī": "qati",
		"qātīkunu": "qatikunu",
		"qātīya": "qatiya",
		"qātīšu": "qatišu",
		"qēpi": "qepi",
		"qēpu": "qepu",
		"qīpu": "qipu",
		"rabiūte": "rabiute",
		"rabiūti": "rabiuti",
		"rabiūtīšu": "rabiutišu",
		"rabê": "rabe",
		"rabû": "rabu",
		"radāpu": "radapu",
		"ragāmu": "ragamu",
		"raksūti": "raksuti",
		"rakābu": "rakabu",
		"rakāsu": "rakasu",
		"ramanīšunu": "ramanišunu",
		"ramenīya": "rameniya",
		"ramenīšu": "ramenišu",
		"ramenīšunu": "ramenišunu",
		"raminīka": "raminika",
		"rammû": "rammu",
		"rammûatūni": "rammuatuni",
		"ramnīšu": "ramnišu",
		"ramû": "ramu",
		"ramāki": "ramaki",
		"ramāku": "ramaku",
		"ramānu": "ramanu",
		"rapšūte": "rapšute",
		"raʾābu": "raʾabu",
		"raṣipūni": "raṣipuni",
		"raṣpāte": "raṣpate",
		"raṣāpu": "raṣapu",
		"redû": "redu",
		"reʾû": "reʾu",
		"riksī": "riksi",
		"riāqu": "riaqu",
		"rummû": "rummu",
		"râbu": "rabu",
		"râmu": "ramu",
		"rādi": "radi",
		"rādiu": "radiu",
		"rādiāni": "radiani",
		"rākisūte": "rakisute",
		"rāqa": "raqa",
		"rāqûni": "raquni",
		"rāqāka": "raqaka",
		"rāqūtēšu": "raqutešu",
		"rāšû": "rašu",
		"rāʾiūssina": "raʾiussina",
		"rāʾyi": "raʾyi",
		"rāʾyu": "raʾyu",
		"rāʾî": "raʾi",
		"rēhe": "rehe",
		"rēhte": "rehte",
		"rēhti": "rehti",
		"rēhtu": "rehtu",
		"rēhu": "rehu",
		"rēhāte": "rehate",
		"rēhūni": "rehuni",
		"rēhūte": "rehute",
		"rēme": "reme",
		"rēmu": "remu",
		"rēssu": "ressu",
		"rēssunu": "ressunu",
		"rēš": "reš",
		"rēši": "reši",
		"rēšu": "rešu",
		"rēšāni": "rešani",
		"rēšīya": "rešiya",
		"rēšīšu": "rešišu",
		"rēšīšunu": "rešišunu",
		"rēʾû": "reʾu",
		"rēʾûtu": "reʾutu",
		"rību": "ribu",
		"rīmu": "rimu",
		"rīmāni": "rimani",
		"rīqu": "riqu",
		"rīqūtu": "riqutu",
		"rūqu": "ruqu",
		"rūqūti": "ruquti",
		"rūṭu": "ruṭu",
		"s.o.ʾs": "soʾs",
		"sadāru": "sadaru",
		"sahāru": "saharu",
		"salmīni": "salmini",
		"salmūni": "salmuni",
		"salāmu": "salamu",
		"salāʾu": "salaʾu",
		"sangû": "sangu",
		"sanāqu": "sanaqu",
		"saramê": "sarame",
		"sarāmû": "saramu",
		"seed(s)": "seeds",
		"service)": "service",
		"simānu": "simanu",
		"sinnišāti": "sinnišati",
		"siparrī": "siparri",
		"sissê": "sisse",
		"sissêya": "sisseya",
		"sissêšu": "sissešu",
		"sissêšunu": "sissešunu",
		"sissû": "sissu",
		"sisû": "sisu",
		"straw)": "straw",
		"surrē": "surre",
		"sêru": "seru",
		"sāgātēšu": "sagatešu",
		"sīri": "siri",
		"sūsānu": "susanu",
		"sūsānī": "susani",
		"sūsānīšunu": "susanišunu",
		"sūti": "suti",
		"sūtu": "sutu",
		"tabāku": "tabaku",
		"tabālu": "tabalu",
		"tabīad": "tabiad",
		"tabīra": "tabira",
		"tadbukaššunû": "tadbukaššunu",
		"tadbūbu": "tadbubu",
		"taddanūni": "taddanuni",
		"tadāni": "tadani",
		"tadānu": "tadanu",
		"tadūkāni": "tadukani",
		"tahūme": "tahume",
		"tahūmi": "tahumi",
		"tahūmu": "tahumu",
		"tallakāni": "tallakani",
		"tallakūni": "tallakuni",
		"tamkāru": "tamkaru",
		"tammarūni": "tammaruni",
		"tamû": "tamu",
		"tamūat": "tamuat",
		"tamūta": "tamuta",
		"tamūttēni": "tamutteni",
		"tankarāni": "tankarani",
		"tankāri": "tankari",
		"tankāru": "tankaru",
		"tapaqqidāni": "tapaqqidani",
		"taqarribūni": "taqarribuni",
		"taqbûni": "taqbuni",
		"taqānu": "taqanu",
		"tarbāṣaka": "tarbaṣaka",
		"tarbāṣi": "tarbaṣi",
		"tarbāṣu": "tarbaṣu",
		"tartāni": "tartani",
		"tartānu": "tartanu",
		"tarâmûšūni": "taramušuni",
		"tarânšu": "taranšu",
		"tax)": "tax",
		"tašammâniššu": "tašammaniššu",
		"tašlīšaka": "tašlišaka",
		"tašlīšu": "tašlišu",
		"tašlīšīya": "tašlišiya",
		"tašmûni": "tašmuni",
		"tašpurūni": "tašpuruni",
		"tašīaṭ": "tašiaṭ",
		"tašīṭa": "tašiṭa",
		"taʾʾumāte": "taʾʾumate",
		"tebû": "tebu",
		"temple)": "temple",
		"tessipāni": "tessipani",
		"tettīqi": "tettiqi",
		"tidittīka": "tidittika",
		"tikpī": "tikpi",
		"tillāni": "tillani",
		"tillī": "tilli",
		"timmē": "timme",
		"timāli": "timali",
		"titurrāte": "titurrate",
		"titūru": "tituru",
		"trees)": "trees",
		"tugdammirūni": "tugdammiruni",
		"tukīš": "tukiš",
		"tunammerūni": "tunammeruni",
		"tunammāša": "tunammaša",
		"tunic)": "tunic",
		"tuqarrabūni": "tuqarrabuni",
		"turtānu": "turtanu",
		"turtānūti": "turtanuti",
		"turtānūtu": "turtanutu",
		"turtānūšu": "turtanušu",
		"tussēbil": "tussebil",
		"tussēšib": "tussešib",
		"tussēšibšu": "tussešibšu",
		"tuttēre": "tuttere",
		"tutâršunu": "tutaršunu",
		"tušēbilanni": "tušebilanni",
		"tušēli": "tušeli",
		"târu": "taru",
		"têrtu": "tertu",
		"tābiu": "tabiu",
		"tābukšunu": "tabukšunu",
		"tākulūni": "takuluni",
		"tātahaz": "tatahaz",
		"tēgirtu": "tegirtu",
		"tēre": "tere",
		"tērēti": "tereti",
		"tētapša": "tetapša",
		"tīlu": "tilu",
		"tūbil": "tubil",
		"tūda": "tuda",
		"tūkīš": "tukiš",
		"tūra": "tura",
		"tūʾamti": "tuʾamti",
		"tūʾamtu": "tuʾamtu",
		"tūṣi": "tuṣi",
		"tūṣâninni": "tuṣaninni",
		"ubaqqidūni": "ubaqqiduni",
		"ubaʾʾûni": "ubaʾʾuni",
		"ubballūni": "ubballuni",
		"ubbalūni": "ubbaluni",
		"ubbalūninni": "ubbaluninni",
		"ubrēšu": "ubrešu",
		"ubāli": "ubali",
		"ubānu": "ubanu",
		"ubānī": "ubani",
		"udê": "ude",
		"udû": "udu",
		"udāya": "udaya",
		"udēša": "udeša",
		"udēšu": "udešu",
		"udī": "udi",
		"udīna": "udina",
		"udīni": "udini",
		"udīšu": "udišu",
		"udīšunu": "udišunu",
		"ugammarūni": "ugammaruni",
		"ugdadammarūni": "ugdadammaruni",
		"ugārimma": "ugarimma",
		"ugāru": "ugaru",
		"ukallamūšanūni": "ukallamušanuni",
		"ukallimnāši": "ukallimnaši",
		"ukallāma": "ukallama",
		"ukaššadunāši": "ukaššadunaši",
		"uktallimunāši": "uktallimunaši",
		"uktaššiddūšu": "uktaššiddušu",
		"uktaššīdi": "uktaššidi",
		"uktuʾʾīni": "uktuʾʾini",
		"ukullû": "ukullu",
		"ukâl": "ukal",
		"ukâllu": "ukallu",
		"ukâllūni": "ukalluni",
		"ukâlu": "ukalu",
		"ukâlūni": "ukaluni",
		"ukâna": "ukana",
		"ulâ": "ula",
		"ummiānu": "ummianu",
		"ummâni": "ummani",
		"ummânu": "ummanu",
		"ummânī": "ummani",
		"umāmu": "umamu",
		"umāmāni": "umamani",
		"unakkarūni": "unakkaruni",
		"unammašūni": "unammašuni",
		"uncertain)": "uncertain",
		"unclear)": "unclear",
		"unknown)": "unknown",
		"untaddīdi": "untaddidi",
		"unâd": "unad",
		"up)": "up",
		"upahhirūni": "upahhiruni",
		"uptaʾʾīṣi": "uptaʾʾiṣi",
		"upâhu": "upahu",
		"upâhušunu": "upahušunu",
		"uqarrāba": "uqarraba",
		"urammû": "urammu",
		"urammûnāši": "urammunaši",
		"urdû": "urdu",
		"urdāni": "urdani",
		"urdānišunu": "urdanišunu",
		"urdānīka": "urdanika",
		"urdānīya": "urdaniya",
		"urdānīšu": "urdanišu",
		"urdānūti": "urdanuti",
		"urdānūtu": "urdanutu",
		"urdīšu": "urdišu",
		"urhāni": "urhani",
		"urkīssunu": "urkissunu",
		"urâmuannî": "uramuanni",
		"urê": "ure",
		"urû": "uru",
		"urāsi": "urasi",
		"urāsu": "urasu",
		"urāsāni": "urasani",
		"urāsī": "urasi",
		"urāt": "urat",
		"urāte": "urate",
		"urāti": "urati",
		"usahharūni": "usahharuni",
		"ussanettaqāni": "ussanettaqani",
		"ussaptiūni": "ussaptiuni",
		"ussapīlu": "ussapilu",
		"ussarkīpi": "ussarkipi",
		"ussēbila": "ussebila",
		"ussēbilakka": "ussebilakka",
		"ussēbilannīni": "ussebilannini",
		"ussēbilaššu": "ussebilaššu",
		"ussēbilaššunu": "ussebilaššunu",
		"ussēbilunikkâ": "ussebilunikka",
		"ussēbir": "ussebir",
		"ussēbīli": "ussebili",
		"ussēli": "usseli",
		"ussēlia": "usselia",
		"ussēlišunu": "usselišunu",
		"ussērib": "usserib",
		"ussēribu": "usseribu",
		"ussērida": "usserida",
		"ussēriduneššu": "usseriduneššu",
		"ussērīdi": "usseridi",
		"ussēšib": "ussešib",
		"ussēšibšu": "ussešibšu",
		"ussēšibšunu": "ussešibšunu",
		"ussēšībi": "ussešibi",
		"ussēṣia": "usseṣia",
		"uss̄ebila": "ussebila",
		"uttannišūni": "uttannišuni",
		"uttēre": "uttere",
		"utâr": "utar",
		"utâra": "utara",
		"utâru": "utaru",
		"utârušunu": "utarušunu",
		"uzakkûni": "uzakkuni",
		"ušagalnāšīni": "ušagalnašini",
		"ušaglanāši": "ušaglanaši",
		"ušakšadūni": "ušakšaduni",
		"ušarâqu": "ušaraqu",
		"ušarâqumma": "ušaraqumma",
		"ušašmû": "ušašmu",
		"ušerrāba": "ušerraba",
		"ušettaqūni": "ušettaquni",
		"ušpārāte": "ušparate",
		"ušâd": "ušad",
		"ušēbilanni": "ušebilanni",
		"ušēbilūni": "ušebiluni",
		"ušēribūni": "ušeribuni",
		"ušēṣanni": "ušeṣanni",
		"ušēṣannīni": "ušeṣannini",
		"ušēṣûni": "ušeṣuni",
		"uššabūni": "uššabuni",
		"uššē": "ušše",
		"uššēribšunu": "uššeribšunu",
		"uṣallû": "uṣallu",
		"uṣâšu": "uṣašu",
		"uṣêšu": "uṣešu",
		"uṣṣabbitūni": "uṣṣabbituni",
		"uṣṣā": "uṣṣa",
		"uṣṣīṣi": "uṣṣiṣi",
		"uṣṣū": "uṣṣu",
		"uṭâbu": "uṭabu",
		"vessel)": "vessel",
		"wabālu": "wabalu",
		"wadû": "wadu",
		"warkītu": "warkitu",
		"what?": "what",
		"when?": "when",
		"where?": "where",
		"which?": "which",
		"who?": "who",
		"why?": "why",
		"yâšim": "yašim",
		"yābilu": "yabilu",
		"yāmuttu": "yamuttu",
		"yāʾu": "yaʾu",
		"zabālu": "zabalu",
		"zakkê": "zakke",
		"zakkû": "zakku",
		"zakkûte": "zakkute",
		"zakû": "zaku",
		"zakāru": "zakaru",
		"zanānu": "zananu",
		"zaqāpu": "zaqapu",
		"zaqīpi": "zaqipi",
		"zaqīpu": "zaqipu",
		"zarʾē": "zarʾe",
		"zarʾēšunu": "zarʾešunu",
		"ziqnīšunu": "ziqnišunu",
		"ziqpī": "ziqpi",
		"zunnī": "zunni",
		"zâzu": "zazu",
		"zāratu": "zaratu",
		"zārāt": "zarat",
		"zāršu": "zaršu",
		"zēru": "zeru",
		"zūku": "zuku",
		"zūza": "zuza",
		"âdu": "adu",
		"āli": "ali",
		"āliku": "aliku",
		"ālikūti": "alikuti",
		"ālu": "alu",
		"ālāni": "alani",
		"ālānišunu": "alanišunu",
		"ālānāte": "alanate",
		"ālānīni": "alanini",
		"ālānīya": "alaniya",
		"ālīya": "aliya",
		"ālīšu": "ališu",
		"ālšu": "alšu",
		"ālūte": "alute",
		"ālūti": "aluti",
		"ālūtu": "alutu",
		"āmurūni": "amuruni",
		"āpiu": "apiu",
		"ātamar": "atamar",
		"ātašar": "atašar",
		"ātašra": "atašra",
		"āšibu": "ašibu",
		"āšibūte": "ašibute",
		"āšibūtu": "ašibutu",
		"āšipi": "ašipi",
		"āšipu": "ašipu",
		"āšurūšanūni": "ašurušanuni",
		"ēdumānu": "edumanu",
		"ēdēnû": "edenu",
		"ēdēnāte": "edenate",
		"ēdēnītu": "edenitu",
		"ēkal": "ekal",
		"ēkalli": "ekalli",
		"ēkallu": "ekallu",
		"ēkallê": "ekalle",
		"ēkallāte": "ekallate",
		"ēkurri": "ekurri",
		"ēkurru": "ekurru",
		"ēkurrāte": "ekurrate",
		"ēkurrātišunu": "ekurratišunu",
		"ēmidannīni": "emidannini",
		"ēmur": "emur",
		"ēmuruššu": "emuruššu",
		"ēmūru": "emuru",
		"ēnāti": "enati",
		"ēnātišunu": "enatišunu",
		"ēnātīšu": "enatišu",
		"ēnī": "eni",
		"ēpašūni": "epašuni",
		"ēpiš": "epiš",
		"ēpišu": "epišu",
		"ēpišūte": "epišute",
		"ēpuš": "epuš",
		"ēpušu": "epušu",
		"ēpušūni": "epušuni",
		"ēpû": "epu",
		"ēpūšu": "epušu",
		"ēribi": "eribi",
		"ēribūma": "eribuma",
		"ērišūni": "erišuni",
		"ērub": "erub",
		"ēruba": "eruba",
		"ērubūni": "erubuni",
		"ērūšu": "erušu",
		"ētabla": "etabla",
		"ētabrūni": "etabruni",
		"ētaklu": "etaklu",
		"ētamar": "etamar",
		"ētamarnāši": "etamarnaši",
		"ētamru": "etamru",
		"ētanšu": "etanšu",
		"ētapaš": "etapaš",
		"ētapšannimma": "etapšannimma",
		"ētapšu": "etapšu",
		"ētarab": "etarab",
		"ētarabu": "etarabu",
		"ētarba": "etarba",
		"ētarbu": "etarbu",
		"ētarbūni": "etarbuni",
		"ētarāba": "etaraba",
		"ētaršanni": "etaršanni",
		"ētašar": "etašar",
		"ētaṣadu": "etaṣadu",
		"ētemēdi": "etemedi",
		"ētetiq": "etetiq",
		"ētiq": "etiq",
		"ētiqūni": "etiquni",
		"ēṣa": "eṣa",
		"ēṣu": "eṣu",
		"ēṣātemma": "eṣatemma",
		"ēṣē": "eṣe",
		"īmuttu": "imuttu",
		"īnu": "inu",
		"ītabāka": "itabaka",
		"īṣu": "iṣu",
		"ŠAM₂": "šam₂",
		"ŠA₃": "ša₃",
		"ŠE": "še",
		"ŠEŠ": "šeš",
		"ŠU": "šu",
		"ŠU.2": "šu2",
		"ŠU.NIR": "šunir",
		"ŠU.SI": "šusi",
		"ŠUR.MAN": "šurman",
		"ŠU₂.A": "šu₂a",
		"Šamaš": "šamaš",
		"šabāšu": "šabašu",
		"šaddīn": "šaddin",
		"šaddīnī": "šaddini",
		"šadê": "šade",
		"šadû": "šadu",
		"šadādu": "šadadu",
		"šadālu": "šadalu",
		"šaglūte": "šaglute",
		"šahālu": "šahalu",
		"šahāṭu": "šahaṭu",
		"šahšūru": "šahšuru",
		"šahšūrī": "šahšuri",
		"šakkirūtu": "šakkirutu",
		"šaknāku": "šaknaku",
		"šaknīšunu": "šaknišunu",
		"šaknūte": "šaknute",
		"šaknūti": "šaknuti",
		"šaknūtīya": "šaknutiya",
		"šakālu": "šakalu",
		"šakāni": "šakani",
		"šakānu": "šakanu",
		"šakīni": "šakini",
		"šallimannāši": "šallimannaši",
		"šallūri": "šalluri",
		"šallūru": "šalluru",
		"šalmāti": "šalmati",
		"šalmūte": "šalmute",
		"šaluššēni": "šaluššeni",
		"šalāmu": "šalamu",
		"šalāšī": "šalaši",
		"šalāšīšu": "šalašišu",
		"šalāʾu": "šalaʾu",
		"šalšūmi": "šalšumi",
		"šamaššammē": "šamaššamme",
		"šamaššammū": "šamaššammu",
		"šammāni": "šammani",
		"šamnī": "šamni",
		"šamāṭu": "šamaṭu",
		"šangû": "šangu",
		"šaniūte": "šaniute",
		"šanî": "šani",
		"šanîš": "šaniš",
		"šanû": "šanu",
		"šanāti": "šanati",
		"šanītu": "šanitu",
		"šanīš": "šaniš",
		"šaprūte": "šaprute",
		"šapālu": "šapalu",
		"šapāru": "šaparu",
		"šarrāni": "šarrani",
		"šarrīni": "šarrini",
		"šarrūti": "šarruti",
		"šarrūtu": "šarrutu",
		"šatû": "šatu",
		"šazabussāte": "šazabussate",
		"šaššūme": "šaššume",
		"šaṭirūni": "šaṭiruni",
		"šaṭāru": "šaṭaru",
		"šelappāya": "šelappaya",
		"šeleppāyu": "šeleppayu",
		"šemû": "šemu",
		"šeārī": "šeari",
		"šibšāte": "šibšate",
		"šibšāti": "šibšati",
		"šiknāni": "šiknani",
		"šikārī": "šikari",
		"šināma": "šinama",
		"šinīšu": "šinišu",
		"šiprīka": "šiprika",
		"šiprīya": "šipriya",
		"šiprīšu": "šiprišu",
		"šiqlī": "šiqli",
		"šiāri": "šiari",
		"šiāru": "šiaru",
		"šiārumma": "šiarumma",
		"šiāṣu": "šiaṣu",
		"šubtīšu": "šubtišu",
		"šuglû": "šuglu",
		"šumāti": "šumati",
		"šumātišunu": "šumatišunu",
		"šumātīya": "šumatiya",
		"šumēli": "šumeli",
		"šumēlu": "šumelu",
		"šunāya": "šunaya",
		"šunāʾa": "šunaʾa",
		"šunūma": "šunuma",
		"šunūni": "šununi",
		"šuprāni": "šuprani",
		"šupêlu": "šupelu",
		"šurmēni": "šurmeni",
		"šurmēnu": "šurmenu",
		"šurīnu": "šurinu",
		"šušānu": "šušanu",
		"šâlu": "šalu",
		"šâšu": "šašu",
		"šâṭu": "šaṭu",
		"šî": "ši",
		"šû": "šu",
		"šākiru": "šakiru",
		"šāptu": "šaptu",
		"šāqê": "šaqe",
		"šāqû": "šaqu",
		"šāru": "šaru",
		"šārāni": "šarani",
		"šāšu": "šašu",
		"šāšumma": "šašumma",
		"šēbil": "šebil",
		"šēbila": "šebila",
		"šēbilanni": "šebilanni",
		"šēbilaššu": "šebilaššu",
		"šēlû": "šelu",
		"šēpi": "šepi",
		"šēpišunu": "šepišunu",
		"šēpu": "šepu",
		"šēpē": "šepe",
		"šēpēka": "šepeka",
		"šēpēya": "šepeya",
		"šēpēšu": "šepešu",
		"šēpēšunu": "šepešunu",
		"šēpīti": "šepiti",
		"šēpītu": "šepitu",
		"šēriba": "šeriba",
		"šēšubi": "šešubi",
		"šēṣia": "šeṣia",
		"šī": "ši",
		"šībi": "šibi",
		"šībūtu": "šibutu",
		"šīmi": "šimi",
		"šīmu": "šimu",
		"šīmê": "šime",
		"šīmī": "šimi",
		"šīpātu": "šipatu",
		"šīru": "širu",
		"šīrāni": "širani",
		"šīti": "šiti",
		"šītīni": "šitini",
		"šū": "šu",
		"šūlû": "šulu",
		"šūtu": "šutu",
		"šūtūma": "šutuma",
		"šūtūni": "šutuni",
		"ūbilušūni": "ubilušuni",
		"ūbilūni": "ubiluni",
		"ūda": "uda",
		"ūdi": "udi",
		"ūdû": "udu",
		"ūdûni": "uduni",
		"ūla": "ula",
		"ūm": "um",
		"ūma": "uma",
		"ūme": "ume",
		"ūmu": "umu",
		"ūmussu": "umussu",
		"ūmâ": "uma",
		"ūmāte": "umate",
		"ūmāti": "umati",
		"ūmātīma": "umatima",
		"ūmēšu": "umešu",
		"ūmēšunu": "umešunu",
		"ūri": "uri",
		"ūru": "uru",
		"ūtalli": "utalli",
		"ūtammedi": "utammedi",
		"ūtassik": "utassik",
		"ūtaṣṣīṣi": "utaṣṣiṣi",
		"ūšibūni": "ušibuni",
		"ūṣûni": "uṣuni",
		"ūṣīa": "uṣia",
		"ūṣīu": "uṣiu",
		"ṣabbutatūni": "ṣabbutatuni",
		"ṣabāt": "ṣabat",
		"ṣabātu": "ṣabatu",
		"ṣahittāti": "ṣahittati",
		"ṣahittīni": "ṣahittini",
		"ṣahittīšu": "ṣahittišu",
		"ṣarpī": "ṣarpi",
		"ṣehrāni": "ṣehrani",
		"ṣehrānīšu": "ṣehranišu",
		"ṣiprāt": "ṣiprat",
		"ṣullû": "ṣullu",
		"ṣāb": "ṣab",
		"ṣābu": "ṣabu",
		"ṣābāni": "ṣabani",
		"ṣābānikunu": "ṣabanikunu",
		"ṣābānišunu": "ṣabanišunu",
		"ṣābānīka": "ṣabanika",
		"ṣābānīya": "ṣabaniya",
		"ṣābānīšu": "ṣabanišu",
		"ṣālti": "ṣalti",
		"ṣāltu": "ṣaltu",
		"ṣāssīšunu": "ṣassišunu",
		"ṣēnu": "ṣenu",
		"ṣēnī": "ṣeni",
		"ṣēnīka": "ṣenika",
		"ṣīru": "ṣiru",
		"ṣīrāni": "ṣirani",
		"ṭabāhu": "ṭabahu",
		"ṭiābu": "ṭiabu",
		"ṭuppīšu": "ṭuppišu",
		"ṭupšarrī": "ṭupšarri",
		"ṭāb": "ṭab",
		"ṭāba": "ṭaba",
		"ṭābatka": "ṭabatka",
		"ṭābka": "ṭabka",
		"ṭābtu": "ṭabtu",
		"ṭābu": "ṭabu",
		"ṭābāma": "ṭabama",
		"ṭābšu": "ṭabšu",
		"ṭābūni": "ṭabuni",
		"ṭābūti": "ṭabuti",
		"ṭēme": "ṭeme",
		"ṭēmi": "ṭemi",
		"ṭēmu": "ṭemu",
		"ṭēmāte": "ṭemate",
		"ṭēmīšu": "ṭemišu",
		"ṭēmūni": "ṭemuni",
		"ṭēnšu": "ṭenšu",
		"ṭēnšūni": "ṭenšuni",
		"ṭēššunu": "ṭeššunu",
		"ṭūb": "ṭub",
		"ṭūbu": "ṭubu",
		"ṭūbīni": "ṭubini"
	}
}
