{
"type": "cdl",
  "source": "http://oracc.org/saao/saa16",
  "license": "This data is released under the CC0 license",
  "license-url": "https://creativecommons.org/publicdomain/zero/1.0/",
  "more-info": "http://oracc.org/doc/opendata/",
  "UTC-timestamp": "2017-05-19T11:55:50",
"project": "saao/saa16",
"textid": "P313631",
"cdl": [
{
"node": "c",
"type": "text",
"id": "P313631.U0",
"cdl": [
{
"node": "d",
"type": "object",
"ref": ""}
,
{
"node": "d",
"subtype": "obverse",
"type": "surface",
"ref": "P313631.o.1",
"type": "obverse",
"label": "o"}
,
{
"node": "d",
"type": "nonx",
"ref": "P313631.2",
"strict": "0",
"extent": "beginning",
"state": "missing"}
,
{
"node": "c",
"type": "discourse",
"subtype": "body",
"id": "P313631.U1",
"cdl": [
{
"node": "c",
"type": "sentence",
"id": "P313631.U2",
"label": "o 4' - e. 1",
"cdl": [
{
"node": "d",
"type": "line-start",
"ref": "P313631.3",
"n": "4'",
"label": "o 4'"}
,
{
"node": "l",
"frag": "{⸢lu₂v}GAL⸣-[x",
"id": "P313631.l030e5",
"ref": "P313631.3.1",
"inst": "u",
"f": {"lang": "akk-x-neoass",
"form": "{LU₂}GAL-x",
"pos": "u"}
}
,
{
"node": "l",
"frag": "x",
"id": "P313631.l030e6",
"ref": "P313631.3.2",
"inst": "u",
"f": {"lang": "akk-x-neoass",
"form": "x",
"pos": "u"}
}
,
{
"node": "l",
"frag": "x",
"id": "P313631.l030e7",
"ref": "P313631.3.3",
"inst": "u",
"f": {"lang": "akk-x-neoass",
"form": "x",
"pos": "u"}
}
,
{
"node": "l",
"frag": "x",
"id": "P313631.l030e8",
"ref": "P313631.3.4",
"inst": "u",
"f": {"lang": "akk-x-neoass",
"form": "x",
"pos": "u"}
}
,
{
"node": "l",
"frag": "x",
"id": "P313631.l030e9",
"ref": "P313631.3.5",
"inst": "u",
"f": {"lang": "akk-x-neoass",
"form": "x",
"pos": "u"}
}
,
{
"node": "l",
"frag": "x]",
"id": "P313631.l030ea",
"ref": "P313631.3.6",
"inst": "u",
"f": {"lang": "akk-x-neoass",
"form": "x",
"pos": "u"}
}
,
{
"node": "d",
"type": "line-start",
"ref": "P313631.4",
"n": "5'",
"label": "o 5'"}
,
{
"node": "l",
"frag": "EN",
"id": "P313631.l030eb",
"ref": "P313631.4.1",
"inst": "adi[until//with]PRP$",
"sig": "@saao/saa16%akk-x-neoass:EN=adi[until//with]PRP'PRP$adi",
"f": {"lang": "akk-x-neoass",
"form": "EN",
"cf": "adi",
"gw": "until",
"sense": "with",
"norm": "adi",
"pos": "PRP",
"epos": "PRP"}
}
,
{
"node": "l",
"frag": "[x",
"id": "P313631.l030ec",
"ref": "P313631.4.2",
"inst": "u",
"f": {"lang": "akk-x-neoass",
"form": "x",
"pos": "u"}
}
,
{
"node": "l",
"frag": "x",
"id": "P313631.l030ed",
"ref": "P313631.4.3",
"inst": "u",
"f": {"lang": "akk-x-neoass",
"form": "x",
"pos": "u"}
}
,
{
"node": "l",
"frag": "x",
"id": "P313631.l030ee",
"ref": "P313631.4.4",
"inst": "u",
"f": {"lang": "akk-x-neoass",
"form": "x",
"pos": "u"}
}
,
{
"node": "l",
"frag": "x",
"id": "P313631.l030ef",
"ref": "P313631.4.5",
"inst": "u",
"f": {"lang": "akk-x-neoass",
"form": "x",
"pos": "u"}
}
,
{
"node": "l",
"frag": "x",
"id": "P313631.l030f0",
"ref": "P313631.4.6",
"inst": "u",
"f": {"lang": "akk-x-neoass",
"form": "x",
"pos": "u"}
}
,
{
"node": "l",
"frag": "x",
"id": "P313631.l030f1",
"ref": "P313631.4.7",
"inst": "u",
"f": {"lang": "akk-x-neoass",
"form": "x",
"pos": "u"}
}
,
{
"node": "l",
"frag": "x]",
"id": "P313631.l030f2",
"ref": "P313631.4.8",
"inst": "u",
"f": {"lang": "akk-x-neoass",
"form": "x",
"pos": "u"}
}
,
{
"node": "d",
"type": "nonx",
"ref": "P313631.5",
"strict": "0",
"extent": "rest",
"state": "missing"}
,
{
"node": "d",
"subtype": "reverse",
"type": "surface",
"ref": "P313631.r.6",
"type": "reverse",
"label": "r"}
,
{
"node": "d",
"type": "nonx",
"ref": "P313631.7",
"strict": "0",
"extent": "beginning",
"state": "missing"}
,
{
"node": "d",
"type": "line-start",
"ref": "P313631.8",
"n": "1'",
"label": "r 1'"}
,
{
"node": "l",
"frag": "⸢a-na",
"id": "P313631.l030f3",
"ref": "P313631.8.1",
"inst": "ana[to]PRP",
"sig": "@saao/saa16%akk-x-neoass:a-na=ana[to//to]PRP'PRP$ana",
"f": {"lang": "akk-x-neoass",
"form": "a-na",
"cf": "ana",
"gw": "to",
"sense": "to",
"norm": "ana",
"pos": "PRP",
"epos": "PRP"}
}
,
{
"node": "l",
"frag": "{lu₂v}GAL⸣-[x",
"id": "P313631.l030f4",
"ref": "P313631.8.2",
"inst": "u",
"f": {"lang": "akk-x-neoass",
"form": "{LU₂}GAL-x",
"pos": "u"}
}
,
{
"node": "l",
"frag": "x",
"id": "P313631.l030f5",
"ref": "P313631.8.3",
"inst": "u",
"f": {"lang": "akk-x-neoass",
"form": "x",
"pos": "u"}
}
,
{
"node": "l",
"frag": "x",
"id": "P313631.l030f6",
"ref": "P313631.8.4",
"inst": "u",
"f": {"lang": "akk-x-neoass",
"form": "x",
"pos": "u"}
}
,
{
"node": "l",
"frag": "x]",
"id": "P313631.l030f7",
"ref": "P313631.8.5",
"inst": "u",
"f": {"lang": "akk-x-neoass",
"form": "x",
"pos": "u"}
}
,
{
"node": "d",
"type": "line-start",
"ref": "P313631.9",
"n": "2'",
"label": "r 2'"}
,
{
"node": "l",
"frag": "liš-al",
"id": "P313631.l030f8",
"ref": "P313631.9.1",
"inst": "lišʾal[ask]V",
"sig": "@saao/saa16%akk-x-neoass:liš-al=šâlu[ask//ask]V'V$lišʾal",
"f": {"lang": "akk-x-neoass",
"form": "liš-al",
"cf": "šâlu",
"gw": "ask",
"sense": "ask",
"norm": "lišʾal",
"pos": "V",
"epos": "V"}
}
,
{
"node": "l",
"frag": "LUGAL",
"id": "P313631.l030f9",
"ref": "P313631.9.2",
"inst": "šarru[king]N",
"sig": "@saao/saa16%akk-x-neoass:LUGAL=šarru[king//king]N'N$šarru",
"f": {"lang": "akk-x-neoass",
"form": "LUGAL",
"cf": "šarru",
"gw": "king",
"sense": "king",
"norm": "šarru",
"pos": "N",
"epos": "N"}
}
,
{
"node": "l",
"frag": "[x",
"id": "P313631.l030fa",
"ref": "P313631.9.3",
"inst": "u",
"f": {"lang": "akk-x-neoass",
"form": "x",
"pos": "u"}
}
,
{
"node": "l",
"frag": "x",
"id": "P313631.l030fb",
"ref": "P313631.9.4",
"inst": "u",
"f": {"lang": "akk-x-neoass",
"form": "x",
"pos": "u"}
}
,
{
"node": "l",
"frag": "x",
"id": "P313631.l030fc",
"ref": "P313631.9.5",
"inst": "u",
"f": {"lang": "akk-x-neoass",
"form": "x",
"pos": "u"}
}
,
{
"node": "l",
"frag": "x]",
"id": "P313631.l030fd",
"ref": "P313631.9.6",
"inst": "u",
"f": {"lang": "akk-x-neoass",
"form": "x",
"pos": "u"}
}
,
{
"node": "d",
"type": "line-start",
"ref": "P313631.10",
"n": "3'",
"label": "r 3'"}
,
{
"node": "l",
"frag": "a-ki",
"id": "P313631.l030fe",
"ref": "P313631.10.1",
"inst": "akī[as, like//when]PRP'SBJ",
"sig": "@saao/saa16%akk-x-neoass:a-ki=akī[as//when]PRP'SBJ$akī",
"f": {"lang": "akk-x-neoass",
"form": "a-ki",
"cf": "akī",
"gw": "as",
"sense": "when",
"norm": "akī",
"pos": "PRP",
"epos": "SBJ"}
}
,
{
"node": "l",
"frag": "BAD₃",
"id": "P313631.l030ff",
"ref": "P313631.10.2",
"inst": "dūru[fortification wall]N",
"sig": "@saao/saa16%akk-x-neoass:BAD₃=dūru[(city) wall//fortification wall]N'N$dūru",
"f": {"lang": "akk-x-neoass",
"form": "BAD₃",
"cf": "dūru",
"gw": "(city) wall",
"sense": "fortification wall",
"norm": "dūru",
"pos": "N",
"epos": "N"}
}
,
{
"node": "l",
"frag": "⸢x⸣+[x",
"id": "P313631.l03100",
"ref": "P313631.10.3",
"inst": "u",
"f": {"lang": "akk-x-neoass",
"form": "x+x",
"pos": "u"}
}
,
{
"node": "l",
"frag": "x",
"id": "P313631.l03101",
"ref": "P313631.10.4",
"inst": "u",
"f": {"lang": "akk-x-neoass",
"form": "x",
"pos": "u"}
}
,
{
"node": "l",
"frag": "x",
"id": "P313631.l03102",
"ref": "P313631.10.5",
"inst": "u",
"f": {"lang": "akk-x-neoass",
"form": "x",
"pos": "u"}
}
,
{
"node": "l",
"frag": "x]",
"id": "P313631.l03103",
"ref": "P313631.10.6",
"inst": "u",
"f": {"lang": "akk-x-neoass",
"form": "x",
"pos": "u"}
}
,
{
"node": "d",
"type": "line-start",
"ref": "P313631.11",
"n": "4'",
"label": "r 4'"}
,
{
"node": "l",
"frag": "i-me-ri-du-⸢ni⸣",
"id": "P313631.l03104",
"ref": "P313631.11.1",
"inst": "marāṭu[scratch//be(come) damaged]V$immeridūni",
"sig": "@saao/saa16%akk-x-neoass:i-me-ri-du-ni=marāṭu[scratch//be(come) damaged]V'V$immeridūni",
"f": {"lang": "akk-x-neoass",
"form": "i-me-ri-du-ni",
"cf": "marāṭu",
"gw": "scratch",
"sense": "be(come) damaged",
"norm": "immeridūni",
"pos": "V",
"epos": "V"}
}
,
{
"node": "l",
"frag": "[x",
"id": "P313631.l03105",
"ref": "P313631.11.2",
"inst": "u",
"f": {"lang": "akk-x-neoass",
"form": "x",
"pos": "u"}
}
,
{
"node": "l",
"frag": "x",
"id": "P313631.l03106",
"ref": "P313631.11.3",
"inst": "u",
"f": {"lang": "akk-x-neoass",
"form": "x",
"pos": "u"}
}
,
{
"node": "l",
"frag": "x]",
"id": "P313631.l03107",
"ref": "P313631.11.4",
"inst": "u",
"f": {"lang": "akk-x-neoass",
"form": "x",
"pos": "u"}
}
,
{
"node": "d",
"type": "line-start",
"ref": "P313631.12",
"n": "5'",
"label": "r 5'"}
,
{
"node": "l",
"frag": "a-na",
"id": "P313631.l03108",
"ref": "P313631.12.1",
"inst": "ana[to]PRP",
"sig": "@saao/saa16%akk-x-neoass:a-na=ana[to//to]PRP'PRP$ana",
"f": {"lang": "akk-x-neoass",
"form": "a-na",
"cf": "ana",
"gw": "to",
"sense": "to",
"norm": "ana",
"pos": "PRP",
"epos": "PRP"}
}
,
{
"node": "l",
"frag": "ma-qa-⸢te⸣",
"id": "P313631.l03109",
"ref": "P313631.12.2",
"inst": "maqātu[fall]V'N$maqāte",
"sig": "@saao/saa16%akk-x-neoass:ma-qa-te=maqātu[fall//fall]V'N$maqāte",
"f": {"lang": "akk-x-neoass",
"form": "ma-qa-te",
"cf": "maqātu",
"gw": "fall",
"sense": "fall",
"norm": "maqāte",
"pos": "V",
"epos": "N"}
}
,
{
"node": "l",
"frag": "[x",
"id": "P313631.l0310a",
"ref": "P313631.12.3",
"inst": "u",
"f": {"lang": "akk-x-neoass",
"form": "x",
"pos": "u"}
}
,
{
"node": "l",
"frag": "x",
"id": "P313631.l0310b",
"ref": "P313631.12.4",
"inst": "u",
"f": {"lang": "akk-x-neoass",
"form": "x",
"pos": "u"}
}
,
{
"node": "l",
"frag": "x",
"id": "P313631.l0310c",
"ref": "P313631.12.5",
"inst": "u",
"f": {"lang": "akk-x-neoass",
"form": "x",
"pos": "u"}
}
,
{
"node": "l",
"frag": "x]",
"id": "P313631.l0310d",
"ref": "P313631.12.6",
"inst": "u",
"f": {"lang": "akk-x-neoass",
"form": "x",
"pos": "u"}
}
,
{
"node": "d",
"type": "line-start",
"ref": "P313631.13",
"n": "6'",
"label": "r 6'"}
,
{
"node": "l",
"frag": "{giš}ŠU₂-MEŠ",
"id": "P313631.l0310e",
"ref": "P313631.13.1",
"inst": "šipšatu[(length of) wood//door-beam]N$šibšāti",
"sig": "@saao/saa16%akk-x-neoass:{GIŠ}ŠU₂-MEŠ=šipšatu[(length of) wood//door-beam]N'N$šibšāti",
"f": {"lang": "akk-x-neoass",
"form": "{GIŠ}ŠU₂-MEŠ",
"cf": "šipšatu",
"gw": "(length of) wood",
"sense": "door-beam",
"norm": "šibšāti",
"pos": "N",
"epos": "N"}
}
,
{
"node": "l",
"frag": "u₂-[x",
"id": "P313631.l0310f",
"ref": "P313631.13.2",
"inst": "u",
"f": {"lang": "akk-x-neoass",
"form": "u₂-x",
"pos": "u"}
}
,
{
"node": "l",
"frag": "x",
"id": "P313631.l03110",
"ref": "P313631.13.3",
"inst": "u",
"f": {"lang": "akk-x-neoass",
"form": "x",
"pos": "u"}
}
,
{
"node": "l",
"frag": "x",
"id": "P313631.l03111",
"ref": "P313631.13.4",
"inst": "u",
"f": {"lang": "akk-x-neoass",
"form": "x",
"pos": "u"}
}
,
{
"node": "l",
"frag": "x]",
"id": "P313631.l03112",
"ref": "P313631.13.5",
"inst": "u",
"f": {"lang": "akk-x-neoass",
"form": "x",
"pos": "u"}
}
,
{
"node": "d",
"type": "line-start",
"ref": "P313631.14",
"n": "7'",
"label": "r 7'"}
,
{
"node": "l",
"frag": "a-ki",
"id": "P313631.l03113",
"ref": "P313631.14.1",
"inst": "akī[as, like//in accordance with]PRP",
"sig": "@saao/saa16%akk-x-neoass:a-ki=akī[as//in accordance with]PRP'PRP$akī",
"f": {"lang": "akk-x-neoass",
"form": "a-ki",
"cf": "akī",
"gw": "as",
"sense": "in accordance with",
"norm": "akī",
"pos": "PRP",
"epos": "PRP"}
}
,
{
"node": "l",
"frag": "ša",
"id": "P313631.l03114",
"ref": "P313631.14.2",
"inst": "ša[what]REL",
"sig": "@saao/saa16%akk-x-neoass:ša=ša[that//what]REL'REL$ša",
"f": {"lang": "akk-x-neoass",
"form": "ša",
"cf": "ša",
"gw": "that",
"sense": "what",
"norm": "ša",
"pos": "REL",
"epos": "REL"}
}
,
{
"node": "l",
"frag": "⸢LUGAL⸣",
"id": "P313631.l03115",
"ref": "P313631.14.3",
"inst": "šarru[king]N",
"sig": "@saao/saa16%akk-x-neoass:LUGAL=šarru[king//king]N'N$šarru",
"f": {"lang": "akk-x-neoass",
"form": "LUGAL",
"cf": "šarru",
"gw": "king",
"sense": "king",
"norm": "šarru",
"pos": "N",
"epos": "N"}
}
,
{
"node": "l",
"frag": "[be-li₂",
"id": "P313631.l03116",
"ref": "P313631.14.4",
"inst": "bēlī[lord]N",
"sig": "@saao/saa16%akk-x-neoass:be-li₂=bēlu[lord//lord]N'N$bēlī",
"f": {"lang": "akk-x-neoass",
"form": "be-li₂",
"cf": "bēlu",
"gw": "lord",
"sense": "lord",
"norm": "bēlī",
"pos": "N",
"epos": "N"}
}
,
{
"node": "l",
"frag": "i-qab-bu-ni]",
"id": "P313631.l03117",
"ref": "P313631.14.5",
"inst": "iqabbûni[say]V",
"sig": "@saao/saa16%akk-x-neoass:i-qab-bu-ni=qabû[say//say]V'V$iqabbûni",
"f": {"lang": "akk-x-neoass",
"form": "i-qab-bu-ni",
"cf": "qabû",
"gw": "say",
"sense": "say",
"norm": "iqabbûni",
"pos": "V",
"epos": "V"}
}
,
{
"node": "d",
"type": "line-start",
"ref": "P313631.15",
"n": "8'",
"label": "r 8'"}
,
{
"node": "l",
"frag": "le-pu-⸢uš⸣",
"id": "P313631.l03118",
"ref": "P313631.15.1",
"inst": "lēpuš[do]V",
"sig": "@saao/saa16%akk-x-neoass:le-pu-uš=epēšu[do//do]V'V$lēpuš",
"f": {"lang": "akk-x-neoass",
"form": "le-pu-uš",
"cf": "epēšu",
"gw": "do",
"sense": "do",
"norm": "lēpuš",
"pos": "V",
"epos": "V"}
}
,
{
"node": "l",
"frag": "[x",
"id": "P313631.l03119",
"ref": "P313631.15.2",
"inst": "u",
"f": {"lang": "akk-x-neoass",
"form": "x",
"pos": "u"}
}
,
{
"node": "l",
"frag": "x",
"id": "P313631.l0311a",
"ref": "P313631.15.3",
"inst": "u",
"f": {"lang": "akk-x-neoass",
"form": "x",
"pos": "u"}
}
,
{
"node": "l",
"frag": "x]",
"id": "P313631.l0311b",
"ref": "P313631.15.4",
"inst": "u",
"f": {"lang": "akk-x-neoass",
"form": "x",
"pos": "u"}
}
,
{
"node": "d",
"subtype": "edge",
"type": "surface",
"ref": "P313631.e..16",
"type": "edge",
"label": "e."}
,
{
"node": "d",
"type": "line-start",
"ref": "P313631.17",
"n": "1",
"label": "e. 1"}
,
{
"node": "l",
"frag": "[ŠA₃-bu",
"id": "P313631.l0311c",
"ref": "P313631.17.1",
"inst": "libbu[mood]N",
"sig": "@saao/saa16%akk-x-neoass:ŠA₃-bu=libbu[interior//mood]N'N$libbu",
"f": {"lang": "akk-x-neoass",
"form": "ŠA₃-bu",
"cf": "libbu",
"gw": "interior",
"sense": "mood",
"norm": "libbu",
"pos": "N",
"epos": "N"}
}
,
{
"node": "l",
"frag": "ša",
"id": "P313631.l0311d",
"ref": "P313631.17.2",
"inst": "ša[of]DET",
"sig": "@saao/saa16%akk-x-neoass:ša=ša[of//of]DET'DET$ša",
"f": {"lang": "akk-x-neoass",
"form": "ša",
"cf": "ša",
"gw": "of",
"sense": "of",
"norm": "ša",
"pos": "DET",
"epos": "DET"}
}
,
{
"node": "l",
"frag": "LUGAL",
"id": "P313631.l0311e",
"ref": "P313631.17.3",
"inst": "šarri[king]N",
"sig": "@saao/saa16%akk-x-neoass:LUGAL=šarru[king//king]N'N$šarri",
"f": {"lang": "akk-x-neoass",
"form": "LUGAL",
"cf": "šarru",
"gw": "king",
"sense": "king",
"norm": "šarri",
"pos": "N",
"epos": "N"}
}
,
{
"node": "l",
"frag": "EN-ia",
"id": "P313631.l0311f",
"ref": "P313631.17.4",
"inst": "bēlīya[lord]N",
"sig": "@saao/saa16%akk-x-neoass:EN-ia=bēlu[lord//lord]N'N$bēlīya",
"f": {"lang": "akk-x-neoass",
"form": "EN-ia",
"cf": "bēlu",
"gw": "lord",
"sense": "lord",
"norm": "bēlīya",
"pos": "N",
"epos": "N"}
}
,
{
"node": "l",
"frag": "a]-⸢dan⸣-niš",
"id": "P313631.l03120",
"ref": "P313631.17.5",
"inst": "adanniš[very much]AV",
"sig": "@saao/saa16%akk-x-neoass:a-dan-niš=adanniš[very much//very much]AV'AV$adanniš",
"f": {"lang": "akk-x-neoass",
"form": "a-dan-niš",
"cf": "adanniš",
"gw": "very much",
"sense": "very much",
"norm": "adanniš",
"pos": "AV",
"epos": "AV"}
}
,
{
"node": "l",
"frag": "lu",
"id": "P313631.l03121",
"ref": "P313631.17.6",
"inst": "lū[may]MOD",
"sig": "@saao/saa16%akk-x-neoass:lu=lū[may//may]MOD'MOD$lū",
"f": {"lang": "akk-x-neoass",
"form": "lu",
"cf": "lū",
"gw": "may",
"sense": "may",
"norm": "lū",
"pos": "MOD",
"epos": "MOD"}
}
,
{
"node": "l",
"frag": "DUG₃.GA",
"id": "P313631.l03122",
"ref": "P313631.17.7",
"inst": "ṭāb[good]AJ",
"sig": "@saao/saa16%akk-x-neoass:DUG₃.GA=ṭābu[good//good]AJ'AJ$ṭāb",
"f": {"lang": "akk-x-neoass",
"form": "DUG₃.GA",
"cf": "ṭābu",
"gw": "good",
"sense": "good",
"norm": "ṭāb",
"pos": "AJ",
"epos": "AJ"}
}
]}
]}
]}
]}
