{
"type": "cdl",
  "source": "http://oracc.org/saao/saa16",
  "license": "This data is released under the CC0 license",
  "license-url": "https://creativecommons.org/publicdomain/zero/1.0/",
  "more-info": "http://oracc.org/doc/opendata/",
  "UTC-timestamp": "2017-05-19T11:55:49",
"project": "saao/saa16",
"textid": "P313565",
"cdl": [
{
"node": "c",
"type": "text",
"id": "P313565.U0",
"cdl": [
{
"node": "d",
"type": "object",
"ref": ""}
,
{
"node": "d",
"subtype": "obverse",
"type": "surface",
"ref": "P313565.o.1",
"type": "obverse",
"label": "o"}
,
{
"node": "d",
"type": "nonx",
"ref": "P313565.2",
"strict": "0",
"extent": "beginning",
"state": "missing"}
,
{
"node": "c",
"type": "discourse",
"subtype": "body",
"id": "P313565.U1",
"cdl": [
{
"node": "c",
"type": "sentence",
"id": "P313565.U2",
"label": "o 1' - r 13",
"cdl": [
{
"node": "d",
"type": "line-start",
"ref": "P313565.3",
"n": "1'",
"label": "o 1'"}
,
{
"node": "l",
"frag": "[x",
"id": "P313565.l02c0d",
"ref": "P313565.3.1",
"inst": "u",
"f": {"lang": "akk-x-neoass",
"form": "x",
"pos": "u"}
}
,
{
"node": "l",
"frag": "x",
"id": "P313565.l02c0e",
"ref": "P313565.3.2",
"inst": "u",
"f": {"lang": "akk-x-neoass",
"form": "x",
"pos": "u"}
}
,
{
"node": "l",
"frag": "ša",
"id": "P313565.l02c0f",
"ref": "P313565.3.3",
"inst": "ša[who]REL",
"sig": "@saao/saa16%akk-x-neoass:ša=ša[that//who]REL'REL$ša",
"f": {"lang": "akk-x-neoass",
"form": "ša",
"cf": "ša",
"gw": "that",
"sense": "who",
"norm": "ša",
"pos": "REL",
"epos": "REL"}
}
,
{
"node": "l",
"frag": "LUGAL",
"id": "P313565.l02c10",
"ref": "P313565.3.4",
"inst": "šarru[king]N",
"sig": "@saao/saa16%akk-x-neoass:LUGAL=šarru[king//king]N'N$šarru",
"f": {"lang": "akk-x-neoass",
"form": "LUGAL",
"cf": "šarru",
"gw": "king",
"sense": "king",
"norm": "šarru",
"pos": "N",
"epos": "N"}
}
,
{
"node": "l",
"frag": "be-li₂",
"id": "P313565.l02c11",
"ref": "P313565.3.5",
"inst": "bēlī[lord]N",
"sig": "@saao/saa16%akk-x-neoass:be-li₂=bēlu[lord//lord]N'N$bēlī",
"f": {"lang": "akk-x-neoass",
"form": "be-li₂",
"cf": "bēlu",
"gw": "lord",
"sense": "lord",
"norm": "bēlī",
"pos": "N",
"epos": "N"}
}
,
{
"node": "l",
"frag": "iš]-⸢pur⸣-an-ni",
"id": "P313565.l02c12",
"ref": "P313565.3.6",
"inst": "išpuranni[write]V",
"sig": "@saao/saa16%akk-x-neoass:iš-pur-an-ni=šapāru[send//write]V'V$išpuranni",
"f": {"lang": "akk-x-neoass",
"form": "iš-pur-an-ni",
"cf": "šapāru",
"gw": "send",
"sense": "write",
"norm": "išpuranni",
"pos": "V",
"epos": "V"}
}
,
{
"node": "d",
"type": "line-start",
"ref": "P313565.4",
"n": "2'",
"label": "o 2'"}
,
{
"node": "l",
"frag": "[ma-a",
"id": "P313565.l02c13",
"ref": "P313565.4.1",
"inst": "mā[saying]PRP",
"sig": "@saao/saa16%akk-x-neoass:ma-a=mā[saying//saying]PRP'PRP$mā",
"f": {"lang": "akk-x-neoass",
"form": "ma-a",
"cf": "mā",
"gw": "saying",
"sense": "saying",
"norm": "mā",
"pos": "PRP",
"epos": "PRP"}
}
,
{
"node": "l",
"frag": "x",
"id": "P313565.l02c14",
"ref": "P313565.4.2",
"inst": "u",
"f": {"lang": "akk-x-neoass",
"form": "x",
"pos": "u"}
}
,
{
"node": "l",
"frag": "x",
"id": "P313565.l02c15",
"ref": "P313565.4.3",
"inst": "u",
"f": {"lang": "akk-x-neoass",
"form": "x",
"pos": "u"}
}
,
{
"node": "l",
"frag": "x",
"id": "P313565.l02c16",
"ref": "P313565.4.4",
"inst": "u",
"f": {"lang": "akk-x-neoass",
"form": "x",
"pos": "u"}
}
,
{
"node": "l",
"frag": "x",
"id": "P313565.l02c17",
"ref": "P313565.4.5",
"inst": "u",
"f": {"lang": "akk-x-neoass",
"form": "x",
"pos": "u"}
}
,
{
"node": "l",
"frag": "x]-MEŠ-ni",
"id": "P313565.l02c18",
"ref": "P313565.4.6",
"inst": "u",
"f": {"lang": "akk-x-neoass",
"form": "x-MEŠ-ni",
"pos": "u"}
}
,
{
"node": "d",
"type": "line-start",
"ref": "P313565.5",
"n": "3'",
"label": "o 3'"}
,
{
"node": "l",
"frag": "[x",
"id": "P313565.l02c19",
"ref": "P313565.5.1",
"inst": "u",
"f": {"lang": "akk-x-neoass",
"form": "x",
"pos": "u"}
}
,
{
"node": "l",
"frag": "x",
"id": "P313565.l02c1a",
"ref": "P313565.5.2",
"inst": "u",
"f": {"lang": "akk-x-neoass",
"form": "x",
"pos": "u"}
}
,
{
"node": "l",
"frag": "a]-⸢na-ku",
"id": "P313565.l02c1b",
"ref": "P313565.5.3",
"inst": "anāku[I]IP",
"sig": "@saao/saa16%akk-x-neoass:a-na-ku=anāku[I//I]IP'IP$anāku",
"f": {"lang": "akk-x-neoass",
"form": "a-na-ku",
"cf": "anāku",
"gw": "I",
"sense": "I",
"norm": "anāku",
"pos": "IP",
"epos": "IP"}
}
,
{
"node": "l",
"frag": "as-sa⸣-nam-me",
"id": "P313565.l02c1c",
"ref": "P313565.5.4",
"inst": "šemû[hear//listen to]V$assanamme",
"sig": "@saao/saa16%akk-x-neoass:as-sa-nam-me=šemû[hear//listen to]V'V$assanamme",
"f": {"lang": "akk-x-neoass",
"form": "as-sa-nam-me",
"cf": "šemû",
"gw": "hear",
"sense": "listen to",
"norm": "assanamme",
"pos": "V",
"epos": "V"}
}
,
{
"node": "d",
"type": "line-start",
"ref": "P313565.6",
"n": "4'",
"label": "o 4'"}
,
{
"node": "l",
"frag": "01-en",
"id": "P313565.l02c1d",
"ref": "P313565.6.1",
"inst": "issēn[one]NU",
"sig": "@saao/saa16%akk-x-neoass:01-en=ištēn[one//one]NU'NU$issēn",
"f": {"lang": "akk-x-neoass",
"form": "01-en",
"cf": "ištēn",
"gw": "one",
"sense": "one",
"norm": "issēn",
"pos": "NU",
"epos": "NU"}
}
,
{
"node": "l",
"frag": "{lu₂v}SAG-MEŠ",
"id": "P313565.l02c1e",
"ref": "P313565.6.2",
"inst": "ša-rēšāni[eunuch]N",
"sig": "@saao/saa16%akk-x-neoass:{LU₂}SAG-MEŠ=ša-rēši[eunuch//eunuch]N'N$ša-rēšāni",
"f": {"lang": "akk-x-neoass",
"form": "{LU₂}SAG-MEŠ",
"cf": "ša-rēši",
"gw": "eunuch",
"sense": "eunuch",
"norm": "ša-rēšāni",
"pos": "N",
"epos": "N"}
}
,
{
"node": "l",
"frag": "lu-ṣi-a",
"id": "P313565.l02c1f",
"ref": "P313565.6.3",
"inst": "aṣû[go out//come out]V$lūṣia",
"sig": "@saao/saa16%akk-x-neoass:lu-ṣi-a=aṣû[go out//come out]V'V$lūṣia",
"f": {"lang": "akk-x-neoass",
"form": "lu-ṣi-a",
"cf": "aṣû",
"gw": "go out",
"sense": "come out",
"norm": "lūṣia",
"pos": "V",
"epos": "V"}
}
,
{
"node": "d",
"type": "line-start",
"ref": "P313565.7",
"n": "5'",
"label": "o 5'"}
,
{
"node": "l",
"frag": "ṭe₃-e-mu",
"id": "P313565.l02c20",
"ref": "P313565.7.1",
"inst": "ṭēmu[order]N",
"sig": "@saao/saa16%akk-x-neoass:ṭe₃-e-mu=ṭēmu[(fore)thought//order]N'N$ṭēmu",
"f": {"lang": "akk-x-neoass",
"form": "ṭe₃-e-mu",
"cf": "ṭēmu",
"gw": "(fore)thought",
"sense": "order",
"norm": "ṭēmu",
"pos": "N",
"epos": "N"}
}
,
{
"node": "l",
"frag": "liš-kun-šu₂-nu",
"id": "P313565.l02c21",
"ref": "P313565.7.2",
"inst": "šakānu[put//place]V$liškunšunu",
"sig": "@saao/saa16%akk-x-neoass:liš-kun-šu₂-nu=šakānu[put//place]V'V$liškunšunu",
"f": {"lang": "akk-x-neoass",
"form": "liš-kun-šu₂-nu",
"cf": "šakānu",
"gw": "put",
"sense": "place",
"norm": "liškunšunu",
"pos": "V",
"epos": "V"}
}
,
{
"node": "d",
"type": "line-start",
"ref": "P313565.8",
"n": "6'",
"label": "o 6'"}
,
{
"node": "l",
"frag": "u₃",
"id": "P313565.l02c22",
"ref": "P313565.8.1",
"inst": "u[and]CNJ",
"sig": "@saao/saa16%akk-x-neoass:u₃=u[and//and]CNJ'CNJ$u",
"f": {"lang": "akk-x-neoass",
"form": "u₃",
"cf": "u",
"gw": "and",
"sense": "and",
"norm": "u",
"pos": "CNJ",
"epos": "CNJ"}
}
,
{
"node": "c",
"type": "phrase",
"tag": "phr",
"id": "P313565.U4",
"ref": "P313565.ls00000",
"cdl": [
{
"node": "l",
"frag": "ina",
"id": "P313565.l02c23",
"ref": "P313565.8.2",
"inst": "ina[in+=concerning]PRP$",
"sig": "@saao/saa16%akk-x-neoass:ina=ina[in//in]PRP'PRP$ina",
"f": {"lang": "akk-x-neoass",
"form": "ina",
"cf": "ina",
"gw": "in",
"sense": "in",
"norm": "ina",
"pos": "PRP",
"epos": "PRP"}
}
,
{
"node": "l",
"frag": "UGU",
"id": "P313565.l02c24",
"ref": "P313565.8.3",
"inst": "muhhi[skull]N",
"sig": "@saao/saa16%akk-x-neoass:UGU=muhhu[skull//skull]N'N$muhhi",
"f": {"lang": "akk-x-neoass",
"form": "UGU",
"cf": "muhhu",
"gw": "skull",
"sense": "skull",
"norm": "muhhi",
"pos": "N",
"epos": "N"}
}
]}
,
{
"node": "l",
"frag": "{lu₂}u₂-ra-si",
"id": "P313565.l02c25",
"ref": "P313565.8.4",
"inst": "urāsī[brick mason]N",
"sig": "@saao/saa16%akk-x-neoass:{LU₂}u₂-ra-si=urāsu[(a foreman)//brick mason]N'N$urāsī",
"f": {"lang": "akk-x-neoass",
"form": "{LU₂}u₂-ra-si",
"cf": "urāsu",
"gw": "(a foreman)",
"sense": "brick mason",
"norm": "urāsī",
"pos": "N",
"epos": "N"}
}
,
{
"node": "d",
"type": "line-start",
"ref": "P313565.9",
"n": "7'",
"label": "o 7'"}
,
{
"node": "l",
"frag": "{lu₂}kal-lap",
"id": "P313565.l02c26",
"ref": "P313565.9.1",
"inst": "kallāpu[outrider]N$kallāp",
"sig": "@saao/saa16%akk-x-neoass:{LU₂}kal-lap=kallāpu[outrider//outrider]N'N$kallāp",
"f": {"lang": "akk-x-neoass",
"form": "{LU₂}kal-lap",
"cf": "kallāpu",
"gw": "outrider",
"sense": "outrider",
"norm": "kallāp",
"pos": "N",
"epos": "N"}
}
,
{
"node": "l",
"frag": "qur-bu",
"id": "P313565.l02c27",
"ref": "P313565.9.2",
"inst": "qurbu[available]AJ",
"sig": "@saao/saa16%akk-x-neoass:qur-bu=qurbu[near//available]AJ'AJ$qurbu",
"f": {"lang": "akk-x-neoass",
"form": "qur-bu",
"cf": "qurbu",
"gw": "near",
"sense": "available",
"norm": "qurbu",
"pos": "AJ",
"epos": "AJ"}
}
,
{
"node": "d",
"type": "line-start",
"ref": "P313565.10",
"n": "8'",
"label": "o 8'"}
,
{
"node": "l",
"frag": "{lu₂}kal-lap",
"id": "P313565.l02c28",
"ref": "P313565.10.1",
"inst": "kallāpu[outrider]N$kallāp",
"sig": "@saao/saa16%akk-x-neoass:{LU₂}kal-lap=kallāpu[outrider//outrider]N'N$kallāp",
"f": {"lang": "akk-x-neoass",
"form": "{LU₂}kal-lap",
"cf": "kallāpu",
"gw": "outrider",
"sense": "outrider",
"norm": "kallāp",
"pos": "N",
"epos": "N"}
}
,
{
"node": "l",
"frag": "ma-aʾ-⸢da⸣",
"id": "P313565.l02c29",
"ref": "P313565.10.2",
"inst": "maʾda[many]'AJ",
"sig": "@saao/saa16%akk-x-neoass:ma-aʾ-da=mādu[many//many]AJ'AJ$maʾda",
"f": {"lang": "akk-x-neoass",
"form": "ma-aʾ-da",
"cf": "mādu",
"gw": "many",
"sense": "many",
"norm": "maʾda",
"pos": "AJ",
"epos": "AJ"}
}
,
{
"node": "d",
"type": "line-start",
"ref": "P313565.11",
"n": "9'",
"label": "o 9'"}
,
{
"node": "l",
"frag": "{lu₂}kal-lap",
"id": "P313565.l02c2a",
"ref": "P313565.11.1",
"inst": "kallāpu[outrider]N$kallāp",
"sig": "@saao/saa16%akk-x-neoass:{LU₂}kal-lap=kallāpu[outrider//outrider]N'N$kallāp",
"f": {"lang": "akk-x-neoass",
"form": "{LU₂}kal-lap",
"cf": "kallāpu",
"gw": "outrider",
"sense": "outrider",
"norm": "kallāp",
"pos": "N",
"epos": "N"}
}
,
{
"node": "l",
"frag": "{uru}ub-[x]",
"id": "P313565.l02c2b",
"ref": "P313565.11.2",
"inst": "u",
"f": {"lang": "akk-x-neoass",
"form": "{URU}ub-x",
"pos": "u"}
}
,
{
"node": "d",
"type": "line-start",
"ref": "P313565.12",
"n": "10'",
"label": "o 10'"}
,
{
"node": "l",
"frag": "{lu₂}kal-lap",
"id": "P313565.l02c2c",
"ref": "P313565.12.1",
"inst": "kallāpu[outrider]N$kallāp",
"sig": "@saao/saa16%akk-x-neoass:{LU₂}kal-lap=kallāpu[outrider//outrider]N'N$kallāp",
"f": {"lang": "akk-x-neoass",
"form": "{LU₂}kal-lap",
"cf": "kallāpu",
"gw": "outrider",
"sense": "outrider",
"norm": "kallāp",
"pos": "N",
"epos": "N"}
}
,
{
"node": "l",
"frag": "ša",
"id": "P313565.l02c2d",
"ref": "P313565.12.2",
"inst": "ša[of]DET",
"sig": "@saao/saa16%akk-x-neoass:ša=ša[of//of]DET'DET$ša",
"f": {"lang": "akk-x-neoass",
"form": "ša",
"cf": "ša",
"gw": "of",
"sense": "of",
"norm": "ša",
"pos": "DET",
"epos": "DET"}
}
,
{
"node": "l",
"frag": "E₂.[GAL]",
"id": "P313565.l02c2e",
"ref": "P313565.12.3",
"inst": "ēkalli[palace]N",
"sig": "@saao/saa16%akk-x-neoass:E₂.GAL=ēkallu[palace//palace]N'N$ēkalli",
"f": {"lang": "akk-x-neoass",
"form": "E₂.GAL",
"cf": "ēkallu",
"gw": "palace",
"sense": "palace",
"norm": "ēkalli",
"pos": "N",
"epos": "N"}
}
,
{
"node": "d",
"type": "line-start",
"ref": "P313565.13",
"n": "11'",
"label": "o 11'"}
,
{
"node": "l",
"frag": "{lu₂}zu-⸢ku⸣",
"id": "P313565.l02c2f",
"ref": "P313565.13.1",
"inst": "zūku[infantry]N",
"sig": "@saao/saa16%akk-x-neoass:{LU₂}zu-ku=zūku[infantry//infantry]N'N$zūku",
"f": {"lang": "akk-x-neoass",
"form": "{LU₂}zu-ku",
"cf": "zūku",
"gw": "infantry",
"sense": "infantry",
"norm": "zūku",
"pos": "N",
"epos": "N"}
}
,
{
"node": "l",
"frag": "[x]",
"id": "P313565.l02c30",
"ref": "P313565.13.2",
"inst": "u",
"f": {"lang": "akk-x-neoass",
"form": "x",
"pos": "u"}
}
,
{
"node": "d",
"type": "line-start",
"ref": "P313565.14",
"n": "12'",
"label": "o 12'"}
,
{
"node": "l",
"frag": "šum-ma",
"id": "P313565.l02c31",
"ref": "P313565.14.1",
"inst": "šumma[if]MOD",
"sig": "@saao/saa16%akk-x-neoass:šum-ma=šumma[if//if]MOD'MOD$šumma",
"f": {"lang": "akk-x-neoass",
"form": "šum-ma",
"cf": "šumma",
"gw": "if",
"sense": "if",
"norm": "šumma",
"pos": "MOD",
"epos": "MOD"}
}
,
{
"node": "l",
"frag": "ma-hi-ir",
"id": "P313565.l02c32",
"ref": "P313565.14.2",
"inst": "mahir[acceptable]AJ",
"sig": "@saao/saa16%akk-x-neoass:ma-hi-ir=mahru[received//acceptable]AJ'AJ$mahir",
"f": {"lang": "akk-x-neoass",
"form": "ma-hi-ir",
"cf": "mahru",
"gw": "received",
"sense": "acceptable",
"norm": "mahir",
"pos": "AJ",
"epos": "AJ"}
}
,
{
"node": "c",
"type": "phrase",
"tag": "phr",
"id": "P313565.U5",
"ref": "P313565.ls00001",
"cdl": [
{
"node": "l",
"frag": "ina",
"id": "P313565.l02c33",
"ref": "P313565.14.3",
"inst": "ina[in+=to]PRP$",
"sig": "@saao/saa16%akk-x-neoass:ina=ina[in//in]PRP'PRP$ina",
"f": {"lang": "akk-x-neoass",
"form": "ina",
"cf": "ina",
"gw": "in",
"sense": "in",
"norm": "ina",
"pos": "PRP",
"epos": "PRP"}
}
,
{
"node": "l",
"frag": "IGI",
"id": "P313565.l02c34",
"ref": "P313565.14.4",
"inst": "pānu[front]N$pān",
"sig": "@saao/saa16%akk-x-neoass:IGI=pānu[front//front]N'N$pān",
"f": {"lang": "akk-x-neoass",
"form": "IGI",
"cf": "pānu",
"gw": "front",
"sense": "front",
"norm": "pān",
"pos": "N",
"epos": "N"}
}
]}
,
{
"node": "l",
"frag": "[LUGAL",
"id": "P313565.l02c35",
"ref": "P313565.14.5",
"inst": "šarri[king]N",
"sig": "@saao/saa16%akk-x-neoass:LUGAL=šarru[king//king]N'N$šarri",
"f": {"lang": "akk-x-neoass",
"form": "LUGAL",
"cf": "šarru",
"gw": "king",
"sense": "king",
"norm": "šarri",
"pos": "N",
"epos": "N"}
}
,
{
"node": "l",
"frag": "EN-ia₂]",
"id": "P313565.l02c36",
"ref": "P313565.14.6",
"inst": "bēlīya[lord]N",
"sig": "@saao/saa16%akk-x-neoass:EN-ia₂=bēlu[lord//lord]N'N$bēlīya",
"f": {"lang": "akk-x-neoass",
"form": "EN-ia₂",
"cf": "bēlu",
"gw": "lord",
"sense": "lord",
"norm": "bēlīya",
"pos": "N",
"epos": "N"}
}
,
{
"node": "d",
"type": "nonx",
"ref": "P313565.15",
"strict": "0",
"state": "other"}
,
{
"node": "d",
"subtype": "bottom",
"type": "surface",
"ref": "P313565.b.e..16",
"type": "bottom",
"label": "b.e."}
,
{
"node": "d",
"type": "line-start",
"ref": "P313565.17",
"n": "13'",
"label": "b.e. 13'"}
,
{
"node": "l",
"frag": "u₂-⸢x⸣",
"id": "P313565.l02c37",
"ref": "P313565.17.1",
"inst": "u",
"f": {"lang": "akk-x-neoass",
"form": "u₂-x",
"pos": "u"}
}
,
{
"node": "l",
"frag": "[x",
"id": "P313565.l02c38",
"ref": "P313565.17.2",
"inst": "u",
"f": {"lang": "akk-x-neoass",
"form": "x",
"pos": "u"}
}
,
{
"node": "l",
"frag": "x",
"id": "P313565.l02c39",
"ref": "P313565.17.3",
"inst": "u",
"f": {"lang": "akk-x-neoass",
"form": "x",
"pos": "u"}
}
,
{
"node": "l",
"frag": "x",
"id": "P313565.l02c3a",
"ref": "P313565.17.4",
"inst": "u",
"f": {"lang": "akk-x-neoass",
"form": "x",
"pos": "u"}
}
,
{
"node": "l",
"frag": "x",
"id": "P313565.l02c3b",
"ref": "P313565.17.5",
"inst": "u",
"f": {"lang": "akk-x-neoass",
"form": "x",
"pos": "u"}
}
,
{
"node": "l",
"frag": "x",
"id": "P313565.l02c3c",
"ref": "P313565.17.6",
"inst": "u",
"f": {"lang": "akk-x-neoass",
"form": "x",
"pos": "u"}
}
,
{
"node": "l",
"frag": "x",
"id": "P313565.l02c3d",
"ref": "P313565.17.7",
"inst": "u",
"f": {"lang": "akk-x-neoass",
"form": "x",
"pos": "u"}
}
,
{
"node": "l",
"frag": "x",
"id": "P313565.l02c3e",
"ref": "P313565.17.8",
"inst": "u",
"f": {"lang": "akk-x-neoass",
"form": "x",
"pos": "u"}
}
,
{
"node": "l",
"frag": "x]",
"id": "P313565.l02c3f",
"ref": "P313565.17.9",
"inst": "u",
"f": {"lang": "akk-x-neoass",
"form": "x",
"pos": "u"}
}
,
{
"node": "d",
"type": "line-start",
"ref": "P313565.18",
"n": "14'",
"label": "b.e. 14'"}
,
{
"node": "l",
"frag": "{⸢lu₂⸣}[x",
"id": "P313565.l02c40",
"ref": "P313565.18.1",
"inst": "u",
"f": {"lang": "akk-x-neoass",
"form": "{LU₂}x",
"pos": "u"}
}
,
{
"node": "l",
"frag": "x",
"id": "P313565.l02c41",
"ref": "P313565.18.2",
"inst": "u",
"f": {"lang": "akk-x-neoass",
"form": "x",
"pos": "u"}
}
,
{
"node": "l",
"frag": "x",
"id": "P313565.l02c42",
"ref": "P313565.18.3",
"inst": "u",
"f": {"lang": "akk-x-neoass",
"form": "x",
"pos": "u"}
}
,
{
"node": "l",
"frag": "x",
"id": "P313565.l02c43",
"ref": "P313565.18.4",
"inst": "u",
"f": {"lang": "akk-x-neoass",
"form": "x",
"pos": "u"}
}
,
{
"node": "l",
"frag": "x",
"id": "P313565.l02c44",
"ref": "P313565.18.5",
"inst": "u",
"f": {"lang": "akk-x-neoass",
"form": "x",
"pos": "u"}
}
,
{
"node": "l",
"frag": "x",
"id": "P313565.l02c45",
"ref": "P313565.18.6",
"inst": "u",
"f": {"lang": "akk-x-neoass",
"form": "x",
"pos": "u"}
}
,
{
"node": "l",
"frag": "x",
"id": "P313565.l02c46",
"ref": "P313565.18.7",
"inst": "u",
"f": {"lang": "akk-x-neoass",
"form": "x",
"pos": "u"}
}
,
{
"node": "l",
"frag": "x",
"id": "P313565.l02c47",
"ref": "P313565.18.8",
"inst": "u",
"f": {"lang": "akk-x-neoass",
"form": "x",
"pos": "u"}
}
,
{
"node": "l",
"frag": "x]",
"id": "P313565.l02c48",
"ref": "P313565.18.9",
"inst": "u",
"f": {"lang": "akk-x-neoass",
"form": "x",
"pos": "u"}
}
,
{
"node": "d",
"subtype": "reverse",
"type": "surface",
"ref": "P313565.r.19",
"type": "reverse",
"label": "r"}
,
{
"node": "d",
"type": "line-start",
"ref": "P313565.20",
"n": "1",
"label": "r 1"}
,
{
"node": "l",
"frag": "⸢x⸣+[x",
"id": "P313565.l02c49",
"ref": "P313565.20.1",
"inst": "u",
"f": {"lang": "akk-x-neoass",
"form": "x+x",
"pos": "u"}
}
,
{
"node": "l",
"frag": "x",
"id": "P313565.l02c4a",
"ref": "P313565.20.2",
"inst": "u",
"f": {"lang": "akk-x-neoass",
"form": "x",
"pos": "u"}
}
,
{
"node": "l",
"frag": "x]",
"id": "P313565.l02c4b",
"ref": "P313565.20.3",
"inst": "u",
"f": {"lang": "akk-x-neoass",
"form": "x",
"pos": "u"}
}
,
{
"node": "l",
"frag": "⸢x⸣+[x",
"id": "P313565.l02c4c",
"ref": "P313565.20.4",
"inst": "u",
"f": {"lang": "akk-x-neoass",
"form": "x+x",
"pos": "u"}
}
,
{
"node": "l",
"frag": "x",
"id": "P313565.l02c4d",
"ref": "P313565.20.5",
"inst": "u",
"f": {"lang": "akk-x-neoass",
"form": "x",
"pos": "u"}
}
,
{
"node": "l",
"frag": "x",
"id": "P313565.l02c4e",
"ref": "P313565.20.6",
"inst": "u",
"f": {"lang": "akk-x-neoass",
"form": "x",
"pos": "u"}
}
,
{
"node": "l",
"frag": "x",
"id": "P313565.l02c4f",
"ref": "P313565.20.7",
"inst": "u",
"f": {"lang": "akk-x-neoass",
"form": "x",
"pos": "u"}
}
,
{
"node": "l",
"frag": "x",
"id": "P313565.l02c50",
"ref": "P313565.20.8",
"inst": "u",
"f": {"lang": "akk-x-neoass",
"form": "x",
"pos": "u"}
}
,
{
"node": "l",
"frag": "x]",
"id": "P313565.l02c51",
"ref": "P313565.20.9",
"inst": "u",
"f": {"lang": "akk-x-neoass",
"form": "x",
"pos": "u"}
}
,
{
"node": "d",
"type": "line-start",
"ref": "P313565.21",
"n": "2",
"label": "r 2"}
,
{
"node": "l",
"frag": "li-⸢il-li⸣-ku-u-⸢ni⸣",
"id": "P313565.l02c52",
"ref": "P313565.21.1",
"inst": "alāku[go//come]V$lillikūni",
"sig": "@saao/saa16%akk-x-neoass:li-il-li-ku-u-ni=alāku[go//come]V'V$lillikūni",
"f": {"lang": "akk-x-neoass",
"form": "li-il-li-ku-u-ni",
"cf": "alāku",
"gw": "go",
"sense": "come",
"norm": "lillikūni",
"pos": "V",
"epos": "V"}
}
,
{
"node": "l",
"frag": "[x",
"id": "P313565.l02c53",
"ref": "P313565.21.2",
"inst": "u",
"f": {"lang": "akk-x-neoass",
"form": "x",
"pos": "u"}
}
,
{
"node": "l",
"frag": "x",
"id": "P313565.l02c54",
"ref": "P313565.21.3",
"inst": "u",
"f": {"lang": "akk-x-neoass",
"form": "x",
"pos": "u"}
}
,
{
"node": "l",
"frag": "x]",
"id": "P313565.l02c55",
"ref": "P313565.21.4",
"inst": "u",
"f": {"lang": "akk-x-neoass",
"form": "x",
"pos": "u"}
}
,
{
"node": "d",
"type": "line-start",
"ref": "P313565.22",
"n": "3",
"label": "r 3"}
,
{
"node": "l",
"frag": "ku-um",
"id": "P313565.l02c56",
"ref": "P313565.22.1",
"inst": "kūm[instead of]PRP",
"sig": "@saao/saa16%akk-x-neoass:ku-um=kūm[instead of//instead of]PRP'PRP$kūm",
"f": {"lang": "akk-x-neoass",
"form": "ku-um",
"cf": "kūm",
"gw": "instead of",
"sense": "instead of",
"norm": "kūm",
"pos": "PRP",
"epos": "PRP"}
}
,
{
"node": "l",
"frag": "ina",
"id": "P313565.l02c57",
"ref": "P313565.22.2",
"inst": "ina[in]PRP",
"sig": "@saao/saa16%akk-x-neoass:ina=ina[in//in]PRP'PRP$ina",
"f": {"lang": "akk-x-neoass",
"form": "ina",
"cf": "ina",
"gw": "in",
"sense": "in",
"norm": "ina",
"pos": "PRP",
"epos": "PRP"}
}
,
{
"node": "l",
"frag": "tak-ri-ma-⸢a⸣-[ti]",
"id": "P313565.l02c58",
"ref": "P313565.22.3",
"inst": "takrimāti[autumn]N$",
"sig": "@saao/saa16%akk-x-neoass:tak-ri-ma-a-ti=takrimāti[autumn//autumn]N'N$takrimāti",
"f": {"lang": "akk-x-neoass",
"form": "tak-ri-ma-a-ti",
"cf": "takrimāti",
"gw": "autumn",
"sense": "autumn",
"norm": "takrimāti",
"pos": "N",
"epos": "N"}
}
,
{
"node": "d",
"type": "line-start",
"ref": "P313565.23",
"n": "4",
"label": "r 4"}
,
{
"node": "l",
"frag": "ina",
"id": "P313565.l02c59",
"ref": "P313565.23.1",
"inst": "ina[in]PRP",
"sig": "@saao/saa16%akk-x-neoass:ina=ina[in//in]PRP'PRP$ina",
"f": {"lang": "akk-x-neoass",
"form": "ina",
"cf": "ina",
"gw": "in",
"sense": "in",
"norm": "ina",
"pos": "PRP",
"epos": "PRP"}
}
,
{
"node": "l",
"frag": "{iti}DU₆",
"id": "P313565.l02c5a",
"ref": "P313565.23.2",
"inst": "Tašriti[Tishri]MN",
"sig": "@saao/saa16%akk-x-neoass:{ITI}DU₆=Tašritu[Tishri//Tishri]MN'MN$Tašriti",
"f": {"lang": "akk-x-neoass",
"form": "{ITI}DU₆",
"cf": "Tašritu",
"gw": "Tishri",
"sense": "Tishri",
"norm": "Tašriti",
"pos": "MN",
"epos": "MN"}
}
,
{
"node": "l",
"frag": "a-na",
"id": "P313565.l02c5b",
"ref": "P313565.23.3",
"inst": "ana[to]PRP",
"sig": "@saao/saa16%akk-x-neoass:a-na=ana[to//to]PRP'PRP$ana",
"f": {"lang": "akk-x-neoass",
"form": "a-na",
"cf": "ana",
"gw": "to",
"sense": "to",
"norm": "ana",
"pos": "PRP",
"epos": "PRP"}
}
,
{
"node": "l",
"frag": "LUGAL",
"id": "P313565.l02c5c",
"ref": "P313565.23.4",
"inst": "šarri[king]N",
"sig": "@saao/saa16%akk-x-neoass:LUGAL=šarru[king//king]N'N$šarri",
"f": {"lang": "akk-x-neoass",
"form": "LUGAL",
"cf": "šarru",
"gw": "king",
"sense": "king",
"norm": "šarri",
"pos": "N",
"epos": "N"}
}
,
{
"node": "l",
"frag": "EN-[ia]",
"id": "P313565.l02c5d",
"ref": "P313565.23.5",
"inst": "bēlīya[lord]N",
"sig": "@saao/saa16%akk-x-neoass:EN-ia=bēlu[lord//lord]N'N$bēlīya",
"f": {"lang": "akk-x-neoass",
"form": "EN-ia",
"cf": "bēlu",
"gw": "lord",
"sense": "lord",
"norm": "bēlīya",
"pos": "N",
"epos": "N"}
}
,
{
"node": "d",
"type": "line-start",
"ref": "P313565.24",
"n": "5",
"label": "r 5"}
,
{
"node": "l",
"frag": "iq-ab-bu-ni",
"id": "P313565.l02c5e",
"ref": "P313565.24.1",
"inst": "qabû[say]V$iqabbûni",
"sig": "@saao/saa16%akk-x-neoass:iq-ab-bu-ni=qabû[say//say]V'V$iqabbûni",
"f": {"lang": "akk-x-neoass",
"form": "iq-ab-bu-ni",
"cf": "qabû",
"gw": "say",
"sense": "say",
"norm": "iqabbûni",
"pos": "V",
"epos": "V"}
}
,
{
"node": "l",
"frag": "ma-a",
"id": "P313565.l02c5f",
"ref": "P313565.24.2",
"inst": "mā[saying]PRP",
"sig": "@saao/saa16%akk-x-neoass:ma-a=mā[saying//saying]PRP'PRP$mā",
"f": {"lang": "akk-x-neoass",
"form": "ma-a",
"cf": "mā",
"gw": "saying",
"sense": "saying",
"norm": "mā",
"pos": "PRP",
"epos": "PRP"}
}
,
{
"node": "l",
"frag": "{lu₂}kal-[lap-MEŠ]",
"id": "P313565.l02c60",
"ref": "P313565.24.3",
"inst": "kallāpu[outrider]N$kallāpāni",
"sig": "@saao/saa16%akk-x-neoass:{LU₂}kal-lap-MEŠ=kallāpu[outrider//outrider]N'N$kallāpāni",
"f": {"lang": "akk-x-neoass",
"form": "{LU₂}kal-lap-MEŠ",
"cf": "kallāpu",
"gw": "outrider",
"sense": "outrider",
"norm": "kallāpāni",
"pos": "N",
"epos": "N"}
}
,
{
"node": "d",
"type": "line-start",
"ref": "P313565.25",
"n": "6",
"label": "r 6"}
,
{
"node": "l",
"frag": "la",
"id": "P313565.l02c61",
"ref": "P313565.25.1",
"inst": "lā[not]MOD",
"sig": "@saao/saa16%akk-x-neoass:la=lā[not//not]MOD'MOD$lā",
"f": {"lang": "akk-x-neoass",
"form": "la",
"cf": "lā",
"gw": "not",
"sense": "not",
"norm": "lā",
"pos": "MOD",
"epos": "MOD"}
}
,
{
"node": "l",
"frag": "e-rab-⸢u₂⸣-ni",
"id": "P313565.l02c62",
"ref": "P313565.25.2",
"inst": "erēbu[enter]V$errabūni",
"sig": "@saao/saa16%akk-x-neoass:e-rab-u₂-ni=erēbu[enter//enter]V'V$errabūni",
"f": {"lang": "akk-x-neoass",
"form": "e-rab-u₂-ni",
"cf": "erēbu",
"gw": "enter",
"sense": "enter",
"norm": "errabūni",
"pos": "V",
"epos": "V"}
}
,
{
"node": "d",
"type": "line-start",
"ref": "P313565.26",
"n": "7",
"label": "r 7"}
,
{
"node": "l",
"frag": "a-na",
"id": "P313565.l02c63",
"ref": "P313565.26.1",
"inst": "ana[to]PRP",
"sig": "@saao/saa16%akk-x-neoass:a-na=ana[to//to]PRP'PRP$ana",
"f": {"lang": "akk-x-neoass",
"form": "a-na",
"cf": "ana",
"gw": "to",
"sense": "to",
"norm": "ana",
"pos": "PRP",
"epos": "PRP"}
}
,
{
"node": "l",
"frag": "{1}aš-šur-PAB-ir",
"id": "P313565.l02c64",
"ref": "P313565.26.2",
"inst": "Aššur-naṣir[1]PN$",
"sig": "@saao/saa16%akk-x-neoass:{1}aš-šur-PAB-ir=Aššur-naṣir[1//1]PN'PN$Aššur-naṣir",
"f": {"lang": "akk-x-neoass",
"form": "{1}aš-šur-PAB-ir",
"cf": "Aššur-naṣir",
"gw": "1",
"sense": "1",
"norm": "Aššur-naṣir",
"pos": "PN",
"epos": "PN"}
}
,
{
"node": "l",
"frag": "a-[na]",
"id": "P313565.l02c65",
"ref": "P313565.26.3",
"inst": "ana[to]PRP",
"sig": "@saao/saa16%akk-x-neoass:a-na=ana[to//to]PRP'PRP$ana",
"f": {"lang": "akk-x-neoass",
"form": "a-na",
"cf": "ana",
"gw": "to",
"sense": "to",
"norm": "ana",
"pos": "PRP",
"epos": "PRP"}
}
,
{
"node": "l",
"frag": "{1}da-ni-i",
"id": "P313565.l02c66",
"ref": "P313565.26.4",
"inst": "Dani[1]PN$",
"sig": "@saao/saa16%akk-x-neoass:{1}da-ni-i=Dani[1//1]PN'PN$Dani",
"f": {"lang": "akk-x-neoass",
"form": "{1}da-ni-i",
"cf": "Dani",
"gw": "1",
"sense": "1",
"norm": "Dani",
"pos": "PN",
"epos": "PN"}
}
,
{
"node": "d",
"type": "line-start",
"ref": "P313565.27",
"n": "8",
"label": "r 8"}
,
{
"node": "l",
"frag": "LUGAL",
"id": "P313565.l02c67",
"ref": "P313565.27.1",
"inst": "šarru[king]N",
"sig": "@saao/saa16%akk-x-neoass:LUGAL=šarru[king//king]N'N$šarru",
"f": {"lang": "akk-x-neoass",
"form": "LUGAL",
"cf": "šarru",
"gw": "king",
"sense": "king",
"norm": "šarru",
"pos": "N",
"epos": "N"}
}
,
{
"node": "l",
"frag": "li-iq-bi",
"id": "P313565.l02c68",
"ref": "P313565.27.2",
"inst": "liqbi[say]V",
"sig": "@saao/saa16%akk-x-neoass:li-iq-bi=qabû[say//say]V'V$liqbi",
"f": {"lang": "akk-x-neoass",
"form": "li-iq-bi",
"cf": "qabû",
"gw": "say",
"sense": "say",
"norm": "liqbi",
"pos": "V",
"epos": "V"}
}
,
{
"node": "l",
"frag": "{⸢lu₂}qur⸣-ZAG-MEŠ",
"id": "P313565.l02c69",
"ref": "P313565.27.3",
"inst": "ša-qurbūti[close follower//(royal) confidant]N$",
"sig": "@saao/saa16%akk-x-neoass:{LU₂}qur-ZAG-MEŠ=ša-qurbūti[close follower//(royal) confidant]N'N$ša-qurbūti",
"f": {"lang": "akk-x-neoass",
"form": "{LU₂}qur-ZAG-MEŠ",
"cf": "ša-qurbūti",
"gw": "close follower",
"sense": "(royal) confidant",
"norm": "ša-qurbūti",
"pos": "N",
"epos": "N"}
}
,
{
"node": "d",
"type": "line-start",
"ref": "P313565.28",
"n": "9",
"label": "r 9"}
,
{
"node": "l",
"frag": "ša",
"id": "P313565.l02c6a",
"ref": "P313565.28.1",
"inst": "ša[who]REL",
"sig": "@saao/saa16%akk-x-neoass:ša=ša[that//who]REL'REL$ša",
"f": {"lang": "akk-x-neoass",
"form": "ša",
"cf": "ša",
"gw": "that",
"sense": "who",
"norm": "ša",
"pos": "REL",
"epos": "REL"}
}
,
{
"node": "l",
"frag": "MU.IM.MA",
"id": "P313565.l02c6b",
"ref": "P313565.28.2",
"inst": "šaddaqdiš[last year]AV",
"sig": "@saao/saa16%akk-x-neoass:MU.IM.MA=šaddaqda[last year//last year]AV'AV$šaddaqdiš",
"f": {"lang": "akk-x-neoass",
"form": "MU.IM.MA",
"cf": "šaddaqda",
"gw": "last year",
"sense": "last year",
"norm": "šaddaqdiš",
"pos": "AV",
"epos": "AV"}
}
,
{
"node": "c",
"type": "phrase",
"tag": "phr",
"id": "P313565.U6",
"ref": "P313565.ls00002",
"cdl": [
{
"node": "l",
"frag": "ina",
"id": "P313565.l02c6c",
"ref": "P313565.28.3",
"inst": "ina[in+=to]PRP$",
"sig": "@saao/saa16%akk-x-neoass:ina=ina[in//in]PRP'PRP$ina",
"f": {"lang": "akk-x-neoass",
"form": "ina",
"cf": "ina",
"gw": "in",
"sense": "in",
"norm": "ina",
"pos": "PRP",
"epos": "PRP"}
}
,
{
"node": "l",
"frag": "⸢UGU⸣-[hi]-⸢šu₂⸣-nu",
"id": "P313565.l02c6d",
"ref": "P313565.28.4",
"inst": "muhhišunu[skull]N",
"sig": "@saao/saa16%akk-x-neoass:UGU-hi-šu₂-nu=muhhu[skull//skull]N'N$muhhišunu",
"f": {"lang": "akk-x-neoass",
"form": "UGU-hi-šu₂-nu",
"cf": "muhhu",
"gw": "skull",
"sense": "skull",
"norm": "muhhišunu",
"pos": "N",
"epos": "N"}
}
]}
,
{
"node": "d",
"type": "line-start",
"ref": "P313565.29",
"n": "10",
"label": "r 10"}
,
{
"node": "l",
"frag": "il-lik-u-ni",
"id": "P313565.l02c6e",
"ref": "P313565.29.1",
"inst": "illikūni[go]V",
"sig": "@saao/saa16%akk-x-neoass:il-lik-u-ni=alāku[go//go]V'V$illikūni",
"f": {"lang": "akk-x-neoass",
"form": "il-lik-u-ni",
"cf": "alāku",
"gw": "go",
"sense": "go",
"norm": "illikūni",
"pos": "V",
"epos": "V"}
}
,
{
"node": "c",
"type": "phrase",
"tag": "phr",
"id": "P313565.U7",
"ref": "P313565.ls00003",
"cdl": [
{
"node": "l",
"frag": "ina",
"id": "P313565.l02c6f",
"ref": "P313565.29.2",
"inst": "ina[in+=in the presence of]PRP$",
"sig": "@saao/saa16%akk-x-neoass:ina=ina[in//in]PRP'PRP$ina",
"f": {"lang": "akk-x-neoass",
"form": "ina",
"cf": "ina",
"gw": "in",
"sense": "in",
"norm": "ina",
"pos": "PRP",
"epos": "PRP"}
}
,
{
"node": "l",
"frag": "IGI",
"id": "P313565.l02c70",
"ref": "P313565.29.3",
"inst": "pānu[front]N$pān",
"sig": "@saao/saa16%akk-x-neoass:IGI=pānu[front//front]N'N$pān",
"f": {"lang": "akk-x-neoass",
"form": "IGI",
"cf": "pānu",
"gw": "front",
"sense": "front",
"norm": "pān",
"pos": "N",
"epos": "N"}
}
]}
,
{
"node": "l",
"frag": "⸢LUGAL⸣",
"id": "P313565.l02c71",
"ref": "P313565.29.4",
"inst": "šarri[king]N",
"sig": "@saao/saa16%akk-x-neoass:LUGAL=šarru[king//king]N'N$šarri",
"f": {"lang": "akk-x-neoass",
"form": "LUGAL",
"cf": "šarru",
"gw": "king",
"sense": "king",
"norm": "šarri",
"pos": "N",
"epos": "N"}
}
,
{
"node": "l",
"frag": "EN-ia₂",
"id": "P313565.l02c72",
"ref": "P313565.29.5",
"inst": "bēlīya[lord]N",
"sig": "@saao/saa16%akk-x-neoass:EN-ia₂=bēlu[lord//lord]N'N$bēlīya",
"f": {"lang": "akk-x-neoass",
"form": "EN-ia₂",
"cf": "bēlu",
"gw": "lord",
"sense": "lord",
"norm": "bēlīya",
"pos": "N",
"epos": "N"}
}
,
{
"node": "d",
"type": "line-start",
"ref": "P313565.30",
"n": "11",
"label": "r 11"}
,
{
"node": "l",
"frag": "⸢lu⸣-ša₂-zi-zu",
"id": "P313565.l02c73",
"ref": "P313565.30.1",
"inst": "lušazzizu[station]V",
"sig": "@saao/saa16%akk-x-neoass:lu-ša₂-zi-zu=izuzzu[stand//station]V'V$lušazzizu",
"f": {"lang": "akk-x-neoass",
"form": "lu-ša₂-zi-zu",
"cf": "izuzzu",
"gw": "stand",
"sense": "station",
"norm": "lušazzizu",
"pos": "V",
"epos": "V"}
}
,
{
"node": "l",
"frag": "LUGAL",
"id": "P313565.l02c74",
"ref": "P313565.30.2",
"inst": "šarru[king]N",
"sig": "@saao/saa16%akk-x-neoass:LUGAL=šarru[king//king]N'N$šarru",
"f": {"lang": "akk-x-neoass",
"form": "LUGAL",
"cf": "šarru",
"gw": "king",
"sense": "king",
"norm": "šarru",
"pos": "N",
"epos": "N"}
}
,
{
"node": "l",
"frag": "ṭe₃-e-mu",
"id": "P313565.l02c75",
"ref": "P313565.30.3",
"inst": "ṭēmu[order]N",
"sig": "@saao/saa16%akk-x-neoass:ṭe₃-e-mu=ṭēmu[(fore)thought//order]N'N$ṭēmu",
"f": {"lang": "akk-x-neoass",
"form": "ṭe₃-e-mu",
"cf": "ṭēmu",
"gw": "(fore)thought",
"sense": "order",
"norm": "ṭēmu",
"pos": "N",
"epos": "N"}
}
,
{
"node": "d",
"type": "line-start",
"ref": "P313565.31",
"n": "12",
"label": "r 12"}
,
{
"node": "l",
"frag": "[liš]-⸢kun⸣-šu₂-nu",
"id": "P313565.l02c76",
"ref": "P313565.31.1",
"inst": "šakānu[put//place]V$liškunšunu",
"sig": "@saao/saa16%akk-x-neoass:liš-kun-šu₂-nu=šakānu[put//place]V'V$liškunšunu",
"f": {"lang": "akk-x-neoass",
"form": "liš-kun-šu₂-nu",
"cf": "šakānu",
"gw": "put",
"sense": "place",
"norm": "liškunšunu",
"pos": "V",
"epos": "V"}
}
,
{
"node": "l",
"frag": "lil-li-ku",
"id": "P313565.l02c77",
"ref": "P313565.31.2",
"inst": "lilliku[go]V",
"sig": "@saao/saa16%akk-x-neoass:lil-li-ku=alāku[go//go]V'V$lilliku",
"f": {"lang": "akk-x-neoass",
"form": "lil-li-ku",
"cf": "alāku",
"gw": "go",
"sense": "go",
"norm": "lilliku",
"pos": "V",
"epos": "V"}
}
,
{
"node": "d",
"type": "line-start",
"ref": "P313565.32",
"n": "13",
"label": "r 13"}
,
{
"node": "l",
"frag": "[x",
"id": "P313565.l02c78",
"ref": "P313565.32.1",
"inst": "u",
"f": {"lang": "akk-x-neoass",
"form": "x",
"pos": "u"}
}
,
{
"node": "l",
"frag": "x",
"id": "P313565.l02c79",
"ref": "P313565.32.2",
"inst": "u",
"f": {"lang": "akk-x-neoass",
"form": "x",
"pos": "u"}
}
,
{
"node": "l",
"frag": "li]-⸢bu⸣-ku-u-niš-šu₂-nu",
"id": "P313565.l02c7a",
"ref": "P313565.32.3",
"inst": "abāku[lead away//lead in]V$lībukūniššunu",
"sig": "@saao/saa16%akk-x-neoass:li-bu-ku-u-niš-šu₂-nu=abāku[lead away//lead in]V'V$lībukūniššunu",
"f": {"lang": "akk-x-neoass",
"form": "li-bu-ku-u-niš-šu₂-nu",
"cf": "abāku",
"gw": "lead away",
"sense": "lead in",
"norm": "lībukūniššunu",
"pos": "V",
"epos": "V"}
}
,
{
"node": "d",
"type": "nonx",
"ref": "P313565.33",
"strict": "0",
"extent": "rest",
"state": "missing"}
]}
]}
]}
,
{
"linkbase": [{
"type": "linkset",
"xlink_title": "ina muhhi[on//about]PRP'PRP",
"id": "P313565.ls00000",
"xlink_type": "extended",
"xlink_role": "psu",
"sig": "{ina[in]PRP muhhu[skull]N += ina muhhi[on//about]PRP'PRP}::@saao%akk-x-neoass:ina=ina[in//into]PRP'PRP$ina++@saao%akk-x-neoass:UGU=muhhu[skull//skull]N'N$muhhi",
"links": [
{
"type": "link",
"xlink_title": "ina",
"xlink_type": "locator",
"xlink_href": "#P313565.l02c23",
"xlink_role": "elt"}
,
{
"type": "link",
"xlink_title": "muhhi",
"xlink_type": "locator",
"xlink_href": "#P313565.l02c24",
"xlink_role": "elt"}
]}
,
{
"type": "linkset",
"xlink_title": "ina pān[in the presence of//at the disposal of]PRP'PRP",
"id": "P313565.ls00001",
"xlink_type": "extended",
"xlink_role": "psu",
"sig": "{ina[in]PRP pānu[front]N += ina pān[in the presence of//at the disposal of]PRP'PRP}::@saao%akk-x-neoass:ina=ina[in//into]PRP'PRP$ina++@saao%akk-x-neoass:IGI=pānu[front//front]N'N$pān",
"links": [
{
"type": "link",
"xlink_title": "ina",
"xlink_type": "locator",
"xlink_href": "#P313565.l02c33",
"xlink_role": "elt"}
,
{
"type": "link",
"xlink_title": "pānu",
"xlink_type": "locator",
"xlink_href": "#P313565.l02c34",
"xlink_role": "elt"}
]}
,
{
"type": "linkset",
"xlink_title": "ina muhhi[on//about]PRP'PRP",
"id": "P313565.ls00002",
"xlink_type": "extended",
"xlink_role": "psu",
"sig": "{ina[in]PRP muhhu[skull]N += ina muhhi[on//about]PRP'PRP}::@saao%akk-x-neoass:ina=ina[in//into]PRP'PRP$ina++@saao%akk-x-neoass:UGU-hi-šu₂-nu=muhhu[skull//skull]N'N$muhhišunu",
"links": [
{
"type": "link",
"xlink_title": "ina",
"xlink_type": "locator",
"xlink_href": "#P313565.l02c6c",
"xlink_role": "elt"}
,
{
"type": "link",
"xlink_title": "muhhišunu",
"xlink_type": "locator",
"xlink_href": "#P313565.l02c6d",
"xlink_role": "elt"}
]}
,
{
"type": "linkset",
"xlink_title": "ina pān[in the presence of//at the disposal of]PRP'PRP",
"id": "P313565.ls00003",
"xlink_type": "extended",
"xlink_role": "psu",
"sig": "{ina[in]PRP pānu[front]N += ina pān[in the presence of//at the disposal of]PRP'PRP}::@saao%akk-x-neoass:ina=ina[in//into]PRP'PRP$ina++@saao%akk-x-neoass:IGI=pānu[front//front]N'N$pān",
"links": [
{
"type": "link",
"xlink_title": "ina",
"xlink_type": "locator",
"xlink_href": "#P313565.l02c6f",
"xlink_role": "elt"}
,
{
"type": "link",
"xlink_title": "pānu",
"xlink_type": "locator",
"xlink_href": "#P313565.l02c70",
"xlink_role": "elt"}
]}
]}
]}
