{
"type": "cdl",
  "source": "http://oracc.org/saao/saa16",
  "license": "This data is released under the CC0 license",
  "license-url": "https://creativecommons.org/publicdomain/zero/1.0/",
  "more-info": "http://oracc.org/doc/opendata/",
  "UTC-timestamp": "2017-05-19T11:55:47",
"project": "saao/saa16",
"textid": "P313459",
"cdl": [
{
"node": "c",
"type": "text",
"id": "P313459.U0",
"cdl": [
{
"node": "d",
"type": "object",
"ref": ""}
,
{
"node": "d",
"subtype": "obverse",
"type": "surface",
"ref": "P313459.o.1",
"type": "obverse",
"label": "o"}
,
{
"node": "d",
"type": "nonx",
"ref": "P313459.2",
"strict": "0",
"extent": "beginning",
"state": "missing"}
,
{
"node": "c",
"type": "discourse",
"subtype": "body",
"id": "P313459.U1",
"cdl": [
{
"node": "c",
"type": "sentence",
"id": "P313459.U2",
"label": "o 1' - r 7",
"cdl": [
{
"node": "d",
"type": "line-start",
"ref": "P313459.3",
"n": "1'",
"label": "o 1'"}
,
{
"node": "l",
"frag": "⸢x⸣+[x",
"id": "P313459.l02493",
"ref": "P313459.3.1",
"inst": "u",
"f": {"lang": "akk-x-neoass",
"form": "x+x",
"pos": "u"}
}
,
{
"node": "l",
"frag": "x",
"id": "P313459.l02494",
"ref": "P313459.3.2",
"inst": "u",
"f": {"lang": "akk-x-neoass",
"form": "x",
"pos": "u"}
}
,
{
"node": "l",
"frag": "x",
"id": "P313459.l02495",
"ref": "P313459.3.3",
"inst": "u",
"f": {"lang": "akk-x-neoass",
"form": "x",
"pos": "u"}
}
,
{
"node": "l",
"frag": "x",
"id": "P313459.l02496",
"ref": "P313459.3.4",
"inst": "u",
"f": {"lang": "akk-x-neoass",
"form": "x",
"pos": "u"}
}
,
{
"node": "l",
"frag": "x",
"id": "P313459.l02497",
"ref": "P313459.3.5",
"inst": "u",
"f": {"lang": "akk-x-neoass",
"form": "x",
"pos": "u"}
}
,
{
"node": "l",
"frag": "x",
"id": "P313459.l02498",
"ref": "P313459.3.6",
"inst": "u",
"f": {"lang": "akk-x-neoass",
"form": "x",
"pos": "u"}
}
,
{
"node": "l",
"frag": "x",
"id": "P313459.l02499",
"ref": "P313459.3.7",
"inst": "u",
"f": {"lang": "akk-x-neoass",
"form": "x",
"pos": "u"}
}
,
{
"node": "l",
"frag": "x]",
"id": "P313459.l0249a",
"ref": "P313459.3.8",
"inst": "u",
"f": {"lang": "akk-x-neoass",
"form": "x",
"pos": "u"}
}
,
{
"node": "d",
"type": "line-start",
"ref": "P313459.4",
"n": "2'",
"label": "o 2'"}
,
{
"node": "l",
"frag": "⸢i⸣-tan-⸢na",
"id": "P313459.l0249b",
"ref": "P313459.4.1",
"inst": "ittanna[give]V",
"sig": "@saao/saa16%akk-x-neoass:i-tan-na=tadānu[give//give]V'V$ittanna",
"f": {"lang": "akk-x-neoass",
"form": "i-tan-na",
"cf": "tadānu",
"gw": "give",
"sense": "give",
"norm": "ittanna",
"pos": "V",
"epos": "V"}
}
,
{
"node": "l",
"frag": "x⸣+[x",
"id": "P313459.l0249c",
"ref": "P313459.4.2",
"inst": "u",
"f": {"lang": "akk-x-neoass",
"form": "x+x",
"pos": "u"}
}
,
{
"node": "l",
"frag": "x]",
"id": "P313459.l0249d",
"ref": "P313459.4.3",
"inst": "u",
"f": {"lang": "akk-x-neoass",
"form": "x",
"pos": "u"}
}
,
{
"node": "l",
"frag": "⸢x⸣+[x",
"id": "P313459.l0249e",
"ref": "P313459.4.4",
"inst": "u",
"f": {"lang": "akk-x-neoass",
"form": "x+x",
"pos": "u"}
}
,
{
"node": "l",
"frag": "x]",
"id": "P313459.l0249f",
"ref": "P313459.4.5",
"inst": "u",
"f": {"lang": "akk-x-neoass",
"form": "x",
"pos": "u"}
}
,
{
"node": "d",
"type": "line-start",
"ref": "P313459.5",
"n": "3'",
"label": "o 3'"}
,
{
"node": "l",
"frag": "{lu₂v}EN.NAM",
"id": "P313459.l024a0",
"ref": "P313459.5.1",
"inst": "pāhutu[governor]N",
"sig": "@saao/saa16%akk-x-neoass:{LU₂}EN.NAM=pīhātu[responsibility//governor]N'N$pāhutu",
"f": {"lang": "akk-x-neoass",
"form": "{LU₂}EN.NAM",
"cf": "pīhātu",
"gw": "responsibility",
"sense": "governor",
"norm": "pāhutu",
"pos": "N",
"epos": "N"}
}
,
{
"node": "l",
"frag": "ša",
"id": "P313459.l024a1",
"ref": "P313459.5.2",
"inst": "ša[of]DET",
"sig": "@saao/saa16%akk-x-neoass:ša=ša[of//of]DET'DET$ša",
"f": {"lang": "akk-x-neoass",
"form": "ša",
"cf": "ša",
"gw": "of",
"sense": "of",
"norm": "ša",
"pos": "DET",
"epos": "DET"}
}
,
{
"node": "l",
"frag": "{kur}qu-⸢e⸣",
"id": "P313459.l024a2",
"ref": "P313459.5.3",
"inst": "Quwe[1]GN",
"sig": "@saao/saa16%akk-x-neoass:{KUR}qu-e=Quwe[1//1]GN'GN$Quwe",
"f": {"lang": "akk-x-neoass",
"form": "{KUR}qu-e",
"cf": "Quwe",
"gw": "1",
"sense": "1",
"norm": "Quwe",
"pos": "GN",
"epos": "GN"}
}
,
{
"node": "d",
"type": "line-start",
"ref": "P313459.6",
"n": "4'",
"label": "o 4'"}
,
{
"node": "l",
"frag": "i-zi-ir-ra-an-ni",
"id": "P313459.l024a3",
"ref": "P313459.6.1",
"inst": "zêru[hate]V$izīrranni",
"sig": "@saao/saa16%akk-x-neoass:i-zi-ir-ra-an-ni=zêru[hate//hate]V'V$izīrranni",
"f": {"lang": "akk-x-neoass",
"form": "i-zi-ir-ra-an-ni",
"cf": "zêru",
"gw": "hate",
"sense": "hate",
"norm": "izīrranni",
"pos": "V",
"epos": "V"}
}
,
{
"node": "d",
"type": "line-start",
"ref": "P313459.7",
"n": "5'",
"label": "o 5'"}
,
{
"node": "l",
"frag": "ma-a",
"id": "P313459.l024a4",
"ref": "P313459.7.1",
"inst": "mā[saying]PRP",
"sig": "@saao/saa16%akk-x-neoass:ma-a=mā[saying//saying]PRP'PRP$mā",
"f": {"lang": "akk-x-neoass",
"form": "ma-a",
"cf": "mā",
"gw": "saying",
"sense": "saying",
"norm": "mā",
"pos": "PRP",
"epos": "PRP"}
}
,
{
"node": "l",
"frag": "LUGAL",
"id": "P313459.l024a5",
"ref": "P313459.7.2",
"inst": "šarru[king]N",
"sig": "@saao/saa16%akk-x-neoass:LUGAL=šarru[king//king]N'N$šarru",
"f": {"lang": "akk-x-neoass",
"form": "LUGAL",
"cf": "šarru",
"gw": "king",
"sense": "king",
"norm": "šarru",
"pos": "N",
"epos": "N"}
}
,
{
"node": "l",
"frag": "a-na",
"id": "P313459.l024a6",
"ref": "P313459.7.3",
"inst": "ana[to]PRP",
"sig": "@saao/saa16%akk-x-neoass:a-na=ana[to//to]PRP'PRP$ana",
"f": {"lang": "akk-x-neoass",
"form": "a-na",
"cf": "ana",
"gw": "to",
"sense": "to",
"norm": "ana",
"pos": "PRP",
"epos": "PRP"}
}
,
{
"node": "l",
"frag": "{1}sa-si-i",
"id": "P313459.l024a7",
"ref": "P313459.7.4",
"inst": "Sasi[1]PN$",
"sig": "@saao/saa16%akk-x-neoass:{1}sa-si-i=Sasi[1//1]PN'PN$Sasi",
"f": {"lang": "akk-x-neoass",
"form": "{1}sa-si-i",
"cf": "Sasi",
"gw": "1",
"sense": "1",
"norm": "Sasi",
"pos": "PN",
"epos": "PN"}
}
,
{
"node": "d",
"type": "line-start",
"ref": "P313459.8",
"n": "6'",
"label": "o 6'"}
,
{
"node": "l",
"frag": "liš-al",
"id": "P313459.l024a8",
"ref": "P313459.8.1",
"inst": "lišʾal[ask]V",
"sig": "@saao/saa16%akk-x-neoass:liš-al=šâlu[ask//ask]V'V$lišʾal",
"f": {"lang": "akk-x-neoass",
"form": "liš-al",
"cf": "šâlu",
"gw": "ask",
"sense": "ask",
"norm": "lišʾal",
"pos": "V",
"epos": "V"}
}
,
{
"node": "l",
"frag": "ki-i",
"id": "P313459.l024a9",
"ref": "P313459.8.2",
"inst": "kî[like//in accordance with]PRP",
"sig": "@saao/saa16%akk-x-neoass:ki-i=kī[like//in accordance with]PRP'PRP$kî",
"f": {"lang": "akk-x-neoass",
"form": "ki-i",
"cf": "kī",
"gw": "like",
"sense": "in accordance with",
"norm": "kî",
"pos": "PRP",
"epos": "PRP"}
}
,
{
"node": "l",
"frag": "ša",
"id": "P313459.l024aa",
"ref": "P313459.8.3",
"inst": "ša[what]REL",
"sig": "@saao/saa16%akk-x-neoass:ša=ša[that//what]REL'REL$ša",
"f": {"lang": "akk-x-neoass",
"form": "ša",
"cf": "ša",
"gw": "that",
"sense": "what",
"norm": "ša",
"pos": "REL",
"epos": "REL"}
}
,
{
"node": "l",
"frag": "LUGAL",
"id": "P313459.l024ab",
"ref": "P313459.8.4",
"inst": "šarru[king]N",
"sig": "@saao/saa16%akk-x-neoass:LUGAL=šarru[king//king]N'N$šarru",
"f": {"lang": "akk-x-neoass",
"form": "LUGAL",
"cf": "šarru",
"gw": "king",
"sense": "king",
"norm": "šarru",
"pos": "N",
"epos": "N"}
}
,
{
"node": "l",
"frag": "a-na",
"id": "P313459.l024ac",
"ref": "P313459.8.5",
"inst": "ana[to]PRP",
"sig": "@saao/saa16%akk-x-neoass:a-na=ana[to//to]PRP'PRP$ana",
"f": {"lang": "akk-x-neoass",
"form": "a-na",
"cf": "ana",
"gw": "to",
"sense": "to",
"norm": "ana",
"pos": "PRP",
"epos": "PRP"}
}
,
{
"node": "l",
"frag": "{uru}KASKAL{⸢ki⸣}",
"id": "P313459.l024ad",
"ref": "P313459.8.6",
"inst": "Harranu[Harran]GN$Harrani",
"sig": "@saao/saa16%akk-x-neoass:{URU}KASKAL{KI}=Harranu[Harran//Harran]GN'GN$Harrani",
"f": {"lang": "akk-x-neoass",
"form": "{URU}KASKAL{KI}",
"cf": "Harranu",
"gw": "Harran",
"sense": "Harran",
"norm": "Harrani",
"pos": "GN",
"epos": "GN"}
}
,
{
"node": "d",
"type": "line-start",
"ref": "P313459.9",
"n": "7'",
"label": "o 7'"}
,
{
"node": "l",
"frag": "⸢iš⸣-pur-an-na-ši-i-ni",
"id": "P313459.l024ae",
"ref": "P313459.9.1",
"inst": "šapāru[send//write]V$išpurannāšīni",
"sig": "@saao/saa16%akk-x-neoass:iš-pur-an-na-ši-i-ni=šapāru[send//write]V'V$išpurannāšīni",
"f": {"lang": "akk-x-neoass",
"form": "iš-pur-an-na-ši-i-ni",
"cf": "šapāru",
"gw": "send",
"sense": "write",
"norm": "išpurannāšīni",
"pos": "V",
"epos": "V"}
}
,
{
"node": "d",
"type": "line-start",
"ref": "P313459.10",
"n": "8'",
"label": "o 8'"}
,
{
"node": "l",
"frag": "[ma]-a",
"id": "P313459.l024af",
"ref": "P313459.10.1",
"inst": "mā[saying]PRP",
"sig": "@saao/saa16%akk-x-neoass:ma-a=mā[saying//saying]PRP'PRP$mā",
"f": {"lang": "akk-x-neoass",
"form": "ma-a",
"cf": "mā",
"gw": "saying",
"sense": "saying",
"norm": "mā",
"pos": "PRP",
"epos": "PRP"}
}
,
{
"node": "l",
"frag": "LUGAL",
"id": "P313459.l024b0",
"ref": "P313459.10.2",
"inst": "šarru[king]N",
"sig": "@saao/saa16%akk-x-neoass:LUGAL=šarru[king//king]N'N$šarru",
"f": {"lang": "akk-x-neoass",
"form": "LUGAL",
"cf": "šarru",
"gw": "king",
"sense": "king",
"norm": "šarru",
"pos": "N",
"epos": "N"}
}
,
{
"node": "c",
"type": "phrase",
"tag": "phr",
"id": "P313459.U4",
"ref": "P313459.ls00000",
"cdl": [
{
"node": "l",
"frag": "ina",
"id": "P313459.l024b1",
"ref": "P313459.10.3",
"inst": "ina[in+=to]PRP$",
"sig": "@saao/saa16%akk-x-neoass:ina=ina[in//in]PRP'PRP$ina",
"f": {"lang": "akk-x-neoass",
"form": "ina",
"cf": "ina",
"gw": "in",
"sense": "in",
"norm": "ina",
"pos": "PRP",
"epos": "PRP"}
}
,
{
"node": "l",
"frag": "UGU-hi-ia",
"id": "P313459.l024b2",
"ref": "P313459.10.4",
"inst": "muhhu[skull]N$muhhīya",
"sig": "@saao/saa16%akk-x-neoass:UGU-hi-ia=muhhu[skull//skull]N'N$muhhīya",
"f": {"lang": "akk-x-neoass",
"form": "UGU-hi-ia",
"cf": "muhhu",
"gw": "skull",
"sense": "skull",
"norm": "muhhīya",
"pos": "N",
"epos": "N"}
}
]}
,
{
"node": "d",
"type": "line-start",
"ref": "P313459.11",
"n": "9'",
"label": "o 9'"}
,
{
"node": "l",
"frag": "[ir]-⸢tu⸣-u₂-bu",
"id": "P313459.l024b3",
"ref": "P313459.11.1",
"inst": "raʾābu[shake//rage]V$irtuʾūbu",
"sig": "@saao/saa16%akk-x-neoass:ir-tu-u₂-bu=raʾābu[shake//rage]V'V$irtuʾūbu",
"f": {"lang": "akk-x-neoass",
"form": "ir-tu-u₂-bu",
"cf": "raʾābu",
"gw": "shake",
"sense": "rage",
"norm": "irtuʾūbu",
"pos": "V",
"epos": "V"}
}
,
{
"node": "d",
"subtype": "bottom",
"type": "surface",
"ref": "P313459.b.e..12",
"type": "bottom",
"label": "b.e."}
,
{
"node": "d",
"type": "line-start",
"ref": "P313459.13",
"n": "10'",
"label": "b.e. 10'"}
,
{
"node": "l",
"frag": "[ma-a]",
"id": "P313459.l024b4",
"ref": "P313459.13.1",
"inst": "mā[saying]PRP",
"sig": "@saao/saa16%akk-x-neoass:ma-a=mā[saying//saying]PRP'PRP$mā",
"f": {"lang": "akk-x-neoass",
"form": "ma-a",
"cf": "mā",
"gw": "saying",
"sense": "saying",
"norm": "mā",
"pos": "PRP",
"epos": "PRP"}
}
,
{
"node": "l",
"frag": "⸢a-dan⸣-niš",
"id": "P313459.l024b5",
"ref": "P313459.13.2",
"inst": "adanniš[very much]AV",
"sig": "@saao/saa16%akk-x-neoass:a-dan-niš=adanniš[very much//very much]AV'AV$adanniš",
"f": {"lang": "akk-x-neoass",
"form": "a-dan-niš",
"cf": "adanniš",
"gw": "very much",
"sense": "very much",
"norm": "adanniš",
"pos": "AV",
"epos": "AV"}
}
,
{
"node": "l",
"frag": "⸢ap⸣-ta-lah₃",
"id": "P313459.l024b6",
"ref": "P313459.13.3",
"inst": "aptalah[fear]V",
"sig": "@saao/saa16%akk-x-neoass:ap-ta-lah₃=palāhu[fear//fear]V'V$aptalah",
"f": {"lang": "akk-x-neoass",
"form": "ap-ta-lah₃",
"cf": "palāhu",
"gw": "fear",
"sense": "fear",
"norm": "aptalah",
"pos": "V",
"epos": "V"}
}
,
{
"node": "d",
"type": "line-start",
"ref": "P313459.14",
"n": "11'",
"label": "b.e. 11'"}
,
{
"node": "l",
"frag": "[x",
"id": "P313459.l024b7",
"ref": "P313459.14.1",
"inst": "u",
"f": {"lang": "akk-x-neoass",
"form": "x",
"pos": "u"}
}
,
{
"node": "l",
"frag": "x]+⸢x⸣-hi",
"id": "P313459.l024b8",
"ref": "P313459.14.2",
"inst": "u",
"f": {"lang": "akk-x-neoass",
"form": "x+x-hi",
"pos": "u"}
}
,
{
"node": "l",
"frag": "⸢x⸣+[x",
"id": "P313459.l024b9",
"ref": "P313459.14.3",
"inst": "u",
"f": {"lang": "akk-x-neoass",
"form": "x+x",
"pos": "u"}
}
,
{
"node": "l",
"frag": "x",
"id": "P313459.l024ba",
"ref": "P313459.14.4",
"inst": "u",
"f": {"lang": "akk-x-neoass",
"form": "x",
"pos": "u"}
}
,
{
"node": "l",
"frag": "x]+⸢x⸣",
"id": "P313459.l024bb",
"ref": "P313459.14.5",
"inst": "u",
"f": {"lang": "akk-x-neoass",
"form": "x+x",
"pos": "u"}
}
,
{
"node": "l",
"frag": "ti",
"id": "P313459.l024bc",
"ref": "P313459.14.6",
"inst": "u",
"f": {"lang": "akk-x-neoass",
"form": "ti",
"pos": "u"}
}
,
{
"node": "l",
"frag": "⸢x",
"id": "P313459.l024bd",
"ref": "P313459.14.7",
"inst": "u",
"f": {"lang": "akk-x-neoass",
"form": "x",
"pos": "u"}
}
,
{
"node": "l",
"frag": "x⸣",
"id": "P313459.l024be",
"ref": "P313459.14.8",
"inst": "u",
"f": {"lang": "akk-x-neoass",
"form": "x",
"pos": "u"}
}
,
{
"node": "d",
"subtype": "reverse",
"type": "surface",
"ref": "P313459.r.15",
"type": "reverse",
"label": "r"}
,
{
"node": "d",
"type": "line-start",
"ref": "P313459.16",
"n": "2",
"label": "r 2"}
,
{
"node": "l",
"frag": "⸢u₂⸣-bi-lu-u₂-⸢ni",
"id": "P313459.l024bf",
"ref": "P313459.16.1",
"inst": "wabālu[bring]V$ūbilūni",
"sig": "@saao/saa16%akk-x-neoass:u₂-bi-lu-u₂-ni=wabālu[bring//bring]V'V$ūbilūni",
"f": {"lang": "akk-x-neoass",
"form": "u₂-bi-lu-u₂-ni",
"cf": "wabālu",
"gw": "bring",
"sense": "bring",
"norm": "ūbilūni",
"pos": "V",
"epos": "V"}
}
,
{
"node": "l",
"frag": "i⸣-qab-bi",
"id": "P313459.l024c0",
"ref": "P313459.16.2",
"inst": "iqabbi[say]V",
"sig": "@saao/saa16%akk-x-neoass:i-qab-bi=qabû[say//say]V'V$iqabbi",
"f": {"lang": "akk-x-neoass",
"form": "i-qab-bi",
"cf": "qabû",
"gw": "say",
"sense": "say",
"norm": "iqabbi",
"pos": "V",
"epos": "V"}
}
,
{
"node": "l",
"frag": "⸢ma-a⸣",
"id": "P313459.l024c1",
"ref": "P313459.16.3",
"inst": "mā[saying]PRP",
"sig": "@saao/saa16%akk-x-neoass:ma-a=mā[saying//saying]PRP'PRP$mā",
"f": {"lang": "akk-x-neoass",
"form": "ma-a",
"cf": "mā",
"gw": "saying",
"sense": "saying",
"norm": "mā",
"pos": "PRP",
"epos": "PRP"}
}
,
{
"node": "l",
"frag": "{lu₂}ARAD",
"id": "P313459.l024c2",
"ref": "P313459.16.4",
"inst": "urdu[servant]N",
"sig": "@saao/saa16%akk-x-neoass:{LU₂}ARAD=ardu[slave//servant]N'N$urdu",
"f": {"lang": "akk-x-neoass",
"form": "{LU₂}ARAD",
"cf": "ardu",
"gw": "slave",
"sense": "servant",
"norm": "urdu",
"pos": "N",
"epos": "N"}
}
,
{
"node": "l",
"frag": "ša",
"id": "P313459.l024c3",
"ref": "P313459.16.5",
"inst": "ša[of]DET",
"sig": "@saao/saa16%akk-x-neoass:ša=ša[of//of]DET'DET$ša",
"f": {"lang": "akk-x-neoass",
"form": "ša",
"cf": "ša",
"gw": "of",
"sense": "of",
"norm": "ša",
"pos": "DET",
"epos": "DET"}
}
,
{
"node": "l",
"frag": "LUGAL",
"id": "P313459.l024c4",
"ref": "P313459.16.6",
"inst": "šarri[king]N",
"sig": "@saao/saa16%akk-x-neoass:LUGAL=šarru[king//king]N'N$šarri",
"f": {"lang": "akk-x-neoass",
"form": "LUGAL",
"cf": "šarru",
"gw": "king",
"sense": "king",
"norm": "šarri",
"pos": "N",
"epos": "N"}
}
,
{
"node": "l",
"frag": "a-na-ku",
"id": "P313459.l024c5",
"ref": "P313459.16.7",
"inst": "anāku[I]IP",
"sig": "@saao/saa16%akk-x-neoass:a-na-ku=anāku[I//I]IP'IP$anāku",
"f": {"lang": "akk-x-neoass",
"form": "a-na-ku",
"cf": "anāku",
"gw": "I",
"sense": "I",
"norm": "anāku",
"pos": "IP",
"epos": "IP"}
}
,
{
"node": "d",
"type": "line-start",
"ref": "P313459.17",
"n": "3",
"label": "r 3"}
,
{
"node": "l",
"frag": "[ma-a]",
"id": "P313459.l024c6",
"ref": "P313459.17.1",
"inst": "mā[saying]PRP",
"sig": "@saao/saa16%akk-x-neoass:ma-a=mā[saying//saying]PRP'PRP$mā",
"f": {"lang": "akk-x-neoass",
"form": "ma-a",
"cf": "mā",
"gw": "saying",
"sense": "saying",
"norm": "mā",
"pos": "PRP",
"epos": "PRP"}
}
,
{
"node": "l",
"frag": "⸢AD⸣-šu₂",
"id": "P313459.l024c7",
"ref": "P313459.17.2",
"inst": "abūšu[father]N",
"sig": "@saao/saa16%akk-x-neoass:AD-šu₂=abu[father//father]N'N$abūšu",
"f": {"lang": "akk-x-neoass",
"form": "AD-šu₂",
"cf": "abu",
"gw": "father",
"sense": "father",
"norm": "abūšu",
"pos": "N",
"epos": "N"}
}
,
{
"node": "c",
"type": "phrase",
"tag": "phr",
"id": "P313459.U5",
"ref": "P313459.ls00001",
"cdl": [
{
"node": "l",
"frag": "ina",
"id": "P313459.l024c8",
"ref": "P313459.17.3",
"inst": "ina[in+=in]PRP",
"sig": "@saao/saa16%akk-x-neoass:ina=ina[in//in]PRP'PRP$ina",
"f": {"lang": "akk-x-neoass",
"form": "ina",
"cf": "ina",
"gw": "in",
"sense": "in",
"norm": "ina",
"pos": "PRP",
"epos": "PRP"}
}
,
{
"node": "l",
"frag": "ŠA₃-bi",
"id": "P313459.l024c9",
"ref": "P313459.17.4",
"inst": "libbu[interior]N$libbi",
"sig": "@saao/saa16%akk-x-neoass:ŠA₃-bi=libbu[interior//heart]N'N$libbi",
"f": {"lang": "akk-x-neoass",
"form": "ŠA₃-bi",
"cf": "libbu",
"gw": "interior",
"sense": "heart",
"norm": "libbi",
"pos": "N",
"epos": "N"}
}
]}
,
{
"node": "l",
"frag": "a-de-e",
"id": "P313459.l024ca",
"ref": "P313459.17.5",
"inst": "adê[treaty]N",
"sig": "@saao/saa16%akk-x-neoass:a-de-e=adû[(treaty-)oath//treaty]N'N$adê",
"f": {"lang": "akk-x-neoass",
"form": "a-de-e",
"cf": "adû",
"gw": "(treaty-)oath",
"sense": "treaty",
"norm": "adê",
"pos": "N",
"epos": "N"}
}
,
{
"node": "d",
"type": "line-start",
"ref": "P313459.18",
"n": "4",
"label": "r 4"}
,
{
"node": "l",
"frag": "[u₂]-⸢se⸣-ri-ba-an-⸢ni⸣",
"id": "P313459.l024cb",
"ref": "P313459.18.1",
"inst": "erēbu[enter//bring in]V$ussēribanni",
"sig": "@saao/saa16%akk-x-neoass:u₂-se-ri-ba-an-ni=erēbu[enter//bring in]V'V$ussēribanni",
"f": {"lang": "akk-x-neoass",
"form": "u₂-se-ri-ba-an-ni",
"cf": "erēbu",
"gw": "enter",
"sense": "bring in",
"norm": "ussēribanni",
"pos": "V",
"epos": "V"}
}
,
{
"node": "d",
"type": "line-start",
"ref": "P313459.19",
"n": "5",
"label": "r 5"}
,
{
"node": "l",
"frag": "[ma-a",
"id": "P313459.l024cc",
"ref": "P313459.19.1",
"inst": "mā[saying]PRP",
"sig": "@saao/saa16%akk-x-neoass:ma-a=mā[saying//saying]PRP'PRP$mā",
"f": {"lang": "akk-x-neoass",
"form": "ma-a",
"cf": "mā",
"gw": "saying",
"sense": "saying",
"norm": "mā",
"pos": "PRP",
"epos": "PRP"}
}
,
{
"node": "l",
"frag": "mi₃]-i-nu",
"id": "P313459.l024cd",
"ref": "P313459.19.2",
"inst": "mīnu[whatever]XP",
"sig": "@saao/saa16%akk-x-neoass:mi₃-i-nu=mīnu[what?//whatever]QP'XP$mīnu",
"f": {"lang": "akk-x-neoass",
"form": "mi₃-i-nu",
"cf": "mīnu",
"gw": "what?",
"sense": "whatever",
"norm": "mīnu",
"pos": "QP",
"epos": "XP"}
}
,
{
"node": "l",
"frag": "ša",
"id": "P313459.l024ce",
"ref": "P313459.19.3",
"inst": "ša[that]REL",
"sig": "@saao/saa16%akk-x-neoass:ša=ša[that//that]REL'REL$ša",
"f": {"lang": "akk-x-neoass",
"form": "ša",
"cf": "ša",
"gw": "that",
"sense": "that",
"norm": "ša",
"pos": "REL",
"epos": "REL"}
}
,
{
"node": "l",
"frag": "ina",
"id": "P313459.l024cf",
"ref": "P313459.19.4",
"inst": "ina[in]PRP",
"sig": "@saao/saa16%akk-x-neoass:ina=ina[in//in]PRP'PRP$ina",
"f": {"lang": "akk-x-neoass",
"form": "ina",
"cf": "ina",
"gw": "in",
"sense": "in",
"norm": "ina",
"pos": "PRP",
"epos": "PRP"}
}
,
{
"node": "l",
"frag": "{kur}gi-[mir]",
"id": "P313459.l024d0",
"ref": "P313459.19.5",
"inst": "Gimir[Cimmeria]GN",
"sig": "@saao/saa16%akk-x-neoass:{KUR}gi-mir=Gimir[Cimmeria//Cimmeria]GN'GN$Gimir",
"f": {"lang": "akk-x-neoass",
"form": "{KUR}gi-mir",
"cf": "Gimir",
"gw": "Cimmeria",
"sense": "Cimmeria",
"norm": "Gimir",
"pos": "GN",
"epos": "GN"}
}
,
{
"node": "d",
"type": "line-start",
"ref": "P313459.20",
"n": "6",
"label": "r 6"}
,
{
"node": "l",
"frag": "[a-šam]-mu-u₂-ni",
"id": "P313459.l024d1",
"ref": "P313459.20.1",
"inst": "šemû[hear]V$ašammûni",
"sig": "@saao/saa16%akk-x-neoass:a-šam-mu-u₂-ni=šemû[hear//hear]V'V$ašammûni",
"f": {"lang": "akk-x-neoass",
"form": "a-šam-mu-u₂-ni",
"cf": "šemû",
"gw": "hear",
"sense": "hear",
"norm": "ašammûni",
"pos": "V",
"epos": "V"}
}
,
{
"node": "l",
"frag": "ta-⸢šam⸣-[me]",
"id": "P313459.l024d2",
"ref": "P313459.20.2",
"inst": "šemû[hear]V$tašamme",
"sig": "@saao/saa16%akk-x-neoass:ta-šam-me=šemû[hear//hear]V'V$tašamme",
"f": {"lang": "akk-x-neoass",
"form": "ta-šam-me",
"cf": "šemû",
"gw": "hear",
"sense": "hear",
"norm": "tašamme",
"pos": "V",
"epos": "V"}
}
,
{
"node": "d",
"type": "line-start",
"ref": "P313459.21",
"n": "7",
"label": "r 7"}
,
{
"node": "l",
"frag": "[x",
"id": "P313459.l024d3",
"ref": "P313459.21.1",
"inst": "u",
"f": {"lang": "akk-x-neoass",
"form": "x",
"pos": "u"}
}
,
{
"node": "l",
"frag": "x",
"id": "P313459.l024d4",
"ref": "P313459.21.2",
"inst": "u",
"f": {"lang": "akk-x-neoass",
"form": "x",
"pos": "u"}
}
,
{
"node": "l",
"frag": "x]",
"id": "P313459.l024d5",
"ref": "P313459.21.3",
"inst": "u",
"f": {"lang": "akk-x-neoass",
"form": "x",
"pos": "u"}
}
,
{
"node": "l",
"frag": "⸢x",
"id": "P313459.l024d6",
"ref": "P313459.21.4",
"inst": "u",
"f": {"lang": "akk-x-neoass",
"form": "x",
"pos": "u"}
}
,
{
"node": "l",
"frag": "x",
"id": "P313459.l024d7",
"ref": "P313459.21.5",
"inst": "u",
"f": {"lang": "akk-x-neoass",
"form": "x",
"pos": "u"}
}
,
{
"node": "l",
"frag": "na⸣",
"id": "P313459.l024d8",
"ref": "P313459.21.6",
"inst": "u",
"f": {"lang": "akk-x-neoass",
"form": "na",
"pos": "u"}
}
,
{
"node": "l",
"frag": "[x",
"id": "P313459.l024d9",
"ref": "P313459.21.7",
"inst": "u",
"f": {"lang": "akk-x-neoass",
"form": "x",
"pos": "u"}
}
,
{
"node": "l",
"frag": "x",
"id": "P313459.l024da",
"ref": "P313459.21.8",
"inst": "u",
"f": {"lang": "akk-x-neoass",
"form": "x",
"pos": "u"}
}
,
{
"node": "l",
"frag": "x]",
"id": "P313459.l024db",
"ref": "P313459.21.9",
"inst": "u",
"f": {"lang": "akk-x-neoass",
"form": "x",
"pos": "u"}
}
,
{
"node": "d",
"type": "nonx",
"ref": "P313459.22",
"strict": "0",
"extent": "rest",
"state": "missing"}
]}
]}
]}
,
{
"linkbase": [{
"type": "linkset",
"xlink_title": "ina muhhi[on//about]PRP'PRP",
"id": "P313459.ls00000",
"xlink_type": "extended",
"xlink_role": "psu",
"sig": "{ina[in]PRP muhhu[skull]N += ina muhhi[on//about]PRP'PRP}::@saao%akk-x-neoass:ina=ina[in//into]PRP'PRP$ina++@saao%akk-x-neoass:UGU-hi-ia=muhhu[skull//skull]N'N$muhhīya",
"links": [
{
"type": "link",
"xlink_title": "ina",
"xlink_type": "locator",
"xlink_href": "#P313459.l024b1",
"xlink_role": "elt"}
,
{
"type": "link",
"xlink_title": "muhhu",
"xlink_type": "locator",
"xlink_href": "#P313459.l024b2",
"xlink_role": "elt"}
]}
,
{
"type": "linkset",
"xlink_title": "ina libbi[in//(in exchange) for]PRP'PRP",
"id": "P313459.ls00001",
"xlink_type": "extended",
"xlink_role": "psu",
"sig": "{ina[in]PRP libbu[interior]N += ina libbi[in//(in exchange) for]PRP'PRP}::@saao%akk-x-neoass:ina=ina[in//into]PRP'PRP$ina++@saao%akk-x-neoass:ŠA₃-bi=libbu[interior//interior]N'N$libbi",
"links": [
{
"type": "link",
"xlink_title": "ina",
"xlink_type": "locator",
"xlink_href": "#P313459.l024c8",
"xlink_role": "elt"}
,
{
"type": "link",
"xlink_title": "libbu",
"xlink_type": "locator",
"xlink_href": "#P313459.l024c9",
"xlink_role": "elt"}
]}
]}
]}
