{
"type": "cdl",
  "source": "http://oracc.org/saao/saa16",
  "license": "This data is released under the CC0 license",
  "license-url": "https://creativecommons.org/publicdomain/zero/1.0/",
  "more-info": "http://oracc.org/doc/opendata/",
  "UTC-timestamp": "2017-05-19T11:55:48",
"project": "saao/saa16",
"textid": "P313493",
"cdl": [
{
"node": "c",
"type": "text",
"id": "P313493.U0",
"cdl": [
{
"node": "d",
"type": "object",
"ref": ""}
,
{
"node": "d",
"subtype": "obverse",
"type": "surface",
"ref": "P313493.o.1",
"type": "obverse",
"label": "o"}
,
{
"node": "c",
"type": "discourse",
"subtype": "body",
"id": "P313493.U1",
"cdl": [
{
"node": "c",
"type": "sentence",
"id": "P313493.U2",
"label": "o 1 - r.e. 12",
"cdl": [
{
"node": "d",
"type": "line-start",
"ref": "P313493.2",
"n": "1",
"label": "o 1"}
,
{
"node": "c",
"type": "phrase",
"tag": "phr",
"id": "P313493.U4",
"ref": "P313493.ls00000",
"cdl": [
{
"node": "l",
"frag": "ina",
"id": "P313493.l01fe4",
"ref": "P313493.2.1",
"inst": "ina[in+=concerning]PRP$",
"sig": "@saao/saa16%akk-x-neoass:ina=ina[in//in]PRP'PRP$ina",
"f": {"lang": "akk-x-neoass",
"form": "ina",
"cf": "ina",
"gw": "in",
"sense": "in",
"norm": "ina",
"pos": "PRP",
"epos": "PRP"}
}
,
{
"node": "l",
"frag": "UGU",
"id": "P313493.l01fe5",
"ref": "P313493.2.2",
"inst": "muhhu[skull]N$muhhi",
"sig": "@saao/saa16%akk-x-neoass:UGU=muhhu[skull//skull]N'N$muhhi",
"f": {"lang": "akk-x-neoass",
"form": "UGU",
"cf": "muhhu",
"gw": "skull",
"sense": "skull",
"norm": "muhhi",
"pos": "N",
"epos": "N"}
}
]}
,
{
"node": "l",
"frag": "{lu₂v}ERIM-MEŠ",
"id": "P313493.l01fe6",
"ref": "P313493.2.3",
"inst": "ṣābāni[troops]N",
"sig": "@saao/saa16%akk-x-neoass:{LU₂}ERIM-MEŠ=ṣābu[people//troops]N'N$ṣābāni",
"f": {"lang": "akk-x-neoass",
"form": "{LU₂}ERIM-MEŠ",
"cf": "ṣābu",
"gw": "people",
"sense": "troops",
"norm": "ṣābāni",
"pos": "N",
"epos": "N"}
}
,
{
"node": "l",
"frag": "ša",
"id": "P313493.l01fe7",
"ref": "P313493.2.4",
"inst": "ša[who]REL",
"sig": "@saao/saa16%akk-x-neoass:ša=ša[that//who]REL'REL$ša",
"f": {"lang": "akk-x-neoass",
"form": "ša",
"cf": "ša",
"gw": "that",
"sense": "who",
"norm": "ša",
"pos": "REL",
"epos": "REL"}
}
,
{
"node": "c",
"type": "phrase",
"tag": "phr",
"id": "P313493.U5",
"ref": "P313493.ls00001",
"cdl": [
{
"node": "l",
"frag": "a-bat-šar-ra-a-⸢te⸣",
"id": "P313493.l01fe8",
"ref": "P313493.2.5",
"cof-tails": "P313493.l01fe9",
"inst": "awātu[word]N$abat&šarru[king]N$šarrāte",
"sig": "@saao/saa16%akk-x-neoass:a-bat-šar-ra-a-te=awātu[word//word]N'N$abat&&@saao%akk-x-neoass:=šarru[king//king]N'N$šarrāte",
"f": {"lang": "akk-x-neoass",
"form": "a-bat-šar-ra-a-te",
"cf": "awātu",
"gw": "word",
"sense": "word",
"norm": "abat",
"pos": "N",
"epos": "N"}
}
,
{
"node": "l",
"frag": "a-bat-šar-ra-a-⸢te⸣",
"id": "P313493.l01fe9",
"ref": "P313493.2.5",
"cof-head": "P313493.l01fe8",
"inst": "awātu[word]N$abat&šarru[king]N$šarrāte",
"tail-sig": "@saao%akk-x-neoass:=šarru[king//king]N'N$šarrāte",
"f": {"lang": "akk-x-neoass",
"form": "a-bat-šar-ra-a-te",
"cf": "šarru",
"gw": "king",
"sense": "king",
"norm": "šarrāte",
"pos": "N",
"epos": "N"}
}
]}
,
{
"node": "l",
"frag": "[i-zak-ka-ru-u-ni]",
"id": "P313493.l01fea",
"ref": "P313493.2.6",
"inst": "zakāru[speak//pronounce]V$izakkarūni",
"sig": "@saao/saa16%akk-x-neoass:i-zak-ka-ru-u-ni=zakāru[speak//pronounce]V'V$izakkarūni",
"f": {"lang": "akk-x-neoass",
"form": "i-zak-ka-ru-u-ni",
"cf": "zakāru",
"gw": "speak",
"sense": "pronounce",
"norm": "izakkarūni",
"pos": "V",
"epos": "V"}
}
,
{
"node": "d",
"type": "line-start",
"ref": "P313493.3",
"n": "2",
"label": "o 2"}
,
{
"node": "l",
"frag": "LUGAL",
"id": "P313493.l01feb",
"ref": "P313493.3.1",
"inst": "šarru[king]N",
"sig": "@saao/saa16%akk-x-neoass:LUGAL=šarru[king//king]N'N$šarru",
"f": {"lang": "akk-x-neoass",
"form": "LUGAL",
"cf": "šarru",
"gw": "king",
"sense": "king",
"norm": "šarru",
"pos": "N",
"epos": "N"}
}
,
{
"node": "l",
"frag": "be-li₂",
"id": "P313493.l01fec",
"ref": "P313493.3.2",
"inst": "bēlī[lord]N",
"sig": "@saao/saa16%akk-x-neoass:be-li₂=bēlu[lord//lord]N'N$bēlī",
"f": {"lang": "akk-x-neoass",
"form": "be-li₂",
"cf": "bēlu",
"gw": "lord",
"sense": "lord",
"norm": "bēlī",
"pos": "N",
"epos": "N"}
}
,
{
"node": "l",
"frag": "lu",
"id": "P313493.l01fed",
"ref": "P313493.3.3",
"inst": "lū[may]MOD",
"sig": "@saao/saa16%akk-x-neoass:lu=lū[may//may]MOD'MOD$lū",
"f": {"lang": "akk-x-neoass",
"form": "lu",
"cf": "lū",
"gw": "may",
"sense": "may",
"norm": "lū",
"pos": "MOD",
"epos": "MOD"}
}
,
{
"node": "l",
"frag": "la",
"id": "P313493.l01fee",
"ref": "P313493.3.4",
"inst": "lā[not]MOD",
"sig": "@saao/saa16%akk-x-neoass:la=lā[not//not]MOD'MOD$lā",
"f": {"lang": "akk-x-neoass",
"form": "la",
"cf": "lā",
"gw": "not",
"sense": "not",
"norm": "lā",
"pos": "MOD",
"epos": "MOD"}
}
,
{
"node": "l",
"frag": "u₂-⸢ku⸣-uš",
"id": "P313493.l01fef",
"ref": "P313493.3.5",
"inst": "kâšu[delay]V$ukkuš",
"sig": "@saao/saa16%akk-x-neoass:u₂-ku-uš=kâšu[delay//delay]V'V$ukkuš",
"f": {"lang": "akk-x-neoass",
"form": "u₂-ku-uš",
"cf": "kâšu",
"gw": "delay",
"sense": "delay",
"norm": "ukkuš",
"pos": "V",
"epos": "V"}
}
,
{
"node": "l",
"frag": "{⸢lu₂v⸣}[ERIM-MEŠ]",
"id": "P313493.l01ff0",
"ref": "P313493.3.6",
"inst": "ṣābāni[troops]N",
"sig": "@saao/saa16%akk-x-neoass:{LU₂}ERIM-MEŠ=ṣābu[people//troops]N'N$ṣābāni",
"f": {"lang": "akk-x-neoass",
"form": "{LU₂}ERIM-MEŠ",
"cf": "ṣābu",
"gw": "people",
"sense": "troops",
"norm": "ṣābāni",
"pos": "N",
"epos": "N"}
}
,
{
"node": "d",
"type": "line-start",
"ref": "P313493.4",
"n": "3",
"label": "o 3"}
,
{
"node": "l",
"frag": "li-li-ku-u-ni",
"id": "P313493.l01ff1",
"ref": "P313493.4.1",
"inst": "lillikūni[come]V",
"sig": "@saao/saa16%akk-x-neoass:li-li-ku-u-ni=alāku[go//come]V'V$lillikūni",
"f": {"lang": "akk-x-neoass",
"form": "li-li-ku-u-ni",
"cf": "alāku",
"gw": "go",
"sense": "come",
"norm": "lillikūni",
"pos": "V",
"epos": "V"}
}
,
{
"node": "l",
"frag": "li-iq-⸢bi⸣-u₂",
"id": "P313493.l01ff2",
"ref": "P313493.4.2",
"inst": "qabû[say]V$liqbiu",
"sig": "@saao/saa16%akk-x-neoass:li-iq-bi-u₂=qabû[say//say]V'V$liqbiu",
"f": {"lang": "akk-x-neoass",
"form": "li-iq-bi-u₂",
"cf": "qabû",
"gw": "say",
"sense": "say",
"norm": "liqbiu",
"pos": "V",
"epos": "V"}
}
,
{
"node": "l",
"frag": "⸢ina",
"id": "P313493.l01ff3",
"ref": "P313493.4.3",
"inst": "ina[in]PRP",
"sig": "@saao/saa16%akk-x-neoass:ina=ina[in//in]PRP'PRP$ina",
"f": {"lang": "akk-x-neoass",
"form": "ina",
"cf": "ina",
"gw": "in",
"sense": "in",
"norm": "ina",
"pos": "PRP",
"epos": "PRP"}
}
,
{
"node": "l",
"frag": "de-e-ni⸣-[šu₂-nu",
"id": "P313493.l01ff4",
"ref": "P313493.4.4",
"inst": "dīnu[legal decision//lawsuit]N$dēnišunu",
"sig": "@saao/saa16%akk-x-neoass:de-e-ni-šu₂-nu=dīnu[legal decision//lawsuit]N'N$dēnišunu",
"f": {"lang": "akk-x-neoass",
"form": "de-e-ni-šu₂-nu",
"cf": "dīnu",
"gw": "legal decision",
"sense": "lawsuit",
"norm": "dēnišunu",
"pos": "N",
"epos": "N"}
}
,
{
"node": "l",
"frag": "LUGAL]",
"id": "P313493.l01ff5",
"ref": "P313493.4.5",
"inst": "šarru[king]N",
"sig": "@saao/saa16%akk-x-neoass:LUGAL=šarru[king//king]N'N$šarru",
"f": {"lang": "akk-x-neoass",
"form": "LUGAL",
"cf": "šarru",
"gw": "king",
"sense": "king",
"norm": "šarru",
"pos": "N",
"epos": "N"}
}
,
{
"node": "d",
"type": "line-start",
"ref": "P313493.5",
"n": "4",
"label": "o 4"}
,
{
"node": "l",
"frag": "le-ru-ub",
"id": "P313493.l01ff6",
"ref": "P313493.5.1",
"inst": "lērub[enter]V",
"sig": "@saao/saa16%akk-x-neoass:le-ru-ub=erēbu[enter//enter]V'V$lērub",
"f": {"lang": "akk-x-neoass",
"form": "le-ru-ub",
"cf": "erēbu",
"gw": "enter",
"sense": "enter",
"norm": "lērub",
"pos": "V",
"epos": "V"}
}
,
{
"node": "l",
"frag": "a-bu-tu₂",
"id": "P313493.l01ff7",
"ref": "P313493.5.2",
"inst": "abutu[matter]N",
"sig": "@saao/saa16%akk-x-neoass:a-bu-tu₂=awātu[word//matter]N'N$abutu",
"f": {"lang": "akk-x-neoass",
"form": "a-bu-tu₂",
"cf": "awātu",
"gw": "word",
"sense": "matter",
"norm": "abutu",
"pos": "N",
"epos": "N"}
}
,
{
"node": "l",
"frag": "⸢ša⸣",
"id": "P313493.l01ff8",
"ref": "P313493.5.3",
"inst": "ša[which]REL",
"sig": "@saao/saa16%akk-x-neoass:ša=ša[that//which]REL'REL$ša",
"f": {"lang": "akk-x-neoass",
"form": "ša",
"cf": "ša",
"gw": "that",
"sense": "which",
"norm": "ša",
"pos": "REL",
"epos": "REL"}
}
,
{
"node": "c",
"type": "phrase",
"tag": "phr",
"id": "P313493.U6",
"ref": "P313493.ls00002",
"cdl": [
{
"node": "l",
"frag": "[ina]",
"id": "P313493.l01ff9",
"ref": "P313493.5.4",
"inst": "ina[in+=in the presence of]PRP$",
"sig": "@saao/saa16%akk-x-neoass:ina=ina[in//in]PRP'PRP$ina",
"f": {"lang": "akk-x-neoass",
"form": "ina",
"cf": "ina",
"gw": "in",
"sense": "in",
"norm": "ina",
"pos": "PRP",
"epos": "PRP"}
}
,
{
"node": "l",
"frag": "IGI",
"id": "P313493.l01ffa",
"ref": "P313493.5.5",
"inst": "pānu[front]N$pān",
"sig": "@saao/saa16%akk-x-neoass:IGI=pānu[front//front]N'N$pān",
"f": {"lang": "akk-x-neoass",
"form": "IGI",
"cf": "pānu",
"gw": "front",
"sense": "front",
"norm": "pān",
"pos": "N",
"epos": "N"}
}
]}
,
{
"node": "l",
"frag": "LUGAL",
"id": "P313493.l01ffb",
"ref": "P313493.5.6",
"inst": "šarri[king]N",
"sig": "@saao/saa16%akk-x-neoass:LUGAL=šarru[king//king]N'N$šarri",
"f": {"lang": "akk-x-neoass",
"form": "LUGAL",
"cf": "šarru",
"gw": "king",
"sense": "king",
"norm": "šarri",
"pos": "N",
"epos": "N"}
}
,
{
"node": "l",
"frag": "mah-ra-tu-[u-ni]",
"id": "P313493.l01ffc",
"ref": "P313493.5.7",
"inst": "mahru[received//acceptable]AJ$mahratūni",
"sig": "@saao/saa16%akk-x-neoass:mah-ra-tu-u-ni=mahru[received//acceptable]AJ'AJ$mahratūni",
"f": {"lang": "akk-x-neoass",
"form": "mah-ra-tu-u-ni",
"cf": "mahru",
"gw": "received",
"sense": "acceptable",
"norm": "mahratūni",
"pos": "AJ",
"epos": "AJ"}
}
,
{
"node": "d",
"type": "line-start",
"ref": "P313493.6",
"n": "5",
"label": "o 5"}
,
{
"node": "c",
"type": "phrase",
"tag": "phr",
"id": "P313493.U7",
"ref": "P313493.ls00003",
"cdl": [
{
"node": "l",
"frag": "ina",
"id": "P313493.l01ffd",
"ref": "P313493.6.1",
"inst": "ina[in]PRP",
"sig": "@saao/saa16%akk-x-neoass:ina=ina[in//in]PRP'PRP$ina",
"f": {"lang": "akk-x-neoass",
"form": "ina",
"cf": "ina",
"gw": "in",
"sense": "in",
"norm": "ina",
"pos": "PRP",
"epos": "PRP"}
}
,
{
"node": "l",
"frag": "ŠU.2-šu₂",
"id": "P313493.l01ffe",
"ref": "P313493.6.2",
"inst": "qātīšu[hand]N",
"sig": "@saao/saa16%akk-x-neoass:ŠU.2-šu₂=qātu[hand//hand]N'N$qātīšu",
"f": {"lang": "akk-x-neoass",
"form": "ŠU.2-šu₂",
"cf": "qātu",
"gw": "hand",
"sense": "hand",
"norm": "qātīšu",
"pos": "N",
"epos": "N"}
}
]}
,
{
"node": "l",
"frag": "li-ṣi-bat",
"id": "P313493.l01fff",
"ref": "P313493.6.3",
"inst": "ṣabātu[seize]V$liṣibat",
"sig": "@saao/saa16%akk-x-neoass:li-ṣi-bat=ṣabātu[seize//seize]V'V$liṣibat",
"f": {"lang": "akk-x-neoass",
"form": "li-ṣi-bat",
"cf": "ṣabātu",
"gw": "seize",
"sense": "seize",
"norm": "liṣibat",
"pos": "V",
"epos": "V"}
}
,
{
"node": "l",
"frag": "ša",
"id": "P313493.l02000",
"ref": "P313493.6.4",
"inst": "ša[what]REL",
"sig": "@saao/saa16%akk-x-neoass:ša=ša[that//what]REL'REL$ša",
"f": {"lang": "akk-x-neoass",
"form": "ša",
"cf": "ša",
"gw": "that",
"sense": "what",
"norm": "ša",
"pos": "REL",
"epos": "REL"}
}
,
{
"node": "c",
"type": "phrase",
"tag": "phr",
"id": "P313493.U8",
"ref": "P313493.ls00004",
"cdl": [
{
"node": "l",
"frag": "⸢ina⸣",
"id": "P313493.l02001",
"ref": "P313493.6.5",
"inst": "ina[in+=in the presence of]PRP$",
"sig": "@saao/saa16%akk-x-neoass:ina=ina[in//in]PRP'PRP$ina",
"f": {"lang": "akk-x-neoass",
"form": "ina",
"cf": "ina",
"gw": "in",
"sense": "in",
"norm": "ina",
"pos": "PRP",
"epos": "PRP"}
}
,
{
"node": "l",
"frag": "IGI",
"id": "P313493.l02002",
"ref": "P313493.6.6",
"inst": "pānu[front]N$pān",
"sig": "@saao/saa16%akk-x-neoass:IGI=pānu[front//front]N'N$pān",
"f": {"lang": "akk-x-neoass",
"form": "IGI",
"cf": "pānu",
"gw": "front",
"sense": "front",
"norm": "pān",
"pos": "N",
"epos": "N"}
}
]}
,
{
"node": "l",
"frag": "LUGAL",
"id": "P313493.l02003",
"ref": "P313493.6.7",
"inst": "šarri[king]N",
"sig": "@saao/saa16%akk-x-neoass:LUGAL=šarru[king//king]N'N$šarri",
"f": {"lang": "akk-x-neoass",
"form": "LUGAL",
"cf": "šarru",
"gw": "king",
"sense": "king",
"norm": "šarri",
"pos": "N",
"epos": "N"}
}
,
{
"node": "l",
"frag": "EN-ia₂",
"id": "P313493.l02004",
"ref": "P313493.6.8",
"inst": "bēlīya[lord]N",
"sig": "@saao/saa16%akk-x-neoass:EN-ia₂=bēlu[lord//lord]N'N$bēlīya",
"f": {"lang": "akk-x-neoass",
"form": "EN-ia₂",
"cf": "bēlu",
"gw": "lord",
"sense": "lord",
"norm": "bēlīya",
"pos": "N",
"epos": "N"}
}
,
{
"node": "l",
"frag": "la",
"id": "P313493.l02005",
"ref": "P313493.6.9",
"inst": "lā[not]MOD",
"sig": "@saao/saa16%akk-x-neoass:la=lā[not//not]MOD'MOD$lā",
"f": {"lang": "akk-x-neoass",
"form": "la",
"cf": "lā",
"gw": "not",
"sense": "not",
"norm": "lā",
"pos": "MOD",
"epos": "MOD"}
}
,
{
"node": "l",
"frag": "mah-⸢ra⸣-[tu-u-ni]",
"id": "P313493.l02006",
"ref": "P313493.6.10",
"inst": "mahratūni[acceptable]AJ",
"sig": "@saao/saa16%akk-x-neoass:mah-ra-tu-u-ni=mahru[received//acceptable]AJ'AJ$mahratūni",
"f": {"lang": "akk-x-neoass",
"form": "mah-ra-tu-u-ni",
"cf": "mahru",
"gw": "received",
"sense": "acceptable",
"norm": "mahratūni",
"pos": "AJ",
"epos": "AJ"}
}
,
{
"node": "d",
"type": "line-start",
"ref": "P313493.7",
"n": "6",
"label": "o 6"}
,
{
"node": "l",
"frag": "LUGAL",
"id": "P313493.l02007",
"ref": "P313493.7.1",
"inst": "šarru[king]N",
"sig": "@saao/saa16%akk-x-neoass:LUGAL=šarru[king//king]N'N$šarru",
"f": {"lang": "akk-x-neoass",
"form": "LUGAL",
"cf": "šarru",
"gw": "king",
"sense": "king",
"norm": "šarru",
"pos": "N",
"epos": "N"}
}
,
{
"node": "l",
"frag": "be-⸢li₂⸣",
"id": "P313493.l02008",
"ref": "P313493.7.2",
"inst": "bēlī[lord]N",
"sig": "@saao/saa16%akk-x-neoass:be-li₂=bēlu[lord//lord]N'N$bēlī",
"f": {"lang": "akk-x-neoass",
"form": "be-li₂",
"cf": "bēlu",
"gw": "lord",
"sense": "lord",
"norm": "bēlī",
"pos": "N",
"epos": "N"}
}
,
{
"node": "l",
"frag": "[lu-ra]-⸢am⸣-mi",
"id": "P313493.l02009",
"ref": "P313493.7.3",
"inst": "ramû[slacken//leave]V$lurammi",
"sig": "@saao/saa16%akk-x-neoass:lu-ra-am-mi=ramû[slacken//leave]V'V$lurammi",
"f": {"lang": "akk-x-neoass",
"form": "lu-ra-am-mi",
"cf": "ramû",
"gw": "slacken",
"sense": "leave",
"norm": "lurammi",
"pos": "V",
"epos": "V"}
}
,
{
"node": "l",
"frag": "⸢šum₂⸣-ma",
"id": "P313493.l0200a",
"ref": "P313493.7.4",
"inst": "šumma[if]MOD",
"sig": "@saao/saa16%akk-x-neoass:šum₂-ma=šumma[if//if]MOD'MOD$šumma",
"f": {"lang": "akk-x-neoass",
"form": "šum₂-ma",
"cf": "šumma",
"gw": "if",
"sense": "if",
"norm": "šumma",
"pos": "MOD",
"epos": "MOD"}
}
,
{
"node": "l",
"frag": "ARAD",
"id": "P313493.l0200b",
"ref": "P313493.7.5",
"inst": "urdu[servant]N",
"sig": "@saao/saa16%akk-x-neoass:ARAD=ardu[slave//servant]N'N$urdu",
"f": {"lang": "akk-x-neoass",
"form": "ARAD",
"cf": "ardu",
"gw": "slave",
"sense": "servant",
"norm": "urdu",
"pos": "N",
"epos": "N"}
}
,
{
"node": "l",
"frag": "ša",
"id": "P313493.l0200c",
"ref": "P313493.7.6",
"inst": "ša[of]DET",
"sig": "@saao/saa16%akk-x-neoass:ša=ša[of//of]DET'DET$ša",
"f": {"lang": "akk-x-neoass",
"form": "ša",
"cf": "ša",
"gw": "of",
"sense": "of",
"norm": "ša",
"pos": "DET",
"epos": "DET"}
}
,
{
"node": "l",
"frag": "LUGAL",
"id": "P313493.l0200d",
"ref": "P313493.7.7",
"inst": "šarri[king]N",
"sig": "@saao/saa16%akk-x-neoass:LUGAL=šarru[king//king]N'N$šarri",
"f": {"lang": "akk-x-neoass",
"form": "LUGAL",
"cf": "šarru",
"gw": "king",
"sense": "king",
"norm": "šarri",
"pos": "N",
"epos": "N"}
}
,
{
"node": "l",
"frag": "šu-u",
"id": "P313493.l0200e",
"ref": "P313493.7.8",
"inst": "šû[he]IP",
"sig": "@saao/saa16%akk-x-neoass:šu-u=šū[he//he]IP'IP$šû",
"f": {"lang": "akk-x-neoass",
"form": "šu-u",
"cf": "šū",
"gw": "he",
"sense": "he",
"norm": "šû",
"pos": "IP",
"epos": "IP"}
}
,
{
"node": "c",
"type": "phrase",
"tag": "phr",
"id": "P313493.U9",
"ref": "P313493.ls00005",
"cdl": [
{
"node": "l",
"frag": "ina",
"id": "P313493.l0200f",
"ref": "P313493.7.9",
"inst": "ina[in+=about]PRP$",
"sig": "@saao/saa16%akk-x-neoass:ina=ina[in//in]PRP'PRP$ina",
"f": {"lang": "akk-x-neoass",
"form": "ina",
"cf": "ina",
"gw": "in",
"sense": "in",
"norm": "ina",
"pos": "PRP",
"epos": "PRP"}
}
,
{
"node": "l",
"frag": "[UGU]",
"id": "P313493.l02010",
"ref": "P313493.7.10",
"inst": "muhhu[skull]N$muhhi",
"sig": "@saao/saa16%akk-x-neoass:UGU=muhhu[skull//skull]N'N$muhhi",
"f": {"lang": "akk-x-neoass",
"form": "UGU",
"cf": "muhhu",
"gw": "skull",
"sense": "skull",
"norm": "muhhi",
"pos": "N",
"epos": "N"}
}
]}
,
{
"node": "d",
"type": "line-start",
"ref": "P313493.8",
"n": "7",
"label": "o 7"}
,
{
"node": "l",
"frag": "{lu₂v}šak-ni-šu",
"id": "P313493.l02011",
"ref": "P313493.8.1",
"inst": "šaknu[appointee//prefect]N$šaknīšu",
"sig": "@saao/saa16%akk-x-neoass:{LU₂}šak-ni-šu=šaknu[appointee//prefect]N'N$šaknīšu",
"f": {"lang": "akk-x-neoass",
"form": "{LU₂}šak-ni-šu",
"cf": "šaknu",
"gw": "appointee",
"sense": "prefect",
"norm": "šaknīšu",
"pos": "N",
"epos": "N"}
}
,
{
"node": "c",
"type": "phrase",
"tag": "phr",
"id": "P313493.U10",
"ref": "P313493.ls00006",
"cdl": [
{
"node": "l",
"frag": "ina",
"id": "P313493.l02012",
"ref": "P313493.8.2",
"inst": "ina[in+=about]PRP$",
"sig": "@saao/saa16%akk-x-neoass:ina=ina[in//in]PRP'PRP$ina",
"f": {"lang": "akk-x-neoass",
"form": "ina",
"cf": "ina",
"gw": "in",
"sense": "in",
"norm": "ina",
"pos": "PRP",
"epos": "PRP"}
}
,
{
"node": "l",
"frag": "UGU",
"id": "P313493.l02013",
"ref": "P313493.8.3",
"inst": "muhhu[skull]N$muhhi",
"sig": "@saao/saa16%akk-x-neoass:UGU=muhhu[skull//skull]N'N$muhhi",
"f": {"lang": "akk-x-neoass",
"form": "UGU",
"cf": "muhhu",
"gw": "skull",
"sense": "skull",
"norm": "muhhi",
"pos": "N",
"epos": "N"}
}
]}
,
{
"node": "l",
"frag": "{⸢lu₂v}NAM⸣-šu₂",
"id": "P313493.l02014",
"ref": "P313493.8.4",
"inst": "pīhātu[responsibility//governor]N$pāhitīšu",
"sig": "@saao/saa16%akk-x-neoass:{LU₂}NAM-šu₂=pīhātu[responsibility//governor]N'N$pāhitīšu",
"f": {"lang": "akk-x-neoass",
"form": "{LU₂}NAM-šu₂",
"cf": "pīhātu",
"gw": "responsibility",
"sense": "governor",
"norm": "pāhitīšu",
"pos": "N",
"epos": "N"}
}
,
{
"node": "l",
"frag": "iq-ṭi₂-bi",
"id": "P313493.l02015",
"ref": "P313493.8.5",
"inst": "iqṭibi[say]V",
"sig": "@saao/saa16%akk-x-neoass:iq-ṭi₂-bi=qabû[say//say]V'V$iqṭibi",
"f": {"lang": "akk-x-neoass",
"form": "iq-ṭi₂-bi",
"cf": "qabû",
"gw": "say",
"sense": "say",
"norm": "iqṭibi",
"pos": "V",
"epos": "V"}
}
,
{
"node": "l",
"frag": "bir-ti",
"id": "P313493.l02016",
"ref": "P313493.8.6",
"inst": "birti[between]PRP",
"sig": "@saao/saa16%akk-x-neoass:bir-ti=birti[between//between]PRP'PRP$birti",
"f": {"lang": "akk-x-neoass",
"form": "bir-ti",
"cf": "birti",
"gw": "between",
"sense": "between",
"norm": "birti",
"pos": "PRP",
"epos": "PRP"}
}
,
{
"node": "l",
"frag": "IGI.2",
"id": "P313493.l02017",
"ref": "P313493.8.7",
"inst": "ēnāti[eye]N",
"sig": "@saao/saa16%akk-x-neoass:IGI.2=īnu[eye//eye]N'N$ēnāti",
"f": {"lang": "akk-x-neoass",
"form": "IGI.2",
"cf": "īnu",
"gw": "eye",
"sense": "eye",
"norm": "ēnāti",
"pos": "N",
"epos": "N"}
}
,
{
"node": "d",
"type": "line-start",
"ref": "P313493.9",
"n": "8",
"label": "o 8"}
,
{
"node": "l",
"frag": "ša",
"id": "P313493.l02018",
"ref": "P313493.9.1",
"inst": "ša[of]DET",
"sig": "@saao/saa16%akk-x-neoass:ša=ša[of//of]DET'DET$ša",
"f": {"lang": "akk-x-neoass",
"form": "ša",
"cf": "ša",
"gw": "of",
"sense": "of",
"norm": "ša",
"pos": "DET",
"epos": "DET"}
}
,
{
"node": "l",
"frag": "{lu₂v}šak-ni-šu",
"id": "P313493.l02019",
"ref": "P313493.9.2",
"inst": "šaknīšu[prefect]N",
"sig": "@saao/saa16%akk-x-neoass:{LU₂}šak-ni-šu=šaknu[appointee//prefect]N'N$šaknīšu",
"f": {"lang": "akk-x-neoass",
"form": "{LU₂}šak-ni-šu",
"cf": "šaknu",
"gw": "appointee",
"sense": "prefect",
"norm": "šaknīšu",
"pos": "N",
"epos": "N"}
}
,
{
"node": "c",
"type": "phrase",
"tag": "phr",
"id": "P313493.U11",
"ref": "P313493.ls00007",
"cdl": [
{
"node": "l",
"frag": "ina",
"id": "P313493.l0201a",
"ref": "P313493.9.3",
"inst": "ina[in+=about]PRP",
"sig": "@saao/saa16%akk-x-neoass:ina=ina[in//in]PRP'PRP$ina",
"f": {"lang": "akk-x-neoass",
"form": "ina",
"cf": "ina",
"gw": "in",
"sense": "in",
"norm": "ina",
"pos": "PRP",
"epos": "PRP"}
}
,
{
"node": "l",
"frag": "UGU-⸢hi-šu₂⸣",
"id": "P313493.l0201b",
"ref": "P313493.9.4",
"inst": "muhhu[skull]N$muhhīšu",
"sig": "@saao/saa16%akk-x-neoass:UGU-hi-šu₂=muhhu[skull//skull]N'N$muhhīšu",
"f": {"lang": "akk-x-neoass",
"form": "UGU-hi-šu₂",
"cf": "muhhu",
"gw": "skull",
"sense": "skull",
"norm": "muhhīšu",
"pos": "N",
"epos": "N"}
}
]}
,
{
"node": "l",
"frag": "lu-[ma-di]-⸢du⸣",
"id": "P313493.l0201c",
"ref": "P313493.9.5",
"inst": "lumaddidu[make clear]V",
"sig": "@saao/saa16%akk-x-neoass:lu-ma-di-du=madādu[measure (out)//make clear]V'V$lumaddidu",
"f": {"lang": "akk-x-neoass",
"form": "lu-ma-di-du",
"cf": "madādu",
"gw": "measure (out)",
"sense": "make clear",
"norm": "lumaddidu",
"pos": "V",
"epos": "V"}
}
,
{
"node": "l",
"frag": "šum₂-ma",
"id": "P313493.l0201d",
"ref": "P313493.9.6",
"inst": "šumma[if]MOD",
"sig": "@saao/saa16%akk-x-neoass:šum₂-ma=šumma[if//if]MOD'MOD$šumma",
"f": {"lang": "akk-x-neoass",
"form": "šum₂-ma",
"cf": "šumma",
"gw": "if",
"sense": "if",
"norm": "šumma",
"pos": "MOD",
"epos": "MOD"}
}
,
{
"node": "l",
"frag": "ur-du",
"id": "P313493.l0201e",
"ref": "P313493.9.7",
"inst": "ardu[slave//servant]N$urdu",
"sig": "@saao/saa16%akk-x-neoass:ur-du=ardu[slave//servant]N'N$urdu",
"f": {"lang": "akk-x-neoass",
"form": "ur-du",
"cf": "ardu",
"gw": "slave",
"sense": "servant",
"norm": "urdu",
"pos": "N",
"epos": "N"}
}
,
{
"node": "d",
"type": "line-start",
"ref": "P313493.10",
"n": "9",
"label": "o 9"}
,
{
"node": "l",
"frag": "⸢ša⸣",
"id": "P313493.l0201f",
"ref": "P313493.10.1",
"inst": "ša[of]DET",
"sig": "@saao/saa16%akk-x-neoass:ša=ša[of//of]DET'DET$ša",
"f": {"lang": "akk-x-neoass",
"form": "ša",
"cf": "ša",
"gw": "of",
"sense": "of",
"norm": "ša",
"pos": "DET",
"epos": "DET"}
}
,
{
"node": "l",
"frag": "aš-šur-a.a",
"id": "P313493.l02020",
"ref": "P313493.10.2",
"inst": "Aššuraya[Assyrian]EN",
"sig": "@saao/saa16%akk-x-neoass:aš-šur-a.a=Aššuraya[Assyrian//Assyrian]EN'EN$Aššuraya",
"f": {"lang": "akk-x-neoass",
"form": "aš-šur-a.a",
"cf": "Aššuraya",
"gw": "Assyrian",
"sense": "Assyrian",
"norm": "Aššuraya",
"pos": "EN",
"epos": "EN"}
}
,
{
"node": "l",
"frag": "bir-te",
"id": "P313493.l02021",
"ref": "P313493.10.3",
"inst": "birte[between]PRP",
"sig": "@saao/saa16%akk-x-neoass:bir-te=birti[between//between]PRP'PRP$birte",
"f": {"lang": "akk-x-neoass",
"form": "bir-te",
"cf": "birti",
"gw": "between",
"sense": "between",
"norm": "birte",
"pos": "PRP",
"epos": "PRP"}
}
,
{
"node": "l",
"frag": "IGI.2-šu₂",
"id": "P313493.l02022",
"ref": "P313493.10.4",
"inst": "ēnātīšu[eye]N",
"sig": "@saao/saa16%akk-x-neoass:IGI.2-šu₂=īnu[eye//eye]N'N$ēnātīšu",
"f": {"lang": "akk-x-neoass",
"form": "IGI.2-šu₂",
"cf": "īnu",
"gw": "eye",
"sense": "eye",
"norm": "ēnātīšu",
"pos": "N",
"epos": "N"}
}
,
{
"node": "l",
"frag": "⸢ša⸣",
"id": "P313493.l02023",
"ref": "P313493.10.5",
"inst": "ša[of]DET",
"sig": "@saao/saa16%akk-x-neoass:ša=ša[of//of]DET'DET$ša",
"f": {"lang": "akk-x-neoass",
"form": "ša",
"cf": "ša",
"gw": "of",
"sense": "of",
"norm": "ša",
"pos": "DET",
"epos": "DET"}
}
,
{
"node": "l",
"frag": "EN-šu₂",
"id": "P313493.l02024",
"ref": "P313493.10.6",
"inst": "bēlu[lord]N$bēlīšu",
"sig": "@saao/saa16%akk-x-neoass:EN-šu₂=bēlu[lord//lord]N'N$bēlīšu",
"f": {"lang": "akk-x-neoass",
"form": "EN-šu₂",
"cf": "bēlu",
"gw": "lord",
"sense": "lord",
"norm": "bēlīšu",
"pos": "N",
"epos": "N"}
}
,
{
"node": "l",
"frag": "lu-ma-di-du",
"id": "P313493.l02025",
"ref": "P313493.10.7",
"inst": "lumaddidu[make clear]V",
"sig": "@saao/saa16%akk-x-neoass:lu-ma-di-du=madādu[measure (out)//make clear]V'V$lumaddidu",
"f": {"lang": "akk-x-neoass",
"form": "lu-ma-di-du",
"cf": "madādu",
"gw": "measure (out)",
"sense": "make clear",
"norm": "lumaddidu",
"pos": "V",
"epos": "V"}
}
,
{
"node": "d",
"type": "line-start",
"ref": "P313493.11",
"n": "10",
"label": "o 10"}
,
{
"node": "l",
"frag": "⸢ma⸣-a",
"id": "P313493.l02026",
"ref": "P313493.11.1",
"inst": "mā[saying]PRP",
"sig": "@saao/saa16%akk-x-neoass:ma-a=mā[saying//saying]PRP'PRP$mā",
"f": {"lang": "akk-x-neoass",
"form": "ma-a",
"cf": "mā",
"gw": "saying",
"sense": "saying",
"norm": "mā",
"pos": "PRP",
"epos": "PRP"}
}
,
{
"node": "c",
"type": "phrase",
"tag": "phr",
"id": "P313493.U12",
"ref": "P313493.ls00008",
"cdl": [
{
"node": "l",
"frag": "ina",
"id": "P313493.l02027",
"ref": "P313493.11.2",
"inst": "ina[in+=in]PRP$",
"sig": "@saao/saa16%akk-x-neoass:ina=ina[in//in]PRP'PRP$ina",
"f": {"lang": "akk-x-neoass",
"form": "ina",
"cf": "ina",
"gw": "in",
"sense": "in",
"norm": "ina",
"pos": "PRP",
"epos": "PRP"}
}
,
{
"node": "l",
"frag": "ŠA₃-bi",
"id": "P313493.l02028",
"ref": "P313493.11.3",
"inst": "libbu[interior]N$libbi",
"sig": "@saao/saa16%akk-x-neoass:ŠA₃-bi=libbu[interior//heart]N'N$libbi",
"f": {"lang": "akk-x-neoass",
"form": "ŠA₃-bi",
"cf": "libbu",
"gw": "interior",
"sense": "heart",
"norm": "libbi",
"pos": "N",
"epos": "N"}
}
]}
,
{
"node": "l",
"frag": "LUGAL",
"id": "P313493.l02029",
"ref": "P313493.11.4",
"inst": "šarri[king]N",
"sig": "@saao/saa16%akk-x-neoass:LUGAL=šarru[king//king]N'N$šarri",
"f": {"lang": "akk-x-neoass",
"form": "LUGAL",
"cf": "šarru",
"gw": "king",
"sense": "king",
"norm": "šarri",
"pos": "N",
"epos": "N"}
}
,
{
"node": "l",
"frag": "i-ti-i-la",
"id": "P313493.l0202a",
"ref": "P313493.11.5",
"inst": "nâlu[lie down (to sleep)//rest]V$ittīla",
"sig": "@saao/saa16%akk-x-neoass:i-ti-i-la=nâlu[lie down (to sleep)//rest]V'V$ittīla",
"f": {"lang": "akk-x-neoass",
"form": "i-ti-i-la",
"cf": "nâlu",
"gw": "lie down (to sleep)",
"sense": "rest",
"norm": "ittīla",
"pos": "V",
"epos": "V"}
}
,
{
"node": "l",
"frag": "[ma]-a",
"id": "P313493.l0202b",
"ref": "P313493.11.6",
"inst": "mā[saying]PRP",
"sig": "@saao/saa16%akk-x-neoass:ma-a=mā[saying//saying]PRP'PRP$mā",
"f": {"lang": "akk-x-neoass",
"form": "ma-a",
"cf": "mā",
"gw": "saying",
"sense": "saying",
"norm": "mā",
"pos": "PRP",
"epos": "PRP"}
}
,
{
"node": "l",
"frag": "me-me-ni",
"id": "P313493.l0202c",
"ref": "P313493.11.7",
"inst": "memmēni[anybody]XP",
"sig": "@saao/saa16%akk-x-neoass:me-me-ni=memēni[somebody//anybody]XP'XP$memmēni",
"f": {"lang": "akk-x-neoass",
"form": "me-me-ni",
"cf": "memēni",
"gw": "somebody",
"sense": "anybody",
"norm": "memmēni",
"pos": "XP",
"epos": "XP"}
}
,
{
"node": "l",
"frag": "i-si-šu₂",
"id": "P313493.l0202d",
"ref": "P313493.11.8",
"inst": "issīšu[with]PRP",
"sig": "@saao/saa16%akk-x-neoass:i-si-šu₂=išti[with//with]PRP'PRP$issīšu",
"f": {"lang": "akk-x-neoass",
"form": "i-si-šu₂",
"cf": "išti",
"gw": "with",
"sense": "with",
"norm": "issīšu",
"pos": "PRP",
"epos": "PRP"}
}
,
{
"node": "d",
"subtype": "bottom",
"type": "surface",
"ref": "P313493.b.e..12",
"type": "bottom",
"label": "b.e."}
,
{
"node": "d",
"type": "line-start",
"ref": "P313493.13",
"n": "11",
"label": "b.e. 11"}
,
{
"node": "l",
"frag": "[lu]",
"id": "P313493.l0202e",
"ref": "P313493.13.1",
"inst": "lū[may]MOD",
"sig": "@saao/saa16%akk-x-neoass:lu=lū[may//may]MOD'MOD$lū",
"f": {"lang": "akk-x-neoass",
"form": "lu",
"cf": "lū",
"gw": "may",
"sense": "may",
"norm": "lū",
"pos": "MOD",
"epos": "MOD"}
}
,
{
"node": "l",
"frag": "la",
"id": "P313493.l0202f",
"ref": "P313493.13.2",
"inst": "lā[not]MOD",
"sig": "@saao/saa16%akk-x-neoass:la=lā[not//not]MOD'MOD$lā",
"f": {"lang": "akk-x-neoass",
"form": "la",
"cf": "lā",
"gw": "not",
"sense": "not",
"norm": "lā",
"pos": "MOD",
"epos": "MOD"}
}
,
{
"node": "l",
"frag": "i-da-bu-ub",
"id": "P313493.l02030",
"ref": "P313493.13.3",
"inst": "dabābu[speak//litigate]V$idabbub",
"sig": "@saao/saa16%akk-x-neoass:i-da-bu-ub=dabābu[speak//litigate]V'V$idabbub",
"f": {"lang": "akk-x-neoass",
"form": "i-da-bu-ub",
"cf": "dabābu",
"gw": "speak",
"sense": "litigate",
"norm": "idabbub",
"pos": "V",
"epos": "V"}
}
,
{
"node": "l",
"frag": "ma-a",
"id": "P313493.l02031",
"ref": "P313493.13.4",
"inst": "mā[saying]PRP",
"sig": "@saao/saa16%akk-x-neoass:ma-a=mā[saying//saying]PRP'PRP$mā",
"f": {"lang": "akk-x-neoass",
"form": "ma-a",
"cf": "mā",
"gw": "saying",
"sense": "saying",
"norm": "mā",
"pos": "PRP",
"epos": "PRP"}
}
,
{
"node": "c",
"type": "phrase",
"tag": "phr",
"id": "P313493.U13",
"ref": "P313493.ls00009",
"cdl": [
{
"node": "l",
"frag": "ina",
"id": "P313493.l02032",
"ref": "P313493.13.5",
"inst": "ina[in+=into]PRP$",
"sig": "@saao/saa16%akk-x-neoass:ina=ina[in//in]PRP'PRP$ina",
"f": {"lang": "akk-x-neoass",
"form": "ina",
"cf": "ina",
"gw": "in",
"sense": "in",
"norm": "ina",
"pos": "PRP",
"epos": "PRP"}
}
,
{
"node": "l",
"frag": "ŠA₃-⸢bi⸣",
"id": "P313493.l02033",
"ref": "P313493.13.6",
"inst": "libbu[interior]N$libbi",
"sig": "@saao/saa16%akk-x-neoass:ŠA₃-bi=libbu[interior//heart]N'N$libbi",
"f": {"lang": "akk-x-neoass",
"form": "ŠA₃-bi",
"cf": "libbu",
"gw": "interior",
"sense": "heart",
"norm": "libbi",
"pos": "N",
"epos": "N"}
}
]}
,
{
"node": "l",
"frag": "e-ki-it",
"id": "P313493.l02034",
"ref": "P313493.13.7",
"inst": "ekit[(meaning unknown)]N$",
"sig": "@saao/saa16%akk-x-neoass:e-ki-it=ekit[(meaning unknown)//(meaning unknown)]N'N$ekit",
"f": {"lang": "akk-x-neoass",
"form": "e-ki-it",
"cf": "ekit",
"gw": "(meaning unknown)",
"sense": "(meaning unknown)",
"norm": "ekit",
"pos": "N",
"epos": "N"}
}
,
{
"node": "l",
"frag": "la",
"id": "P313493.l02035",
"ref": "P313493.13.8",
"inst": "lā[not]MOD",
"sig": "@saao/saa16%akk-x-neoass:la=lā[not//not]MOD'MOD$lā",
"f": {"lang": "akk-x-neoass",
"form": "la",
"cf": "lā",
"gw": "not",
"sense": "not",
"norm": "lā",
"pos": "MOD",
"epos": "MOD"}
}
,
{
"node": "l",
"frag": "ta-ra-di",
"id": "P313493.l02036",
"ref": "P313493.13.9",
"inst": "redû[accompany]V$taraddi",
"sig": "@saao/saa16%akk-x-neoass:ta-ra-di=redû[accompany//accompany]V'V$taraddi",
"f": {"lang": "akk-x-neoass",
"form": "ta-ra-di",
"cf": "redû",
"gw": "accompany",
"sense": "accompany",
"norm": "taraddi",
"pos": "V",
"epos": "V"}
}
,
{
"node": "d",
"type": "line-start",
"ref": "P313493.14",
"n": "12",
"label": "b.e. 12"}
,
{
"node": "l",
"frag": "⸢lu⸣",
"id": "P313493.l02037",
"ref": "P313493.14.1",
"inst": "lū[may]MOD",
"sig": "@saao/saa16%akk-x-neoass:lu=lū[may//may]MOD'MOD$lū",
"f": {"lang": "akk-x-neoass",
"form": "lu",
"cf": "lū",
"gw": "may",
"sense": "may",
"norm": "lū",
"pos": "MOD",
"epos": "MOD"}
}
,
{
"node": "l",
"frag": "la-a",
"id": "P313493.l02038",
"ref": "P313493.14.2",
"inst": "lā[not]MOD",
"sig": "@saao/saa16%akk-x-neoass:la-a=lā[not//not]MOD'MOD$lā",
"f": {"lang": "akk-x-neoass",
"form": "la-a",
"cf": "lā",
"gw": "not",
"sense": "not",
"norm": "lā",
"pos": "MOD",
"epos": "MOD"}
}
,
{
"node": "l",
"frag": "u₂-kaš",
"id": "P313493.l02039",
"ref": "P313493.14.3",
"inst": "kâšu[delay]V$ukkaš",
"sig": "@saao/saa16%akk-x-neoass:u₂-kaš=kâšu[delay//delay]V'V$ukkaš",
"f": {"lang": "akk-x-neoass",
"form": "u₂-kaš",
"cf": "kâšu",
"gw": "delay",
"sense": "delay",
"norm": "ukkaš",
"pos": "V",
"epos": "V"}
}
,
{
"node": "l",
"frag": "LUGAL",
"id": "P313493.l0203a",
"ref": "P313493.14.4",
"inst": "šarru[king]N",
"sig": "@saao/saa16%akk-x-neoass:LUGAL=šarru[king//king]N'N$šarru",
"f": {"lang": "akk-x-neoass",
"form": "LUGAL",
"cf": "šarru",
"gw": "king",
"sense": "king",
"norm": "šarru",
"pos": "N",
"epos": "N"}
}
,
{
"node": "l",
"frag": "be-li₂",
"id": "P313493.l0203b",
"ref": "P313493.14.5",
"inst": "bēlī[lord]N",
"sig": "@saao/saa16%akk-x-neoass:be-li₂=bēlu[lord//lord]N'N$bēlī",
"f": {"lang": "akk-x-neoass",
"form": "be-li₂",
"cf": "bēlu",
"gw": "lord",
"sense": "lord",
"norm": "bēlī",
"pos": "N",
"epos": "N"}
}
,
{
"node": "l",
"frag": "⸢ERIM⸣-MEŠ-šu₂",
"id": "P313493.l0203c",
"ref": "P313493.14.6",
"inst": "ṣābānīšu[troops]N",
"sig": "@saao/saa16%akk-x-neoass:ERIM-MEŠ-šu₂=ṣābu[people//troops]N'N$ṣābānīšu",
"f": {"lang": "akk-x-neoass",
"form": "ERIM-MEŠ-šu₂",
"cf": "ṣābu",
"gw": "people",
"sense": "troops",
"norm": "ṣābānīšu",
"pos": "N",
"epos": "N"}
}
,
{
"node": "l",
"frag": "u₂-ga-mar",
"id": "P313493.l0203d",
"ref": "P313493.14.7",
"inst": "ugammar[finish]V",
"sig": "@saao/saa16%akk-x-neoass:u₂-ga-mar=gamāru[complete//finish]V'V$ugammar",
"f": {"lang": "akk-x-neoass",
"form": "u₂-ga-mar",
"cf": "gamāru",
"gw": "complete",
"sense": "finish",
"norm": "ugammar",
"pos": "V",
"epos": "V"}
}
,
{
"node": "l",
"frag": "i-[su-ri]",
"id": "P313493.l0203e",
"ref": "P313493.14.8",
"inst": "issurri[perhaps]AV",
"sig": "@saao/saa16%akk-x-neoass:i-su-ri=issurri[perhaps//perhaps]AV'AV$issurri",
"f": {"lang": "akk-x-neoass",
"form": "i-su-ri",
"cf": "issurri",
"gw": "perhaps",
"sense": "perhaps",
"norm": "issurri",
"pos": "AV",
"epos": "AV"}
}
,
{
"node": "d",
"subtype": "reverse",
"type": "surface",
"ref": "P313493.r.15",
"type": "reverse",
"label": "r"}
,
{
"node": "d",
"type": "line-start",
"ref": "P313493.16",
"n": "1",
"label": "r 1"}
,
{
"node": "l",
"frag": "[i]-lak",
"id": "P313493.l0203f",
"ref": "P313493.16.1",
"inst": "illak[go]V",
"sig": "@saao/saa16%akk-x-neoass:i-lak=alāku[go//go]V'V$illak",
"f": {"lang": "akk-x-neoass",
"form": "i-lak",
"cf": "alāku",
"gw": "go",
"sense": "go",
"norm": "illak",
"pos": "V",
"epos": "V"}
}
,
{
"node": "l",
"frag": "a-na",
"id": "P313493.l02040",
"ref": "P313493.16.2",
"inst": "ana[to]PRP",
"sig": "@saao/saa16%akk-x-neoass:a-na=ana[to//to]PRP'PRP$ana",
"f": {"lang": "akk-x-neoass",
"form": "a-na",
"cf": "ana",
"gw": "to",
"sense": "to",
"norm": "ana",
"pos": "PRP",
"epos": "PRP"}
}
,
{
"node": "l",
"frag": "me-eh-ri-šu",
"id": "P313493.l02041",
"ref": "P313493.16.3",
"inst": "mehru[colleague//equal]N$mehrīšu",
"sig": "@saao/saa16%akk-x-neoass:me-eh-ri-šu=mehru[colleague//equal]N'N$mehrīšu",
"f": {"lang": "akk-x-neoass",
"form": "me-eh-ri-šu",
"cf": "mehru",
"gw": "colleague",
"sense": "equal",
"norm": "mehrīšu",
"pos": "N",
"epos": "N"}
}
,
{
"node": "l",
"frag": "i-⸢qa-bi⸣",
"id": "P313493.l02042",
"ref": "P313493.16.4",
"inst": "iqabbi[say]V",
"sig": "@saao/saa16%akk-x-neoass:i-qa-bi=qabû[say//say]V'V$iqabbi",
"f": {"lang": "akk-x-neoass",
"form": "i-qa-bi",
"cf": "qabû",
"gw": "say",
"sense": "say",
"norm": "iqabbi",
"pos": "V",
"epos": "V"}
}
,
{
"node": "l",
"frag": "ma-a",
"id": "P313493.l02043",
"ref": "P313493.16.5",
"inst": "mā[saying]PRP",
"sig": "@saao/saa16%akk-x-neoass:ma-a=mā[saying//saying]PRP'PRP$mā",
"f": {"lang": "akk-x-neoass",
"form": "ma-a",
"cf": "mā",
"gw": "saying",
"sense": "saying",
"norm": "mā",
"pos": "PRP",
"epos": "PRP"}
}
,
{
"node": "c",
"type": "phrase",
"tag": "phr",
"id": "P313493.U14",
"ref": "P313493.ls0000a",
"cdl": [
{
"node": "l",
"frag": "ina",
"id": "P313493.l02044",
"ref": "P313493.16.6",
"inst": "ina[in+=in the presence of]PRP$",
"sig": "@saao/saa16%akk-x-neoass:ina=ina[in//in]PRP'PRP$ina",
"f": {"lang": "akk-x-neoass",
"form": "ina",
"cf": "ina",
"gw": "in",
"sense": "in",
"norm": "ina",
"pos": "PRP",
"epos": "PRP"}
}
,
{
"node": "l",
"frag": "IGI",
"id": "P313493.l02045",
"ref": "P313493.16.7",
"inst": "pānu[front]N$pān",
"sig": "@saao/saa16%akk-x-neoass:IGI=pānu[front//front]N'N$pān",
"f": {"lang": "akk-x-neoass",
"form": "IGI",
"cf": "pānu",
"gw": "front",
"sense": "front",
"norm": "pān",
"pos": "N",
"epos": "N"}
}
]}
,
{
"node": "l",
"frag": "LUGAL-ma",
"id": "P313493.l02046",
"ref": "P313493.16.8",
"inst": "šarrimma[king]N",
"sig": "@saao/saa16%akk-x-neoass:LUGAL-ma=šarru[king//king]N'N$šarrimma",
"f": {"lang": "akk-x-neoass",
"form": "LUGAL-ma",
"cf": "šarru",
"gw": "king",
"sense": "king",
"norm": "šarrimma",
"pos": "N",
"epos": "N"}
}
,
{
"node": "d",
"type": "line-start",
"ref": "P313493.17",
"n": "2",
"label": "r 2"}
,
{
"node": "l",
"frag": "la-qa-bi",
"id": "P313493.l02047",
"ref": "P313493.17.1",
"inst": "laqabi[say]V",
"sig": "@saao/saa16%akk-x-neoass:la-qa-bi=qabû[say//say]V'V$laqabi",
"f": {"lang": "akk-x-neoass",
"form": "la-qa-bi",
"cf": "qabû",
"gw": "say",
"sense": "say",
"norm": "laqabi",
"pos": "V",
"epos": "V"}
}
,
{
"node": "l",
"frag": "u₂-la",
"id": "P313493.l02048",
"ref": "P313493.17.2",
"inst": "ula[not//no]J$",
"sig": "@saao/saa16%akk-x-neoass:u₂-la=ula[not//no]J'J$ula",
"f": {"lang": "akk-x-neoass",
"form": "u₂-la",
"cf": "ula",
"gw": "not",
"sense": "no",
"norm": "ula",
"pos": "J",
"epos": "J"}
}
,
{
"node": "l",
"frag": "LUGAL",
"id": "P313493.l02049",
"ref": "P313493.17.3",
"inst": "šarru[king]N",
"sig": "@saao/saa16%akk-x-neoass:LUGAL=šarru[king//king]N'N$šarru",
"f": {"lang": "akk-x-neoass",
"form": "LUGAL",
"cf": "šarru",
"gw": "king",
"sense": "king",
"norm": "šarru",
"pos": "N",
"epos": "N"}
}
,
{
"node": "l",
"frag": "be-li₂",
"id": "P313493.l0204a",
"ref": "P313493.17.4",
"inst": "bēlī[lord]N",
"sig": "@saao/saa16%akk-x-neoass:be-li₂=bēlu[lord//lord]N'N$bēlī",
"f": {"lang": "akk-x-neoass",
"form": "be-li₂",
"cf": "bēlu",
"gw": "lord",
"sense": "lord",
"norm": "bēlī",
"pos": "N",
"epos": "N"}
}
,
{
"node": "l",
"frag": "bir-te",
"id": "P313493.l0204b",
"ref": "P313493.17.5",
"inst": "birte[between]PRP",
"sig": "@saao/saa16%akk-x-neoass:bir-te=birti[between//between]PRP'PRP$birte",
"f": {"lang": "akk-x-neoass",
"form": "bir-te",
"cf": "birti",
"gw": "between",
"sense": "between",
"norm": "birte",
"pos": "PRP",
"epos": "PRP"}
}
,
{
"node": "l",
"frag": "IGI.2-MEŠ",
"id": "P313493.l0204c",
"ref": "P313493.17.6",
"inst": "ēnāti[eye]N",
"sig": "@saao/saa16%akk-x-neoass:IGI.2-MEŠ=īnu[eye//eye]N'N$ēnāti",
"f": {"lang": "akk-x-neoass",
"form": "IGI.2-MEŠ",
"cf": "īnu",
"gw": "eye",
"sense": "eye",
"norm": "ēnāti",
"pos": "N",
"epos": "N"}
}
,
{
"node": "l",
"frag": "ša",
"id": "P313493.l0204d",
"ref": "P313493.17.7",
"inst": "ša[of]DET",
"sig": "@saao/saa16%akk-x-neoass:ša=ša[of//of]DET'DET$ša",
"f": {"lang": "akk-x-neoass",
"form": "ša",
"cf": "ša",
"gw": "of",
"sense": "of",
"norm": "ša",
"pos": "DET",
"epos": "DET"}
}
,
{
"node": "l",
"frag": "{lu₂v}GAL-MEŠ",
"id": "P313493.l0204e",
"ref": "P313493.17.8",
"inst": "rabiūti[magnate]N",
"sig": "@saao/saa16%akk-x-neoass:{LU₂}GAL-MEŠ=rabiu[big one//magnate]N'N$rabiūti",
"f": {"lang": "akk-x-neoass",
"form": "{LU₂}GAL-MEŠ",
"cf": "rabiu",
"gw": "big one",
"sense": "magnate",
"norm": "rabiūti",
"pos": "N",
"epos": "N"}
}
,
{
"node": "d",
"type": "line-start",
"ref": "P313493.18",
"n": "3",
"label": "r 3"}
,
{
"node": "c",
"type": "phrase",
"tag": "phr",
"id": "P313493.U15",
"ref": "P313493.ls0000b",
"cdl": [
{
"node": "l",
"frag": "ina",
"id": "P313493.l0204f",
"ref": "P313493.18.1",
"inst": "ina[in+=about]PRP$",
"sig": "@saao/saa16%akk-x-neoass:ina=ina[in//in]PRP'PRP$ina",
"f": {"lang": "akk-x-neoass",
"form": "ina",
"cf": "ina",
"gw": "in",
"sense": "in",
"norm": "ina",
"pos": "PRP",
"epos": "PRP"}
}
,
{
"node": "l",
"frag": "UGU-hi",
"id": "P313493.l02050",
"ref": "P313493.18.2",
"inst": "muhhu[skull]N$muhhi",
"sig": "@saao/saa16%akk-x-neoass:UGU-hi=muhhu[skull//skull]N'N$muhhi",
"f": {"lang": "akk-x-neoass",
"form": "UGU-hi",
"cf": "muhhu",
"gw": "skull",
"sense": "skull",
"norm": "muhhi",
"pos": "N",
"epos": "N"}
}
]}
,
{
"node": "l",
"frag": "lu-ma-di-du",
"id": "P313493.l02051",
"ref": "P313493.18.3",
"inst": "lumaddidu[make clear]V",
"sig": "@saao/saa16%akk-x-neoass:lu-ma-di-du=madādu[measure (out)//make clear]V'V$lumaddidu",
"f": {"lang": "akk-x-neoass",
"form": "lu-ma-di-du",
"cf": "madādu",
"gw": "measure (out)",
"sense": "make clear",
"norm": "lumaddidu",
"pos": "V",
"epos": "V"}
}
,
{
"node": "l",
"frag": "bi-is",
"id": "P313493.l02052",
"ref": "P313493.18.4",
"inst": "bis[so that]AV",
"sig": "@saao/saa16%akk-x-neoass:bi-is=bis[then//so that]AV'AV$bis",
"f": {"lang": "akk-x-neoass",
"form": "bi-is",
"cf": "bis",
"gw": "then",
"sense": "so that",
"norm": "bis",
"pos": "AV",
"epos": "AV"}
}
,
{
"node": "l",
"frag": "i-šam-me-u₂",
"id": "P313493.l02053",
"ref": "P313493.18.5",
"inst": "šemû[hear]V$išammeu",
"sig": "@saao/saa16%akk-x-neoass:i-šam-me-u₂=šemû[hear//hear]V'V$išammeu",
"f": {"lang": "akk-x-neoass",
"form": "i-šam-me-u₂",
"cf": "šemû",
"gw": "hear",
"sense": "hear",
"norm": "išammeu",
"pos": "V",
"epos": "V"}
}
,
{
"node": "l",
"frag": "UN-MEŠ",
"id": "P313493.l02054",
"ref": "P313493.18.6",
"inst": "nišē[people]N",
"sig": "@saao/saa16%akk-x-neoass:UN-MEŠ=nišu[people//people]N'N$nišē",
"f": {"lang": "akk-x-neoass",
"form": "UN-MEŠ",
"cf": "nišu",
"gw": "people",
"sense": "people",
"norm": "nišē",
"pos": "N",
"epos": "N"}
}
,
{
"node": "d",
"type": "line-start",
"ref": "P313493.19",
"n": "4",
"label": "r 4"}
,
{
"node": "l",
"frag": "ma-aʾ-⸢du-te",
"id": "P313493.l02055",
"ref": "P313493.19.1",
"inst": "mādu[many]AJ$maʾdūte",
"sig": "@saao/saa16%akk-x-neoass:ma-aʾ-du-te=mādu[many//many]AJ'AJ$maʾdūte",
"f": {"lang": "akk-x-neoass",
"form": "ma-aʾ-du-te",
"cf": "mādu",
"gw": "many",
"sense": "many",
"norm": "maʾdūte",
"pos": "AJ",
"epos": "AJ"}
}
,
{
"node": "l",
"frag": "i-la-ku⸣-u-ni",
"id": "P313493.l02056",
"ref": "P313493.19.2",
"inst": "illakūni[come]V",
"sig": "@saao/saa16%akk-x-neoass:i-la-ku-u-ni=alāku[go//come]V'V$illakūni",
"f": {"lang": "akk-x-neoass",
"form": "i-la-ku-u-ni",
"cf": "alāku",
"gw": "go",
"sense": "come",
"norm": "illakūni",
"pos": "V",
"epos": "V"}
}
,
{
"node": "l",
"frag": "ṣa-hi-it-tu₂",
"id": "P313493.l02057",
"ref": "P313493.19.3",
"inst": "ṣahittu[wish//desire]N$",
"sig": "@saao/saa16%akk-x-neoass:ṣa-hi-it-tu₂=ṣahittu[wish//desire]N'N$ṣahittu",
"f": {"lang": "akk-x-neoass",
"form": "ṣa-hi-it-tu₂",
"cf": "ṣahittu",
"gw": "wish",
"sense": "desire",
"norm": "ṣahittu",
"pos": "N",
"epos": "N"}
}
,
{
"node": "l",
"frag": "ša",
"id": "P313493.l02058",
"ref": "P313493.19.4",
"inst": "ša[of]DET",
"sig": "@saao/saa16%akk-x-neoass:ša=ša[of//of]DET'DET$ša",
"f": {"lang": "akk-x-neoass",
"form": "ša",
"cf": "ša",
"gw": "of",
"sense": "of",
"norm": "ša",
"pos": "DET",
"epos": "DET"}
}
,
{
"node": "l",
"frag": "LUGAL",
"id": "P313493.l02059",
"ref": "P313493.19.5",
"inst": "šarri[king]N",
"sig": "@saao/saa16%akk-x-neoass:LUGAL=šarru[king//king]N'N$šarri",
"f": {"lang": "akk-x-neoass",
"form": "LUGAL",
"cf": "šarru",
"gw": "king",
"sense": "king",
"norm": "šarri",
"pos": "N",
"epos": "N"}
}
,
{
"node": "l",
"frag": "[EN-ia₂]",
"id": "P313493.l0205a",
"ref": "P313493.19.6",
"inst": "bēlīya[lord]N",
"sig": "@saao/saa16%akk-x-neoass:EN-ia₂=bēlu[lord//lord]N'N$bēlīya",
"f": {"lang": "akk-x-neoass",
"form": "EN-ia₂",
"cf": "bēlu",
"gw": "lord",
"sense": "lord",
"norm": "bēlīya",
"pos": "N",
"epos": "N"}
}
,
{
"node": "d",
"type": "line-start",
"ref": "P313493.20",
"n": "5",
"label": "r 5"}
,
{
"node": "l",
"frag": "ina",
"id": "P313493.l0205b",
"ref": "P313493.20.1",
"inst": "ina[in//with]PRP$",
"sig": "@saao/saa16%akk-x-neoass:ina=ina[in//with]PRP'PRP$ina",
"f": {"lang": "akk-x-neoass",
"form": "ina",
"cf": "ina",
"gw": "in",
"sense": "with",
"norm": "ina",
"pos": "PRP",
"epos": "PRP"}
}
,
{
"node": "l",
"frag": "da-ba-bi",
"id": "P313493.l0205c",
"ref": "P313493.20.2",
"inst": "dabābu[speak//word]V'N$dabābi",
"sig": "@saao/saa16%akk-x-neoass:da-ba-bi=dabābu[speak//word]V'N$dabābi",
"f": {"lang": "akk-x-neoass",
"form": "da-ba-bi",
"cf": "dabābu",
"gw": "speak",
"sense": "word",
"norm": "dabābi",
"pos": "V",
"epos": "N"}
}
,
{
"node": "l",
"frag": "ma-aʾ-di",
"id": "P313493.l0205d",
"ref": "P313493.20.3",
"inst": "mādu[many//much]AJ'AV$maʾdi",
"sig": "@saao/saa16%akk-x-neoass:ma-aʾ-di=mādu[many//much]AJ'AV$maʾdi",
"f": {"lang": "akk-x-neoass",
"form": "ma-aʾ-di",
"cf": "mādu",
"gw": "many",
"sense": "much",
"norm": "maʾdi",
"pos": "AJ",
"epos": "AV"}
}
,
{
"node": "l",
"frag": "ta-na-mar",
"id": "P313493.l0205e",
"ref": "P313493.20.4",
"inst": "amāru[see//be(come) seen]V$tannammar",
"sig": "@saao/saa16%akk-x-neoass:ta-na-mar=amāru[see//be(come) seen]V'V$tannammar",
"f": {"lang": "akk-x-neoass",
"form": "ta-na-mar",
"cf": "amāru",
"gw": "see",
"sense": "be(come) seen",
"norm": "tannammar",
"pos": "V",
"epos": "V"}
}
,
{
"node": "c",
"type": "phrase",
"tag": "phr",
"id": "P313493.U16",
"ref": "P313493.ls0000c",
"cdl": [
{
"node": "l",
"frag": "ina",
"id": "P313493.l0205f",
"ref": "P313493.20.5",
"inst": "ina[in+=concerning]PRP$",
"sig": "@saao/saa16%akk-x-neoass:ina=ina[in//in]PRP'PRP$ina",
"f": {"lang": "akk-x-neoass",
"form": "ina",
"cf": "ina",
"gw": "in",
"sense": "in",
"norm": "ina",
"pos": "PRP",
"epos": "PRP"}
}
,
{
"node": "l",
"frag": "UGU",
"id": "P313493.l02060",
"ref": "P313493.20.6",
"inst": "muhhu[skull]N$muhhi",
"sig": "@saao/saa16%akk-x-neoass:UGU=muhhu[skull//skull]N'N$muhhi",
"f": {"lang": "akk-x-neoass",
"form": "UGU",
"cf": "muhhu",
"gw": "skull",
"sense": "skull",
"norm": "muhhi",
"pos": "N",
"epos": "N"}
}
]}
,
{
"node": "l",
"frag": "KUG.GI",
"id": "P313493.l02061",
"ref": "P313493.20.7",
"inst": "hurāṣi[gold]N",
"sig": "@saao/saa16%akk-x-neoass:KUG.GI=hurāṣu[gold//gold]N'N$hurāṣi",
"f": {"lang": "akk-x-neoass",
"form": "KUG.GI",
"cf": "hurāṣu",
"gw": "gold",
"sense": "gold",
"norm": "hurāṣi",
"pos": "N",
"epos": "N"}
}
,
{
"node": "l",
"frag": "ša",
"id": "P313493.l02062",
"ref": "P313493.20.8",
"inst": "ša[which]REL",
"sig": "@saao/saa16%akk-x-neoass:ša=ša[that//which]REL'REL$ša",
"f": {"lang": "akk-x-neoass",
"form": "ša",
"cf": "ša",
"gw": "that",
"sense": "which",
"norm": "ša",
"pos": "REL",
"epos": "REL"}
}
,
{
"node": "l",
"frag": "[a-na]",
"id": "P313493.l02063",
"ref": "P313493.20.9",
"inst": "ana[to]PRP",
"sig": "@saao/saa16%akk-x-neoass:a-na=ana[to//to]PRP'PRP$ana",
"f": {"lang": "akk-x-neoass",
"form": "a-na",
"cf": "ana",
"gw": "to",
"sense": "to",
"norm": "ana",
"pos": "PRP",
"epos": "PRP"}
}
,
{
"node": "d",
"type": "line-start",
"ref": "P313493.21",
"n": "6",
"label": "r 6"}
,
{
"node": "l",
"frag": "⸢LUGAL",
"id": "P313493.l02064",
"ref": "P313493.21.1",
"inst": "šarri[king]N",
"sig": "@saao/saa16%akk-x-neoass:LUGAL=šarru[king//king]N'N$šarri",
"f": {"lang": "akk-x-neoass",
"form": "LUGAL",
"cf": "šarru",
"gw": "king",
"sense": "king",
"norm": "šarri",
"pos": "N",
"epos": "N"}
}
,
{
"node": "l",
"frag": "EN⸣-ia₂",
"id": "P313493.l02065",
"ref": "P313493.21.2",
"inst": "bēlīya[lord]N",
"sig": "@saao/saa16%akk-x-neoass:EN-ia₂=bēlu[lord//lord]N'N$bēlīya",
"f": {"lang": "akk-x-neoass",
"form": "EN-ia₂",
"cf": "bēlu",
"gw": "lord",
"sense": "lord",
"norm": "bēlīya",
"pos": "N",
"epos": "N"}
}
,
{
"node": "l",
"frag": "aš₂-pur-an-ni",
"id": "P313493.l02066",
"ref": "P313493.21.3",
"inst": "ašpuranni[write]V",
"sig": "@saao/saa16%akk-x-neoass:aš₂-pur-an-ni=šapāru[send//write]V'V$ašpuranni",
"f": {"lang": "akk-x-neoass",
"form": "aš₂-pur-an-ni",
"cf": "šapāru",
"gw": "send",
"sense": "write",
"norm": "ašpuranni",
"pos": "V",
"epos": "V"}
}
,
{
"node": "l",
"frag": "nu-uk",
"id": "P313493.l02067",
"ref": "P313493.21.4",
"inst": "nuk[saying]PRP",
"sig": "@saao/saa16%akk-x-neoass:nu-uk=nuk[saying//saying]PRP'PRP$nuk",
"f": {"lang": "akk-x-neoass",
"form": "nu-uk",
"cf": "nuk",
"gw": "saying",
"sense": "saying",
"norm": "nuk",
"pos": "PRP",
"epos": "PRP"}
}
,
{
"node": "l",
"frag": "šum-ma",
"id": "P313493.l02068",
"ref": "P313493.21.5",
"inst": "šumma[if]MOD",
"sig": "@saao/saa16%akk-x-neoass:šum-ma=šumma[if//if]MOD'MOD$šumma",
"f": {"lang": "akk-x-neoass",
"form": "šum-ma",
"cf": "šumma",
"gw": "if",
"sense": "if",
"norm": "šumma",
"pos": "MOD",
"epos": "MOD"}
}
,
{
"node": "l",
"frag": "ṭe₃-e-mu",
"id": "P313493.l02069",
"ref": "P313493.21.6",
"inst": "ṭēmu[report]N",
"sig": "@saao/saa16%akk-x-neoass:ṭe₃-e-mu=ṭēmu[(fore)thought//report]N'N$ṭēmu",
"f": {"lang": "akk-x-neoass",
"form": "ṭe₃-e-mu",
"cf": "ṭēmu",
"gw": "(fore)thought",
"sense": "report",
"norm": "ṭēmu",
"pos": "N",
"epos": "N"}
}
,
{
"node": "l",
"frag": "ša",
"id": "P313493.l0206a",
"ref": "P313493.21.7",
"inst": "ša[of]DET",
"sig": "@saao/saa16%akk-x-neoass:ša=ša[of//of]DET'DET$ša",
"f": {"lang": "akk-x-neoass",
"form": "ša",
"cf": "ša",
"gw": "of",
"sense": "of",
"norm": "ša",
"pos": "DET",
"epos": "DET"}
}
,
{
"node": "l",
"frag": "[x",
"id": "P313493.l0206b",
"ref": "P313493.21.8",
"inst": "u",
"f": {"lang": "akk-x-neoass",
"form": "x",
"pos": "u"}
}
,
{
"node": "l",
"frag": "x",
"id": "P313493.l0206c",
"ref": "P313493.21.9",
"inst": "u",
"f": {"lang": "akk-x-neoass",
"form": "x",
"pos": "u"}
}
,
{
"node": "l",
"frag": "x]",
"id": "P313493.l0206d",
"ref": "P313493.21.10",
"inst": "u",
"f": {"lang": "akk-x-neoass",
"form": "x",
"pos": "u"}
}
,
{
"node": "d",
"type": "line-start",
"ref": "P313493.22",
"n": "7",
"label": "r 7"}
,
{
"node": "l",
"frag": "an-ni-e",
"id": "P313493.l0206e",
"ref": "P313493.22.1",
"inst": "annīe[this]DP",
"sig": "@saao/saa16%akk-x-neoass:an-ni-e=annû[this//this]DP'DP$annīe",
"f": {"lang": "akk-x-neoass",
"form": "an-ni-e",
"cf": "annû",
"gw": "this",
"sense": "this",
"norm": "annīe",
"pos": "DP",
"epos": "DP"}
}
,
{
"node": "c",
"type": "phrase",
"tag": "phr",
"id": "P313493.U17",
"ref": "P313493.ls0000d",
"cdl": [
{
"node": "l",
"frag": "ina",
"id": "P313493.l0206f",
"ref": "P313493.22.2",
"inst": "ina[in+=to]PRP$",
"sig": "@saao/saa16%akk-x-neoass:ina=ina[in//in]PRP'PRP$ina",
"f": {"lang": "akk-x-neoass",
"form": "ina",
"cf": "ina",
"gw": "in",
"sense": "in",
"norm": "ina",
"pos": "PRP",
"epos": "PRP"}
}
,
{
"node": "l",
"frag": "IGI",
"id": "P313493.l02070",
"ref": "P313493.22.3",
"inst": "pānu[front]N$pān",
"sig": "@saao/saa16%akk-x-neoass:IGI=pānu[front//front]N'N$pān",
"f": {"lang": "akk-x-neoass",
"form": "IGI",
"cf": "pānu",
"gw": "front",
"sense": "front",
"norm": "pān",
"pos": "N",
"epos": "N"}
}
]}
,
{
"node": "l",
"frag": "LUGAL",
"id": "P313493.l02071",
"ref": "P313493.22.4",
"inst": "šarri[king]N",
"sig": "@saao/saa16%akk-x-neoass:LUGAL=šarru[king//king]N'N$šarri",
"f": {"lang": "akk-x-neoass",
"form": "LUGAL",
"cf": "šarru",
"gw": "king",
"sense": "king",
"norm": "šarri",
"pos": "N",
"epos": "N"}
}
,
{
"node": "l",
"frag": "EN-ia₂",
"id": "P313493.l02072",
"ref": "P313493.22.5",
"inst": "bēlīya[lord]N",
"sig": "@saao/saa16%akk-x-neoass:EN-ia₂=bēlu[lord//lord]N'N$bēlīya",
"f": {"lang": "akk-x-neoass",
"form": "EN-ia₂",
"cf": "bēlu",
"gw": "lord",
"sense": "lord",
"norm": "bēlīya",
"pos": "N",
"epos": "N"}
}
,
{
"node": "l",
"frag": "e-ta-rab",
"id": "P313493.l02073",
"ref": "P313493.22.6",
"inst": "ētarab[enter]V",
"sig": "@saao/saa16%akk-x-neoass:e-ta-rab=erēbu[enter//enter]V'V$ētarab",
"f": {"lang": "akk-x-neoass",
"form": "e-ta-rab",
"cf": "erēbu",
"gw": "enter",
"sense": "enter",
"norm": "ētarab",
"pos": "V",
"epos": "V"}
}
,
{
"node": "l",
"frag": "nu-uk",
"id": "P313493.l02074",
"ref": "P313493.22.7",
"inst": "nuk[saying]PRP",
"sig": "@saao/saa16%akk-x-neoass:nu-uk=nuk[saying//saying]PRP'PRP$nuk",
"f": {"lang": "akk-x-neoass",
"form": "nu-uk",
"cf": "nuk",
"gw": "saying",
"sense": "saying",
"norm": "nuk",
"pos": "PRP",
"epos": "PRP"}
}
,
{
"node": "l",
"frag": "⸢LUGAL⸣",
"id": "P313493.l02075",
"ref": "P313493.22.8",
"inst": "šarru[king]N",
"sig": "@saao/saa16%akk-x-neoass:LUGAL=šarru[king//king]N'N$šarru",
"f": {"lang": "akk-x-neoass",
"form": "LUGAL",
"cf": "šarru",
"gw": "king",
"sense": "king",
"norm": "šarru",
"pos": "N",
"epos": "N"}
}
,
{
"node": "l",
"frag": "[be-li₂]",
"id": "P313493.l02076",
"ref": "P313493.22.9",
"inst": "bēlī[lord]N",
"sig": "@saao/saa16%akk-x-neoass:be-li₂=bēlu[lord//lord]N'N$bēlī",
"f": {"lang": "akk-x-neoass",
"form": "be-li₂",
"cf": "bēlu",
"gw": "lord",
"sense": "lord",
"norm": "bēlī",
"pos": "N",
"epos": "N"}
}
,
{
"node": "d",
"type": "line-start",
"ref": "P313493.23",
"n": "8",
"label": "r 8"}
,
{
"node": "l",
"frag": "a-na",
"id": "P313493.l02077",
"ref": "P313493.23.1",
"inst": "ana[to]PRP",
"sig": "@saao/saa16%akk-x-neoass:a-na=ana[to//to]PRP'PRP$ana",
"f": {"lang": "akk-x-neoass",
"form": "a-na",
"cf": "ana",
"gw": "to",
"sense": "to",
"norm": "ana",
"pos": "PRP",
"epos": "PRP"}
}
,
{
"node": "l",
"frag": "ARAD-šu₂",
"id": "P313493.l02078",
"ref": "P313493.23.2",
"inst": "urdīšu[servant]N",
"sig": "@saao/saa16%akk-x-neoass:ARAD-šu₂=ardu[slave//servant]N'N$urdīšu",
"f": {"lang": "akk-x-neoass",
"form": "ARAD-šu₂",
"cf": "ardu",
"gw": "slave",
"sense": "servant",
"norm": "urdīšu",
"pos": "N",
"epos": "N"}
}
,
{
"node": "l",
"frag": "liš-pu-ra",
"id": "P313493.l02079",
"ref": "P313493.23.3",
"inst": "lišpura[write]V",
"sig": "@saao/saa16%akk-x-neoass:liš-pu-ra=šapāru[send//write]V'V$lišpura",
"f": {"lang": "akk-x-neoass",
"form": "liš-pu-ra",
"cf": "šapāru",
"gw": "send",
"sense": "write",
"norm": "lišpura",
"pos": "V",
"epos": "V"}
}
,
{
"node": "l",
"frag": "a-ta-a",
"id": "P313493.l0207a",
"ref": "P313493.23.4",
"inst": "atâ[why?]QP",
"sig": "@saao/saa16%akk-x-neoass:a-ta-a=atā[why?//why?]QP'QP$atâ",
"f": {"lang": "akk-x-neoass",
"form": "a-ta-a",
"cf": "atā",
"gw": "why?",
"sense": "why?",
"norm": "atâ",
"pos": "QP",
"epos": "QP"}
}
,
{
"node": "l",
"frag": "⸢LUGAL⸣",
"id": "P313493.l0207b",
"ref": "P313493.23.5",
"inst": "šarru[king]N",
"sig": "@saao/saa16%akk-x-neoass:LUGAL=šarru[king//king]N'N$šarru",
"f": {"lang": "akk-x-neoass",
"form": "LUGAL",
"cf": "šarru",
"gw": "king",
"sense": "king",
"norm": "šarru",
"pos": "N",
"epos": "N"}
}
,
{
"node": "l",
"frag": "[x",
"id": "P313493.l0207c",
"ref": "P313493.23.6",
"inst": "u",
"f": {"lang": "akk-x-neoass",
"form": "x",
"pos": "u"}
}
,
{
"node": "l",
"frag": "x",
"id": "P313493.l0207d",
"ref": "P313493.23.7",
"inst": "u",
"f": {"lang": "akk-x-neoass",
"form": "x",
"pos": "u"}
}
,
{
"node": "l",
"frag": "x",
"id": "P313493.l0207e",
"ref": "P313493.23.8",
"inst": "u",
"f": {"lang": "akk-x-neoass",
"form": "x",
"pos": "u"}
}
,
{
"node": "l",
"frag": "x",
"id": "P313493.l0207f",
"ref": "P313493.23.9",
"inst": "u",
"f": {"lang": "akk-x-neoass",
"form": "x",
"pos": "u"}
}
,
{
"node": "l",
"frag": "x]",
"id": "P313493.l02080",
"ref": "P313493.23.10",
"inst": "u",
"f": {"lang": "akk-x-neoass",
"form": "x",
"pos": "u"}
}
,
{
"node": "d",
"type": "line-start",
"ref": "P313493.24",
"n": "9",
"label": "r 9"}
,
{
"node": "l",
"frag": "[šum₂]-ma",
"id": "P313493.l02081",
"ref": "P313493.24.1",
"inst": "šumma[if]MOD",
"sig": "@saao/saa16%akk-x-neoass:šum₂-ma=šumma[if//if]MOD'MOD$šumma",
"f": {"lang": "akk-x-neoass",
"form": "šum₂-ma",
"cf": "šumma",
"gw": "if",
"sense": "if",
"norm": "šumma",
"pos": "MOD",
"epos": "MOD"}
}
,
{
"node": "l",
"frag": "LUGAL",
"id": "P313493.l02082",
"ref": "P313493.24.2",
"inst": "šarru[king]N",
"sig": "@saao/saa16%akk-x-neoass:LUGAL=šarru[king//king]N'N$šarru",
"f": {"lang": "akk-x-neoass",
"form": "LUGAL",
"cf": "šarru",
"gw": "king",
"sense": "king",
"norm": "šarru",
"pos": "N",
"epos": "N"}
}
,
{
"node": "l",
"frag": "be-li₂",
"id": "P313493.l02083",
"ref": "P313493.24.3",
"inst": "bēlī[lord]N",
"sig": "@saao/saa16%akk-x-neoass:be-li₂=bēlu[lord//lord]N'N$bēlī",
"f": {"lang": "akk-x-neoass",
"form": "be-li₂",
"cf": "bēlu",
"gw": "lord",
"sense": "lord",
"norm": "bēlī",
"pos": "N",
"epos": "N"}
}
,
{
"node": "c",
"type": "phrase",
"tag": "phr",
"id": "P313493.U18",
"ref": "P313493.ls0000e",
"cdl": [
{
"node": "l",
"frag": "ina",
"id": "P313493.l02084",
"ref": "P313493.24.4",
"inst": "ina[in+=concerning]PRP$",
"sig": "@saao/saa16%akk-x-neoass:ina=ina[in//in]PRP'PRP$ina",
"f": {"lang": "akk-x-neoass",
"form": "ina",
"cf": "ina",
"gw": "in",
"sense": "in",
"norm": "ina",
"pos": "PRP",
"epos": "PRP"}
}
,
{
"node": "l",
"frag": "UGU",
"id": "P313493.l02085",
"ref": "P313493.24.5",
"inst": "muhhu[skull]N$muhhi",
"sig": "@saao/saa16%akk-x-neoass:UGU=muhhu[skull//skull]N'N$muhhi",
"f": {"lang": "akk-x-neoass",
"form": "UGU",
"cf": "muhhu",
"gw": "skull",
"sense": "skull",
"norm": "muhhi",
"pos": "N",
"epos": "N"}
}
]}
,
{
"node": "l",
"frag": "da-ba-bi",
"id": "P313493.l02086",
"ref": "P313493.24.6",
"inst": "dabābu[speak//word]V'N$dabābi",
"sig": "@saao/saa16%akk-x-neoass:da-ba-bi=dabābu[speak//word]V'N$dabābi",
"f": {"lang": "akk-x-neoass",
"form": "da-ba-bi",
"cf": "dabābu",
"gw": "speak",
"sense": "word",
"norm": "dabābi",
"pos": "V",
"epos": "N"}
}
,
{
"node": "l",
"frag": "⸢an⸣-[ni-e",
"id": "P313493.l02087",
"ref": "P313493.24.7",
"inst": "annīe[this]DP",
"sig": "@saao/saa16%akk-x-neoass:an-ni-e=annû[this//this]DP'DP$annīe",
"f": {"lang": "akk-x-neoass",
"form": "an-ni-e",
"cf": "annû",
"gw": "this",
"sense": "this",
"norm": "annīe",
"pos": "DP",
"epos": "DP"}
}
,
{
"node": "l",
"frag": "x",
"id": "P313493.l02088",
"ref": "P313493.24.8",
"inst": "u",
"f": {"lang": "akk-x-neoass",
"form": "x",
"pos": "u"}
}
,
{
"node": "l",
"frag": "x]",
"id": "P313493.l02089",
"ref": "P313493.24.9",
"inst": "u",
"f": {"lang": "akk-x-neoass",
"form": "x",
"pos": "u"}
}
,
{
"node": "d",
"type": "line-start",
"ref": "P313493.25",
"n": "10",
"label": "r 10"}
,
{
"node": "l",
"frag": "⸢x⸣-te-e-ni",
"id": "P313493.l0208a",
"ref": "P313493.25.1",
"inst": "u",
"f": {"lang": "akk-x-neoass",
"form": "x-te-e-ni",
"pos": "u"}
}
,
{
"node": "l",
"frag": "a-na",
"id": "P313493.l0208b",
"ref": "P313493.25.2",
"inst": "ana[to]PRP",
"sig": "@saao/saa16%akk-x-neoass:a-na=ana[to//to]PRP'PRP$ana",
"f": {"lang": "akk-x-neoass",
"form": "a-na",
"cf": "ana",
"gw": "to",
"sense": "to",
"norm": "ana",
"pos": "PRP",
"epos": "PRP"}
}
,
{
"node": "l",
"frag": "{lu₂v}sar-tin-⸢ni⸣",
"id": "P313493.l0208c",
"ref": "P313493.25.3",
"inst": "sartenni[chief judge]N",
"sig": "@saao/saa16%akk-x-neoass:{LU₂}sar-tin-ni=sartennu[chief judge//chief judge]N'N$sartenni",
"f": {"lang": "akk-x-neoass",
"form": "{LU₂}sar-tin-ni",
"cf": "sartennu",
"gw": "chief judge",
"sense": "chief judge",
"norm": "sartenni",
"pos": "N",
"epos": "N"}
}
,
{
"node": "l",
"frag": "[x",
"id": "P313493.l0208d",
"ref": "P313493.25.4",
"inst": "u",
"f": {"lang": "akk-x-neoass",
"form": "x",
"pos": "u"}
}
,
{
"node": "l",
"frag": "x",
"id": "P313493.l0208e",
"ref": "P313493.25.5",
"inst": "u",
"f": {"lang": "akk-x-neoass",
"form": "x",
"pos": "u"}
}
,
{
"node": "l",
"frag": "x",
"id": "P313493.l0208f",
"ref": "P313493.25.6",
"inst": "u",
"f": {"lang": "akk-x-neoass",
"form": "x",
"pos": "u"}
}
,
{
"node": "l",
"frag": "x",
"id": "P313493.l02090",
"ref": "P313493.25.7",
"inst": "u",
"f": {"lang": "akk-x-neoass",
"form": "x",
"pos": "u"}
}
,
{
"node": "l",
"frag": "x",
"id": "P313493.l02091",
"ref": "P313493.25.8",
"inst": "u",
"f": {"lang": "akk-x-neoass",
"form": "x",
"pos": "u"}
}
,
{
"node": "l",
"frag": "x]",
"id": "P313493.l02092",
"ref": "P313493.25.9",
"inst": "u",
"f": {"lang": "akk-x-neoass",
"form": "x",
"pos": "u"}
}
,
{
"node": "d",
"subtype": "right",
"type": "surface",
"ref": "P313493.r.e..26",
"type": "right",
"label": "r.e."}
,
{
"node": "d",
"type": "line-start",
"ref": "P313493.27",
"n": "11",
"label": "r.e. 11"}
,
{
"node": "l",
"frag": "⸢ša⸣",
"id": "P313493.l02093",
"ref": "P313493.27.1",
"inst": "ša[of]DET",
"sig": "@saao/saa16%akk-x-neoass:ša=ša[of//of]DET'DET$ša",
"f": {"lang": "akk-x-neoass",
"form": "ša",
"cf": "ša",
"gw": "of",
"sense": "of",
"norm": "ša",
"pos": "DET",
"epos": "DET"}
}
,
{
"node": "l",
"frag": "{uru}har-ha-ra",
"id": "P313493.l02094",
"ref": "P313493.27.2",
"inst": "Harhar[1]GN$Harhara",
"sig": "@saao/saa16%akk-x-neoass:{URU}har-ha-ra=Harhar[1//1]GN'GN$Harhara",
"f": {"lang": "akk-x-neoass",
"form": "{URU}har-ha-ra",
"cf": "Harhar",
"gw": "1",
"sense": "1",
"norm": "Harhara",
"pos": "GN",
"epos": "GN"}
}
,
{
"node": "l",
"frag": "LUGAL",
"id": "P313493.l02095",
"ref": "P313493.27.3",
"inst": "šarru[king]N",
"sig": "@saao/saa16%akk-x-neoass:LUGAL=šarru[king//king]N'N$šarru",
"f": {"lang": "akk-x-neoass",
"form": "LUGAL",
"cf": "šarru",
"gw": "king",
"sense": "king",
"norm": "šarru",
"pos": "N",
"epos": "N"}
}
,
{
"node": "l",
"frag": "be-li₂",
"id": "P313493.l02096",
"ref": "P313493.27.4",
"inst": "bēlī[lord]N",
"sig": "@saao/saa16%akk-x-neoass:be-li₂=bēlu[lord//lord]N'N$bēlī",
"f": {"lang": "akk-x-neoass",
"form": "be-li₂",
"cf": "bēlu",
"gw": "lord",
"sense": "lord",
"norm": "bēlī",
"pos": "N",
"epos": "N"}
}
,
{
"node": "l",
"frag": "[x",
"id": "P313493.l02097",
"ref": "P313493.27.5",
"inst": "u",
"f": {"lang": "akk-x-neoass",
"form": "x",
"pos": "u"}
}
,
{
"node": "l",
"frag": "x",
"id": "P313493.l02098",
"ref": "P313493.27.6",
"inst": "u",
"f": {"lang": "akk-x-neoass",
"form": "x",
"pos": "u"}
}
,
{
"node": "l",
"frag": "x",
"id": "P313493.l02099",
"ref": "P313493.27.7",
"inst": "u",
"f": {"lang": "akk-x-neoass",
"form": "x",
"pos": "u"}
}
,
{
"node": "l",
"frag": "x",
"id": "P313493.l0209a",
"ref": "P313493.27.8",
"inst": "u",
"f": {"lang": "akk-x-neoass",
"form": "x",
"pos": "u"}
}
,
{
"node": "l",
"frag": "x",
"id": "P313493.l0209b",
"ref": "P313493.27.9",
"inst": "u",
"f": {"lang": "akk-x-neoass",
"form": "x",
"pos": "u"}
}
,
{
"node": "l",
"frag": "x]",
"id": "P313493.l0209c",
"ref": "P313493.27.10",
"inst": "u",
"f": {"lang": "akk-x-neoass",
"form": "x",
"pos": "u"}
}
,
{
"node": "d",
"type": "line-start",
"ref": "P313493.28",
"n": "12",
"label": "r.e. 12"}
,
{
"node": "l",
"frag": "[o]",
"id": "P313493.l0209d",
"ref": "P313493.28.1",
"inst": "u",
"f": {"lang": "akk-x-neoass",
"form": "o",
"pos": "u"}
}
,
{
"node": "l",
"frag": "IGI.2-⸢šu₂⸣-nu",
"id": "P313493.l0209e",
"ref": "P313493.28.2",
"inst": "īnu[eye]N$ēnātišunu",
"sig": "@saao/saa16%akk-x-neoass:IGI.2-šu₂-nu=īnu[eye//eye]N'N$ēnātišunu",
"f": {"lang": "akk-x-neoass",
"form": "IGI.2-šu₂-nu",
"cf": "īnu",
"gw": "eye",
"sense": "eye",
"norm": "ēnātišunu",
"pos": "N",
"epos": "N"}
}
,
{
"node": "l",
"frag": "lu",
"id": "P313493.l0209f",
"ref": "P313493.28.3",
"inst": "lū[may]MOD",
"sig": "@saao/saa16%akk-x-neoass:lu=lū[may//may]MOD'MOD$lū",
"f": {"lang": "akk-x-neoass",
"form": "lu",
"cf": "lū",
"gw": "may",
"sense": "may",
"norm": "lū",
"pos": "MOD",
"epos": "MOD"}
}
,
{
"node": "c",
"type": "phrase",
"tag": "phr",
"id": "P313493.U19",
"ref": "P313493.ls0000f",
"cdl": [
{
"node": "l",
"frag": "ina",
"id": "P313493.l020a0",
"ref": "P313493.28.4",
"inst": "ina[in+=on]PRP$",
"sig": "@saao/saa16%akk-x-neoass:ina=ina[in//in]PRP'PRP$ina",
"f": {"lang": "akk-x-neoass",
"form": "ina",
"cf": "ina",
"gw": "in",
"sense": "in",
"norm": "ina",
"pos": "PRP",
"epos": "PRP"}
}
,
{
"node": "l",
"frag": "UGU-hi-šu₂",
"id": "P313493.l020a1",
"ref": "P313493.28.5",
"inst": "muhhu[skull]N$muhhīšu",
"sig": "@saao/saa16%akk-x-neoass:UGU-hi-šu₂=muhhu[skull//skull]N'N$muhhīšu",
"f": {"lang": "akk-x-neoass",
"form": "UGU-hi-šu₂",
"cf": "muhhu",
"gw": "skull",
"sense": "skull",
"norm": "muhhīšu",
"pos": "N",
"epos": "N"}
}
]}
,
{
"node": "l",
"frag": "[x",
"id": "P313493.l020a2",
"ref": "P313493.28.6",
"inst": "u",
"f": {"lang": "akk-x-neoass",
"form": "x",
"pos": "u"}
}
,
{
"node": "l",
"frag": "x",
"id": "P313493.l020a3",
"ref": "P313493.28.7",
"inst": "u",
"f": {"lang": "akk-x-neoass",
"form": "x",
"pos": "u"}
}
,
{
"node": "l",
"frag": "x",
"id": "P313493.l020a4",
"ref": "P313493.28.8",
"inst": "u",
"f": {"lang": "akk-x-neoass",
"form": "x",
"pos": "u"}
}
,
{
"node": "l",
"frag": "x",
"id": "P313493.l020a5",
"ref": "P313493.28.9",
"inst": "u",
"f": {"lang": "akk-x-neoass",
"form": "x",
"pos": "u"}
}
,
{
"node": "l",
"frag": "x",
"id": "P313493.l020a6",
"ref": "P313493.28.10",
"inst": "u",
"f": {"lang": "akk-x-neoass",
"form": "x",
"pos": "u"}
}
,
{
"node": "l",
"frag": "x",
"id": "P313493.l020a7",
"ref": "P313493.28.11",
"inst": "u",
"f": {"lang": "akk-x-neoass",
"form": "x",
"pos": "u"}
}
,
{
"node": "l",
"frag": "x]",
"id": "P313493.l020a8",
"ref": "P313493.28.12",
"inst": "u",
"f": {"lang": "akk-x-neoass",
"form": "x",
"pos": "u"}
}
]}
]}
]}
,
{
"linkbase": [{
"type": "linkset",
"xlink_title": "ina muhhi[on//about]PRP'PRP",
"id": "P313493.ls00000",
"xlink_type": "extended",
"xlink_role": "psu",
"sig": "{ina[in]PRP muhhu[skull]N += ina muhhi[on//about]PRP'PRP}::@saao%akk-x-neoass:ina=ina[in//into]PRP'PRP$ina++@saao%akk-x-neoass:UGU=muhhu[skull//skull]N'N$muhhi",
"links": [
{
"type": "link",
"xlink_title": "ina",
"xlink_type": "locator",
"xlink_href": "#P313493.l01fe4",
"xlink_role": "elt"}
,
{
"type": "link",
"xlink_title": "muhhu",
"xlink_type": "locator",
"xlink_href": "#P313493.l01fe5",
"xlink_role": "elt"}
]}
,
{
"type": "linkset",
"xlink_title": "awāt šarri[kingʾs word//kingʾs word]N'N",
"id": "P313493.ls00001",
"xlink_type": "extended",
"xlink_role": "psu",
"sig": "{awātu[word]N šarru[king]N += awāt šarri[kingʾs word//kingʾs word]N'N}::@saao%akk-x-neoass:a-bat-šar-ra-a-te=awātu[word//word]N'N$abat++@saao%akk-x-neoass:a-bat-šar-ra-a-te=šarru[king//king]N'N$šarrāte",
"links": [
{
"type": "link",
"xlink_title": "awātu",
"xlink_type": "locator",
"xlink_href": "#P313493.l01fe8",
"xlink_role": "elt"}
,
{
"type": "link",
"xlink_title": "šarru",
"xlink_type": "locator",
"xlink_href": "#P313493.l01fe9",
"xlink_role": "elt"}
]}
,
{
"type": "linkset",
"xlink_title": "ina pān[in the presence of//at the disposal of]PRP'PRP",
"id": "P313493.ls00002",
"xlink_type": "extended",
"xlink_role": "psu",
"sig": "{ina[in]PRP pānu[front]N += ina pān[in the presence of//at the disposal of]PRP'PRP}::@saao%akk-x-neoass:ina=ina[in//into]PRP'PRP$ina++@saao%akk-x-neoass:IGI=pānu[front//front]N'N$pān",
"links": [
{
"type": "link",
"xlink_title": "ina",
"xlink_type": "locator",
"xlink_href": "#P313493.l01ff9",
"xlink_role": "elt"}
,
{
"type": "link",
"xlink_title": "pānu",
"xlink_type": "locator",
"xlink_href": "#P313493.l01ffa",
"xlink_role": "elt"}
]}
,
{
"type": "linkset",
"xlink_title": "ina qāti[in/from s.o.ʾs possession, control//in/from s.o.ʾs possession, control]PRP'PRP",
"id": "P313493.ls00003",
"xlink_type": "extended",
"xlink_role": "psu",
"sig": "{ina[in]PRP qātu[hand]N += ina qāti[in/from s.o.ʾs possession, control//in/from s.o.ʾs possession, control]PRP'PRP}::@saao%akk-x-neoass:ina=ina[in//into]PRP'PRP$ina++@saao%akk-x-neoass:ŠU.2-šu₂=qātu[hand//hand]N'N$qātīšu",
"links": [
{
"type": "link",
"xlink_title": "ina",
"xlink_type": "locator",
"xlink_href": "#P313493.l01ffd",
"xlink_role": "elt"}
,
{
"type": "link",
"xlink_title": "qātīšu",
"xlink_type": "locator",
"xlink_href": "#P313493.l01ffe",
"xlink_role": "elt"}
]}
,
{
"type": "linkset",
"xlink_title": "ina pān[in the presence of//at the disposal of]PRP'PRP",
"id": "P313493.ls00004",
"xlink_type": "extended",
"xlink_role": "psu",
"sig": "{ina[in]PRP pānu[front]N += ina pān[in the presence of//at the disposal of]PRP'PRP}::@saao%akk-x-neoass:ina=ina[in//into]PRP'PRP$ina++@saao%akk-x-neoass:IGI=pānu[front//front]N'N$pān",
"links": [
{
"type": "link",
"xlink_title": "ina",
"xlink_type": "locator",
"xlink_href": "#P313493.l02001",
"xlink_role": "elt"}
,
{
"type": "link",
"xlink_title": "pānu",
"xlink_type": "locator",
"xlink_href": "#P313493.l02002",
"xlink_role": "elt"}
]}
,
{
"type": "linkset",
"xlink_title": "ina muhhi[on//about]PRP'PRP",
"id": "P313493.ls00005",
"xlink_type": "extended",
"xlink_role": "psu",
"sig": "{ina[in]PRP muhhu[skull]N += ina muhhi[on//about]PRP'PRP}::@saao%akk-x-neoass:ina=ina[in//into]PRP'PRP$ina++@saao%akk-x-neoass:UGU=muhhu[skull//skull]N'N$muhhi",
"links": [
{
"type": "link",
"xlink_title": "ina",
"xlink_type": "locator",
"xlink_href": "#P313493.l0200f",
"xlink_role": "elt"}
,
{
"type": "link",
"xlink_title": "muhhu",
"xlink_type": "locator",
"xlink_href": "#P313493.l02010",
"xlink_role": "elt"}
]}
,
{
"type": "linkset",
"xlink_title": "ina muhhi[on//about]PRP'PRP",
"id": "P313493.ls00006",
"xlink_type": "extended",
"xlink_role": "psu",
"sig": "{ina[in]PRP muhhu[skull]N += ina muhhi[on//about]PRP'PRP}::@saao%akk-x-neoass:ina=ina[in//into]PRP'PRP$ina++@saao%akk-x-neoass:UGU=muhhu[skull//skull]N'N$muhhi",
"links": [
{
"type": "link",
"xlink_title": "ina",
"xlink_type": "locator",
"xlink_href": "#P313493.l02012",
"xlink_role": "elt"}
,
{
"type": "link",
"xlink_title": "muhhu",
"xlink_type": "locator",
"xlink_href": "#P313493.l02013",
"xlink_role": "elt"}
]}
,
{
"type": "linkset",
"xlink_title": "ina muhhi[on//about]PRP'PRP",
"id": "P313493.ls00007",
"xlink_type": "extended",
"xlink_role": "psu",
"sig": "{ina[in]PRP muhhu[skull]N += ina muhhi[on//about]PRP'PRP}::@saao%akk-x-neoass:ina=ina[in//into]PRP'PRP$ina++@saao%akk-x-neoass:UGU-hi-šu₂=muhhu[skull//skull]N'N$muhhīšu",
"links": [
{
"type": "link",
"xlink_title": "ina",
"xlink_type": "locator",
"xlink_href": "#P313493.l0201a",
"xlink_role": "elt"}
,
{
"type": "link",
"xlink_title": "muhhu",
"xlink_type": "locator",
"xlink_href": "#P313493.l0201b",
"xlink_role": "elt"}
]}
,
{
"type": "linkset",
"xlink_title": "ina libbi[in//(in exchange) for]PRP'PRP",
"id": "P313493.ls00008",
"xlink_type": "extended",
"xlink_role": "psu",
"sig": "{ina[in]PRP libbu[interior]N += ina libbi[in//(in exchange) for]PRP'PRP}::@saao%akk-x-neoass:ina=ina[in//into]PRP'PRP$ina++@saao%akk-x-neoass:ŠA₃-bi=libbu[interior//interior]N'N$libbi",
"links": [
{
"type": "link",
"xlink_title": "ina",
"xlink_type": "locator",
"xlink_href": "#P313493.l02027",
"xlink_role": "elt"}
,
{
"type": "link",
"xlink_title": "libbu",
"xlink_type": "locator",
"xlink_href": "#P313493.l02028",
"xlink_role": "elt"}
]}
,
{
"type": "linkset",
"xlink_title": "ina libbi[in//(in exchange) for]PRP'PRP",
"id": "P313493.ls00009",
"xlink_type": "extended",
"xlink_role": "psu",
"sig": "{ina[in]PRP libbu[interior]N += ina libbi[in//(in exchange) for]PRP'PRP}::@saao%akk-x-neoass:ina=ina[in//into]PRP'PRP$ina++@saao%akk-x-neoass:ŠA₃-bi=libbu[interior//interior]N'N$libbi",
"links": [
{
"type": "link",
"xlink_title": "ina",
"xlink_type": "locator",
"xlink_href": "#P313493.l02032",
"xlink_role": "elt"}
,
{
"type": "link",
"xlink_title": "libbu",
"xlink_type": "locator",
"xlink_href": "#P313493.l02033",
"xlink_role": "elt"}
]}
,
{
"type": "linkset",
"xlink_title": "ina pān[in the presence of//at the disposal of]PRP'PRP",
"id": "P313493.ls0000a",
"xlink_type": "extended",
"xlink_role": "psu",
"sig": "{ina[in]PRP pānu[front]N += ina pān[in the presence of//at the disposal of]PRP'PRP}::@saao%akk-x-neoass:ina=ina[in//into]PRP'PRP$ina++@saao%akk-x-neoass:IGI=pānu[front//front]N'N$pān",
"links": [
{
"type": "link",
"xlink_title": "ina",
"xlink_type": "locator",
"xlink_href": "#P313493.l02044",
"xlink_role": "elt"}
,
{
"type": "link",
"xlink_title": "pānu",
"xlink_type": "locator",
"xlink_href": "#P313493.l02045",
"xlink_role": "elt"}
]}
,
{
"type": "linkset",
"xlink_title": "ina muhhi[on//about]PRP'PRP",
"id": "P313493.ls0000b",
"xlink_type": "extended",
"xlink_role": "psu",
"sig": "{ina[in]PRP muhhu[skull]N += ina muhhi[on//about]PRP'PRP}::@saao%akk-x-neoass:ina=ina[in//into]PRP'PRP$ina++@saao%akk-x-neoass:UGU-hi=muhhu[skull//skull]N'N$muhhi",
"links": [
{
"type": "link",
"xlink_title": "ina",
"xlink_type": "locator",
"xlink_href": "#P313493.l0204f",
"xlink_role": "elt"}
,
{
"type": "link",
"xlink_title": "muhhu",
"xlink_type": "locator",
"xlink_href": "#P313493.l02050",
"xlink_role": "elt"}
]}
,
{
"type": "linkset",
"xlink_title": "ina muhhi[on//about]PRP'PRP",
"id": "P313493.ls0000c",
"xlink_type": "extended",
"xlink_role": "psu",
"sig": "{ina[in]PRP muhhu[skull]N += ina muhhi[on//about]PRP'PRP}::@saao%akk-x-neoass:ina=ina[in//into]PRP'PRP$ina++@saao%akk-x-neoass:UGU=muhhu[skull//skull]N'N$muhhi",
"links": [
{
"type": "link",
"xlink_title": "ina",
"xlink_type": "locator",
"xlink_href": "#P313493.l0205f",
"xlink_role": "elt"}
,
{
"type": "link",
"xlink_title": "muhhu",
"xlink_type": "locator",
"xlink_href": "#P313493.l02060",
"xlink_role": "elt"}
]}
,
{
"type": "linkset",
"xlink_title": "ina pān[in the presence of//at the disposal of]PRP'PRP",
"id": "P313493.ls0000d",
"xlink_type": "extended",
"xlink_role": "psu",
"sig": "{ina[in]PRP pānu[front]N += ina pān[in the presence of//at the disposal of]PRP'PRP}::@saao%akk-x-neoass:ina=ina[in//into]PRP'PRP$ina++@saao%akk-x-neoass:IGI=pānu[front//front]N'N$pān",
"links": [
{
"type": "link",
"xlink_title": "ina",
"xlink_type": "locator",
"xlink_href": "#P313493.l0206f",
"xlink_role": "elt"}
,
{
"type": "link",
"xlink_title": "pānu",
"xlink_type": "locator",
"xlink_href": "#P313493.l02070",
"xlink_role": "elt"}
]}
,
{
"type": "linkset",
"xlink_title": "ina muhhi[on//about]PRP'PRP",
"id": "P313493.ls0000e",
"xlink_type": "extended",
"xlink_role": "psu",
"sig": "{ina[in]PRP muhhu[skull]N += ina muhhi[on//about]PRP'PRP}::@saao%akk-x-neoass:ina=ina[in//into]PRP'PRP$ina++@saao%akk-x-neoass:UGU=muhhu[skull//skull]N'N$muhhi",
"links": [
{
"type": "link",
"xlink_title": "ina",
"xlink_type": "locator",
"xlink_href": "#P313493.l02084",
"xlink_role": "elt"}
,
{
"type": "link",
"xlink_title": "muhhu",
"xlink_type": "locator",
"xlink_href": "#P313493.l02085",
"xlink_role": "elt"}
]}
,
{
"type": "linkset",
"xlink_title": "ina muhhi[on//about]PRP'PRP",
"id": "P313493.ls0000f",
"xlink_type": "extended",
"xlink_role": "psu",
"sig": "{ina[in]PRP muhhu[skull]N += ina muhhi[on//about]PRP'PRP}::@saao%akk-x-neoass:ina=ina[in//into]PRP'PRP$ina++@saao%akk-x-neoass:UGU-hi-šu₂=muhhu[skull//skull]N'N$muhhīšu",
"links": [
{
"type": "link",
"xlink_title": "ina",
"xlink_type": "locator",
"xlink_href": "#P313493.l020a0",
"xlink_role": "elt"}
,
{
"type": "link",
"xlink_title": "muhhu",
"xlink_type": "locator",
"xlink_href": "#P313493.l020a1",
"xlink_role": "elt"}
]}
]}
]}
