{
"type": "cdl",
  "source": "http://oracc.org/saao/saa16",
  "license": "This data is released under the CC0 license",
  "license-url": "https://creativecommons.org/publicdomain/zero/1.0/",
  "more-info": "http://oracc.org/doc/opendata/",
  "UTC-timestamp": "2017-05-19T11:55:53",
"project": "saao/saa16",
"textid": "P313765",
"cdl": [
{
"node": "c",
"type": "text",
"id": "P313765.U0",
"cdl": [
{
"node": "d",
"type": "object",
"ref": ""}
,
{
"node": "d",
"subtype": "obverse",
"type": "surface",
"ref": "P313765.o.1",
"type": "obverse",
"label": "o"}
,
{
"node": "d",
"type": "nonx",
"ref": "P313765.2",
"strict": "0",
"extent": "beginning",
"state": "missing"}
,
{
"node": "c",
"type": "discourse",
"subtype": "body",
"id": "P313765.U1",
"cdl": [
{
"node": "c",
"type": "sentence",
"id": "P313765.U2",
"label": "o 1' - r 8",
"cdl": [
{
"node": "d",
"type": "line-start",
"ref": "P313765.3",
"n": "1'",
"label": "o 1'"}
,
{
"node": "l",
"frag": "[x",
"id": "P313765.l002c6",
"ref": "P313765.3.1",
"inst": "u",
"f": {"lang": "akk-x-neoass",
"form": "x",
"pos": "u"}
}
,
{
"node": "l",
"frag": "x",
"id": "P313765.l002c7",
"ref": "P313765.3.2",
"inst": "u",
"f": {"lang": "akk-x-neoass",
"form": "x",
"pos": "u"}
}
,
{
"node": "l",
"frag": "x",
"id": "P313765.l002c8",
"ref": "P313765.3.3",
"inst": "u",
"f": {"lang": "akk-x-neoass",
"form": "x",
"pos": "u"}
}
,
{
"node": "l",
"frag": "x",
"id": "P313765.l002c9",
"ref": "P313765.3.4",
"inst": "u",
"f": {"lang": "akk-x-neoass",
"form": "x",
"pos": "u"}
}
,
{
"node": "l",
"frag": "x]",
"id": "P313765.l002ca",
"ref": "P313765.3.5",
"inst": "u",
"f": {"lang": "akk-x-neoass",
"form": "x",
"pos": "u"}
}
,
{
"node": "l",
"frag": "⸢x⸣",
"id": "P313765.l002cb",
"ref": "P313765.3.6",
"inst": "u",
"f": {"lang": "akk-x-neoass",
"form": "x",
"pos": "u"}
}
,
{
"node": "l",
"frag": "[x",
"id": "P313765.l002cc",
"ref": "P313765.3.7",
"inst": "u",
"f": {"lang": "akk-x-neoass",
"form": "x",
"pos": "u"}
}
,
{
"node": "l",
"frag": "x",
"id": "P313765.l002cd",
"ref": "P313765.3.8",
"inst": "u",
"f": {"lang": "akk-x-neoass",
"form": "x",
"pos": "u"}
}
,
{
"node": "l",
"frag": "x",
"id": "P313765.l002ce",
"ref": "P313765.3.9",
"inst": "u",
"f": {"lang": "akk-x-neoass",
"form": "x",
"pos": "u"}
}
,
{
"node": "l",
"frag": "x",
"id": "P313765.l002cf",
"ref": "P313765.3.10",
"inst": "u",
"f": {"lang": "akk-x-neoass",
"form": "x",
"pos": "u"}
}
,
{
"node": "l",
"frag": "x]",
"id": "P313765.l002d0",
"ref": "P313765.3.11",
"inst": "u",
"f": {"lang": "akk-x-neoass",
"form": "x",
"pos": "u"}
}
,
{
"node": "d",
"type": "line-start",
"ref": "P313765.4",
"n": "2'",
"label": "o 2'"}
,
{
"node": "l",
"frag": "[x",
"id": "P313765.l002d1",
"ref": "P313765.4.1",
"inst": "u",
"f": {"lang": "akk-x-neoass",
"form": "x",
"pos": "u"}
}
,
{
"node": "l",
"frag": "x",
"id": "P313765.l002d2",
"ref": "P313765.4.2",
"inst": "u",
"f": {"lang": "akk-x-neoass",
"form": "x",
"pos": "u"}
}
,
{
"node": "l",
"frag": "x",
"id": "P313765.l002d3",
"ref": "P313765.4.3",
"inst": "u",
"f": {"lang": "akk-x-neoass",
"form": "x",
"pos": "u"}
}
,
{
"node": "l",
"frag": "x",
"id": "P313765.l002d4",
"ref": "P313765.4.4",
"inst": "u",
"f": {"lang": "akk-x-neoass",
"form": "x",
"pos": "u"}
}
,
{
"node": "l",
"frag": "x]-nu",
"id": "P313765.l002d5",
"ref": "P313765.4.5",
"inst": "u",
"f": {"lang": "akk-x-neoass",
"form": "x-nu",
"pos": "u"}
}
,
{
"node": "l",
"frag": "i-⸢x⸣+[x",
"id": "P313765.l002d6",
"ref": "P313765.4.6",
"inst": "u",
"f": {"lang": "akk-x-neoass",
"form": "i-x+x",
"pos": "u"}
}
,
{
"node": "l",
"frag": "x",
"id": "P313765.l002d7",
"ref": "P313765.4.7",
"inst": "u",
"f": {"lang": "akk-x-neoass",
"form": "x",
"pos": "u"}
}
,
{
"node": "l",
"frag": "x",
"id": "P313765.l002d8",
"ref": "P313765.4.8",
"inst": "u",
"f": {"lang": "akk-x-neoass",
"form": "x",
"pos": "u"}
}
,
{
"node": "l",
"frag": "x",
"id": "P313765.l002d9",
"ref": "P313765.4.9",
"inst": "u",
"f": {"lang": "akk-x-neoass",
"form": "x",
"pos": "u"}
}
,
{
"node": "l",
"frag": "x]",
"id": "P313765.l002da",
"ref": "P313765.4.10",
"inst": "u",
"f": {"lang": "akk-x-neoass",
"form": "x",
"pos": "u"}
}
,
{
"node": "d",
"type": "line-start",
"ref": "P313765.5",
"n": "3'",
"label": "o 3'"}
,
{
"node": "l",
"frag": "[x",
"id": "P313765.l002db",
"ref": "P313765.5.1",
"inst": "u",
"f": {"lang": "akk-x-neoass",
"form": "x",
"pos": "u"}
}
,
{
"node": "l",
"frag": "x",
"id": "P313765.l002dc",
"ref": "P313765.5.2",
"inst": "u",
"f": {"lang": "akk-x-neoass",
"form": "x",
"pos": "u"}
}
,
{
"node": "l",
"frag": "x",
"id": "P313765.l002dd",
"ref": "P313765.5.3",
"inst": "u",
"f": {"lang": "akk-x-neoass",
"form": "x",
"pos": "u"}
}
,
{
"node": "l",
"frag": "x",
"id": "P313765.l002de",
"ref": "P313765.5.4",
"inst": "u",
"f": {"lang": "akk-x-neoass",
"form": "x",
"pos": "u"}
}
,
{
"node": "l",
"frag": "ma]-a",
"id": "P313765.l002df",
"ref": "P313765.5.5",
"inst": "mā[saying]PRP",
"sig": "@saao/saa16%akk-x-neoass:ma-a=mā[saying//saying]PRP'PRP$mā",
"f": {"lang": "akk-x-neoass",
"form": "ma-a",
"cf": "mā",
"gw": "saying",
"sense": "saying",
"norm": "mā",
"pos": "PRP",
"epos": "PRP"}
}
,
{
"node": "l",
"frag": "01-en",
"id": "P313765.l002e0",
"ref": "P313765.5.6",
"inst": "ištēn[one]NU$issēn",
"sig": "@saao/saa16%akk-x-neoass:01-en=ištēn[one//one]NU'NU$issēn",
"f": {"lang": "akk-x-neoass",
"form": "01-en",
"cf": "ištēn",
"gw": "one",
"sense": "one",
"norm": "issēn",
"pos": "NU",
"epos": "NU"}
}
,
{
"node": "l",
"frag": "[x",
"id": "P313765.l002e1",
"ref": "P313765.5.7",
"inst": "u",
"f": {"lang": "akk-x-neoass",
"form": "x",
"pos": "u"}
}
,
{
"node": "l",
"frag": "x",
"id": "P313765.l002e2",
"ref": "P313765.5.8",
"inst": "u",
"f": {"lang": "akk-x-neoass",
"form": "x",
"pos": "u"}
}
,
{
"node": "l",
"frag": "x",
"id": "P313765.l002e3",
"ref": "P313765.5.9",
"inst": "u",
"f": {"lang": "akk-x-neoass",
"form": "x",
"pos": "u"}
}
,
{
"node": "l",
"frag": "x]",
"id": "P313765.l002e4",
"ref": "P313765.5.10",
"inst": "u",
"f": {"lang": "akk-x-neoass",
"form": "x",
"pos": "u"}
}
,
{
"node": "d",
"type": "line-start",
"ref": "P313765.6",
"n": "4'",
"label": "o 4'"}
,
{
"node": "l",
"frag": "[x",
"id": "P313765.l002e5",
"ref": "P313765.6.1",
"inst": "u",
"f": {"lang": "akk-x-neoass",
"form": "x",
"pos": "u"}
}
,
{
"node": "l",
"frag": "x",
"id": "P313765.l002e6",
"ref": "P313765.6.2",
"inst": "u",
"f": {"lang": "akk-x-neoass",
"form": "x",
"pos": "u"}
}
,
{
"node": "l",
"frag": "x",
"id": "P313765.l002e7",
"ref": "P313765.6.3",
"inst": "u",
"f": {"lang": "akk-x-neoass",
"form": "x",
"pos": "u"}
}
,
{
"node": "l",
"frag": "x]",
"id": "P313765.l002e8",
"ref": "P313765.6.4",
"inst": "u",
"f": {"lang": "akk-x-neoass",
"form": "x",
"pos": "u"}
}
,
{
"node": "l",
"frag": "⸢šum₂⸣-ma",
"id": "P313765.l002e9",
"ref": "P313765.6.5",
"inst": "šumma[if]MOD",
"sig": "@saao/saa16%akk-x-neoass:šum₂-ma=šumma[if//if]MOD'MOD$šumma",
"f": {"lang": "akk-x-neoass",
"form": "šum₂-ma",
"cf": "šumma",
"gw": "if",
"sense": "if",
"norm": "šumma",
"pos": "MOD",
"epos": "MOD"}
}
,
{
"node": "l",
"frag": "u₂-[x",
"id": "P313765.l002ea",
"ref": "P313765.6.6",
"inst": "u",
"f": {"lang": "akk-x-neoass",
"form": "u₂-x",
"pos": "u"}
}
,
{
"node": "l",
"frag": "x",
"id": "P313765.l002eb",
"ref": "P313765.6.7",
"inst": "u",
"f": {"lang": "akk-x-neoass",
"form": "x",
"pos": "u"}
}
,
{
"node": "l",
"frag": "x]",
"id": "P313765.l002ec",
"ref": "P313765.6.8",
"inst": "u",
"f": {"lang": "akk-x-neoass",
"form": "x",
"pos": "u"}
}
,
{
"node": "d",
"type": "line-start",
"ref": "P313765.7",
"n": "5'",
"label": "o 5'"}
,
{
"node": "l",
"frag": "[x",
"id": "P313765.l002ed",
"ref": "P313765.7.1",
"inst": "u",
"f": {"lang": "akk-x-neoass",
"form": "x",
"pos": "u"}
}
,
{
"node": "l",
"frag": "x",
"id": "P313765.l002ee",
"ref": "P313765.7.2",
"inst": "u",
"f": {"lang": "akk-x-neoass",
"form": "x",
"pos": "u"}
}
,
{
"node": "l",
"frag": "x",
"id": "P313765.l002ef",
"ref": "P313765.7.3",
"inst": "u",
"f": {"lang": "akk-x-neoass",
"form": "x",
"pos": "u"}
}
,
{
"node": "l",
"frag": "x]-ka",
"id": "P313765.l002f0",
"ref": "P313765.7.4",
"inst": "u",
"f": {"lang": "akk-x-neoass",
"form": "x-ka",
"pos": "u"}
}
,
{
"node": "l",
"frag": "ša",
"id": "P313765.l002f1",
"ref": "P313765.7.5",
"inst": "ša[which]REL",
"sig": "@saao/saa16%akk-x-neoass:ša=ša[that//which]REL'REL$ša",
"f": {"lang": "akk-x-neoass",
"form": "ša",
"cf": "ša",
"gw": "that",
"sense": "which",
"norm": "ša",
"pos": "REL",
"epos": "REL"}
}
,
{
"node": "c",
"type": "phrase",
"tag": "phr",
"id": "P313765.U4",
"ref": "P313765.ls00000",
"cdl": [
{
"node": "l",
"frag": "ina",
"id": "P313765.l002f2",
"ref": "P313765.7.6",
"inst": "ina[in+=on]PRP$",
"sig": "@saao/saa16%akk-x-neoass:ina=ina[in//in]PRP'PRP$ina",
"f": {"lang": "akk-x-neoass",
"form": "ina",
"cf": "ina",
"gw": "in",
"sense": "in",
"norm": "ina",
"pos": "PRP",
"epos": "PRP"}
}
,
{
"node": "l",
"frag": "UGU-hi-⸢ka⸣",
"id": "P313765.l002f3",
"ref": "P313765.7.7",
"inst": "muhhu[skull]N$muhhīka",
"sig": "@saao/saa16%akk-x-neoass:UGU-hi-ka=muhhu[skull//skull]N'N$muhhīka",
"f": {"lang": "akk-x-neoass",
"form": "UGU-hi-ka",
"cf": "muhhu",
"gw": "skull",
"sense": "skull",
"norm": "muhhīka",
"pos": "N",
"epos": "N"}
}
]}
,
{
"node": "d",
"type": "line-start",
"ref": "P313765.8",
"n": "6'",
"label": "o 6'"}
,
{
"node": "l",
"frag": "[x",
"id": "P313765.l002f4",
"ref": "P313765.8.1",
"inst": "u",
"f": {"lang": "akk-x-neoass",
"form": "x",
"pos": "u"}
}
,
{
"node": "l",
"frag": "x",
"id": "P313765.l002f5",
"ref": "P313765.8.2",
"inst": "u",
"f": {"lang": "akk-x-neoass",
"form": "x",
"pos": "u"}
}
,
{
"node": "l",
"frag": "x",
"id": "P313765.l002f6",
"ref": "P313765.8.3",
"inst": "u",
"f": {"lang": "akk-x-neoass",
"form": "x",
"pos": "u"}
}
,
{
"node": "l",
"frag": "x",
"id": "P313765.l002f7",
"ref": "P313765.8.4",
"inst": "u",
"f": {"lang": "akk-x-neoass",
"form": "x",
"pos": "u"}
}
,
{
"node": "l",
"frag": "x]+⸢x⸣-a-su",
"id": "P313765.l002f8",
"ref": "P313765.8.5",
"inst": "u",
"f": {"lang": "akk-x-neoass",
"form": "x+x-a-su",
"pos": "u"}
}
,
{
"node": "l",
"frag": "la",
"id": "P313765.l002f9",
"ref": "P313765.8.6",
"inst": "lā[not]MOD",
"sig": "@saao/saa16%akk-x-neoass:la=lā[not//not]MOD'MOD$lā",
"f": {"lang": "akk-x-neoass",
"form": "la",
"cf": "lā",
"gw": "not",
"sense": "not",
"norm": "lā",
"pos": "MOD",
"epos": "MOD"}
}
,
{
"node": "l",
"frag": "ik-ri-ka-a",
"id": "P313765.l002fa",
"ref": "P313765.8.7",
"inst": "karāku[roll up//collect]V$ikrikâ",
"sig": "@saao/saa16%akk-x-neoass:ik-ri-ka-a=karāku[roll up//collect]V'V$ikrikâ",
"f": {"lang": "akk-x-neoass",
"form": "ik-ri-ka-a",
"cf": "karāku",
"gw": "roll up",
"sense": "collect",
"norm": "ikrikâ",
"pos": "V",
"epos": "V"}
}
,
{
"node": "d",
"type": "line-start",
"ref": "P313765.9",
"n": "7'",
"label": "o 7'"}
,
{
"node": "l",
"frag": "[x",
"id": "P313765.l002fb",
"ref": "P313765.9.1",
"inst": "u",
"f": {"lang": "akk-x-neoass",
"form": "x",
"pos": "u"}
}
,
{
"node": "l",
"frag": "x",
"id": "P313765.l002fc",
"ref": "P313765.9.2",
"inst": "u",
"f": {"lang": "akk-x-neoass",
"form": "x",
"pos": "u"}
}
,
{
"node": "l",
"frag": "x",
"id": "P313765.l002fd",
"ref": "P313765.9.3",
"inst": "u",
"f": {"lang": "akk-x-neoass",
"form": "x",
"pos": "u"}
}
,
{
"node": "l",
"frag": "x",
"id": "P313765.l002fe",
"ref": "P313765.9.4",
"inst": "u",
"f": {"lang": "akk-x-neoass",
"form": "x",
"pos": "u"}
}
,
{
"node": "l",
"frag": "x]",
"id": "P313765.l002ff",
"ref": "P313765.9.5",
"inst": "u",
"f": {"lang": "akk-x-neoass",
"form": "x",
"pos": "u"}
}
,
{
"node": "l",
"frag": "⸢ma⸣-a",
"id": "P313765.l00300",
"ref": "P313765.9.6",
"inst": "mā[saying]PRP",
"sig": "@saao/saa16%akk-x-neoass:ma-a=mā[saying//saying]PRP'PRP$mā",
"f": {"lang": "akk-x-neoass",
"form": "ma-a",
"cf": "mā",
"gw": "saying",
"sense": "saying",
"norm": "mā",
"pos": "PRP",
"epos": "PRP"}
}
,
{
"node": "l",
"frag": "la",
"id": "P313765.l00301",
"ref": "P313765.9.7",
"inst": "lā[not]MOD",
"sig": "@saao/saa16%akk-x-neoass:la=lā[not//not]MOD'MOD$lā",
"f": {"lang": "akk-x-neoass",
"form": "la",
"cf": "lā",
"gw": "not",
"sense": "not",
"norm": "lā",
"pos": "MOD",
"epos": "MOD"}
}
,
{
"node": "l",
"frag": "{d}EN",
"id": "P313765.l00302",
"ref": "P313765.9.8",
"inst": "Bel[1]DN",
"sig": "@saao/saa16%akk-x-neoass:{d}EN=Bel[1//1]DN'DN$Bel",
"f": {"lang": "akk-x-neoass",
"form": "{d}EN",
"cf": "Bel",
"gw": "1",
"sense": "1",
"norm": "Bel",
"pos": "DN",
"epos": "DN"}
}
,
{
"node": "l",
"frag": "šu₂-u",
"id": "P313765.l00303",
"ref": "P313765.9.9",
"inst": "šû[he]IP",
"sig": "@saao/saa16%akk-x-neoass:šu₂-u=šū[he//he]IP'IP$šû",
"f": {"lang": "akk-x-neoass",
"form": "šu₂-u",
"cf": "šū",
"gw": "he",
"sense": "he",
"norm": "šû",
"pos": "IP",
"epos": "IP"}
}
,
{
"node": "d",
"subtype": "bottom",
"type": "surface",
"ref": "P313765.b.e..10",
"type": "bottom",
"label": "b.e."}
,
{
"node": "d",
"type": "line-start",
"ref": "P313765.11",
"n": "8'",
"label": "b.e. 8'"}
,
{
"node": "l",
"frag": "[x",
"id": "P313765.l00304",
"ref": "P313765.11.1",
"inst": "u",
"f": {"lang": "akk-x-neoass",
"form": "x",
"pos": "u"}
}
,
{
"node": "l",
"frag": "x",
"id": "P313765.l00305",
"ref": "P313765.11.2",
"inst": "u",
"f": {"lang": "akk-x-neoass",
"form": "x",
"pos": "u"}
}
,
{
"node": "l",
"frag": "x",
"id": "P313765.l00306",
"ref": "P313765.11.3",
"inst": "u",
"f": {"lang": "akk-x-neoass",
"form": "x",
"pos": "u"}
}
,
{
"node": "l",
"frag": "x]-i-ni",
"id": "P313765.l00307",
"ref": "P313765.11.4",
"inst": "u",
"f": {"lang": "akk-x-neoass",
"form": "x-i-ni",
"pos": "u"}
}
,
{
"node": "d",
"type": "line-start",
"ref": "P313765.12",
"n": "9'",
"label": "b.e. 9'"}
,
{
"node": "l",
"frag": "[x",
"id": "P313765.l00308",
"ref": "P313765.12.1",
"inst": "u",
"f": {"lang": "akk-x-neoass",
"form": "x",
"pos": "u"}
}
,
{
"node": "l",
"frag": "x",
"id": "P313765.l00309",
"ref": "P313765.12.2",
"inst": "u",
"f": {"lang": "akk-x-neoass",
"form": "x",
"pos": "u"}
}
,
{
"node": "l",
"frag": "x",
"id": "P313765.l0030a",
"ref": "P313765.12.3",
"inst": "u",
"f": {"lang": "akk-x-neoass",
"form": "x",
"pos": "u"}
}
,
{
"node": "l",
"frag": "x]",
"id": "P313765.l0030b",
"ref": "P313765.12.4",
"inst": "u",
"f": {"lang": "akk-x-neoass",
"form": "x",
"pos": "u"}
}
,
{
"node": "l",
"frag": "lu",
"id": "P313765.l0030c",
"ref": "P313765.12.5",
"inst": "lū[may]MOD",
"sig": "@saao/saa16%akk-x-neoass:lu=lū[may//may]MOD'MOD$lū",
"f": {"lang": "akk-x-neoass",
"form": "lu",
"cf": "lū",
"gw": "may",
"sense": "may",
"norm": "lū",
"pos": "MOD",
"epos": "MOD"}
}
,
{
"node": "l",
"frag": "ke-na-a-ka",
"id": "P313765.l0030d",
"ref": "P313765.12.6",
"inst": "kīnu[permanent//reliable]AJ$kēnāka",
"sig": "@saao/saa16%akk-x-neoass:ke-na-a-ka=kīnu[permanent//reliable]AJ'AJ$kēnāka",
"f": {"lang": "akk-x-neoass",
"form": "ke-na-a-ka",
"cf": "kīnu",
"gw": "permanent",
"sense": "reliable",
"norm": "kēnāka",
"pos": "AJ",
"epos": "AJ"}
}
,
{
"node": "d",
"subtype": "reverse",
"type": "surface",
"ref": "P313765.r.13",
"type": "reverse",
"label": "r"}
,
{
"node": "d",
"type": "line-start",
"ref": "P313765.14",
"n": "1",
"label": "r 1"}
,
{
"node": "l",
"frag": "[x",
"id": "P313765.l0030e",
"ref": "P313765.14.1",
"inst": "u",
"f": {"lang": "akk-x-neoass",
"form": "x",
"pos": "u"}
}
,
{
"node": "l",
"frag": "x",
"id": "P313765.l0030f",
"ref": "P313765.14.2",
"inst": "u",
"f": {"lang": "akk-x-neoass",
"form": "x",
"pos": "u"}
}
,
{
"node": "l",
"frag": "x",
"id": "P313765.l00310",
"ref": "P313765.14.3",
"inst": "u",
"f": {"lang": "akk-x-neoass",
"form": "x",
"pos": "u"}
}
,
{
"node": "l",
"frag": "x]+⸢x⸣",
"id": "P313765.l00311",
"ref": "P313765.14.4",
"inst": "u",
"f": {"lang": "akk-x-neoass",
"form": "x+x",
"pos": "u"}
}
,
{
"node": "l",
"frag": "ŠEŠ-MEŠ-ka",
"id": "P313765.l00312",
"ref": "P313765.14.5",
"inst": "ahu[brother]N$ahhēka",
"sig": "@saao/saa16%akk-x-neoass:ŠEŠ-MEŠ-ka=ahu[brother//brother]N'N$ahhēka",
"f": {"lang": "akk-x-neoass",
"form": "ŠEŠ-MEŠ-ka",
"cf": "ahu",
"gw": "brother",
"sense": "brother",
"norm": "ahhēka",
"pos": "N",
"epos": "N"}
}
,
{
"node": "d",
"type": "line-start",
"ref": "P313765.15",
"n": "2",
"label": "r 2"}
,
{
"node": "l",
"frag": "[x",
"id": "P313765.l00313",
"ref": "P313765.15.1",
"inst": "u",
"f": {"lang": "akk-x-neoass",
"form": "x",
"pos": "u"}
}
,
{
"node": "l",
"frag": "x",
"id": "P313765.l00314",
"ref": "P313765.15.2",
"inst": "u",
"f": {"lang": "akk-x-neoass",
"form": "x",
"pos": "u"}
}
,
{
"node": "l",
"frag": "x",
"id": "P313765.l00315",
"ref": "P313765.15.3",
"inst": "u",
"f": {"lang": "akk-x-neoass",
"form": "x",
"pos": "u"}
}
,
{
"node": "l",
"frag": "x]",
"id": "P313765.l00316",
"ref": "P313765.15.4",
"inst": "u",
"f": {"lang": "akk-x-neoass",
"form": "x",
"pos": "u"}
}
,
{
"node": "l",
"frag": "an-na-ka",
"id": "P313765.l00317",
"ref": "P313765.15.5",
"inst": "annāka[here]AV",
"sig": "@saao/saa16%akk-x-neoass:an-na-ka=annaka[here//here]AV'AV$annāka",
"f": {"lang": "akk-x-neoass",
"form": "an-na-ka",
"cf": "annaka",
"gw": "here",
"sense": "here",
"norm": "annāka",
"pos": "AV",
"epos": "AV"}
}
,
{
"node": "l",
"frag": "la",
"id": "P313765.l00318",
"ref": "P313765.15.6",
"inst": "lā[not]MOD",
"sig": "@saao/saa16%akk-x-neoass:la=lā[not//not]MOD'MOD$lā",
"f": {"lang": "akk-x-neoass",
"form": "la",
"cf": "lā",
"gw": "not",
"sense": "not",
"norm": "lā",
"pos": "MOD",
"epos": "MOD"}
}
,
{
"node": "l",
"frag": "u₂-du-u",
"id": "P313765.l00319",
"ref": "P313765.15.7",
"inst": "ūdû[know]V",
"sig": "@saao/saa16%akk-x-neoass:u₂-du-u=wadû[know//know]V'V$ūdû",
"f": {"lang": "akk-x-neoass",
"form": "u₂-du-u",
"cf": "wadû",
"gw": "know",
"sense": "know",
"norm": "ūdû",
"pos": "V",
"epos": "V"}
}
,
{
"node": "d",
"type": "line-start",
"ref": "P313765.16",
"n": "3",
"label": "r 3"}
,
{
"node": "l",
"frag": "[x",
"id": "P313765.l0031a",
"ref": "P313765.16.1",
"inst": "u",
"f": {"lang": "akk-x-neoass",
"form": "x",
"pos": "u"}
}
,
{
"node": "l",
"frag": "x",
"id": "P313765.l0031b",
"ref": "P313765.16.2",
"inst": "u",
"f": {"lang": "akk-x-neoass",
"form": "x",
"pos": "u"}
}
,
{
"node": "l",
"frag": "x]",
"id": "P313765.l0031c",
"ref": "P313765.16.3",
"inst": "u",
"f": {"lang": "akk-x-neoass",
"form": "x",
"pos": "u"}
}
,
{
"node": "l",
"frag": "⸢DUMU⸣",
"id": "P313765.l0031d",
"ref": "P313765.16.4",
"inst": "māru[son]N$mār",
"sig": "@saao/saa16%akk-x-neoass:DUMU=māru[son//son]N'N$mār",
"f": {"lang": "akk-x-neoass",
"form": "DUMU",
"cf": "māru",
"gw": "son",
"sense": "son",
"norm": "mār",
"pos": "N",
"epos": "N"}
}
,
{
"node": "l",
"frag": "{1}{d}ŠU₂-a",
"id": "P313765.l0031e",
"ref": "P313765.16.5",
"inst": "Marduka[1]PN$",
"sig": "@saao/saa16%akk-x-neoass:{1}{d}ŠU₂-a=Marduka[1//1]PN'PN$Marduka",
"f": {"lang": "akk-x-neoass",
"form": "{1}{d}ŠU₂-a",
"cf": "Marduka",
"gw": "1",
"sense": "1",
"norm": "Marduka",
"pos": "PN",
"epos": "PN"}
}
,
{
"node": "l",
"frag": "ta-sa-nap-par-u-ni",
"id": "P313765.l0031f",
"ref": "P313765.16.6",
"inst": "šapāru[send]V$tassanapparūni",
"sig": "@saao/saa16%akk-x-neoass:ta-sa-nap-par-u-ni=šapāru[send//send]V'V$tassanapparūni",
"f": {"lang": "akk-x-neoass",
"form": "ta-sa-nap-par-u-ni",
"cf": "šapāru",
"gw": "send",
"sense": "send",
"norm": "tassanapparūni",
"pos": "V",
"epos": "V"}
}
,
{
"node": "d",
"type": "line-start",
"ref": "P313765.17",
"n": "4",
"label": "r 4"}
,
{
"node": "l",
"frag": "[x",
"id": "P313765.l00320",
"ref": "P313765.17.1",
"inst": "u",
"f": {"lang": "akk-x-neoass",
"form": "x",
"pos": "u"}
}
,
{
"node": "l",
"frag": "x",
"id": "P313765.l00321",
"ref": "P313765.17.2",
"inst": "u",
"f": {"lang": "akk-x-neoass",
"form": "x",
"pos": "u"}
}
,
{
"node": "l",
"frag": "x",
"id": "P313765.l00322",
"ref": "P313765.17.3",
"inst": "u",
"f": {"lang": "akk-x-neoass",
"form": "x",
"pos": "u"}
}
,
{
"node": "l",
"frag": "x]-⸢te⸣",
"id": "P313765.l00323",
"ref": "P313765.17.4",
"inst": "u",
"f": {"lang": "akk-x-neoass",
"form": "x-te",
"pos": "u"}
}
,
{
"node": "l",
"frag": "u₂-ma-a",
"id": "P313765.l00324",
"ref": "P313765.17.5",
"inst": "ūmâ[now]AV",
"sig": "@saao/saa16%akk-x-neoass:u₂-ma-a=ūma[today//now]AV'AV$ūmâ",
"f": {"lang": "akk-x-neoass",
"form": "u₂-ma-a",
"cf": "ūma",
"gw": "today",
"sense": "now",
"norm": "ūmâ",
"pos": "AV",
"epos": "AV"}
}
,
{
"node": "l",
"frag": "at-ta",
"id": "P313765.l00325",
"ref": "P313765.17.6",
"inst": "atta[you]IP",
"sig": "@saao/saa16%akk-x-neoass:at-ta=atta[you//you]IP'IP$atta",
"f": {"lang": "akk-x-neoass",
"form": "at-ta",
"cf": "atta",
"gw": "you",
"sense": "you",
"norm": "atta",
"pos": "IP",
"epos": "IP"}
}
,
{
"node": "d",
"type": "line-start",
"ref": "P313765.18",
"n": "5",
"label": "r 5"}
,
{
"node": "l",
"frag": "[x",
"id": "P313765.l00326",
"ref": "P313765.18.1",
"inst": "u",
"f": {"lang": "akk-x-neoass",
"form": "x",
"pos": "u"}
}
,
{
"node": "l",
"frag": "x",
"id": "P313765.l00327",
"ref": "P313765.18.2",
"inst": "u",
"f": {"lang": "akk-x-neoass",
"form": "x",
"pos": "u"}
}
,
{
"node": "l",
"frag": "x",
"id": "P313765.l00328",
"ref": "P313765.18.3",
"inst": "u",
"f": {"lang": "akk-x-neoass",
"form": "x",
"pos": "u"}
}
,
{
"node": "l",
"frag": "x]-bu-tu",
"id": "P313765.l00329",
"ref": "P313765.18.4",
"inst": "u",
"f": {"lang": "akk-x-neoass",
"form": "x-bu-tu",
"pos": "u"}
}
,
{
"node": "l",
"frag": "uh-tal-lil",
"id": "P313765.l0032a",
"ref": "P313765.18.5",
"inst": "halālu[pipe//sound]V$uhtallil",
"sig": "@saao/saa16%akk-x-neoass:uh-tal-lil=halālu[pipe//sound]V'V$uhtallil",
"f": {"lang": "akk-x-neoass",
"form": "uh-tal-lil",
"cf": "halālu",
"gw": "pipe",
"sense": "sound",
"norm": "uhtallil",
"pos": "V",
"epos": "V"}
}
,
{
"node": "d",
"type": "line-start",
"ref": "P313765.19",
"n": "6",
"label": "r 6"}
,
{
"node": "l",
"frag": "[x",
"id": "P313765.l0032b",
"ref": "P313765.19.1",
"inst": "u",
"f": {"lang": "akk-x-neoass",
"form": "x",
"pos": "u"}
}
,
{
"node": "l",
"frag": "x",
"id": "P313765.l0032c",
"ref": "P313765.19.2",
"inst": "u",
"f": {"lang": "akk-x-neoass",
"form": "x",
"pos": "u"}
}
,
{
"node": "l",
"frag": "x",
"id": "P313765.l0032d",
"ref": "P313765.19.3",
"inst": "u",
"f": {"lang": "akk-x-neoass",
"form": "x",
"pos": "u"}
}
,
{
"node": "l",
"frag": "x]-ra-ar",
"id": "P313765.l0032e",
"ref": "P313765.19.4",
"inst": "u",
"f": {"lang": "akk-x-neoass",
"form": "x-ra-ar",
"pos": "u"}
}
,
{
"node": "l",
"frag": "u₃",
"id": "P313765.l0032f",
"ref": "P313765.19.5",
"inst": "u[and]CNJ",
"sig": "@saao/saa16%akk-x-neoass:u₃=u[and//and]CNJ'CNJ$u",
"f": {"lang": "akk-x-neoass",
"form": "u₃",
"cf": "u",
"gw": "and",
"sense": "and",
"norm": "u",
"pos": "CNJ",
"epos": "CNJ"}
}
,
{
"node": "l",
"frag": "[x",
"id": "P313765.l00330",
"ref": "P313765.19.6",
"inst": "u",
"f": {"lang": "akk-x-neoass",
"form": "x",
"pos": "u"}
}
,
{
"node": "l",
"frag": "x",
"id": "P313765.l00331",
"ref": "P313765.19.7",
"inst": "u",
"f": {"lang": "akk-x-neoass",
"form": "x",
"pos": "u"}
}
,
{
"node": "l",
"frag": "x]",
"id": "P313765.l00332",
"ref": "P313765.19.8",
"inst": "u",
"f": {"lang": "akk-x-neoass",
"form": "x",
"pos": "u"}
}
,
{
"node": "d",
"type": "line-start",
"ref": "P313765.20",
"n": "7",
"label": "r 7"}
,
{
"node": "l",
"frag": "[x",
"id": "P313765.l00333",
"ref": "P313765.20.1",
"inst": "u",
"f": {"lang": "akk-x-neoass",
"form": "x",
"pos": "u"}
}
,
{
"node": "l",
"frag": "x",
"id": "P313765.l00334",
"ref": "P313765.20.2",
"inst": "u",
"f": {"lang": "akk-x-neoass",
"form": "x",
"pos": "u"}
}
,
{
"node": "l",
"frag": "x",
"id": "P313765.l00335",
"ref": "P313765.20.3",
"inst": "u",
"f": {"lang": "akk-x-neoass",
"form": "x",
"pos": "u"}
}
,
{
"node": "l",
"frag": "x]",
"id": "P313765.l00336",
"ref": "P313765.20.4",
"inst": "u",
"f": {"lang": "akk-x-neoass",
"form": "x",
"pos": "u"}
}
,
{
"node": "c",
"type": "phrase",
"tag": "phr",
"id": "P313765.U5",
"ref": "P313765.ls00001",
"cdl": [
{
"node": "l",
"frag": "⸢EN⸣-hi-⸢iṭ⸣-[ṭi",
"id": "P313765.l00337",
"ref": "P313765.20.5",
"cof-tails": "P313765.l00338",
"inst": "bēlu[lord]N$bēl&hīṭu[error]N$hiṭṭi",
"sig": "@saao/saa16%akk-x-neoass:EN-hi-iṭ-ṭi=bēlu[lord//lord]N'N$bēl&&@saao%akk-x-neoass:=hīṭu[error//error]N'N$hiṭṭi",
"f": {"lang": "akk-x-neoass",
"form": "EN-hi-iṭ-ṭi",
"cf": "bēlu",
"gw": "lord",
"sense": "lord",
"norm": "bēl",
"pos": "N",
"epos": "N"}
}
,
{
"node": "l",
"frag": "⸢EN⸣-hi-⸢iṭ⸣-[ṭi",
"id": "P313765.l00338",
"ref": "P313765.20.5",
"cof-head": "P313765.l00337",
"inst": "bēlu[lord]N$bēl&hīṭu[error]N$hiṭṭi",
"tail-sig": "@saao%akk-x-neoass:=hīṭu[error//error]N'N$hiṭṭi",
"f": {"lang": "akk-x-neoass",
"form": "EN-hi-iṭ-ṭi",
"cf": "hīṭu",
"gw": "error",
"sense": "error",
"norm": "hiṭṭi",
"pos": "N",
"epos": "N"}
}
]}
,
{
"node": "l",
"frag": "x",
"id": "P313765.l00339",
"ref": "P313765.20.6",
"inst": "u",
"f": {"lang": "akk-x-neoass",
"form": "x",
"pos": "u"}
}
,
{
"node": "l",
"frag": "x",
"id": "P313765.l0033a",
"ref": "P313765.20.7",
"inst": "u",
"f": {"lang": "akk-x-neoass",
"form": "x",
"pos": "u"}
}
,
{
"node": "l",
"frag": "x]",
"id": "P313765.l0033b",
"ref": "P313765.20.8",
"inst": "u",
"f": {"lang": "akk-x-neoass",
"form": "x",
"pos": "u"}
}
,
{
"node": "d",
"type": "line-start",
"ref": "P313765.21",
"n": "8",
"label": "r 8"}
,
{
"node": "l",
"frag": "[x",
"id": "P313765.l0033c",
"ref": "P313765.21.1",
"inst": "u",
"f": {"lang": "akk-x-neoass",
"form": "x",
"pos": "u"}
}
,
{
"node": "l",
"frag": "x",
"id": "P313765.l0033d",
"ref": "P313765.21.2",
"inst": "u",
"f": {"lang": "akk-x-neoass",
"form": "x",
"pos": "u"}
}
,
{
"node": "l",
"frag": "x",
"id": "P313765.l0033e",
"ref": "P313765.21.3",
"inst": "u",
"f": {"lang": "akk-x-neoass",
"form": "x",
"pos": "u"}
}
,
{
"node": "l",
"frag": "x",
"id": "P313765.l0033f",
"ref": "P313765.21.4",
"inst": "u",
"f": {"lang": "akk-x-neoass",
"form": "x",
"pos": "u"}
}
,
{
"node": "l",
"frag": "x]+⸢x⸣",
"id": "P313765.l00340",
"ref": "P313765.21.5",
"inst": "u",
"f": {"lang": "akk-x-neoass",
"form": "x+x",
"pos": "u"}
}
,
{
"node": "l",
"frag": "hi",
"id": "P313765.l00341",
"ref": "P313765.21.6",
"inst": "u",
"f": {"lang": "akk-x-neoass",
"form": "hi",
"pos": "u"}
}
,
{
"node": "l",
"frag": "[x",
"id": "P313765.l00342",
"ref": "P313765.21.7",
"inst": "u",
"f": {"lang": "akk-x-neoass",
"form": "x",
"pos": "u"}
}
,
{
"node": "l",
"frag": "x",
"id": "P313765.l00343",
"ref": "P313765.21.8",
"inst": "u",
"f": {"lang": "akk-x-neoass",
"form": "x",
"pos": "u"}
}
,
{
"node": "l",
"frag": "x",
"id": "P313765.l00344",
"ref": "P313765.21.9",
"inst": "u",
"f": {"lang": "akk-x-neoass",
"form": "x",
"pos": "u"}
}
,
{
"node": "l",
"frag": "x",
"id": "P313765.l00345",
"ref": "P313765.21.10",
"inst": "u",
"f": {"lang": "akk-x-neoass",
"form": "x",
"pos": "u"}
}
,
{
"node": "l",
"frag": "x]",
"id": "P313765.l00346",
"ref": "P313765.21.11",
"inst": "u",
"f": {"lang": "akk-x-neoass",
"form": "x",
"pos": "u"}
}
,
{
"node": "d",
"type": "nonx",
"ref": "P313765.22",
"strict": "0",
"extent": "rest",
"state": "missing"}
]}
]}
]}
,
{
"linkbase": [{
"type": "linkset",
"xlink_title": "ina muhhi[on//about]PRP'PRP",
"id": "P313765.ls00000",
"xlink_type": "extended",
"xlink_role": "psu",
"sig": "{ina[in]PRP muhhu[skull]N += ina muhhi[on//about]PRP'PRP}::@saao%akk-x-neoass:ina=ina[in//into]PRP'PRP$ina++@saao%akk-x-neoass:UGU-hi-ka=muhhu[skull//skull]N'N$muhhīka",
"links": [
{
"type": "link",
"xlink_title": "ina",
"xlink_type": "locator",
"xlink_href": "#P313765.l002f2",
"xlink_role": "elt"}
,
{
"type": "link",
"xlink_title": "muhhu",
"xlink_type": "locator",
"xlink_href": "#P313765.l002f3",
"xlink_role": "elt"}
]}
,
{
"type": "linkset",
"xlink_title": "bēl hiṭṭi[criminal//criminal]N'N",
"id": "P313765.ls00001",
"xlink_type": "extended",
"xlink_role": "psu",
"sig": "{bēlu[lord]N hīṭu[error]N += bēl hiṭṭi[criminal//criminal]N'N}::@saao%akk-x-neoass:EN-hi-iṭ-ṭi=bēlu[lord//lord]N'N$bēl++@saao%akk-x-neoass:EN-hi-iṭ-ṭi=hīṭu[error//error]N'N$hiṭṭi",
"links": [
{
"type": "link",
"xlink_title": "bēlu",
"xlink_type": "locator",
"xlink_href": "#P313765.l00337",
"xlink_role": "elt"}
,
{
"type": "link",
"xlink_title": "hīṭu",
"xlink_type": "locator",
"xlink_href": "#P313765.l00338",
"xlink_role": "elt"}
]}
]}
]}
