{
"type": "cdl",
  "source": "http://oracc.org/saao/saa16",
  "license": "This data is released under the CC0 license",
  "license-url": "https://creativecommons.org/publicdomain/zero/1.0/",
  "more-info": "http://oracc.org/doc/opendata/",
  "UTC-timestamp": "2017-05-19T11:55:54",
"project": "saao/saa16",
"textid": "P313882",
"cdl": [
{
"node": "c",
"type": "text",
"id": "P313882.U0",
"cdl": [
{
"node": "d",
"type": "object",
"ref": ""}
,
{
"node": "d",
"subtype": "obverse",
"type": "surface",
"ref": "P313882.o.1",
"type": "obverse",
"label": "o"}
,
{
"node": "c",
"type": "discourse",
"subtype": "body",
"id": "P313882.U1",
"cdl": [
{
"node": "c",
"type": "sentence",
"id": "P313882.U2",
"label": "o 1 - o 9",
"cdl": [
{
"node": "d",
"type": "line-start",
"ref": "P313882.2",
"n": "1",
"label": "o 1"}
,
{
"node": "l",
"frag": "[a-na",
"id": "P313882.l00672",
"ref": "P313882.2.1",
"inst": "ana[to]PRP",
"sig": "@saao/saa16%akk-x-neoass:a-na=ana[to//to]PRP'PRP$ana",
"f": {"lang": "akk-x-neoass",
"form": "a-na",
"cf": "ana",
"gw": "to",
"sense": "to",
"norm": "ana",
"pos": "PRP",
"epos": "PRP"}
}
,
{
"node": "l",
"frag": "LUGAL",
"id": "P313882.l00673",
"ref": "P313882.2.2",
"inst": "šarri[king]N",
"sig": "@saao/saa16%akk-x-neoass:LUGAL=šarru[king//king]N'N$šarri",
"f": {"lang": "akk-x-neoass",
"form": "LUGAL",
"cf": "šarru",
"gw": "king",
"sense": "king",
"norm": "šarri",
"pos": "N",
"epos": "N"}
}
,
{
"node": "l",
"frag": "be-li₂-ia]",
"id": "P313882.l00674",
"ref": "P313882.2.3",
"inst": "bēlīya[lord]N",
"sig": "@saao/saa16%akk-x-neoass:be-li₂-ia=bēlu[lord//lord]N'N$bēlīya",
"f": {"lang": "akk-x-neoass",
"form": "be-li₂-ia",
"cf": "bēlu",
"gw": "lord",
"sense": "lord",
"norm": "bēlīya",
"pos": "N",
"epos": "N"}
}
,
{
"node": "d",
"type": "line-start",
"ref": "P313882.3",
"n": "2",
"label": "o 2"}
,
{
"node": "l",
"frag": "[ARAD-ka",
"id": "P313882.l00675",
"ref": "P313882.3.1",
"inst": "ardu[slave//servant]N$urdaka",
"sig": "@saao/saa16%akk-x-neoass:ARAD-ka=ardu[slave//servant]N'N$urdaka",
"f": {"lang": "akk-x-neoass",
"form": "ARAD-ka",
"cf": "ardu",
"gw": "slave",
"sense": "servant",
"norm": "urdaka",
"pos": "N",
"epos": "N"}
}
,
{
"node": "l",
"frag": "{1}aš-šur-DU₃-A]",
"id": "P313882.l00676",
"ref": "P313882.3.2",
"inst": "Aššur-bani-apli[Assurbanipal]PN$",
"sig": "@saao/saa16%akk-x-neoass:{1}aš-šur-DU₃-A=Aššur-bani-apli[Assurbanipal//Assurbanipal]PN'PN$Aššur-bani-apli",
"f": {"lang": "akk-x-neoass",
"form": "{1}aš-šur-DU₃-A",
"cf": "Aššur-bani-apli",
"gw": "Assurbanipal",
"sense": "Assurbanipal",
"norm": "Aššur-bani-apli",
"pos": "PN",
"epos": "PN"}
}
,
{
"node": "d",
"type": "line-start",
"ref": "P313882.4",
"n": "3",
"label": "o 3"}
,
{
"node": "l",
"frag": "[lu",
"id": "P313882.l00677",
"ref": "P313882.4.1",
"inst": "lū[may]MOD",
"sig": "@saao/saa16%akk-x-neoass:lu=lū[may//may]MOD'MOD$lū",
"f": {"lang": "akk-x-neoass",
"form": "lu",
"cf": "lū",
"gw": "may",
"sense": "may",
"norm": "lū",
"pos": "MOD",
"epos": "MOD"}
}
,
{
"node": "l",
"frag": "DI-mu",
"id": "P313882.l00678",
"ref": "P313882.4.2",
"inst": "šulmu[completeness//health]N$",
"sig": "@saao/saa16%akk-x-neoass:DI-mu=šulmu[completeness//health]N'N$šulmu",
"f": {"lang": "akk-x-neoass",
"form": "DI-mu",
"cf": "šulmu",
"gw": "completeness",
"sense": "health",
"norm": "šulmu",
"pos": "N",
"epos": "N"}
}
,
{
"node": "l",
"frag": "a-na",
"id": "P313882.l00679",
"ref": "P313882.4.3",
"inst": "ana[to]PRP",
"sig": "@saao/saa16%akk-x-neoass:a-na=ana[to//to]PRP'PRP$ana",
"f": {"lang": "akk-x-neoass",
"form": "a-na",
"cf": "ana",
"gw": "to",
"sense": "to",
"norm": "ana",
"pos": "PRP",
"epos": "PRP"}
}
,
{
"node": "l",
"frag": "LUGAL",
"id": "P313882.l0067a",
"ref": "P313882.4.4",
"inst": "šarri[king]N",
"sig": "@saao/saa16%akk-x-neoass:LUGAL=šarru[king//king]N'N$šarri",
"f": {"lang": "akk-x-neoass",
"form": "LUGAL",
"cf": "šarru",
"gw": "king",
"sense": "king",
"norm": "šarri",
"pos": "N",
"epos": "N"}
}
,
{
"node": "l",
"frag": "be-li₂-ia]",
"id": "P313882.l0067b",
"ref": "P313882.4.5",
"inst": "bēlīya[lord]N",
"sig": "@saao/saa16%akk-x-neoass:be-li₂-ia=bēlu[lord//lord]N'N$bēlīya",
"f": {"lang": "akk-x-neoass",
"form": "be-li₂-ia",
"cf": "bēlu",
"gw": "lord",
"sense": "lord",
"norm": "bēlīya",
"pos": "N",
"epos": "N"}
}
,
{
"node": "d",
"type": "line-start",
"ref": "P313882.5",
"n": "4",
"label": "o 4"}
,
{
"node": "l",
"frag": "aš-šur",
"id": "P313882.l0067c",
"ref": "P313882.5.1",
"inst": "Aššur[1]DN",
"sig": "@saao/saa16%akk-x-neoass:aš-šur=Aššur[1//1]DN'DN$Aššur",
"f": {"lang": "akk-x-neoass",
"form": "aš-šur",
"cf": "Aššur",
"gw": "1",
"sense": "1",
"norm": "Aššur",
"pos": "DN",
"epos": "DN"}
}
,
{
"node": "l",
"frag": "{⸢d}EN",
"id": "P313882.l0067d",
"ref": "P313882.5.2",
"inst": "Bel[1]DN",
"sig": "@saao/saa16%akk-x-neoass:{d}EN=Bel[1//1]DN'DN$Bel",
"f": {"lang": "akk-x-neoass",
"form": "{d}EN",
"cf": "Bel",
"gw": "1",
"sense": "1",
"norm": "Bel",
"pos": "DN",
"epos": "DN"}
}
,
{
"node": "l",
"frag": "{d}PA",
"id": "P313882.l0067e",
"ref": "P313882.5.3",
"inst": "Nabu[1]DN",
"sig": "@saao/saa16%akk-x-neoass:{d}PA=Nabu[1//1]DN'DN$Nabu",
"f": {"lang": "akk-x-neoass",
"form": "{d}PA",
"cf": "Nabu",
"gw": "1",
"sense": "1",
"norm": "Nabu",
"pos": "DN",
"epos": "DN"}
}
,
{
"node": "l",
"frag": "a-na⸣",
"id": "P313882.l0067f",
"ref": "P313882.5.4",
"inst": "ana[to]PRP",
"sig": "@saao/saa16%akk-x-neoass:a-na=ana[to//to]PRP'PRP$ana",
"f": {"lang": "akk-x-neoass",
"form": "a-na",
"cf": "ana",
"gw": "to",
"sense": "to",
"norm": "ana",
"pos": "PRP",
"epos": "PRP"}
}
,
{
"node": "l",
"frag": "[LUGAL",
"id": "P313882.l00680",
"ref": "P313882.5.5",
"inst": "šarri[king]N",
"sig": "@saao/saa16%akk-x-neoass:LUGAL=šarru[king//king]N'N$šarri",
"f": {"lang": "akk-x-neoass",
"form": "LUGAL",
"cf": "šarru",
"gw": "king",
"sense": "king",
"norm": "šarri",
"pos": "N",
"epos": "N"}
}
,
{
"node": "l",
"frag": "be-li₂-ia]",
"id": "P313882.l00681",
"ref": "P313882.5.6",
"inst": "bēlīya[lord]N",
"sig": "@saao/saa16%akk-x-neoass:be-li₂-ia=bēlu[lord//lord]N'N$bēlīya",
"f": {"lang": "akk-x-neoass",
"form": "be-li₂-ia",
"cf": "bēlu",
"gw": "lord",
"sense": "lord",
"norm": "bēlīya",
"pos": "N",
"epos": "N"}
}
,
{
"node": "d",
"type": "line-start",
"ref": "P313882.6",
"n": "5",
"label": "o 5"}
,
{
"node": "l",
"frag": "lik-ru-[bu]",
"id": "P313882.l00682",
"ref": "P313882.6.1",
"inst": "likrubu[bless]V",
"sig": "@saao/saa16%akk-x-neoass:lik-ru-bu=karābu[pray//bless]V'V$likrubu",
"f": {"lang": "akk-x-neoass",
"form": "lik-ru-bu",
"cf": "karābu",
"gw": "pray",
"sense": "bless",
"norm": "likrubu",
"pos": "V",
"epos": "V"}
}
,
{
"node": "d",
"type": "line-start",
"ref": "P313882.7",
"n": "6",
"label": "o 6"}
,
{
"node": "l",
"frag": "{1}da₃-ri-MAN",
"id": "P313882.l00683",
"ref": "P313882.7.1",
"inst": "Dari-šarru[1]PN$",
"sig": "@saao/saa16%akk-x-neoass:{1}da₃-ri-MAN=Dari-šarru[1//1]PN'PN$Dari-šarru",
"f": {"lang": "akk-x-neoass",
"form": "{1}da₃-ri-MAN",
"cf": "Dari-šarru",
"gw": "1",
"sense": "1",
"norm": "Dari-šarru",
"pos": "PN",
"epos": "PN"}
}
,
{
"node": "l",
"frag": "{lu₂}[x",
"id": "P313882.l00684",
"ref": "P313882.7.2",
"inst": "u",
"f": {"lang": "akk-x-neoass",
"form": "{LU₂}x",
"pos": "u"}
}
,
{
"node": "l",
"frag": "x",
"id": "P313882.l00685",
"ref": "P313882.7.3",
"inst": "u",
"f": {"lang": "akk-x-neoass",
"form": "x",
"pos": "u"}
}
,
{
"node": "l",
"frag": "x]",
"id": "P313882.l00686",
"ref": "P313882.7.4",
"inst": "u",
"f": {"lang": "akk-x-neoass",
"form": "x",
"pos": "u"}
}
,
{
"node": "d",
"type": "line-start",
"ref": "P313882.8",
"n": "7",
"label": "o 7"}
,
{
"node": "l",
"frag": "ša",
"id": "P313882.l00687",
"ref": "P313882.8.1",
"inst": "ša[who]REL",
"sig": "@saao/saa16%akk-x-neoass:ša=ša[that//who]REL'REL$ša",
"f": {"lang": "akk-x-neoass",
"form": "ša",
"cf": "ša",
"gw": "that",
"sense": "who",
"norm": "ša",
"pos": "REL",
"epos": "REL"}
}
,
{
"node": "c",
"type": "phrase",
"tag": "phr",
"id": "P313882.U4",
"ref": "P313882.ls00000",
"cdl": [
{
"node": "l",
"frag": "ina",
"id": "P313882.l00688",
"ref": "P313882.8.2",
"inst": "ina[in+=on]PRP",
"sig": "@saao/saa16%akk-x-neoass:ina=ina[in//in]PRP'PRP$ina",
"f": {"lang": "akk-x-neoass",
"form": "ina",
"cf": "ina",
"gw": "in",
"sense": "in",
"norm": "ina",
"pos": "PRP",
"epos": "PRP"}
}
,
{
"node": "l",
"frag": "UGU",
"id": "P313882.l00689",
"ref": "P313882.8.3",
"inst": "muhhu[skull]N$muhhi",
"sig": "@saao/saa16%akk-x-neoass:UGU=muhhu[skull//skull]N'N$muhhi",
"f": {"lang": "akk-x-neoass",
"form": "UGU",
"cf": "muhhu",
"gw": "skull",
"sense": "skull",
"norm": "muhhi",
"pos": "N",
"epos": "N"}
}
]}
,
{
"node": "l",
"frag": "ta-⸢hu⸣-[me]",
"id": "P313882.l0068a",
"ref": "P313882.8.4",
"inst": "tahūme[border]N",
"sig": "@saao/saa16%akk-x-neoass:ta-hu-me=tahūmu[boundary//border]N'N$tahūme",
"f": {"lang": "akk-x-neoass",
"form": "ta-hu-me",
"cf": "tahūmu",
"gw": "boundary",
"sense": "border",
"norm": "tahūme",
"pos": "N",
"epos": "N"}
}
,
{
"node": "d",
"type": "line-start",
"ref": "P313882.9",
"n": "8",
"label": "o 8"}
,
{
"node": "l",
"frag": "ša",
"id": "P313882.l0068b",
"ref": "P313882.9.1",
"inst": "ša[of]DET",
"sig": "@saao/saa16%akk-x-neoass:ša=ša[of//of]DET'DET$ša",
"f": {"lang": "akk-x-neoass",
"form": "ša",
"cf": "ša",
"gw": "of",
"sense": "of",
"norm": "ša",
"pos": "DET",
"epos": "DET"}
}
,
{
"node": "l",
"frag": "{kur}URI",
"id": "P313882.l0068c",
"ref": "P313882.9.2",
"inst": "Urarṭi[1]GN",
"sig": "@saao/saa16%akk-x-neoass:{KUR}URI=Urarṭu[1//1]GN'GN$Urarṭi",
"f": {"lang": "akk-x-neoass",
"form": "{KUR}URI",
"cf": "Urarṭu",
"gw": "1",
"sense": "1",
"norm": "Urarṭi",
"pos": "GN",
"epos": "GN"}
}
,
{
"node": "l",
"frag": "⸢pa⸣-[qid-u-ni]",
"id": "P313882.l0068d",
"ref": "P313882.9.3",
"inst": "paqdu[entrusted//appointed]AJ$paqidūni",
"sig": "@saao/saa16%akk-x-neoass:pa-qid-u-ni=paqdu[entrusted//appointed]AJ'AJ$paqidūni",
"f": {"lang": "akk-x-neoass",
"form": "pa-qid-u-ni",
"cf": "paqdu",
"gw": "entrusted",
"sense": "appointed",
"norm": "paqidūni",
"pos": "AJ",
"epos": "AJ"}
}
,
{
"node": "d",
"type": "line-start",
"ref": "P313882.10",
"n": "9",
"label": "o 9"}
,
{
"node": "l",
"frag": "ma-a",
"id": "P313882.l0068e",
"ref": "P313882.10.1",
"inst": "mā[saying]PRP",
"sig": "@saao/saa16%akk-x-neoass:ma-a=mā[saying//saying]PRP'PRP$mā",
"f": {"lang": "akk-x-neoass",
"form": "ma-a",
"cf": "mā",
"gw": "saying",
"sense": "saying",
"norm": "mā",
"pos": "PRP",
"epos": "PRP"}
}
,
{
"node": "l",
"frag": "{⸢lu₂⸣}[x",
"id": "P313882.l0068f",
"ref": "P313882.10.2",
"inst": "u",
"f": {"lang": "akk-x-neoass",
"form": "{LU₂}x",
"pos": "u"}
}
,
{
"node": "l",
"frag": "x",
"id": "P313882.l00690",
"ref": "P313882.10.3",
"inst": "u",
"f": {"lang": "akk-x-neoass",
"form": "x",
"pos": "u"}
}
,
{
"node": "l",
"frag": "x",
"id": "P313882.l00691",
"ref": "P313882.10.4",
"inst": "u",
"f": {"lang": "akk-x-neoass",
"form": "x",
"pos": "u"}
}
,
{
"node": "l",
"frag": "x",
"id": "P313882.l00692",
"ref": "P313882.10.5",
"inst": "u",
"f": {"lang": "akk-x-neoass",
"form": "x",
"pos": "u"}
}
,
{
"node": "l",
"frag": "x]",
"id": "P313882.l00693",
"ref": "P313882.10.6",
"inst": "u",
"f": {"lang": "akk-x-neoass",
"form": "x",
"pos": "u"}
}
,
{
"node": "d",
"type": "nonx",
"ref": "P313882.11",
"strict": "0",
"extent": "rest",
"state": "missing"}
]}
]}
]}
,
{
"linkbase": [{
"type": "linkset",
"xlink_title": "ina muhhi[on//about]PRP'PRP",
"id": "P313882.ls00000",
"xlink_type": "extended",
"xlink_role": "psu",
"sig": "{ina[in]PRP muhhu[skull]N += ina muhhi[on//about]PRP'PRP}::@saao%akk-x-neoass:ina=ina[in//into]PRP'PRP$ina++@saao%akk-x-neoass:UGU=muhhu[skull//skull]N'N$muhhi",
"links": [
{
"type": "link",
"xlink_title": "ina",
"xlink_type": "locator",
"xlink_href": "#P313882.l00688",
"xlink_role": "elt"}
,
{
"type": "link",
"xlink_title": "muhhu",
"xlink_type": "locator",
"xlink_href": "#P313882.l00689",
"xlink_role": "elt"}
]}
]}
]}
