{
"type": "cdl",
  "source": "http://oracc.org/saao/saa16",
  "license": "This data is released under the CC0 license",
  "license-url": "https://creativecommons.org/publicdomain/zero/1.0/",
  "more-info": "http://oracc.org/doc/opendata/",
  "UTC-timestamp": "2017-05-19T11:55:46",
"project": "saao/saa16",
"textid": "P313424",
"cdl": [
{
"node": "c",
"type": "text",
"id": "P313424.U0",
"cdl": [
{
"node": "d",
"type": "object",
"ref": ""}
,
{
"node": "d",
"subtype": "obverse",
"type": "surface",
"ref": "P313424.o.1",
"type": "obverse",
"label": "o"}
,
{
"node": "c",
"type": "discourse",
"subtype": "body",
"id": "P313424.U1",
"cdl": [
{
"node": "c",
"type": "sentence",
"id": "P313424.U2",
"label": "o 1 - r 12",
"cdl": [
{
"node": "d",
"type": "line-start",
"ref": "P313424.2",
"n": "1",
"label": "o 1"}
,
{
"node": "l",
"frag": "[x",
"id": "P313424.l01482",
"ref": "P313424.2.1",
"inst": "u",
"f": {"lang": "akk-x-neoass",
"form": "x",
"pos": "u"}
}
,
{
"node": "l",
"frag": "x",
"id": "P313424.l01483",
"ref": "P313424.2.2",
"inst": "u",
"f": {"lang": "akk-x-neoass",
"form": "x",
"pos": "u"}
}
,
{
"node": "l",
"frag": "x",
"id": "P313424.l01484",
"ref": "P313424.2.3",
"inst": "u",
"f": {"lang": "akk-x-neoass",
"form": "x",
"pos": "u"}
}
,
{
"node": "l",
"frag": "x",
"id": "P313424.l01485",
"ref": "P313424.2.4",
"inst": "u",
"f": {"lang": "akk-x-neoass",
"form": "x",
"pos": "u"}
}
,
{
"node": "l",
"frag": "x",
"id": "P313424.l01486",
"ref": "P313424.2.5",
"inst": "u",
"f": {"lang": "akk-x-neoass",
"form": "x",
"pos": "u"}
}
,
{
"node": "l",
"frag": "x]",
"id": "P313424.l01487",
"ref": "P313424.2.6",
"inst": "u",
"f": {"lang": "akk-x-neoass",
"form": "x",
"pos": "u"}
}
,
{
"node": "d",
"type": "line-start",
"ref": "P313424.3",
"n": "2",
"label": "o 2"}
,
{
"node": "c",
"type": "phrase",
"tag": "phr",
"id": "P313424.U4",
"ref": "P313424.ls00000",
"cdl": [
{
"node": "l",
"frag": "E₂-AD-⸢ia⸣",
"id": "P313424.l01488",
"ref": "P313424.3.1",
"cof-tails": "P313424.l01489",
"inst": "bītu[house]N$bēt&abu[father]N$abīya",
"sig": "@saao/saa16%akk-x-neoass:E₂-AD-ia=bītu[house//house]N'N$bēt&&@saao%akk-x-neoass:=abu[father//father]N'N$abīya",
"f": {"lang": "akk-x-neoass",
"form": "E₂-AD-ia",
"cf": "bītu",
"gw": "house",
"sense": "house",
"norm": "bēt",
"pos": "N",
"epos": "N"}
}
,
{
"node": "l",
"frag": "E₂-AD-⸢ia⸣",
"id": "P313424.l01489",
"ref": "P313424.3.1",
"cof-head": "P313424.l01488",
"inst": "bītu[house]N$bēt&abu[father]N$abīya",
"tail-sig": "@saao%akk-x-neoass:=abu[father//father]N'N$abīya",
"f": {"lang": "akk-x-neoass",
"form": "E₂-AD-ia",
"cf": "abu",
"gw": "father",
"sense": "father",
"norm": "abīya",
"pos": "N",
"epos": "N"}
}
]}
,
{
"node": "l",
"frag": "[x",
"id": "P313424.l0148a",
"ref": "P313424.3.2",
"inst": "u",
"f": {"lang": "akk-x-neoass",
"form": "x",
"pos": "u"}
}
,
{
"node": "l",
"frag": "x",
"id": "P313424.l0148b",
"ref": "P313424.3.3",
"inst": "u",
"f": {"lang": "akk-x-neoass",
"form": "x",
"pos": "u"}
}
,
{
"node": "l",
"frag": "x]",
"id": "P313424.l0148c",
"ref": "P313424.3.4",
"inst": "u",
"f": {"lang": "akk-x-neoass",
"form": "x",
"pos": "u"}
}
,
{
"node": "d",
"type": "line-start",
"ref": "P313424.4",
"n": "3",
"label": "o 3"}
,
{
"node": "d",
"type": "nonw",
"ref": ""}
,
{
"node": "l",
"frag": "ta-⸢ta⸣-ha-za",
"id": "P313424.l0148d",
"ref": "P313424.4.1",
"inst": "ahāzu[take]V$tātahāza",
"sig": "@saao/saa16%akk-x-neoass:ta-ta-ha-za=ahāzu[take//take]V'V$tātahāza",
"f": {"lang": "akk-x-neoass",
"form": "ta-ta-ha-za",
"cf": "ahāzu",
"gw": "take",
"sense": "take",
"norm": "tātahāza",
"pos": "V",
"epos": "V"}
}
,
{
"node": "d",
"type": "line-start",
"ref": "P313424.5",
"n": "4",
"label": "o 4"}
,
{
"node": "l",
"frag": "{mi₂}DINGIR-u₂-sa",
"id": "P313424.l0148e",
"ref": "P313424.5.1",
"inst": "Ilussa[1]PN$",
"sig": "@saao/saa16%akk-x-neoass:{MI₂}DINGIR-u₂-sa=Ilussa[1//1]PN'PN$Ilussa",
"f": {"lang": "akk-x-neoass",
"form": "{MI₂}DINGIR-u₂-sa",
"cf": "Ilussa",
"gw": "1",
"sense": "1",
"norm": "Ilussa",
"pos": "PN",
"epos": "PN"}
}
,
{
"node": "l",
"frag": "02",
"id": "P313424.l0148f",
"ref": "P313424.5.2",
"inst": "n",
"f": {"lang": "akk-x-neoass",
"form": "02",
"pos": "n"}
}
,
{
"node": "l",
"frag": "DUMU-MEŠ-ša₂",
"id": "P313424.l01490",
"ref": "P313424.5.3",
"inst": "māru[son]N$marʾēša",
"sig": "@saao/saa16%akk-x-neoass:DUMU-MEŠ-ša₂=māru[son//son]N'N$marʾēša",
"f": {"lang": "akk-x-neoass",
"form": "DUMU-MEŠ-ša₂",
"cf": "māru",
"gw": "son",
"sense": "son",
"norm": "marʾēša",
"pos": "N",
"epos": "N"}
}
,
{
"node": "d",
"type": "line-start",
"ref": "P313424.6",
"n": "5",
"label": "o 5"}
,
{
"node": "l",
"frag": "{mi₂}UGU-hi-DINGIR-ša₂-ap-ka-ku",
"id": "P313424.l01491",
"ref": "P313424.6.1",
"inst": "Muhhi-ili-šapkaku[1]PN$",
"sig": "@saao/saa16%akk-x-neoass:{MI₂}UGU-hi-DINGIR-ša₂-ap-ka-ku=Muhhi-ili-šapkaku[1//1]PN'PN$Muhhi-ili-šapkaku",
"f": {"lang": "akk-x-neoass",
"form": "{MI₂}UGU-hi-DINGIR-ša₂-ap-ka-ku",
"cf": "Muhhi-ili-šapkaku",
"gw": "1",
"sense": "1",
"norm": "Muhhi-ili-šapkaku",
"pos": "PN",
"epos": "PN"}
}
,
{
"node": "d",
"type": "line-start",
"ref": "P313424.7",
"n": "6",
"label": "o 6"}
,
{
"node": "d",
"type": "nonw",
"ref": ""}
,
{
"node": "l",
"frag": "DUMU.MI₂-sa",
"id": "P313424.l01492",
"ref": "P313424.7.1",
"inst": "marʾassa[daughter]N",
"sig": "@saao/saa16%akk-x-neoass:DUMU.MI₂-sa=mārtu[daughter//daughter]N'N$marʾassa",
"f": {"lang": "akk-x-neoass",
"form": "DUMU.MI₂-sa",
"cf": "mārtu",
"gw": "daughter",
"sense": "daughter",
"norm": "marʾassa",
"pos": "N",
"epos": "N"}
}
,
{
"node": "d",
"type": "line-start",
"ref": "P313424.8",
"n": "7",
"label": "o 7"}
,
{
"node": "l",
"frag": "PAB",
"id": "P313424.l01493",
"ref": "P313424.8.1",
"inst": "gimru[total]N",
"sig": "@saao/saa16%akk-x-neoass:PAB=gimru[totality//total]N'N$gimru",
"f": {"lang": "akk-x-neoass",
"form": "PAB",
"cf": "gimru",
"gw": "totality",
"sense": "total",
"norm": "gimru",
"pos": "N",
"epos": "N"}
}
,
{
"node": "l",
"frag": "05",
"id": "P313424.l01494",
"ref": "P313424.8.2",
"inst": "n",
"f": {"lang": "akk-x-neoass",
"form": "05",
"pos": "n"}
}
,
{
"node": "l",
"frag": "ZI-MEŠ",
"id": "P313424.l01495",
"ref": "P313424.8.3",
"inst": "nupšāti[person]N",
"sig": "@saao/saa16%akk-x-neoass:ZI-MEŠ=napištu[throat//person]N'N$nupšāti",
"f": {"lang": "akk-x-neoass",
"form": "ZI-MEŠ",
"cf": "napištu",
"gw": "throat",
"sense": "person",
"norm": "nupšāti",
"pos": "N",
"epos": "N"}
}
,
{
"node": "d",
"type": "line-start",
"ref": "P313424.9",
"n": "8",
"label": "o 8"}
,
{
"node": "l",
"frag": "{giš}NA₂",
"id": "P313424.l01496",
"ref": "P313424.9.1",
"inst": "eršu[bed]N",
"sig": "@saao/saa16%akk-x-neoass:{GIŠ}NA₂=eršu[bed//bed]N'N$eršu",
"f": {"lang": "akk-x-neoass",
"form": "{GIŠ}NA₂",
"cf": "eršu",
"gw": "bed",
"sense": "bed",
"norm": "eršu",
"pos": "N",
"epos": "N"}
}
,
{
"node": "l",
"frag": "a-di",
"id": "P313424.l01497",
"ref": "P313424.9.2",
"inst": "adi[with]PRP",
"sig": "@saao/saa16%akk-x-neoass:a-di=adi[until//with]PRP'PRP$adi",
"f": {"lang": "akk-x-neoass",
"form": "a-di",
"cf": "adi",
"gw": "until",
"sense": "with",
"norm": "adi",
"pos": "PRP",
"epos": "PRP"}
}
,
{
"node": "l",
"frag": "{giš}DA",
"id": "P313424.l01498",
"ref": "P313424.9.3",
"inst": "lēʾu[board]N$lēʾi",
"sig": "@saao/saa16%akk-x-neoass:{GIŠ}DA=lēʾu[board//writing board]N'N$lēʾi",
"f": {"lang": "akk-x-neoass",
"form": "{GIŠ}DA",
"cf": "lēʾu",
"gw": "board",
"sense": "writing board",
"norm": "lēʾi",
"pos": "N",
"epos": "N"}
}
,
{
"node": "d",
"type": "line-start",
"ref": "P313424.10",
"n": "9",
"label": "o 9"}
,
{
"node": "l",
"frag": "03",
"id": "P313424.l01499",
"ref": "P313424.10.1",
"inst": "n",
"f": {"lang": "akk-x-neoass",
"form": "03",
"pos": "n"}
}
,
{
"node": "l",
"frag": "{tug₂}dap₂-pa-sat",
"id": "P313424.l0149a",
"ref": "P313424.10.2",
"inst": "tappaštu[(a woollen rug)//blanket]N$dappasāt",
"sig": "@saao/saa16%akk-x-neoass:{TUG₂}dap₂-pa-sat=tappaštu[(a woollen rug)//blanket]N'N$dappasāt",
"f": {"lang": "akk-x-neoass",
"form": "{TUG₂}dap₂-pa-sat",
"cf": "tappaštu",
"gw": "(a woollen rug)",
"sense": "blanket",
"norm": "dappasāt",
"pos": "N",
"epos": "N"}
}
,
{
"node": "d",
"type": "line-start",
"ref": "P313424.11",
"n": "10",
"label": "o 10"}
,
{
"node": "l",
"frag": "{tug₂}qar-ra-ru",
"id": "P313424.l0149b",
"ref": "P313424.11.1",
"inst": "qarrāru[(a garment)//bedspread?]N$",
"sig": "@saao/saa16%akk-x-neoass:{TUG₂}qar-ra-ru=qarrāru[(a garment)//bedspread?]N'N$qarrāru",
"f": {"lang": "akk-x-neoass",
"form": "{TUG₂}qar-ra-ru",
"cf": "qarrāru",
"gw": "(a garment)",
"sense": "bedspread?",
"norm": "qarrāru",
"pos": "N",
"epos": "N"}
}
,
{
"node": "d",
"type": "line-start",
"ref": "P313424.12",
"n": "11",
"label": "o 11"}
,
{
"node": "l",
"frag": "{giš}GU.ZA-MEŠ",
"id": "P313424.l0149c",
"ref": "P313424.12.1",
"inst": "kussû[chair]N$kussiāti",
"sig": "@saao/saa16%akk-x-neoass:{GIŠ}GU.ZA-MEŠ=kussû[chair//throne]N'N$kussiāti",
"f": {"lang": "akk-x-neoass",
"form": "{GIŠ}GU.ZA-MEŠ",
"cf": "kussû",
"gw": "chair",
"sense": "throne",
"norm": "kussiāti",
"pos": "N",
"epos": "N"}
}
,
{
"node": "l",
"frag": "{giš}⸢BANŠUR⸣",
"id": "P313424.l0149d",
"ref": "P313424.12.2",
"inst": "paššuru[table]N$paššūru",
"sig": "@saao/saa16%akk-x-neoass:{GIŠ}BANŠUR=paššuru[table//table]N'N$paššūru",
"f": {"lang": "akk-x-neoass",
"form": "{GIŠ}BANŠUR",
"cf": "paššuru",
"gw": "table",
"sense": "table",
"norm": "paššūru",
"pos": "N",
"epos": "N"}
}
,
{
"node": "d",
"type": "line-start",
"ref": "P313424.13",
"n": "12",
"label": "o 12"}
,
{
"node": "l",
"frag": "AD-ia",
"id": "P313424.l0149e",
"ref": "P313424.13.1",
"inst": "abu[father]N$abūya",
"sig": "@saao/saa16%akk-x-neoass:AD-ia=abu[father//father]N'N$abūya",
"f": {"lang": "akk-x-neoass",
"form": "AD-ia",
"cf": "abu",
"gw": "father",
"sense": "father",
"norm": "abūya",
"pos": "N",
"epos": "N"}
}
,
{
"node": "l",
"frag": "iq-ṭi-bi",
"id": "P313424.l0149f",
"ref": "P313424.13.2",
"inst": "iqṭibi[say]V",
"sig": "@saao/saa16%akk-x-neoass:iq-ṭi-bi=qabû[say//say]V'V$iqṭibi",
"f": {"lang": "akk-x-neoass",
"form": "iq-ṭi-bi",
"cf": "qabû",
"gw": "say",
"sense": "say",
"norm": "iqṭibi",
"pos": "V",
"epos": "V"}
}
,
{
"node": "d",
"type": "line-start",
"ref": "P313424.14",
"n": "13",
"label": "o 13"}
,
{
"node": "l",
"frag": "ma-a",
"id": "P313424.l014a0",
"ref": "P313424.14.1",
"inst": "mā[saying]PRP",
"sig": "@saao/saa16%akk-x-neoass:ma-a=mā[saying//saying]PRP'PRP$mā",
"f": {"lang": "akk-x-neoass",
"form": "ma-a",
"cf": "mā",
"gw": "saying",
"sense": "saying",
"norm": "mā",
"pos": "PRP",
"epos": "PRP"}
}
,
{
"node": "l",
"frag": "DUMU.MI₂-sa",
"id": "P313424.l014a1",
"ref": "P313424.14.2",
"inst": "marʾassa[daughter]N",
"sig": "@saao/saa16%akk-x-neoass:DUMU.MI₂-sa=mārtu[daughter//daughter]N'N$marʾassa",
"f": {"lang": "akk-x-neoass",
"form": "DUMU.MI₂-sa",
"cf": "mārtu",
"gw": "daughter",
"sense": "daughter",
"norm": "marʾassa",
"pos": "N",
"epos": "N"}
}
,
{
"node": "d",
"subtype": "reverse",
"type": "surface",
"ref": "P313424.r.15",
"type": "reverse",
"label": "r"}
,
{
"node": "d",
"type": "line-start",
"ref": "P313424.16",
"n": "1",
"label": "r 1"}
,
{
"node": "l",
"frag": "a-na",
"id": "P313424.l014a2",
"ref": "P313424.16.1",
"inst": "ana[to]PRP",
"sig": "@saao/saa16%akk-x-neoass:a-na=ana[to//to]PRP'PRP$ana",
"f": {"lang": "akk-x-neoass",
"form": "a-na",
"cf": "ana",
"gw": "to",
"sense": "to",
"norm": "ana",
"pos": "PRP",
"epos": "PRP"}
}
,
{
"node": "l",
"frag": "DUMU-⸢ut-te⸣",
"id": "P313424.l014a3",
"ref": "P313424.16.2",
"inst": "mārūtu[status of son]N$marʾutte",
"sig": "@saao/saa16%akk-x-neoass:DUMU-ut-te=mārūtu[status of son//status of son]N'N$marʾutte",
"f": {"lang": "akk-x-neoass",
"form": "DUMU-ut-te",
"cf": "mārūtu",
"gw": "status of son",
"sense": "status of son",
"norm": "marʾutte",
"pos": "N",
"epos": "N"}
}
,
{
"node": "d",
"type": "line-start",
"ref": "P313424.17",
"n": "2",
"label": "r 2"}
,
{
"node": "l",
"frag": "01-te",
"id": "P313424.l014a4",
"ref": "P313424.17.1",
"inst": "n",
"f": {"lang": "akk-x-neoass",
"form": "01-te",
"pos": "n"}
}
,
{
"node": "l",
"frag": "HAR",
"id": "P313424.l014a5",
"ref": "P313424.17.2",
"inst": "šawiru[ring//bracelet]N$sabirru",
"sig": "@saao/saa16%akk-x-neoass:HAR=šawiru[ring//bracelet]N'N$sabirru",
"f": {"lang": "akk-x-neoass",
"form": "HAR",
"cf": "šawiru",
"gw": "ring",
"sense": "bracelet",
"norm": "sabirru",
"pos": "N",
"epos": "N"}
}
,
{
"node": "l",
"frag": "KUG.⸢UD⸣",
"id": "P313424.l014a6",
"ref": "P313424.17.3",
"inst": "ṣarpu[silver]N",
"sig": "@saao/saa16%akk-x-neoass:KUG.UD=ṣarpu[silver//silver]N'N$ṣarpu",
"f": {"lang": "akk-x-neoass",
"form": "KUG.UD",
"cf": "ṣarpu",
"gw": "silver",
"sense": "silver",
"norm": "ṣarpu",
"pos": "N",
"epos": "N"}
}
,
{
"node": "d",
"type": "line-start",
"ref": "P313424.18",
"n": "3",
"label": "r 3"}
,
{
"node": "l",
"frag": "01-te",
"id": "P313424.l014a7",
"ref": "P313424.18.1",
"inst": "n",
"f": {"lang": "akk-x-neoass",
"form": "01-te",
"pos": "n"}
}
,
{
"node": "l",
"frag": "da-aš₂-⸢šu₂⸣",
"id": "P313424.l014a8",
"ref": "P313424.18.2",
"inst": "daššu[buck//(an implement)]N$",
"sig": "@saao/saa16%akk-x-neoass:da-aš₂-šu₂=daššu[buck//(an implement)]N'N$daššu",
"f": {"lang": "akk-x-neoass",
"form": "da-aš₂-šu₂",
"cf": "daššu",
"gw": "buck",
"sense": "(an implement)",
"norm": "daššu",
"pos": "N",
"epos": "N"}
}
,
{
"node": "l",
"frag": "KUG.UD",
"id": "P313424.l014a9",
"ref": "P313424.18.3",
"inst": "ṣarpu[silver]N",
"sig": "@saao/saa16%akk-x-neoass:KUG.UD=ṣarpu[silver//silver]N'N$ṣarpu",
"f": {"lang": "akk-x-neoass",
"form": "KUG.UD",
"cf": "ṣarpu",
"gw": "silver",
"sense": "silver",
"norm": "ṣarpu",
"pos": "N",
"epos": "N"}
}
,
{
"node": "d",
"type": "line-start",
"ref": "P313424.19",
"n": "4",
"label": "r 4"}
,
{
"node": "l",
"frag": "PAB",
"id": "P313424.l014aa",
"ref": "P313424.19.1",
"inst": "gimru[total]N",
"sig": "@saao/saa16%akk-x-neoass:PAB=gimru[totality//total]N'N$gimru",
"f": {"lang": "akk-x-neoass",
"form": "PAB",
"cf": "gimru",
"gw": "totality",
"sense": "total",
"norm": "gimru",
"pos": "N",
"epos": "N"}
}
,
{
"node": "l",
"frag": "32",
"id": "P313424.l014ab",
"ref": "P313424.19.2",
"inst": "n",
"f": {"lang": "akk-x-neoass",
"form": "32",
"pos": "n"}
}
,
{
"node": "l",
"frag": "GIN₂",
"id": "P313424.l014ac",
"ref": "P313424.19.3",
"inst": "šiqlī[a unit of weight]N",
"sig": "@saao/saa16%akk-x-neoass:GIN₂=šiqlu[unit//a unit of weight]N'N$šiqlī",
"f": {"lang": "akk-x-neoass",
"form": "GIN₂",
"cf": "šiqlu",
"gw": "unit",
"sense": "a unit of weight",
"norm": "šiqlī",
"pos": "N",
"epos": "N"}
}
,
{
"node": "l",
"frag": "⸢KUG⸣.UD",
"id": "P313424.l014ad",
"ref": "P313424.19.4",
"inst": "ṣarpi[silver]N",
"sig": "@saao/saa16%akk-x-neoass:KUG.UD=ṣarpu[silver//silver]N'N$ṣarpi",
"f": {"lang": "akk-x-neoass",
"form": "KUG.UD",
"cf": "ṣarpu",
"gw": "silver",
"sense": "silver",
"norm": "ṣarpi",
"pos": "N",
"epos": "N"}
}
,
{
"node": "l",
"frag": "KI.LAL",
"id": "P313424.l014ae",
"ref": "P313424.19.5",
"inst": "šuqultu[weight]N$šuqussi",
"sig": "@saao/saa16%akk-x-neoass:KI.LAL=šuqultu[weight//weight]N'N$šuqussi",
"f": {"lang": "akk-x-neoass",
"form": "KI.LAL",
"cf": "šuqultu",
"gw": "weight",
"sense": "weight",
"norm": "šuqussi",
"pos": "N",
"epos": "N"}
}
,
{
"node": "l",
"frag": "ša₂-an-ši",
"id": "P313424.l014af",
"ref": "P313424.19.6",
"inst": "šamšu[sun//golden]N'AJ$šanši",
"sig": "@saao/saa16%akk-x-neoass:ša₂-an-ši=šamšu[sun//golden]N'AJ$šanši",
"f": {"lang": "akk-x-neoass",
"form": "ša₂-an-ši",
"cf": "šamšu",
"gw": "sun",
"sense": "golden",
"norm": "šanši",
"pos": "N",
"epos": "AJ"}
}
,
{
"node": "d",
"type": "line-start",
"ref": "P313424.20",
"n": "5",
"label": "r 5"}
,
{
"node": "l",
"frag": "pi-it-te",
"id": "P313424.l014b0",
"ref": "P313424.20.1",
"inst": "pitti[just as//according to]AV'PRP$pitte",
"sig": "@saao/saa16%akk-x-neoass:pi-it-te=pitti[just as//according to]AV'PRP$pitte",
"f": {"lang": "akk-x-neoass",
"form": "pi-it-te",
"cf": "pitti",
"gw": "just as",
"sense": "according to",
"norm": "pitte",
"pos": "AV",
"epos": "PRP"}
}
,
{
"node": "l",
"frag": "TA@v",
"id": "P313424.l014b1",
"ref": "P313424.20.2",
"inst": "issi[with]PRP",
"sig": "@saao/saa16%akk-x-neoass:TA@v=išti[with//with]PRP'PRP$issi",
"f": {"lang": "akk-x-neoass",
"form": "TA@v",
"cf": "išti",
"gw": "with",
"sense": "with",
"norm": "issi",
"pos": "PRP",
"epos": "PRP"}
}
,
{
"node": "l",
"frag": "ŠA₃-bi-ša₂-ni",
"id": "P313424.l014b2",
"ref": "P313424.20.3",
"inst": "libbu[interior//wish]N$libbišāni",
"sig": "@saao/saa16%akk-x-neoass:ŠA₃-bi-ša₂-ni=libbu[interior//wish]N'N$libbišāni",
"f": {"lang": "akk-x-neoass",
"form": "ŠA₃-bi-ša₂-ni",
"cf": "libbu",
"gw": "interior",
"sense": "wish",
"norm": "libbišāni",
"pos": "N",
"epos": "N"}
}
,
{
"node": "d",
"type": "line-start",
"ref": "P313424.21",
"n": "6",
"label": "r 6"}
,
{
"node": "d",
"type": "nonw",
"ref": ""}
,
{
"node": "l",
"frag": "ta-ti-din",
"id": "P313424.l014b3",
"ref": "P313424.21.1",
"inst": "tadānu[give]V$tattidin",
"sig": "@saao/saa16%akk-x-neoass:ta-ti-din=tadānu[give//give]V'V$tattidin",
"f": {"lang": "akk-x-neoass",
"form": "ta-ti-din",
"cf": "tadānu",
"gw": "give",
"sense": "give",
"norm": "tattidin",
"pos": "V",
"epos": "V"}
}
,
{
"node": "d",
"type": "line-start",
"ref": "P313424.22",
"n": "7",
"label": "r 7"}
,
{
"node": "l",
"frag": "dul-lu",
"id": "P313424.l014b4",
"ref": "P313424.22.1",
"inst": "dullu[work]N",
"sig": "@saao/saa16%akk-x-neoass:dul-lu=dullu[trouble//work]N'N$dullu",
"f": {"lang": "akk-x-neoass",
"form": "dul-lu",
"cf": "dullu",
"gw": "trouble",
"sense": "work",
"norm": "dullu",
"pos": "N",
"epos": "N"}
}
,
{
"node": "l",
"frag": "ša",
"id": "P313424.l014b5",
"ref": "P313424.22.2",
"inst": "ša[which]REL",
"sig": "@saao/saa16%akk-x-neoass:ša=ša[that//which]REL'REL$ša",
"f": {"lang": "akk-x-neoass",
"form": "ša",
"cf": "ša",
"gw": "that",
"sense": "which",
"norm": "ša",
"pos": "REL",
"epos": "REL"}
}
,
{
"node": "c",
"type": "phrase",
"tag": "phr",
"id": "P313424.U5",
"ref": "P313424.ls00001",
"cdl": [
{
"node": "l",
"frag": "ina",
"id": "P313424.l014b6",
"ref": "P313424.22.3",
"inst": "ina[in+=before]PRP",
"sig": "@saao/saa16%akk-x-neoass:ina=ina[in//in]PRP'PRP$ina",
"f": {"lang": "akk-x-neoass",
"form": "ina",
"cf": "ina",
"gw": "in",
"sense": "in",
"norm": "ina",
"pos": "PRP",
"epos": "PRP"}
}
,
{
"node": "l",
"frag": "IGI",
"id": "P313424.l014b7",
"ref": "P313424.22.4",
"inst": "pānu[front]N$pān",
"sig": "@saao/saa16%akk-x-neoass:IGI=pānu[front//front]N'N$pān",
"f": {"lang": "akk-x-neoass",
"form": "IGI",
"cf": "pānu",
"gw": "front",
"sense": "front",
"norm": "pān",
"pos": "N",
"epos": "N"}
}
]}
,
{
"node": "l",
"frag": "EN-ia",
"id": "P313424.l014b8",
"ref": "P313424.22.5",
"inst": "bēlīya[lord]N",
"sig": "@saao/saa16%akk-x-neoass:EN-ia=bēlu[lord//lord]N'N$bēlīya",
"f": {"lang": "akk-x-neoass",
"form": "EN-ia",
"cf": "bēlu",
"gw": "lord",
"sense": "lord",
"norm": "bēlīya",
"pos": "N",
"epos": "N"}
}
,
{
"node": "d",
"type": "line-start",
"ref": "P313424.23",
"n": "8",
"label": "r 8"}
,
{
"node": "l",
"frag": "mah-hur-u-ni",
"id": "P313424.l014b9",
"ref": "P313424.23.1",
"inst": "mahhuru[adverse]AJ$mahhurūni",
"sig": "@saao/saa16%akk-x-neoass:mah-hur-u-ni=mahhuru[adverse//adverse]AJ'AJ$mahhurūni",
"f": {"lang": "akk-x-neoass",
"form": "mah-hur-u-ni",
"cf": "mahhuru",
"gw": "adverse",
"sense": "adverse",
"norm": "mahhurūni",
"pos": "AJ",
"epos": "AJ"}
}
,
{
"node": "l",
"frag": "šu-u-tu",
"id": "P313424.l014ba",
"ref": "P313424.23.2",
"inst": "šūtu[he//it]IP$",
"sig": "@saao/saa16%akk-x-neoass:šu-u-tu=šūtu[he//it]IP'IP$šūtu",
"f": {"lang": "akk-x-neoass",
"form": "šu-u-tu",
"cf": "šūtu",
"gw": "he",
"sense": "it",
"norm": "šūtu",
"pos": "IP",
"epos": "IP"}
}
,
{
"node": "d",
"type": "line-start",
"ref": "P313424.24",
"n": "9",
"label": "r 9"}
,
{
"node": "l",
"frag": "a-na-ku",
"id": "P313424.l014bb",
"ref": "P313424.24.1",
"inst": "anāku[I]IP",
"sig": "@saao/saa16%akk-x-neoass:a-na-ku=anāku[I//I]IP'IP$anāku",
"f": {"lang": "akk-x-neoass",
"form": "a-na-ku",
"cf": "anāku",
"gw": "I",
"sense": "I",
"norm": "anāku",
"pos": "IP",
"epos": "IP"}
}
,
{
"node": "l",
"frag": "NINDA-MEŠ",
"id": "P313424.l014bc",
"ref": "P313424.24.2",
"inst": "kusāpī[bread]N",
"sig": "@saao/saa16%akk-x-neoass:NINDA-MEŠ=kusāpu[bread//bread]N'N$kusāpī",
"f": {"lang": "akk-x-neoass",
"form": "NINDA-MEŠ",
"cf": "kusāpu",
"gw": "bread",
"sense": "bread",
"norm": "kusāpī",
"pos": "N",
"epos": "N"}
}
,
{
"node": "l",
"frag": "ina",
"id": "P313424.l014bd",
"ref": "P313424.24.3",
"inst": "ina[in+=to]PRP$",
"sig": "@saao/saa16%akk-x-neoass:ina=ina[in//in]PRP'PRP$ina",
"f": {"lang": "akk-x-neoass",
"form": "ina",
"cf": "ina",
"gw": "in",
"sense": "in",
"norm": "ina",
"pos": "PRP",
"epos": "PRP"}
}
,
{
"node": "l",
"frag": "⸢a⸣-kal-li-⸢ia⸣",
"id": "P313424.l014be",
"ref": "P313424.24.4",
"inst": "akālu[eat//eating]V'N$akallīya",
"sig": "@saao/saa16%akk-x-neoass:a-kal-li-ia=akālu[eat//eating]V'N$akallīya",
"f": {"lang": "akk-x-neoass",
"form": "a-kal-li-ia",
"cf": "akālu",
"gw": "eat",
"sense": "eating",
"norm": "akallīya",
"pos": "V",
"epos": "N"}
}
,
{
"node": "d",
"type": "line-start",
"ref": "P313424.25",
"n": "10",
"label": "r 10"}
,
{
"node": "l",
"frag": "la-aš₂-šu₂",
"id": "P313424.l014bf",
"ref": "P313424.25.1",
"inst": "laššu[(there) is not]V",
"sig": "@saao/saa16%akk-x-neoass:la-aš₂-šu₂=laššu[(there) is not//(there) is not]V'V$laššu",
"f": {"lang": "akk-x-neoass",
"form": "la-aš₂-šu₂",
"cf": "laššu",
"gw": "(there) is not",
"sense": "(there) is not",
"norm": "laššu",
"pos": "V",
"epos": "V"}
}
,
{
"node": "l",
"frag": "EN",
"id": "P313424.l014c0",
"ref": "P313424.25.2",
"inst": "bēlī[lord]N",
"sig": "@saao/saa16%akk-x-neoass:EN=bēlu[lord//lord]N'N$bēlī",
"f": {"lang": "akk-x-neoass",
"form": "EN",
"cf": "bēlu",
"gw": "lord",
"sense": "lord",
"norm": "bēlī",
"pos": "N",
"epos": "N"}
}
,
{
"node": "l",
"frag": "u₂-da",
"id": "P313424.l014c1",
"ref": "P313424.25.3",
"inst": "ūda[know]V",
"sig": "@saao/saa16%akk-x-neoass:u₂-da=wadû[know//know]V'V$ūda",
"f": {"lang": "akk-x-neoass",
"form": "u₂-da",
"cf": "wadû",
"gw": "know",
"sense": "know",
"norm": "ūda",
"pos": "V",
"epos": "V"}
}
,
{
"node": "d",
"type": "line-start",
"ref": "P313424.26",
"n": "11",
"label": "r 11"}
,
{
"node": "l",
"frag": "mi-nu",
"id": "P313424.l014c2",
"ref": "P313424.26.1",
"inst": "mīnu[what?//whatever]QP'XP$",
"sig": "@saao/saa16%akk-x-neoass:mi-nu=mīnu[what?//whatever]QP'XP$mīnu",
"f": {"lang": "akk-x-neoass",
"form": "mi-nu",
"cf": "mīnu",
"gw": "what?",
"sense": "whatever",
"norm": "mīnu",
"pos": "QP",
"epos": "XP"}
}
,
{
"node": "l",
"frag": "ša",
"id": "P313424.l014c3",
"ref": "P313424.26.2",
"inst": "ša[that]REL",
"sig": "@saao/saa16%akk-x-neoass:ša=ša[that//that]REL'REL$ša",
"f": {"lang": "akk-x-neoass",
"form": "ša",
"cf": "ša",
"gw": "that",
"sense": "that",
"norm": "ša",
"pos": "REL",
"epos": "REL"}
}
,
{
"node": "l",
"frag": "EN",
"id": "P313424.l014c4",
"ref": "P313424.26.3",
"inst": "bēlī[lord]N",
"sig": "@saao/saa16%akk-x-neoass:EN=bēlu[lord//lord]N'N$bēlī",
"f": {"lang": "akk-x-neoass",
"form": "EN",
"cf": "bēlu",
"gw": "lord",
"sense": "lord",
"norm": "bēlī",
"pos": "N",
"epos": "N"}
}
,
{
"node": "l",
"frag": "e-pa-aš₂-u-ni",
"id": "P313424.l014c5",
"ref": "P313424.26.4",
"inst": "eppašūni[do]V",
"sig": "@saao/saa16%akk-x-neoass:e-pa-aš₂-u-ni=epēšu[do//do]V'V$eppašūni",
"f": {"lang": "akk-x-neoass",
"form": "e-pa-aš₂-u-ni",
"cf": "epēšu",
"gw": "do",
"sense": "do",
"norm": "eppašūni",
"pos": "V",
"epos": "V"}
}
,
{
"node": "d",
"type": "line-start",
"ref": "P313424.27",
"n": "12",
"label": "r 12"}
,
{
"node": "d",
"type": "nonw",
"ref": ""}
,
{
"node": "l",
"frag": "le-pu-uš",
"id": "P313424.l014c6",
"ref": "P313424.27.1",
"inst": "lēpuš[do]V",
"sig": "@saao/saa16%akk-x-neoass:le-pu-uš=epēšu[do//do]V'V$lēpuš",
"f": {"lang": "akk-x-neoass",
"form": "le-pu-uš",
"cf": "epēšu",
"gw": "do",
"sense": "do",
"norm": "lēpuš",
"pos": "V",
"epos": "V"}
}
]}
]}
]}
,
{
"linkbase": [{
"type": "linkset",
"xlink_title": "bīt abi[paternal house//paternal house(hold)]N'N",
"id": "P313424.ls00000",
"xlink_type": "extended",
"xlink_role": "psu",
"sig": "{bītu[house]N abu[father]N += bīt abi[paternal house//paternal house(hold)]N'N}::@saao%akk-x-neoass:E₂-AD-ia=bītu[house//house]N'N$bēt++@saao%akk-x-neoass:E₂-AD-ia=abu[father//father]N'N$abīya",
"links": [
{
"type": "link",
"xlink_title": "bītu",
"xlink_type": "locator",
"xlink_href": "#P313424.l01488",
"xlink_role": "elt"}
,
{
"type": "link",
"xlink_title": "abu",
"xlink_type": "locator",
"xlink_href": "#P313424.l01489",
"xlink_role": "elt"}
]}
,
{
"type": "linkset",
"xlink_title": "ina pān[in the presence of//at the disposal of]PRP'PRP",
"id": "P313424.ls00001",
"xlink_type": "extended",
"xlink_role": "psu",
"sig": "{ina[in]PRP pānu[front]N += ina pān[in the presence of//at the disposal of]PRP'PRP}::@saao%akk-x-neoass:ina=ina[in//into]PRP'PRP$ina++@saao%akk-x-neoass:IGI=pānu[front//front]N'N$pān",
"links": [
{
"type": "link",
"xlink_title": "ina",
"xlink_type": "locator",
"xlink_href": "#P313424.l014b6",
"xlink_role": "elt"}
,
{
"type": "link",
"xlink_title": "pānu",
"xlink_type": "locator",
"xlink_href": "#P313424.l014b7",
"xlink_role": "elt"}
]}
]}
]}
