{
"type": "cdl",
  "source": "http://oracc.org/saao/saa16",
  "license": "This data is released under the CC0 license",
  "license-url": "https://creativecommons.org/publicdomain/zero/1.0/",
  "more-info": "http://oracc.org/doc/opendata/",
  "UTC-timestamp": "2017-05-19T11:55:51",
"project": "saao/saa16",
"textid": "P313641",
"cdl": [
{
"node": "c",
"type": "text",
"id": "P313641.U0",
"cdl": [
{
"node": "d",
"type": "object",
"ref": ""}
,
{
"node": "d",
"subtype": "obverse",
"type": "surface",
"ref": "P313641.o.1",
"type": "obverse",
"label": "o"}
,
{
"node": "c",
"type": "discourse",
"subtype": "body",
"id": "P313641.U1",
"cdl": [
{
"node": "c",
"type": "sentence",
"id": "P313641.U2",
"label": "o 1 - r 4",
"cdl": [
{
"node": "d",
"type": "line-start",
"ref": "P313641.2",
"n": "1",
"label": "o 1"}
,
{
"node": "l",
"frag": "[a-na",
"id": "P313641.l004d6",
"ref": "P313641.2.1",
"inst": "ana[to]PRP",
"sig": "@saao/saa16%akk-x-neoass:a-na=ana[to//to]PRP'PRP$ana",
"f": {"lang": "akk-x-neoass",
"form": "a-na",
"cf": "ana",
"gw": "to",
"sense": "to",
"norm": "ana",
"pos": "PRP",
"epos": "PRP"}
}
,
{
"node": "l",
"frag": "LUGAL]",
"id": "P313641.l004d7",
"ref": "P313641.2.2",
"inst": "šarri[king]N",
"sig": "@saao/saa16%akk-x-neoass:LUGAL=šarru[king//king]N'N$šarri",
"f": {"lang": "akk-x-neoass",
"form": "LUGAL",
"cf": "šarru",
"gw": "king",
"sense": "king",
"norm": "šarri",
"pos": "N",
"epos": "N"}
}
,
{
"node": "l",
"frag": "be-li₂-ia",
"id": "P313641.l004d8",
"ref": "P313641.2.3",
"inst": "bēlīya[lord]N",
"sig": "@saao/saa16%akk-x-neoass:be-li₂-ia=bēlu[lord//lord]N'N$bēlīya",
"f": {"lang": "akk-x-neoass",
"form": "be-li₂-ia",
"cf": "bēlu",
"gw": "lord",
"sense": "lord",
"norm": "bēlīya",
"pos": "N",
"epos": "N"}
}
,
{
"node": "l",
"frag": "ARAD-ka",
"id": "P313641.l004d9",
"ref": "P313641.2.4",
"inst": "ardu[slave//servant]N$urdaka",
"sig": "@saao/saa16%akk-x-neoass:ARAD-ka=ardu[slave//servant]N'N$urdaka",
"f": {"lang": "akk-x-neoass",
"form": "ARAD-ka",
"cf": "ardu",
"gw": "slave",
"sense": "servant",
"norm": "urdaka",
"pos": "N",
"epos": "N"}
}
,
{
"node": "l",
"frag": "{1}aš-šur-DU₃-A",
"id": "P313641.l004da",
"ref": "P313641.2.5",
"inst": "Aššur-bani-apli[Assurbanipal]PN$",
"sig": "@saao/saa16%akk-x-neoass:{1}aš-šur-DU₃-A=Aššur-bani-apli[Assurbanipal//Assurbanipal]PN'PN$Aššur-bani-apli",
"f": {"lang": "akk-x-neoass",
"form": "{1}aš-šur-DU₃-A",
"cf": "Aššur-bani-apli",
"gw": "Assurbanipal",
"sense": "Assurbanipal",
"norm": "Aššur-bani-apli",
"pos": "PN",
"epos": "PN"}
}
,
{
"node": "d",
"type": "line-start",
"ref": "P313641.3",
"n": "2",
"label": "o 2"}
,
{
"node": "l",
"frag": "[lu",
"id": "P313641.l004db",
"ref": "P313641.3.1",
"inst": "lū[may]MOD",
"sig": "@saao/saa16%akk-x-neoass:lu=lū[may//may]MOD'MOD$lū",
"f": {"lang": "akk-x-neoass",
"form": "lu",
"cf": "lū",
"gw": "may",
"sense": "may",
"norm": "lū",
"pos": "MOD",
"epos": "MOD"}
}
,
{
"node": "l",
"frag": "DI-mu]",
"id": "P313641.l004dc",
"ref": "P313641.3.2",
"inst": "šulmu[completeness//health]N$",
"sig": "@saao/saa16%akk-x-neoass:DI-mu=šulmu[completeness//health]N'N$šulmu",
"f": {"lang": "akk-x-neoass",
"form": "DI-mu",
"cf": "šulmu",
"gw": "completeness",
"sense": "health",
"norm": "šulmu",
"pos": "N",
"epos": "N"}
}
,
{
"node": "l",
"frag": "a-na",
"id": "P313641.l004dd",
"ref": "P313641.3.3",
"inst": "ana[to]PRP",
"sig": "@saao/saa16%akk-x-neoass:a-na=ana[to//to]PRP'PRP$ana",
"f": {"lang": "akk-x-neoass",
"form": "a-na",
"cf": "ana",
"gw": "to",
"sense": "to",
"norm": "ana",
"pos": "PRP",
"epos": "PRP"}
}
,
{
"node": "l",
"frag": "MAN",
"id": "P313641.l004de",
"ref": "P313641.3.4",
"inst": "šarri[king]N",
"sig": "@saao/saa16%akk-x-neoass:MAN=šarru[king//king]N'N$šarri",
"f": {"lang": "akk-x-neoass",
"form": "MAN",
"cf": "šarru",
"gw": "king",
"sense": "king",
"norm": "šarri",
"pos": "N",
"epos": "N"}
}
,
{
"node": "l",
"frag": "be-li₂-ia",
"id": "P313641.l004df",
"ref": "P313641.3.5",
"inst": "bēlīya[lord]N",
"sig": "@saao/saa16%akk-x-neoass:be-li₂-ia=bēlu[lord//lord]N'N$bēlīya",
"f": {"lang": "akk-x-neoass",
"form": "be-li₂-ia",
"cf": "bēlu",
"gw": "lord",
"sense": "lord",
"norm": "bēlīya",
"pos": "N",
"epos": "N"}
}
,
{
"node": "l",
"frag": "aš-šur",
"id": "P313641.l004e0",
"ref": "P313641.3.6",
"inst": "Aššur[1]DN",
"sig": "@saao/saa16%akk-x-neoass:aš-šur=Aššur[1//1]DN'DN$Aššur",
"f": {"lang": "akk-x-neoass",
"form": "aš-šur",
"cf": "Aššur",
"gw": "1",
"sense": "1",
"norm": "Aššur",
"pos": "DN",
"epos": "DN"}
}
,
{
"node": "l",
"frag": "{d}EN",
"id": "P313641.l004e1",
"ref": "P313641.3.7",
"inst": "Bel[1]DN",
"sig": "@saao/saa16%akk-x-neoass:{d}EN=Bel[1//1]DN'DN$Bel",
"f": {"lang": "akk-x-neoass",
"form": "{d}EN",
"cf": "Bel",
"gw": "1",
"sense": "1",
"norm": "Bel",
"pos": "DN",
"epos": "DN"}
}
,
{
"node": "l",
"frag": "{d}PA",
"id": "P313641.l004e2",
"ref": "P313641.3.8",
"inst": "Nabu[1]DN",
"sig": "@saao/saa16%akk-x-neoass:{d}PA=Nabu[1//1]DN'DN$Nabu",
"f": {"lang": "akk-x-neoass",
"form": "{d}PA",
"cf": "Nabu",
"gw": "1",
"sense": "1",
"norm": "Nabu",
"pos": "DN",
"epos": "DN"}
}
,
{
"node": "d",
"type": "line-start",
"ref": "P313641.4",
"n": "3",
"label": "o 3"}
,
{
"node": "l",
"frag": "[a-na]",
"id": "P313641.l004e3",
"ref": "P313641.4.1",
"inst": "ana[to]PRP",
"sig": "@saao/saa16%akk-x-neoass:a-na=ana[to//to]PRP'PRP$ana",
"f": {"lang": "akk-x-neoass",
"form": "a-na",
"cf": "ana",
"gw": "to",
"sense": "to",
"norm": "ana",
"pos": "PRP",
"epos": "PRP"}
}
,
{
"node": "l",
"frag": "LUGAL",
"id": "P313641.l004e4",
"ref": "P313641.4.2",
"inst": "šarri[king]N",
"sig": "@saao/saa16%akk-x-neoass:LUGAL=šarru[king//king]N'N$šarri",
"f": {"lang": "akk-x-neoass",
"form": "LUGAL",
"cf": "šarru",
"gw": "king",
"sense": "king",
"norm": "šarri",
"pos": "N",
"epos": "N"}
}
,
{
"node": "l",
"frag": "be-li₂-ia",
"id": "P313641.l004e5",
"ref": "P313641.4.3",
"inst": "bēlīya[lord]N",
"sig": "@saao/saa16%akk-x-neoass:be-li₂-ia=bēlu[lord//lord]N'N$bēlīya",
"f": {"lang": "akk-x-neoass",
"form": "be-li₂-ia",
"cf": "bēlu",
"gw": "lord",
"sense": "lord",
"norm": "bēlīya",
"pos": "N",
"epos": "N"}
}
,
{
"node": "l",
"frag": "lik-ru-bu",
"id": "P313641.l004e6",
"ref": "P313641.4.4",
"inst": "likrubu[bless]V",
"sig": "@saao/saa16%akk-x-neoass:lik-ru-bu=karābu[pray//bless]V'V$likrubu",
"f": {"lang": "akk-x-neoass",
"form": "lik-ru-bu",
"cf": "karābu",
"gw": "pray",
"sense": "bless",
"norm": "likrubu",
"pos": "V",
"epos": "V"}
}
,
{
"node": "c",
"type": "phrase",
"tag": "phr",
"id": "P313641.U4",
"ref": "P313641.ls00000",
"cdl": [
{
"node": "l",
"frag": "ina",
"id": "P313641.l004e7",
"ref": "P313641.4.5",
"inst": "ina[in+=concerning]PRP$",
"sig": "@saao/saa16%akk-x-neoass:ina=ina[in//in]PRP'PRP$ina",
"f": {"lang": "akk-x-neoass",
"form": "ina",
"cf": "ina",
"gw": "in",
"sense": "in",
"norm": "ina",
"pos": "PRP",
"epos": "PRP"}
}
,
{
"node": "l",
"frag": "UGU",
"id": "P313641.l004e8",
"ref": "P313641.4.6",
"inst": "muhhu[skull]N$muhhi",
"sig": "@saao/saa16%akk-x-neoass:UGU=muhhu[skull//skull]N'N$muhhi",
"f": {"lang": "akk-x-neoass",
"form": "UGU",
"cf": "muhhu",
"gw": "skull",
"sense": "skull",
"norm": "muhhi",
"pos": "N",
"epos": "N"}
}
]}
,
{
"node": "l",
"frag": "{1}ra-hi-iṣ-U.U",
"id": "P313641.l004e9",
"ref": "P313641.4.7",
"inst": "Rahiṣ-Dadi[1]PN$",
"sig": "@saao/saa16%akk-x-neoass:{1}ra-hi-iṣ-U.U=Rahiṣ-Dadi[1//1]PN'PN$Rahiṣ-Dadi",
"f": {"lang": "akk-x-neoass",
"form": "{1}ra-hi-iṣ-U.U",
"cf": "Rahiṣ-Dadi",
"gw": "1",
"sense": "1",
"norm": "Rahiṣ-Dadi",
"pos": "PN",
"epos": "PN"}
}
,
{
"node": "d",
"type": "line-start",
"ref": "P313641.5",
"n": "4",
"label": "o 4"}
,
{
"node": "l",
"frag": "[ša]",
"id": "P313641.l004ea",
"ref": "P313641.5.1",
"inst": "ša[who]REL",
"sig": "@saao/saa16%akk-x-neoass:ša=ša[that//who]REL'REL$ša",
"f": {"lang": "akk-x-neoass",
"form": "ša",
"cf": "ša",
"gw": "that",
"sense": "who",
"norm": "ša",
"pos": "REL",
"epos": "REL"}
}
,
{
"node": "l",
"frag": "LUGAL",
"id": "P313641.l004eb",
"ref": "P313641.5.2",
"inst": "šarru[king]N",
"sig": "@saao/saa16%akk-x-neoass:LUGAL=šarru[king//king]N'N$šarru",
"f": {"lang": "akk-x-neoass",
"form": "LUGAL",
"cf": "šarru",
"gw": "king",
"sense": "king",
"norm": "šarru",
"pos": "N",
"epos": "N"}
}
,
{
"node": "l",
"frag": "be-li₂-ia",
"id": "P313641.l004ec",
"ref": "P313641.5.3",
"inst": "bēlīya[lord]N",
"sig": "@saao/saa16%akk-x-neoass:be-li₂-ia=bēlu[lord//lord]N'N$bēlīya",
"f": {"lang": "akk-x-neoass",
"form": "be-li₂-ia",
"cf": "bēlu",
"gw": "lord",
"sense": "lord",
"norm": "bēlīya",
"pos": "N",
"epos": "N"}
}
,
{
"node": "l",
"frag": "iq-bu-ni",
"id": "P313641.l004ed",
"ref": "P313641.5.4",
"inst": "iqbûni[say]V",
"sig": "@saao/saa16%akk-x-neoass:iq-bu-ni=qabû[say//say]V'V$iqbûni",
"f": {"lang": "akk-x-neoass",
"form": "iq-bu-ni",
"cf": "qabû",
"gw": "say",
"sense": "say",
"norm": "iqbûni",
"pos": "V",
"epos": "V"}
}
,
{
"node": "l",
"frag": "ma-a",
"id": "P313641.l004ee",
"ref": "P313641.5.5",
"inst": "mā[saying]PRP",
"sig": "@saao/saa16%akk-x-neoass:ma-a=mā[saying//saying]PRP'PRP$mā",
"f": {"lang": "akk-x-neoass",
"form": "ma-a",
"cf": "mā",
"gw": "saying",
"sense": "saying",
"norm": "mā",
"pos": "PRP",
"epos": "PRP"}
}
,
{
"node": "l",
"frag": "le-ru-ub",
"id": "P313641.l004ef",
"ref": "P313641.5.6",
"inst": "lērub[enter]V",
"sig": "@saao/saa16%akk-x-neoass:le-ru-ub=erēbu[enter//enter]V'V$lērub",
"f": {"lang": "akk-x-neoass",
"form": "le-ru-ub",
"cf": "erēbu",
"gw": "enter",
"sense": "enter",
"norm": "lērub",
"pos": "V",
"epos": "V"}
}
,
{
"node": "d",
"type": "line-start",
"ref": "P313641.6",
"n": "5",
"label": "o 5"}
,
{
"node": "c",
"type": "phrase",
"tag": "phr",
"id": "P313641.U5",
"ref": "P313641.ls00001",
"cdl": [
{
"node": "l",
"frag": "[ina",
"id": "P313641.l004f0",
"ref": "P313641.6.1",
"inst": "ina[in+=to]PRP",
"sig": "@saao/saa16%akk-x-neoass:ina=ina[in//in]PRP'PRP$ina",
"f": {"lang": "akk-x-neoass",
"form": "ina",
"cf": "ina",
"gw": "in",
"sense": "in",
"norm": "ina",
"pos": "PRP",
"epos": "PRP"}
}
,
{
"node": "l",
"frag": "pa]-⸢ni⸣-ka",
"id": "P313641.l004f1",
"ref": "P313641.6.2",
"inst": "pānu[front]N$pānīka",
"sig": "@saao/saa16%akk-x-neoass:pa-ni-ka=pānu[front//front]N'N$pānīka",
"f": {"lang": "akk-x-neoass",
"form": "pa-ni-ka",
"cf": "pānu",
"gw": "front",
"sense": "front",
"norm": "pānīka",
"pos": "N",
"epos": "N"}
}
]}
,
{
"node": "l",
"frag": "ša₂-al-šu",
"id": "P313641.l004f2",
"ref": "P313641.6.3",
"inst": "šâlu[ask]V$šaʾalšu",
"sig": "@saao/saa16%akk-x-neoass:ša₂-al-šu=šâlu[ask//ask]V'V$šaʾalšu",
"f": {"lang": "akk-x-neoass",
"form": "ša₂-al-šu",
"cf": "šâlu",
"gw": "ask",
"sense": "ask",
"norm": "šaʾalšu",
"pos": "V",
"epos": "V"}
}
,
{
"node": "l",
"frag": "qi₂-bi-a",
"id": "P313641.l004f3",
"ref": "P313641.6.4",
"inst": "qabû[say]V$qibia",
"sig": "@saao/saa16%akk-x-neoass:qi₂-bi-a=qabû[say//say]V'V$qibia",
"f": {"lang": "akk-x-neoass",
"form": "qi₂-bi-a",
"cf": "qabû",
"gw": "say",
"sense": "say",
"norm": "qibia",
"pos": "V",
"epos": "V"}
}
,
{
"node": "l",
"frag": "a-sa-al-šu₂",
"id": "P313641.l004f4",
"ref": "P313641.6.5",
"inst": "assaʾalšu[ask]V",
"sig": "@saao/saa16%akk-x-neoass:a-sa-al-šu₂=šâlu[ask//ask]V'V$assaʾalšu",
"f": {"lang": "akk-x-neoass",
"form": "a-sa-al-šu₂",
"cf": "šâlu",
"gw": "ask",
"sense": "ask",
"norm": "assaʾalšu",
"pos": "V",
"epos": "V"}
}
,
{
"node": "d",
"type": "line-start",
"ref": "P313641.7",
"n": "6",
"label": "o 6"}
,
{
"node": "l",
"frag": "[ki]-⸢i⸣",
"id": "P313641.l004f5",
"ref": "P313641.7.1",
"inst": "kî[like]PRP",
"sig": "@saao/saa16%akk-x-neoass:ki-i=kī[like//like]PRP'PRP$kî",
"f": {"lang": "akk-x-neoass",
"form": "ki-i",
"cf": "kī",
"gw": "like",
"sense": "like",
"norm": "kî",
"pos": "PRP",
"epos": "PRP"}
}
,
{
"node": "l",
"frag": "an-ni-i",
"id": "P313641.l004f6",
"ref": "P313641.7.2",
"inst": "annî[this]DP",
"sig": "@saao/saa16%akk-x-neoass:an-ni-i=annû[this//this]DP'DP$annî",
"f": {"lang": "akk-x-neoass",
"form": "an-ni-i",
"cf": "annû",
"gw": "this",
"sense": "this",
"norm": "annî",
"pos": "DP",
"epos": "DP"}
}
,
{
"node": "l",
"frag": "iq-ṭi-bi",
"id": "P313641.l004f7",
"ref": "P313641.7.3",
"inst": "iqṭibi[say]V",
"sig": "@saao/saa16%akk-x-neoass:iq-ṭi-bi=qabû[say//say]V'V$iqṭibi",
"f": {"lang": "akk-x-neoass",
"form": "iq-ṭi-bi",
"cf": "qabû",
"gw": "say",
"sense": "say",
"norm": "iqṭibi",
"pos": "V",
"epos": "V"}
}
,
{
"node": "l",
"frag": "ma-a",
"id": "P313641.l004f8",
"ref": "P313641.7.4",
"inst": "mā[saying]PRP",
"sig": "@saao/saa16%akk-x-neoass:ma-a=mā[saying//saying]PRP'PRP$mā",
"f": {"lang": "akk-x-neoass",
"form": "ma-a",
"cf": "mā",
"gw": "saying",
"sense": "saying",
"norm": "mā",
"pos": "PRP",
"epos": "PRP"}
}
,
{
"node": "l",
"frag": "ša",
"id": "P313641.l004f9",
"ref": "P313641.7.5",
"inst": "ša[that]REL",
"sig": "@saao/saa16%akk-x-neoass:ša=ša[that//that]REL'REL$ša",
"f": {"lang": "akk-x-neoass",
"form": "ša",
"cf": "ša",
"gw": "that",
"sense": "that",
"norm": "ša",
"pos": "REL",
"epos": "REL"}
}
,
{
"node": "l",
"frag": "MAN",
"id": "P313641.l004fa",
"ref": "P313641.7.6",
"inst": "šarru[king]N",
"sig": "@saao/saa16%akk-x-neoass:MAN=šarru[king//king]N'N$šarru",
"f": {"lang": "akk-x-neoass",
"form": "MAN",
"cf": "šarru",
"gw": "king",
"sense": "king",
"norm": "šarru",
"pos": "N",
"epos": "N"}
}
,
{
"node": "l",
"frag": "iš-pur-ni-ni",
"id": "P313641.l004fb",
"ref": "P313641.7.7",
"inst": "šapāru[send]V$išpurannīni",
"sig": "@saao/saa16%akk-x-neoass:iš-pur-ni-ni=šapāru[send//send]V'V$išpurannīni",
"f": {"lang": "akk-x-neoass",
"form": "iš-pur-ni-ni",
"cf": "šapāru",
"gw": "send",
"sense": "send",
"norm": "išpurannīni",
"pos": "V",
"epos": "V"}
}
,
{
"node": "d",
"type": "line-start",
"ref": "P313641.8",
"n": "7",
"label": "o 7"}
,
{
"node": "l",
"frag": "⸢ma⸣-a",
"id": "P313641.l004fc",
"ref": "P313641.8.1",
"inst": "mā[saying]PRP",
"sig": "@saao/saa16%akk-x-neoass:ma-a=mā[saying//saying]PRP'PRP$mā",
"f": {"lang": "akk-x-neoass",
"form": "ma-a",
"cf": "mā",
"gw": "saying",
"sense": "saying",
"norm": "mā",
"pos": "PRP",
"epos": "PRP"}
}
,
{
"node": "l",
"frag": "a-mur",
"id": "P313641.l004fd",
"ref": "P313641.8.2",
"inst": "amur[see]V",
"sig": "@saao/saa16%akk-x-neoass:a-mur=amāru[see//see]V'V$amur",
"f": {"lang": "akk-x-neoass",
"form": "a-mur",
"cf": "amāru",
"gw": "see",
"sense": "see",
"norm": "amur",
"pos": "V",
"epos": "V"}
}
,
{
"node": "l",
"frag": "pa-ni",
"id": "P313641.l004fe",
"ref": "P313641.8.3",
"inst": "pānu[front//face]N$pānī",
"sig": "@saao/saa16%akk-x-neoass:pa-ni=pānu[front//face]N'N$pānī",
"f": {"lang": "akk-x-neoass",
"form": "pa-ni",
"cf": "pānu",
"gw": "front",
"sense": "face",
"norm": "pānī",
"pos": "N",
"epos": "N"}
}
,
{
"node": "l",
"frag": "ša₂",
"id": "P313641.l004ff",
"ref": "P313641.8.4",
"inst": "ša[of]DET",
"sig": "@saao/saa16%akk-x-neoass:ša₂=ša[of//of]DET'DET$ša",
"f": {"lang": "akk-x-neoass",
"form": "ša₂",
"cf": "ša",
"gw": "of",
"sense": "of",
"norm": "ša",
"pos": "DET",
"epos": "DET"}
}
,
{
"node": "l",
"frag": "{1}ia-ze-e",
"id": "P313641.l00500",
"ref": "P313641.8.5",
"inst": "Iyaze[1]PN$",
"sig": "@saao/saa16%akk-x-neoass:{1}ia-ze-e=Iyaze[1//1]PN'PN$Iyaze",
"f": {"lang": "akk-x-neoass",
"form": "{1}ia-ze-e",
"cf": "Iyaze",
"gw": "1",
"sense": "1",
"norm": "Iyaze",
"pos": "PN",
"epos": "PN"}
}
,
{
"node": "l",
"frag": "a-ki",
"id": "P313641.l00501",
"ref": "P313641.8.6",
"inst": "kē[how?//how]QP'AV$akī",
"sig": "@saao/saa16%akk-x-neoass:a-ki=kē[how?//how]QP'AV$akī",
"f": {"lang": "akk-x-neoass",
"form": "a-ki",
"cf": "kē",
"gw": "how?",
"sense": "how",
"norm": "akī",
"pos": "QP",
"epos": "AV"}
}
,
{
"node": "l",
"frag": "ma-a",
"id": "P313641.l00502",
"ref": "P313641.8.7",
"inst": "mā[saying]PRP",
"sig": "@saao/saa16%akk-x-neoass:ma-a=mā[saying//saying]PRP'PRP$mā",
"f": {"lang": "akk-x-neoass",
"form": "ma-a",
"cf": "mā",
"gw": "saying",
"sense": "saying",
"norm": "mā",
"pos": "PRP",
"epos": "PRP"}
}
,
{
"node": "c",
"type": "phrase",
"tag": "phr",
"id": "P313641.U6",
"ref": "P313641.ls00002",
"cdl": [
{
"node": "l",
"frag": "ina",
"id": "P313641.l00503",
"ref": "P313641.8.8",
"inst": "ina[in+=about]PRP",
"sig": "@saao/saa16%akk-x-neoass:ina=ina[in//in]PRP'PRP$ina",
"f": {"lang": "akk-x-neoass",
"form": "ina",
"cf": "ina",
"gw": "in",
"sense": "in",
"norm": "ina",
"pos": "PRP",
"epos": "PRP"}
}
,
{
"node": "l",
"frag": "UGU",
"id": "P313641.l00504",
"ref": "P313641.8.9",
"inst": "muhhu[skull]N$muhhi",
"sig": "@saao/saa16%akk-x-neoass:UGU=muhhu[skull//skull]N'N$muhhi",
"f": {"lang": "akk-x-neoass",
"form": "UGU",
"cf": "muhhu",
"gw": "skull",
"sense": "skull",
"norm": "muhhi",
"pos": "N",
"epos": "N"}
}
]}
,
{
"node": "d",
"type": "line-start",
"ref": "P313641.9",
"n": "8",
"label": "o 8"}
,
{
"node": "l",
"frag": "{⸢lu₂v⸣}gi-mir-ra-a.a",
"id": "P313641.l00505",
"ref": "P313641.9.1",
"inst": "Gimiraya[Cimmerian]EN$Gimirraya",
"sig": "@saao/saa16%akk-x-neoass:{LU₂}gi-mir-ra-a.a=Gimiraya[Cimmerian//Cimmerian]EN'EN$Gimirraya",
"f": {"lang": "akk-x-neoass",
"form": "{LU₂}gi-mir-ra-a.a",
"cf": "Gimiraya",
"gw": "Cimmerian",
"sense": "Cimmerian",
"norm": "Gimirraya",
"pos": "EN",
"epos": "EN"}
}
,
{
"node": "l",
"frag": "am-mu-te",
"id": "P313641.l00506",
"ref": "P313641.9.2",
"inst": "ammūte[that]DP",
"sig": "@saao/saa16%akk-x-neoass:am-mu-te=ammiu[that//that]DP'DP$ammūte",
"f": {"lang": "akk-x-neoass",
"form": "am-mu-te",
"cf": "ammiu",
"gw": "that",
"sense": "that",
"norm": "ammūte",
"pos": "DP",
"epos": "DP"}
}
,
{
"node": "l",
"frag": "qi₂-ba-aš₂-šu₂",
"id": "P313641.l00507",
"ref": "P313641.9.3",
"inst": "qabû[say]V$qibâššu",
"sig": "@saao/saa16%akk-x-neoass:qi₂-ba-aš₂-šu₂=qabû[say//say]V'V$qibâššu",
"f": {"lang": "akk-x-neoass",
"form": "qi₂-ba-aš₂-šu₂",
"cf": "qabû",
"gw": "say",
"sense": "say",
"norm": "qibâššu",
"pos": "V",
"epos": "V"}
}
,
{
"node": "l",
"frag": "a-ki",
"id": "P313641.l00508",
"ref": "P313641.9.4",
"inst": "akī[as//as, like]PRP$",
"sig": "@saao/saa16%akk-x-neoass:a-ki=akī[as//as, like]PRP'PRP$akī",
"f": {"lang": "akk-x-neoass",
"form": "a-ki",
"cf": "akī",
"gw": "as",
"sense": "as, like",
"norm": "akī",
"pos": "PRP",
"epos": "PRP"}
}
,
{
"node": "d",
"type": "line-start",
"ref": "P313641.10",
"n": "9",
"label": "o 9"}
,
{
"node": "l",
"frag": "⸢ra⸣-mi₃-ni-ka",
"id": "P313641.l00509",
"ref": "P313641.10.1",
"inst": "ramānu[self]N$raminīka",
"sig": "@saao/saa16%akk-x-neoass:ra-mi₃-ni-ka=ramānu[self//self]N'N$raminīka",
"f": {"lang": "akk-x-neoass",
"form": "ra-mi₃-ni-ka",
"cf": "ramānu",
"gw": "self",
"sense": "self",
"norm": "raminīka",
"pos": "N",
"epos": "N"}
}
,
{
"node": "l",
"frag": "a-ta-lak",
"id": "P313641.l0050a",
"ref": "P313641.10.2",
"inst": "attalak[go]V",
"sig": "@saao/saa16%akk-x-neoass:a-ta-lak=alāku[go//go]V'V$attalak",
"f": {"lang": "akk-x-neoass",
"form": "a-ta-lak",
"cf": "alāku",
"gw": "go",
"sense": "go",
"norm": "attalak",
"pos": "V",
"epos": "V"}
}
,
{
"node": "l",
"frag": "ma-a",
"id": "P313641.l0050b",
"ref": "P313641.10.3",
"inst": "mā[saying]PRP",
"sig": "@saao/saa16%akk-x-neoass:ma-a=mā[saying//saying]PRP'PRP$mā",
"f": {"lang": "akk-x-neoass",
"form": "ma-a",
"cf": "mā",
"gw": "saying",
"sense": "saying",
"norm": "mā",
"pos": "PRP",
"epos": "PRP"}
}
,
{
"node": "l",
"frag": "pa-ni-šu₂",
"id": "P313641.l0050c",
"ref": "P313641.10.4",
"inst": "pānu[front//face]N$pānīšu",
"sig": "@saao/saa16%akk-x-neoass:pa-ni-šu₂=pānu[front//face]N'N$pānīšu",
"f": {"lang": "akk-x-neoass",
"form": "pa-ni-šu₂",
"cf": "pānu",
"gw": "front",
"sense": "face",
"norm": "pānīšu",
"pos": "N",
"epos": "N"}
}
,
{
"node": "l",
"frag": "a-ta-mar",
"id": "P313641.l0050d",
"ref": "P313641.10.5",
"inst": "ātamar[see]V",
"sig": "@saao/saa16%akk-x-neoass:a-ta-mar=amāru[see//see]V'V$ātamar",
"f": {"lang": "akk-x-neoass",
"form": "a-ta-mar",
"cf": "amāru",
"gw": "see",
"sense": "see",
"norm": "ātamar",
"pos": "V",
"epos": "V"}
}
,
{
"node": "d",
"type": "line-start",
"ref": "P313641.11",
"n": "10",
"label": "o 10"}
,
{
"node": "l",
"frag": "⸢ma⸣-a",
"id": "P313641.l0050e",
"ref": "P313641.11.1",
"inst": "mā[saying]PRP",
"sig": "@saao/saa16%akk-x-neoass:ma-a=mā[saying//saying]PRP'PRP$mā",
"f": {"lang": "akk-x-neoass",
"form": "ma-a",
"cf": "mā",
"gw": "saying",
"sense": "saying",
"norm": "mā",
"pos": "PRP",
"epos": "PRP"}
}
,
{
"node": "l",
"frag": "pa-lih₃",
"id": "P313641.l0050f",
"ref": "P313641.11.2",
"inst": "palhu[fearful]AJ$palih",
"sig": "@saao/saa16%akk-x-neoass:pa-lih₃=palhu[fearful//fearful]AJ'AJ$palih",
"f": {"lang": "akk-x-neoass",
"form": "pa-lih₃",
"cf": "palhu",
"gw": "fearful",
"sense": "fearful",
"norm": "palih",
"pos": "AJ",
"epos": "AJ"}
}
,
{
"node": "l",
"frag": "a-dan-niš",
"id": "P313641.l00510",
"ref": "P313641.11.3",
"inst": "adanniš[very much]AV",
"sig": "@saao/saa16%akk-x-neoass:a-dan-niš=adanniš[very much//very much]AV'AV$adanniš",
"f": {"lang": "akk-x-neoass",
"form": "a-dan-niš",
"cf": "adanniš",
"gw": "very much",
"sense": "very much",
"norm": "adanniš",
"pos": "AV",
"epos": "AV"}
}
,
{
"node": "l",
"frag": "ma-a",
"id": "P313641.l00511",
"ref": "P313641.11.4",
"inst": "mā[saying]PRP",
"sig": "@saao/saa16%akk-x-neoass:ma-a=mā[saying//saying]PRP'PRP$mā",
"f": {"lang": "akk-x-neoass",
"form": "ma-a",
"cf": "mā",
"gw": "saying",
"sense": "saying",
"norm": "mā",
"pos": "PRP",
"epos": "PRP"}
}
,
{
"node": "l",
"frag": "aq-ṭi-ba-šu₂",
"id": "P313641.l00512",
"ref": "P313641.11.5",
"inst": "aqṭibaššu[say]V",
"sig": "@saao/saa16%akk-x-neoass:aq-ṭi-ba-šu₂=qabû[say//say]V'V$aqṭibaššu",
"f": {"lang": "akk-x-neoass",
"form": "aq-ṭi-ba-šu₂",
"cf": "qabû",
"gw": "say",
"sense": "say",
"norm": "aqṭibaššu",
"pos": "V",
"epos": "V"}
}
,
{
"node": "c",
"type": "phrase",
"tag": "phr",
"id": "P313641.U7",
"ref": "P313641.ls00003",
"cdl": [
{
"node": "l",
"frag": "ina",
"id": "P313641.l00513",
"ref": "P313641.11.6",
"inst": "ina[in+=about]PRP$",
"sig": "@saao/saa16%akk-x-neoass:ina=ina[in//in]PRP'PRP$ina",
"f": {"lang": "akk-x-neoass",
"form": "ina",
"cf": "ina",
"gw": "in",
"sense": "in",
"norm": "ina",
"pos": "PRP",
"epos": "PRP"}
}
,
{
"node": "l",
"frag": "UGU",
"id": "P313641.l00514",
"ref": "P313641.11.7",
"inst": "muhhu[skull]N$muhhi",
"sig": "@saao/saa16%akk-x-neoass:UGU=muhhu[skull//skull]N'N$muhhi",
"f": {"lang": "akk-x-neoass",
"form": "UGU",
"cf": "muhhu",
"gw": "skull",
"sense": "skull",
"norm": "muhhi",
"pos": "N",
"epos": "N"}
}
]}
,
{
"node": "l",
"frag": "{lu₂v}gi-⸢mir⸣-[ra-a.a]",
"id": "P313641.l00515",
"ref": "P313641.11.8",
"inst": "Gimirraya[Cimmerian]EN",
"sig": "@saao/saa16%akk-x-neoass:{LU₂}gi-mir-ra-a.a=Gimiraya[Cimmerian//Cimmerian]EN'EN$Gimirraya",
"f": {"lang": "akk-x-neoass",
"form": "{LU₂}gi-mir-ra-a.a",
"cf": "Gimiraya",
"gw": "Cimmerian",
"sense": "Cimmerian",
"norm": "Gimirraya",
"pos": "EN",
"epos": "EN"}
}
,
{
"node": "d",
"type": "line-start",
"ref": "P313641.12",
"n": "11",
"label": "o 11"}
,
{
"node": "l",
"frag": "⸢ma⸣",
"id": "P313641.l00516",
"ref": "P313641.12.1",
"inst": "mā[saying]PRP",
"sig": "@saao/saa16%akk-x-neoass:ma=mā[saying//saying]PRP'PRP$mā",
"f": {"lang": "akk-x-neoass",
"form": "ma",
"cf": "mā",
"gw": "saying",
"sense": "saying",
"norm": "mā",
"pos": "PRP",
"epos": "PRP"}
}
,
{
"node": "l",
"frag": "a-ta-a",
"id": "P313641.l00517",
"ref": "P313641.12.2",
"inst": "atâ[why?]QP",
"sig": "@saao/saa16%akk-x-neoass:a-ta-a=atā[why?//why?]QP'QP$atâ",
"f": {"lang": "akk-x-neoass",
"form": "a-ta-a",
"cf": "atā",
"gw": "why?",
"sense": "why?",
"norm": "atâ",
"pos": "QP",
"epos": "QP"}
}
,
{
"node": "l",
"frag": "{lu₂v}gi-mir-a.a",
"id": "P313641.l00518",
"ref": "P313641.12.3",
"inst": "Gimiraya[Cimmerian]EN$",
"sig": "@saao/saa16%akk-x-neoass:{LU₂}gi-mir-a.a=Gimiraya[Cimmerian//Cimmerian]EN'EN$Gimiraya",
"f": {"lang": "akk-x-neoass",
"form": "{LU₂}gi-mir-a.a",
"cf": "Gimiraya",
"gw": "Cimmerian",
"sense": "Cimmerian",
"norm": "Gimiraya",
"pos": "EN",
"epos": "EN"}
}
,
{
"node": "l",
"frag": "ta-ši",
"id": "P313641.l00519",
"ref": "P313641.12.4",
"inst": "našû[lift]V$tašši",
"sig": "@saao/saa16%akk-x-neoass:ta-ši=našû[lift//lift]V'V$tašši",
"f": {"lang": "akk-x-neoass",
"form": "ta-ši",
"cf": "našû",
"gw": "lift",
"sense": "lift",
"norm": "tašši",
"pos": "V",
"epos": "V"}
}
,
{
"node": "l",
"frag": "ma-a",
"id": "P313641.l0051a",
"ref": "P313641.12.5",
"inst": "mā[saying]PRP",
"sig": "@saao/saa16%akk-x-neoass:ma-a=mā[saying//saying]PRP'PRP$mā",
"f": {"lang": "akk-x-neoass",
"form": "ma-a",
"cf": "mā",
"gw": "saying",
"sense": "saying",
"norm": "mā",
"pos": "PRP",
"epos": "PRP"}
}
,
{
"node": "l",
"frag": "⸢ki-i",
"id": "P313641.l0051b",
"ref": "P313641.12.6",
"inst": "kî[like]PRP",
"sig": "@saao/saa16%akk-x-neoass:ki-i=kī[like//like]PRP'PRP$kî",
"f": {"lang": "akk-x-neoass",
"form": "ki-i",
"cf": "kī",
"gw": "like",
"sense": "like",
"norm": "kî",
"pos": "PRP",
"epos": "PRP"}
}
,
{
"node": "l",
"frag": "an⸣-[ni-i]",
"id": "P313641.l0051c",
"ref": "P313641.12.7",
"inst": "annî[this]DP",
"sig": "@saao/saa16%akk-x-neoass:an-ni-i=annû[this//this]DP'DP$annî",
"f": {"lang": "akk-x-neoass",
"form": "an-ni-i",
"cf": "annû",
"gw": "this",
"sense": "this",
"norm": "annî",
"pos": "DP",
"epos": "DP"}
}
,
{
"node": "d",
"type": "line-start",
"ref": "P313641.13",
"n": "12",
"label": "o 12"}
,
{
"node": "l",
"frag": "iq-ṭi-bi",
"id": "P313641.l0051d",
"ref": "P313641.13.1",
"inst": "iqṭibi[say]V",
"sig": "@saao/saa16%akk-x-neoass:iq-ṭi-bi=qabû[say//say]V'V$iqṭibi",
"f": {"lang": "akk-x-neoass",
"form": "iq-ṭi-bi",
"cf": "qabû",
"gw": "say",
"sense": "say",
"norm": "iqṭibi",
"pos": "V",
"epos": "V"}
}
,
{
"node": "l",
"frag": "ma-a",
"id": "P313641.l0051e",
"ref": "P313641.13.2",
"inst": "mā[saying]PRP",
"sig": "@saao/saa16%akk-x-neoass:ma-a=mā[saying//saying]PRP'PRP$mā",
"f": {"lang": "akk-x-neoass",
"form": "ma-a",
"cf": "mā",
"gw": "saying",
"sense": "saying",
"norm": "mā",
"pos": "PRP",
"epos": "PRP"}
}
,
{
"node": "l",
"frag": "{lu₂v}KUR₂",
"id": "P313641.l0051f",
"ref": "P313641.13.3",
"inst": "nakru[enemy]N$",
"sig": "@saao/saa16%akk-x-neoass:{LU₂}KUR₂=nakru[enemy//enemy]N'N$nakru",
"f": {"lang": "akk-x-neoass",
"form": "{LU₂}KUR₂",
"cf": "nakru",
"gw": "enemy",
"sense": "enemy",
"norm": "nakru",
"pos": "N",
"epos": "N"}
}
,
{
"node": "c",
"type": "phrase",
"tag": "phr",
"id": "P313641.U8",
"ref": "P313641.ls00004",
"cdl": [
{
"node": "l",
"frag": "i-ba-ti",
"id": "P313641.l00520",
"ref": "P313641.13.4",
"cof-tails": "P313641.l00521",
"inst": "ina[in]PRP$ina&battu[side]N$batti",
"sig": "@saao/saa16%akk-x-neoass:i-ba-ti=ina[in//in]PRP'PRP$ina&&@saao%akk-x-neoass:=battu[side//side]N'N$batti",
"f": {"lang": "akk-x-neoass",
"form": "i-ba-ti",
"cf": "ina",
"gw": "in",
"sense": "in",
"norm": "ina",
"pos": "PRP",
"epos": "PRP"}
}
,
{
"node": "l",
"frag": "i-ba-ti",
"id": "P313641.l00521",
"ref": "P313641.13.4",
"cof-head": "P313641.l00520",
"inst": "ina[in]PRP$ina&battu[side]N$batti",
"tail-sig": "@saao%akk-x-neoass:=battu[side//side]N'N$batti",
"f": {"lang": "akk-x-neoass",
"form": "i-ba-ti",
"cf": "battu",
"gw": "side",
"sense": "side",
"norm": "batti",
"pos": "N",
"epos": "N"}
}
]}
,
{
"node": "l",
"frag": "[x",
"id": "P313641.l00522",
"ref": "P313641.13.5",
"inst": "u",
"f": {"lang": "akk-x-neoass",
"form": "x",
"pos": "u"}
}
,
{
"node": "l",
"frag": "x",
"id": "P313641.l00523",
"ref": "P313641.13.6",
"inst": "u",
"f": {"lang": "akk-x-neoass",
"form": "x",
"pos": "u"}
}
,
{
"node": "l",
"frag": "x",
"id": "P313641.l00524",
"ref": "P313641.13.7",
"inst": "u",
"f": {"lang": "akk-x-neoass",
"form": "x",
"pos": "u"}
}
,
{
"node": "l",
"frag": "x",
"id": "P313641.l00525",
"ref": "P313641.13.8",
"inst": "u",
"f": {"lang": "akk-x-neoass",
"form": "x",
"pos": "u"}
}
,
{
"node": "l",
"frag": "x",
"id": "P313641.l00526",
"ref": "P313641.13.9",
"inst": "u",
"f": {"lang": "akk-x-neoass",
"form": "x",
"pos": "u"}
}
,
{
"node": "l",
"frag": "(x)]",
"id": "P313641.l00527",
"ref": "P313641.13.10",
"inst": "u",
"f": {"lang": "akk-x-neoass",
"form": "x",
"pos": "u"}
}
,
{
"node": "d",
"type": "line-start",
"ref": "P313641.14",
"n": "13",
"label": "o 13"}
,
{
"node": "c",
"type": "phrase",
"tag": "phr",
"id": "P313641.U9",
"ref": "P313641.ls00005",
"cdl": [
{
"node": "l",
"frag": "ina",
"id": "P313641.l00528",
"ref": "P313641.14.1",
"inst": "ina[in+=on account of]PRP$",
"sig": "@saao/saa16%akk-x-neoass:ina=ina[in//in]PRP'PRP$ina",
"f": {"lang": "akk-x-neoass",
"form": "ina",
"cf": "ina",
"gw": "in",
"sense": "in",
"norm": "ina",
"pos": "PRP",
"epos": "PRP"}
}
,
{
"node": "l",
"frag": "UGU-hi",
"id": "P313641.l00529",
"ref": "P313641.14.2",
"inst": "muhhu[skull]N$muhhi",
"sig": "@saao/saa16%akk-x-neoass:UGU-hi=muhhu[skull//skull]N'N$muhhi",
"f": {"lang": "akk-x-neoass",
"form": "UGU-hi",
"cf": "muhhu",
"gw": "skull",
"sense": "skull",
"norm": "muhhi",
"pos": "N",
"epos": "N"}
}
]}
,
{
"node": "l",
"frag": "šu-u",
"id": "P313641.l0052a",
"ref": "P313641.14.3",
"inst": "šû[it]IP",
"sig": "@saao/saa16%akk-x-neoass:šu-u=šū[he//it]IP'IP$šû",
"f": {"lang": "akk-x-neoass",
"form": "šu-u",
"cf": "šū",
"gw": "he",
"sense": "it",
"norm": "šû",
"pos": "IP",
"epos": "IP"}
}
,
{
"node": "l",
"frag": "ma-a",
"id": "P313641.l0052b",
"ref": "P313641.14.4",
"inst": "mā[saying]PRP",
"sig": "@saao/saa16%akk-x-neoass:ma-a=mā[saying//saying]PRP'PRP$mā",
"f": {"lang": "akk-x-neoass",
"form": "ma-a",
"cf": "mā",
"gw": "saying",
"sense": "saying",
"norm": "mā",
"pos": "PRP",
"epos": "PRP"}
}
,
{
"node": "l",
"frag": "šu-tu₂",
"id": "P313641.l0052c",
"ref": "P313641.14.5",
"inst": "šūtu[he]IP",
"sig": "@saao/saa16%akk-x-neoass:šu-tu₂=šūtu[he//he]IP'IP$šūtu",
"f": {"lang": "akk-x-neoass",
"form": "šu-tu₂",
"cf": "šūtu",
"gw": "he",
"sense": "he",
"norm": "šūtu",
"pos": "IP",
"epos": "IP"}
}
,
{
"node": "l",
"frag": "⸢x⸣+[x",
"id": "P313641.l0052d",
"ref": "P313641.14.6",
"inst": "u",
"f": {"lang": "akk-x-neoass",
"form": "x+x",
"pos": "u"}
}
,
{
"node": "l",
"frag": "x",
"id": "P313641.l0052e",
"ref": "P313641.14.7",
"inst": "u",
"f": {"lang": "akk-x-neoass",
"form": "x",
"pos": "u"}
}
,
{
"node": "l",
"frag": "x",
"id": "P313641.l0052f",
"ref": "P313641.14.8",
"inst": "u",
"f": {"lang": "akk-x-neoass",
"form": "x",
"pos": "u"}
}
,
{
"node": "l",
"frag": "x",
"id": "P313641.l00530",
"ref": "P313641.14.9",
"inst": "u",
"f": {"lang": "akk-x-neoass",
"form": "x",
"pos": "u"}
}
,
{
"node": "l",
"frag": "x",
"id": "P313641.l00531",
"ref": "P313641.14.10",
"inst": "u",
"f": {"lang": "akk-x-neoass",
"form": "x",
"pos": "u"}
}
,
{
"node": "l",
"frag": "x",
"id": "P313641.l00532",
"ref": "P313641.14.11",
"inst": "u",
"f": {"lang": "akk-x-neoass",
"form": "x",
"pos": "u"}
}
,
{
"node": "l",
"frag": "x",
"id": "P313641.l00533",
"ref": "P313641.14.12",
"inst": "u",
"f": {"lang": "akk-x-neoass",
"form": "x",
"pos": "u"}
}
,
{
"node": "l",
"frag": "x",
"id": "P313641.l00534",
"ref": "P313641.14.13",
"inst": "u",
"f": {"lang": "akk-x-neoass",
"form": "x",
"pos": "u"}
}
,
{
"node": "l",
"frag": "x]",
"id": "P313641.l00535",
"ref": "P313641.14.14",
"inst": "u",
"f": {"lang": "akk-x-neoass",
"form": "x",
"pos": "u"}
}
,
{
"node": "d",
"type": "line-start",
"ref": "P313641.15",
"n": "14",
"label": "o 14"}
,
{
"node": "l",
"frag": "01",
"id": "P313641.l00536",
"ref": "P313641.15.1",
"inst": "n",
"f": {"lang": "akk-x-neoass",
"form": "01",
"pos": "n"}
}
,
{
"node": "l",
"frag": "ma-hu-uṣ",
"id": "P313641.l00537",
"ref": "P313641.15.2",
"inst": "mahṣu[beaten//struck]AJ$mahuṣ",
"sig": "@saao/saa16%akk-x-neoass:ma-hu-uṣ=mahṣu[beaten//struck]AJ'AJ$mahuṣ",
"f": {"lang": "akk-x-neoass",
"form": "ma-hu-uṣ",
"cf": "mahṣu",
"gw": "beaten",
"sense": "struck",
"norm": "mahuṣ",
"pos": "AJ",
"epos": "AJ"}
}
,
{
"node": "l",
"frag": "ma-a",
"id": "P313641.l00538",
"ref": "P313641.15.3",
"inst": "mā[saying]PRP",
"sig": "@saao/saa16%akk-x-neoass:ma-a=mā[saying//saying]PRP'PRP$mā",
"f": {"lang": "akk-x-neoass",
"form": "ma-a",
"cf": "mā",
"gw": "saying",
"sense": "saying",
"norm": "mā",
"pos": "PRP",
"epos": "PRP"}
}
,
{
"node": "l",
"frag": "a-⸢x⸣",
"id": "P313641.l00539",
"ref": "P313641.15.4",
"inst": "u",
"f": {"lang": "akk-x-neoass",
"form": "a-x",
"pos": "u"}
}
,
{
"node": "l",
"frag": "[x",
"id": "P313641.l0053a",
"ref": "P313641.15.5",
"inst": "u",
"f": {"lang": "akk-x-neoass",
"form": "x",
"pos": "u"}
}
,
{
"node": "l",
"frag": "x",
"id": "P313641.l0053b",
"ref": "P313641.15.6",
"inst": "u",
"f": {"lang": "akk-x-neoass",
"form": "x",
"pos": "u"}
}
,
{
"node": "l",
"frag": "x",
"id": "P313641.l0053c",
"ref": "P313641.15.7",
"inst": "u",
"f": {"lang": "akk-x-neoass",
"form": "x",
"pos": "u"}
}
,
{
"node": "l",
"frag": "x",
"id": "P313641.l0053d",
"ref": "P313641.15.8",
"inst": "u",
"f": {"lang": "akk-x-neoass",
"form": "x",
"pos": "u"}
}
,
{
"node": "l",
"frag": "x",
"id": "P313641.l0053e",
"ref": "P313641.15.9",
"inst": "u",
"f": {"lang": "akk-x-neoass",
"form": "x",
"pos": "u"}
}
,
{
"node": "l",
"frag": "x",
"id": "P313641.l0053f",
"ref": "P313641.15.10",
"inst": "u",
"f": {"lang": "akk-x-neoass",
"form": "x",
"pos": "u"}
}
,
{
"node": "l",
"frag": "x",
"id": "P313641.l00540",
"ref": "P313641.15.11",
"inst": "u",
"f": {"lang": "akk-x-neoass",
"form": "x",
"pos": "u"}
}
,
{
"node": "l",
"frag": "x",
"id": "P313641.l00541",
"ref": "P313641.15.12",
"inst": "u",
"f": {"lang": "akk-x-neoass",
"form": "x",
"pos": "u"}
}
,
{
"node": "l",
"frag": "x",
"id": "P313641.l00542",
"ref": "P313641.15.13",
"inst": "u",
"f": {"lang": "akk-x-neoass",
"form": "x",
"pos": "u"}
}
,
{
"node": "l",
"frag": "x]",
"id": "P313641.l00543",
"ref": "P313641.15.14",
"inst": "u",
"f": {"lang": "akk-x-neoass",
"form": "x",
"pos": "u"}
}
,
{
"node": "d",
"type": "line-start",
"ref": "P313641.16",
"n": "15",
"label": "o 15"}
,
{
"node": "l",
"frag": "ma-a",
"id": "P313641.l00544",
"ref": "P313641.16.1",
"inst": "mā[saying]PRP",
"sig": "@saao/saa16%akk-x-neoass:ma-a=mā[saying//saying]PRP'PRP$mā",
"f": {"lang": "akk-x-neoass",
"form": "ma-a",
"cf": "mā",
"gw": "saying",
"sense": "saying",
"norm": "mā",
"pos": "PRP",
"epos": "PRP"}
}
,
{
"node": "l",
"frag": "{1}a.a-ze-e",
"id": "P313641.l00545",
"ref": "P313641.16.2",
"inst": "Iyaze[1]PN$",
"sig": "@saao/saa16%akk-x-neoass:{1}a.a-ze-e=Iyaze[1//1]PN'PN$Iyaze",
"f": {"lang": "akk-x-neoass",
"form": "{1}a.a-ze-e",
"cf": "Iyaze",
"gw": "1",
"sense": "1",
"norm": "Iyaze",
"pos": "PN",
"epos": "PN"}
}
,
{
"node": "l",
"frag": "iq-[x",
"id": "P313641.l00546",
"ref": "P313641.16.3",
"inst": "u",
"f": {"lang": "akk-x-neoass",
"form": "iq-x",
"pos": "u"}
}
,
{
"node": "l",
"frag": "x",
"id": "P313641.l00547",
"ref": "P313641.16.4",
"inst": "u",
"f": {"lang": "akk-x-neoass",
"form": "x",
"pos": "u"}
}
,
{
"node": "l",
"frag": "x",
"id": "P313641.l00548",
"ref": "P313641.16.5",
"inst": "u",
"f": {"lang": "akk-x-neoass",
"form": "x",
"pos": "u"}
}
,
{
"node": "l",
"frag": "x",
"id": "P313641.l00549",
"ref": "P313641.16.6",
"inst": "u",
"f": {"lang": "akk-x-neoass",
"form": "x",
"pos": "u"}
}
,
{
"node": "l",
"frag": "x",
"id": "P313641.l0054a",
"ref": "P313641.16.7",
"inst": "u",
"f": {"lang": "akk-x-neoass",
"form": "x",
"pos": "u"}
}
,
{
"node": "l",
"frag": "x",
"id": "P313641.l0054b",
"ref": "P313641.16.8",
"inst": "u",
"f": {"lang": "akk-x-neoass",
"form": "x",
"pos": "u"}
}
,
{
"node": "l",
"frag": "x",
"id": "P313641.l0054c",
"ref": "P313641.16.9",
"inst": "u",
"f": {"lang": "akk-x-neoass",
"form": "x",
"pos": "u"}
}
,
{
"node": "l",
"frag": "x",
"id": "P313641.l0054d",
"ref": "P313641.16.10",
"inst": "u",
"f": {"lang": "akk-x-neoass",
"form": "x",
"pos": "u"}
}
,
{
"node": "l",
"frag": "x",
"id": "P313641.l0054e",
"ref": "P313641.16.11",
"inst": "u",
"f": {"lang": "akk-x-neoass",
"form": "x",
"pos": "u"}
}
,
{
"node": "l",
"frag": "x]",
"id": "P313641.l0054f",
"ref": "P313641.16.12",
"inst": "u",
"f": {"lang": "akk-x-neoass",
"form": "x",
"pos": "u"}
}
,
{
"node": "d",
"type": "line-start",
"ref": "P313641.17",
"n": "16",
"label": "o 16"}
,
{
"node": "l",
"frag": "⸢e⸣-ta-⸢kal",
"id": "P313641.l00550",
"ref": "P313641.17.1",
"inst": "ētakal[eat]V",
"sig": "@saao/saa16%akk-x-neoass:e-ta-kal=akālu[eat//eat]V'V$ētakal",
"f": {"lang": "akk-x-neoass",
"form": "e-ta-kal",
"cf": "akālu",
"gw": "eat",
"sense": "eat",
"norm": "ētakal",
"pos": "V",
"epos": "V"}
}
,
{
"node": "l",
"frag": "ma⸣-[a",
"id": "P313641.l00551",
"ref": "P313641.17.2",
"inst": "mā[saying]PRP",
"sig": "@saao/saa16%akk-x-neoass:ma-a=mā[saying//saying]PRP'PRP$mā",
"f": {"lang": "akk-x-neoass",
"form": "ma-a",
"cf": "mā",
"gw": "saying",
"sense": "saying",
"norm": "mā",
"pos": "PRP",
"epos": "PRP"}
}
,
{
"node": "l",
"frag": "x",
"id": "P313641.l00552",
"ref": "P313641.17.3",
"inst": "u",
"f": {"lang": "akk-x-neoass",
"form": "x",
"pos": "u"}
}
,
{
"node": "l",
"frag": "x",
"id": "P313641.l00553",
"ref": "P313641.17.4",
"inst": "u",
"f": {"lang": "akk-x-neoass",
"form": "x",
"pos": "u"}
}
,
{
"node": "l",
"frag": "x",
"id": "P313641.l00554",
"ref": "P313641.17.5",
"inst": "u",
"f": {"lang": "akk-x-neoass",
"form": "x",
"pos": "u"}
}
,
{
"node": "l",
"frag": "x",
"id": "P313641.l00555",
"ref": "P313641.17.6",
"inst": "u",
"f": {"lang": "akk-x-neoass",
"form": "x",
"pos": "u"}
}
,
{
"node": "l",
"frag": "x",
"id": "P313641.l00556",
"ref": "P313641.17.7",
"inst": "u",
"f": {"lang": "akk-x-neoass",
"form": "x",
"pos": "u"}
}
,
{
"node": "l",
"frag": "x",
"id": "P313641.l00557",
"ref": "P313641.17.8",
"inst": "u",
"f": {"lang": "akk-x-neoass",
"form": "x",
"pos": "u"}
}
,
{
"node": "l",
"frag": "x",
"id": "P313641.l00558",
"ref": "P313641.17.9",
"inst": "u",
"f": {"lang": "akk-x-neoass",
"form": "x",
"pos": "u"}
}
,
{
"node": "l",
"frag": "x",
"id": "P313641.l00559",
"ref": "P313641.17.10",
"inst": "u",
"f": {"lang": "akk-x-neoass",
"form": "x",
"pos": "u"}
}
,
{
"node": "l",
"frag": "x",
"id": "P313641.l0055a",
"ref": "P313641.17.11",
"inst": "u",
"f": {"lang": "akk-x-neoass",
"form": "x",
"pos": "u"}
}
,
{
"node": "l",
"frag": "x]",
"id": "P313641.l0055b",
"ref": "P313641.17.12",
"inst": "u",
"f": {"lang": "akk-x-neoass",
"form": "x",
"pos": "u"}
}
,
{
"node": "d",
"type": "nonx",
"ref": "P313641.18",
"strict": "0",
"extent": "226",
"state": "other"}
,
{
"node": "d",
"type": "line-start",
"ref": "P313641.19",
"n": "17'",
"label": "o 17'"}
,
{
"node": "l",
"frag": "ma-a",
"id": "P313641.l0055c",
"ref": "P313641.19.1",
"inst": "mā[saying]PRP",
"sig": "@saao/saa16%akk-x-neoass:ma-a=mā[saying//saying]PRP'PRP$mā",
"f": {"lang": "akk-x-neoass",
"form": "ma-a",
"cf": "mā",
"gw": "saying",
"sense": "saying",
"norm": "mā",
"pos": "PRP",
"epos": "PRP"}
}
,
{
"node": "l",
"frag": "[x",
"id": "P313641.l0055d",
"ref": "P313641.19.2",
"inst": "u",
"f": {"lang": "akk-x-neoass",
"form": "x",
"pos": "u"}
}
,
{
"node": "l",
"frag": "x",
"id": "P313641.l0055e",
"ref": "P313641.19.3",
"inst": "u",
"f": {"lang": "akk-x-neoass",
"form": "x",
"pos": "u"}
}
,
{
"node": "l",
"frag": "x",
"id": "P313641.l0055f",
"ref": "P313641.19.4",
"inst": "u",
"f": {"lang": "akk-x-neoass",
"form": "x",
"pos": "u"}
}
,
{
"node": "l",
"frag": "x",
"id": "P313641.l00560",
"ref": "P313641.19.5",
"inst": "u",
"f": {"lang": "akk-x-neoass",
"form": "x",
"pos": "u"}
}
,
{
"node": "l",
"frag": "x",
"id": "P313641.l00561",
"ref": "P313641.19.6",
"inst": "u",
"f": {"lang": "akk-x-neoass",
"form": "x",
"pos": "u"}
}
,
{
"node": "l",
"frag": "x",
"id": "P313641.l00562",
"ref": "P313641.19.7",
"inst": "u",
"f": {"lang": "akk-x-neoass",
"form": "x",
"pos": "u"}
}
,
{
"node": "l",
"frag": "x",
"id": "P313641.l00563",
"ref": "P313641.19.8",
"inst": "u",
"f": {"lang": "akk-x-neoass",
"form": "x",
"pos": "u"}
}
,
{
"node": "l",
"frag": "x",
"id": "P313641.l00564",
"ref": "P313641.19.9",
"inst": "u",
"f": {"lang": "akk-x-neoass",
"form": "x",
"pos": "u"}
}
,
{
"node": "l",
"frag": "x",
"id": "P313641.l00565",
"ref": "P313641.19.10",
"inst": "u",
"f": {"lang": "akk-x-neoass",
"form": "x",
"pos": "u"}
}
,
{
"node": "l",
"frag": "x",
"id": "P313641.l00566",
"ref": "P313641.19.11",
"inst": "u",
"f": {"lang": "akk-x-neoass",
"form": "x",
"pos": "u"}
}
,
{
"node": "l",
"frag": "x]",
"id": "P313641.l00567",
"ref": "P313641.19.12",
"inst": "u",
"f": {"lang": "akk-x-neoass",
"form": "x",
"pos": "u"}
}
,
{
"node": "d",
"type": "line-start",
"ref": "P313641.20",
"n": "18'",
"label": "o 18'"}
,
{
"node": "l",
"frag": "DI-⸢mu⸣",
"id": "P313641.l00568",
"ref": "P313641.20.1",
"inst": "šulmu[completeness//health]N$",
"sig": "@saao/saa16%akk-x-neoass:DI-mu=šulmu[completeness//health]N'N$šulmu",
"f": {"lang": "akk-x-neoass",
"form": "DI-mu",
"cf": "šulmu",
"gw": "completeness",
"sense": "health",
"norm": "šulmu",
"pos": "N",
"epos": "N"}
}
,
{
"node": "l",
"frag": "[x",
"id": "P313641.l00569",
"ref": "P313641.20.2",
"inst": "u",
"f": {"lang": "akk-x-neoass",
"form": "x",
"pos": "u"}
}
,
{
"node": "l",
"frag": "x]+⸢x⸣+[x",
"id": "P313641.l0056a",
"ref": "P313641.20.3",
"inst": "u",
"f": {"lang": "akk-x-neoass",
"form": "x+x+x",
"pos": "u"}
}
,
{
"node": "l",
"frag": "x",
"id": "P313641.l0056b",
"ref": "P313641.20.4",
"inst": "u",
"f": {"lang": "akk-x-neoass",
"form": "x",
"pos": "u"}
}
,
{
"node": "l",
"frag": "x",
"id": "P313641.l0056c",
"ref": "P313641.20.5",
"inst": "u",
"f": {"lang": "akk-x-neoass",
"form": "x",
"pos": "u"}
}
,
{
"node": "l",
"frag": "x",
"id": "P313641.l0056d",
"ref": "P313641.20.6",
"inst": "u",
"f": {"lang": "akk-x-neoass",
"form": "x",
"pos": "u"}
}
,
{
"node": "l",
"frag": "x",
"id": "P313641.l0056e",
"ref": "P313641.20.7",
"inst": "u",
"f": {"lang": "akk-x-neoass",
"form": "x",
"pos": "u"}
}
,
{
"node": "l",
"frag": "x",
"id": "P313641.l0056f",
"ref": "P313641.20.8",
"inst": "u",
"f": {"lang": "akk-x-neoass",
"form": "x",
"pos": "u"}
}
,
{
"node": "l",
"frag": "x",
"id": "P313641.l00570",
"ref": "P313641.20.9",
"inst": "u",
"f": {"lang": "akk-x-neoass",
"form": "x",
"pos": "u"}
}
,
{
"node": "l",
"frag": "x",
"id": "P313641.l00571",
"ref": "P313641.20.10",
"inst": "u",
"f": {"lang": "akk-x-neoass",
"form": "x",
"pos": "u"}
}
,
{
"node": "l",
"frag": "x]",
"id": "P313641.l00572",
"ref": "P313641.20.11",
"inst": "u",
"f": {"lang": "akk-x-neoass",
"form": "x",
"pos": "u"}
}
,
{
"node": "d",
"type": "line-start",
"ref": "P313641.21",
"n": "19'",
"label": "o 19'"}
,
{
"node": "l",
"frag": "ma-a",
"id": "P313641.l00573",
"ref": "P313641.21.1",
"inst": "mā[saying]PRP",
"sig": "@saao/saa16%akk-x-neoass:ma-a=mā[saying//saying]PRP'PRP$mā",
"f": {"lang": "akk-x-neoass",
"form": "ma-a",
"cf": "mā",
"gw": "saying",
"sense": "saying",
"norm": "mā",
"pos": "PRP",
"epos": "PRP"}
}
,
{
"node": "l",
"frag": "ha-di-u",
"id": "P313641.l00574",
"ref": "P313641.21.2",
"inst": "hadiu[delighted]AJ",
"sig": "@saao/saa16%akk-x-neoass:ha-di-u=hadû[joyful//delighted]AJ'AJ$hadiu",
"f": {"lang": "akk-x-neoass",
"form": "ha-di-u",
"cf": "hadû",
"gw": "joyful",
"sense": "delighted",
"norm": "hadiu",
"pos": "AJ",
"epos": "AJ"}
}
,
{
"node": "l",
"frag": "a-dan-⸢niš⸣",
"id": "P313641.l00575",
"ref": "P313641.21.3",
"inst": "adanniš[very much]AV",
"sig": "@saao/saa16%akk-x-neoass:a-dan-niš=adanniš[very much//very much]AV'AV$adanniš",
"f": {"lang": "akk-x-neoass",
"form": "a-dan-niš",
"cf": "adanniš",
"gw": "very much",
"sense": "very much",
"norm": "adanniš",
"pos": "AV",
"epos": "AV"}
}
,
{
"node": "l",
"frag": "[x",
"id": "P313641.l00576",
"ref": "P313641.21.4",
"inst": "u",
"f": {"lang": "akk-x-neoass",
"form": "x",
"pos": "u"}
}
,
{
"node": "l",
"frag": "x",
"id": "P313641.l00577",
"ref": "P313641.21.5",
"inst": "u",
"f": {"lang": "akk-x-neoass",
"form": "x",
"pos": "u"}
}
,
{
"node": "l",
"frag": "x",
"id": "P313641.l00578",
"ref": "P313641.21.6",
"inst": "u",
"f": {"lang": "akk-x-neoass",
"form": "x",
"pos": "u"}
}
,
{
"node": "l",
"frag": "x",
"id": "P313641.l00579",
"ref": "P313641.21.7",
"inst": "u",
"f": {"lang": "akk-x-neoass",
"form": "x",
"pos": "u"}
}
,
{
"node": "l",
"frag": "x",
"id": "P313641.l0057a",
"ref": "P313641.21.8",
"inst": "u",
"f": {"lang": "akk-x-neoass",
"form": "x",
"pos": "u"}
}
,
{
"node": "l",
"frag": "x",
"id": "P313641.l0057b",
"ref": "P313641.21.9",
"inst": "u",
"f": {"lang": "akk-x-neoass",
"form": "x",
"pos": "u"}
}
,
{
"node": "l",
"frag": "x]",
"id": "P313641.l0057c",
"ref": "P313641.21.10",
"inst": "u",
"f": {"lang": "akk-x-neoass",
"form": "x",
"pos": "u"}
}
,
{
"node": "d",
"type": "line-start",
"ref": "P313641.22",
"n": "20'",
"label": "o 20'"}
,
{
"node": "l",
"frag": "DUMU",
"id": "P313641.l0057d",
"ref": "P313641.22.1",
"inst": "mar[as many as]REL",
"sig": "@saao/saa16%akk-x-neoass:DUMU=ammar[as much as//as many as]REL'REL$mar",
"f": {"lang": "akk-x-neoass",
"form": "DUMU",
"cf": "ammar",
"gw": "as much as",
"sense": "as many as",
"norm": "mar",
"pos": "REL",
"epos": "REL"}
}
,
{
"node": "l",
"frag": "{1}u₂-ak-sa-⸢ta⸣-[ar",
"id": "P313641.l0057e",
"ref": "P313641.22.2",
"inst": "Waksatar[Cyaxares]PN$",
"sig": "@saao/saa16%akk-x-neoass:{1}u₂-ak-sa-ta-ar=Waksatar[Cyaxares//Cyaxares]PN'PN$Waksatar",
"f": {"lang": "akk-x-neoass",
"form": "{1}u₂-ak-sa-ta-ar",
"cf": "Waksatar",
"gw": "Cyaxares",
"sense": "Cyaxares",
"norm": "Waksatar",
"pos": "PN",
"epos": "PN"}
}
,
{
"node": "l",
"frag": "x",
"id": "P313641.l0057f",
"ref": "P313641.22.3",
"inst": "u",
"f": {"lang": "akk-x-neoass",
"form": "x",
"pos": "u"}
}
,
{
"node": "l",
"frag": "x",
"id": "P313641.l00580",
"ref": "P313641.22.4",
"inst": "u",
"f": {"lang": "akk-x-neoass",
"form": "x",
"pos": "u"}
}
,
{
"node": "l",
"frag": "x",
"id": "P313641.l00581",
"ref": "P313641.22.5",
"inst": "u",
"f": {"lang": "akk-x-neoass",
"form": "x",
"pos": "u"}
}
,
{
"node": "l",
"frag": "x",
"id": "P313641.l00582",
"ref": "P313641.22.6",
"inst": "u",
"f": {"lang": "akk-x-neoass",
"form": "x",
"pos": "u"}
}
,
{
"node": "l",
"frag": "x",
"id": "P313641.l00583",
"ref": "P313641.22.7",
"inst": "u",
"f": {"lang": "akk-x-neoass",
"form": "x",
"pos": "u"}
}
,
{
"node": "l",
"frag": "x]",
"id": "P313641.l00584",
"ref": "P313641.22.8",
"inst": "u",
"f": {"lang": "akk-x-neoass",
"form": "x",
"pos": "u"}
}
,
{
"node": "d",
"type": "line-start",
"ref": "P313641.23",
"n": "21'",
"label": "o 21'"}
,
{
"node": "l",
"frag": "ma-a",
"id": "P313641.l00585",
"ref": "P313641.23.1",
"inst": "mā[saying]PRP",
"sig": "@saao/saa16%akk-x-neoass:ma-a=mā[saying//saying]PRP'PRP$mā",
"f": {"lang": "akk-x-neoass",
"form": "ma-a",
"cf": "mā",
"gw": "saying",
"sense": "saying",
"norm": "mā",
"pos": "PRP",
"epos": "PRP"}
}
,
{
"node": "c",
"type": "phrase",
"tag": "phr",
"id": "P313641.U10",
"ref": "P313641.ls00006",
"cdl": [
{
"node": "l",
"frag": "ina",
"id": "P313641.l00586",
"ref": "P313641.23.2",
"inst": "ina[in+=on]PRP",
"sig": "@saao/saa16%akk-x-neoass:ina=ina[in//in]PRP'PRP$ina",
"f": {"lang": "akk-x-neoass",
"form": "ina",
"cf": "ina",
"gw": "in",
"sense": "in",
"norm": "ina",
"pos": "PRP",
"epos": "PRP"}
}
,
{
"node": "l",
"frag": "UGU",
"id": "P313641.l00587",
"ref": "P313641.23.3",
"inst": "muhhu[skull]N$muhhi",
"sig": "@saao/saa16%akk-x-neoass:UGU=muhhu[skull//skull]N'N$muhhi",
"f": {"lang": "akk-x-neoass",
"form": "UGU",
"cf": "muhhu",
"gw": "skull",
"sense": "skull",
"norm": "muhhi",
"pos": "N",
"epos": "N"}
}
]}
,
{
"node": "l",
"frag": "GIR₃.2",
"id": "P313641.l00588",
"ref": "P313641.23.4",
"inst": "šēpē[foot]N",
"sig": "@saao/saa16%akk-x-neoass:GIR₃.2=šēpu[foot//foot]N'N$šēpē",
"f": {"lang": "akk-x-neoass",
"form": "GIR₃.2",
"cf": "šēpu",
"gw": "foot",
"sense": "foot",
"norm": "šēpē",
"pos": "N",
"epos": "N"}
}
,
{
"node": "l",
"frag": "it-[ta-lak",
"id": "P313641.l00589",
"ref": "P313641.23.5",
"inst": "ittalak[go]V",
"sig": "@saao/saa16%akk-x-neoass:it-ta-lak=alāku[go//go]V'V$ittalak",
"f": {"lang": "akk-x-neoass",
"form": "it-ta-lak",
"cf": "alāku",
"gw": "go",
"sense": "go",
"norm": "ittalak",
"pos": "V",
"epos": "V"}
}
,
{
"node": "l",
"frag": "x",
"id": "P313641.l0058a",
"ref": "P313641.23.6",
"inst": "u",
"f": {"lang": "akk-x-neoass",
"form": "x",
"pos": "u"}
}
,
{
"node": "l",
"frag": "x",
"id": "P313641.l0058b",
"ref": "P313641.23.7",
"inst": "u",
"f": {"lang": "akk-x-neoass",
"form": "x",
"pos": "u"}
}
,
{
"node": "l",
"frag": "x",
"id": "P313641.l0058c",
"ref": "P313641.23.8",
"inst": "u",
"f": {"lang": "akk-x-neoass",
"form": "x",
"pos": "u"}
}
,
{
"node": "l",
"frag": "x",
"id": "P313641.l0058d",
"ref": "P313641.23.9",
"inst": "u",
"f": {"lang": "akk-x-neoass",
"form": "x",
"pos": "u"}
}
,
{
"node": "l",
"frag": "x]",
"id": "P313641.l0058e",
"ref": "P313641.23.10",
"inst": "u",
"f": {"lang": "akk-x-neoass",
"form": "x",
"pos": "u"}
}
,
{
"node": "d",
"type": "line-start",
"ref": "P313641.24",
"n": "22'",
"label": "o 22'"}
,
{
"node": "l",
"frag": "ŠA₃-bi",
"id": "P313641.l0058f",
"ref": "P313641.24.1",
"inst": "libbu[interior//heart]N$libbī",
"sig": "@saao/saa16%akk-x-neoass:ŠA₃-bi=libbu[interior//heart]N'N$libbī",
"f": {"lang": "akk-x-neoass",
"form": "ŠA₃-bi",
"cf": "libbu",
"gw": "interior",
"sense": "heart",
"norm": "libbī",
"pos": "N",
"epos": "N"}
}
,
{
"node": "l",
"frag": "u₂-sa-ag-ri-⸢ri⸣",
"id": "P313641.l00590",
"ref": "P313641.24.2",
"inst": "qarāru[writhe//frighten]V$ussagrīri",
"sig": "@saao/saa16%akk-x-neoass:u₂-sa-ag-ri-ri=qarāru[writhe//frighten]V'V$ussagrīri",
"f": {"lang": "akk-x-neoass",
"form": "u₂-sa-ag-ri-ri",
"cf": "qarāru",
"gw": "writhe",
"sense": "frighten",
"norm": "ussagrīri",
"pos": "V",
"epos": "V"}
}
,
{
"node": "l",
"frag": "[x",
"id": "P313641.l00591",
"ref": "P313641.24.3",
"inst": "u",
"f": {"lang": "akk-x-neoass",
"form": "x",
"pos": "u"}
}
,
{
"node": "l",
"frag": "x",
"id": "P313641.l00592",
"ref": "P313641.24.4",
"inst": "u",
"f": {"lang": "akk-x-neoass",
"form": "x",
"pos": "u"}
}
,
{
"node": "l",
"frag": "x",
"id": "P313641.l00593",
"ref": "P313641.24.5",
"inst": "u",
"f": {"lang": "akk-x-neoass",
"form": "x",
"pos": "u"}
}
,
{
"node": "l",
"frag": "x",
"id": "P313641.l00594",
"ref": "P313641.24.6",
"inst": "u",
"f": {"lang": "akk-x-neoass",
"form": "x",
"pos": "u"}
}
,
{
"node": "l",
"frag": "x]",
"id": "P313641.l00595",
"ref": "P313641.24.7",
"inst": "u",
"f": {"lang": "akk-x-neoass",
"form": "x",
"pos": "u"}
}
,
{
"node": "d",
"type": "line-start",
"ref": "P313641.25",
"n": "23'",
"label": "o 23'"}
,
{
"node": "l",
"frag": "ša",
"id": "P313641.l00596",
"ref": "P313641.25.1",
"inst": "ša[of]DET",
"sig": "@saao/saa16%akk-x-neoass:ša=ša[of//of]DET'DET$ša",
"f": {"lang": "akk-x-neoass",
"form": "ša",
"cf": "ša",
"gw": "of",
"sense": "of",
"norm": "ša",
"pos": "DET",
"epos": "DET"}
}
,
{
"node": "l",
"frag": "MU.AN.NA",
"id": "P313641.l00597",
"ref": "P313641.25.2",
"inst": "šattu[year]N$šatti",
"sig": "@saao/saa16%akk-x-neoass:MU.AN.NA=šattu[year//year]N'N$šatti",
"f": {"lang": "akk-x-neoass",
"form": "MU.AN.NA",
"cf": "šattu",
"gw": "year",
"sense": "year",
"norm": "šatti",
"pos": "N",
"epos": "N"}
}
,
{
"node": "l",
"frag": "ša₂",
"id": "P313641.l00598",
"ref": "P313641.25.3",
"inst": "ša[of//by]DET'PRP$",
"sig": "@saao/saa16%akk-x-neoass:ša₂=ša[of//by]DET'PRP$ša",
"f": {"lang": "akk-x-neoass",
"form": "ša₂",
"cf": "ša",
"gw": "of",
"sense": "by",
"norm": "ša",
"pos": "DET",
"epos": "PRP"}
}
,
{
"node": "l",
"frag": "MU.⸢AN⸣.[NA",
"id": "P313641.l00599",
"ref": "P313641.25.4",
"inst": "šattu[year]N$šatti",
"sig": "@saao/saa16%akk-x-neoass:MU.AN.NA=šattu[year//year]N'N$šatti",
"f": {"lang": "akk-x-neoass",
"form": "MU.AN.NA",
"cf": "šattu",
"gw": "year",
"sense": "year",
"norm": "šatti",
"pos": "N",
"epos": "N"}
}
,
{
"node": "l",
"frag": "x",
"id": "P313641.l0059a",
"ref": "P313641.25.5",
"inst": "u",
"f": {"lang": "akk-x-neoass",
"form": "x",
"pos": "u"}
}
,
{
"node": "l",
"frag": "x",
"id": "P313641.l0059b",
"ref": "P313641.25.6",
"inst": "u",
"f": {"lang": "akk-x-neoass",
"form": "x",
"pos": "u"}
}
,
{
"node": "l",
"frag": "x",
"id": "P313641.l0059c",
"ref": "P313641.25.7",
"inst": "u",
"f": {"lang": "akk-x-neoass",
"form": "x",
"pos": "u"}
}
,
{
"node": "l",
"frag": "x",
"id": "P313641.l0059d",
"ref": "P313641.25.8",
"inst": "u",
"f": {"lang": "akk-x-neoass",
"form": "x",
"pos": "u"}
}
,
{
"node": "l",
"frag": "x]",
"id": "P313641.l0059e",
"ref": "P313641.25.9",
"inst": "u",
"f": {"lang": "akk-x-neoass",
"form": "x",
"pos": "u"}
}
,
{
"node": "d",
"type": "line-start",
"ref": "P313641.26",
"n": "24'",
"label": "o 24'"}
,
{
"node": "l",
"frag": "ma-a",
"id": "P313641.l0059f",
"ref": "P313641.26.1",
"inst": "mā[saying]PRP",
"sig": "@saao/saa16%akk-x-neoass:ma-a=mā[saying//saying]PRP'PRP$mā",
"f": {"lang": "akk-x-neoass",
"form": "ma-a",
"cf": "mā",
"gw": "saying",
"sense": "saying",
"norm": "mā",
"pos": "PRP",
"epos": "PRP"}
}
,
{
"node": "l",
"frag": "a-na",
"id": "P313641.l005a0",
"ref": "P313641.26.2",
"inst": "ana[to]PRP",
"sig": "@saao/saa16%akk-x-neoass:a-na=ana[to//to]PRP'PRP$ana",
"f": {"lang": "akk-x-neoass",
"form": "a-na",
"cf": "ana",
"gw": "to",
"sense": "to",
"norm": "ana",
"pos": "PRP",
"epos": "PRP"}
}
,
{
"node": "l",
"frag": "{1}pa-ra-⸢mu⸣",
"id": "P313641.l005a1",
"ref": "P313641.26.3",
"inst": "Paramu[1]PN$",
"sig": "@saao/saa16%akk-x-neoass:{1}pa-ra-mu=Paramu[1//1]PN'PN$Paramu",
"f": {"lang": "akk-x-neoass",
"form": "{1}pa-ra-mu",
"cf": "Paramu",
"gw": "1",
"sense": "1",
"norm": "Paramu",
"pos": "PN",
"epos": "PN"}
}
,
{
"node": "l",
"frag": "[x",
"id": "P313641.l005a2",
"ref": "P313641.26.4",
"inst": "u",
"f": {"lang": "akk-x-neoass",
"form": "x",
"pos": "u"}
}
,
{
"node": "l",
"frag": "x",
"id": "P313641.l005a3",
"ref": "P313641.26.5",
"inst": "u",
"f": {"lang": "akk-x-neoass",
"form": "x",
"pos": "u"}
}
,
{
"node": "l",
"frag": "x",
"id": "P313641.l005a4",
"ref": "P313641.26.6",
"inst": "u",
"f": {"lang": "akk-x-neoass",
"form": "x",
"pos": "u"}
}
,
{
"node": "l",
"frag": "x",
"id": "P313641.l005a5",
"ref": "P313641.26.7",
"inst": "u",
"f": {"lang": "akk-x-neoass",
"form": "x",
"pos": "u"}
}
,
{
"node": "l",
"frag": "x",
"id": "P313641.l005a6",
"ref": "P313641.26.8",
"inst": "u",
"f": {"lang": "akk-x-neoass",
"form": "x",
"pos": "u"}
}
,
{
"node": "l",
"frag": "x",
"id": "P313641.l005a7",
"ref": "P313641.26.9",
"inst": "u",
"f": {"lang": "akk-x-neoass",
"form": "x",
"pos": "u"}
}
,
{
"node": "l",
"frag": "x]",
"id": "P313641.l005a8",
"ref": "P313641.26.10",
"inst": "u",
"f": {"lang": "akk-x-neoass",
"form": "x",
"pos": "u"}
}
,
{
"node": "d",
"type": "line-start",
"ref": "P313641.27",
"n": "25'",
"label": "o 25'"}
,
{
"node": "l",
"frag": "ma-a",
"id": "P313641.l005a9",
"ref": "P313641.27.1",
"inst": "mā[saying]PRP",
"sig": "@saao/saa16%akk-x-neoass:ma-a=mā[saying//saying]PRP'PRP$mā",
"f": {"lang": "akk-x-neoass",
"form": "ma-a",
"cf": "mā",
"gw": "saying",
"sense": "saying",
"norm": "mā",
"pos": "PRP",
"epos": "PRP"}
}
,
{
"node": "c",
"type": "phrase",
"tag": "phr",
"id": "P313641.U11",
"ref": "P313641.ls00007",
"cdl": [
{
"node": "l",
"frag": "ina",
"id": "P313641.l005aa",
"ref": "P313641.27.2",
"inst": "ina[in+=on]PRP$",
"sig": "@saao/saa16%akk-x-neoass:ina=ina[in//in]PRP'PRP$ina",
"f": {"lang": "akk-x-neoass",
"form": "ina",
"cf": "ina",
"gw": "in",
"sense": "in",
"norm": "ina",
"pos": "PRP",
"epos": "PRP"}
}
,
{
"node": "l",
"frag": "UGU",
"id": "P313641.l005ab",
"ref": "P313641.27.3",
"inst": "muhhu[skull]N$muhhi",
"sig": "@saao/saa16%akk-x-neoass:UGU=muhhu[skull//skull]N'N$muhhi",
"f": {"lang": "akk-x-neoass",
"form": "UGU",
"cf": "muhhu",
"gw": "skull",
"sense": "skull",
"norm": "muhhi",
"pos": "N",
"epos": "N"}
}
]}
,
{
"node": "l",
"frag": "GIR₃.2",
"id": "P313641.l005ac",
"ref": "P313641.27.4",
"inst": "šēpē[foot]N",
"sig": "@saao/saa16%akk-x-neoass:GIR₃.2=šēpu[foot//foot]N'N$šēpē",
"f": {"lang": "akk-x-neoass",
"form": "GIR₃.2",
"cf": "šēpu",
"gw": "foot",
"sense": "foot",
"norm": "šēpē",
"pos": "N",
"epos": "N"}
}
,
{
"node": "l",
"frag": "⸢it⸣-[ta-lak",
"id": "P313641.l005ad",
"ref": "P313641.27.5",
"inst": "ittalak[go]V",
"sig": "@saao/saa16%akk-x-neoass:it-ta-lak=alāku[go//go]V'V$ittalak",
"f": {"lang": "akk-x-neoass",
"form": "it-ta-lak",
"cf": "alāku",
"gw": "go",
"sense": "go",
"norm": "ittalak",
"pos": "V",
"epos": "V"}
}
,
{
"node": "l",
"frag": "x",
"id": "P313641.l005ae",
"ref": "P313641.27.6",
"inst": "u",
"f": {"lang": "akk-x-neoass",
"form": "x",
"pos": "u"}
}
,
{
"node": "l",
"frag": "x",
"id": "P313641.l005af",
"ref": "P313641.27.7",
"inst": "u",
"f": {"lang": "akk-x-neoass",
"form": "x",
"pos": "u"}
}
,
{
"node": "l",
"frag": "x",
"id": "P313641.l005b0",
"ref": "P313641.27.8",
"inst": "u",
"f": {"lang": "akk-x-neoass",
"form": "x",
"pos": "u"}
}
,
{
"node": "l",
"frag": "x",
"id": "P313641.l005b1",
"ref": "P313641.27.9",
"inst": "u",
"f": {"lang": "akk-x-neoass",
"form": "x",
"pos": "u"}
}
,
{
"node": "l",
"frag": "x]",
"id": "P313641.l005b2",
"ref": "P313641.27.10",
"inst": "u",
"f": {"lang": "akk-x-neoass",
"form": "x",
"pos": "u"}
}
,
{
"node": "d",
"type": "line-start",
"ref": "P313641.28",
"n": "26'",
"label": "o 26'"}
,
{
"node": "l",
"frag": "šu₂-nu",
"id": "P313641.l005b3",
"ref": "P313641.28.1",
"inst": "šunu[they]IP",
"sig": "@saao/saa16%akk-x-neoass:šu₂-nu=šunu[they//they]IP'IP$šunu",
"f": {"lang": "akk-x-neoass",
"form": "šu₂-nu",
"cf": "šunu",
"gw": "they",
"sense": "they",
"norm": "šunu",
"pos": "IP",
"epos": "IP"}
}
,
{
"node": "l",
"frag": "ma-a",
"id": "P313641.l005b4",
"ref": "P313641.28.2",
"inst": "mā[saying]PRP",
"sig": "@saao/saa16%akk-x-neoass:ma-a=mā[saying//saying]PRP'PRP$mā",
"f": {"lang": "akk-x-neoass",
"form": "ma-a",
"cf": "mā",
"gw": "saying",
"sense": "saying",
"norm": "mā",
"pos": "PRP",
"epos": "PRP"}
}
,
{
"node": "l",
"frag": "{lu₂v}EN-[URU-MEŠ",
"id": "P313641.l005b5",
"ref": "P313641.28.3",
"cof-tails": "P313641.l005b6",
"inst": "bēlu[lord]N$bēl&ālu[city]N$ālāni",
"sig": "@saao/saa16%akk-x-neoass:{LU₂}EN-URU-MEŠ=bēlu[lord//lord]N'N$bēl&&@saao%akk-x-neoass:=ālu[city//city]N'N$ālāni",
"f": {"lang": "akk-x-neoass",
"form": "{LU₂}EN-URU-MEŠ",
"cf": "bēlu",
"gw": "lord",
"sense": "lord",
"norm": "bēl",
"pos": "N",
"epos": "N"}
}
,
{
"node": "l",
"frag": "{lu₂v}EN-[URU-MEŠ",
"id": "P313641.l005b6",
"ref": "P313641.28.3",
"cof-head": "P313641.l005b5",
"inst": "bēlu[lord]N$bēl&ālu[city]N$ālāni",
"tail-sig": "@saao%akk-x-neoass:=ālu[city//city]N'N$ālāni",
"f": {"lang": "akk-x-neoass",
"form": "{LU₂}EN-URU-MEŠ",
"cf": "ālu",
"gw": "city",
"sense": "city",
"norm": "ālāni",
"pos": "N",
"epos": "N"}
}
,
{
"node": "l",
"frag": "x",
"id": "P313641.l005b7",
"ref": "P313641.28.4",
"inst": "u",
"f": {"lang": "akk-x-neoass",
"form": "x",
"pos": "u"}
}
,
{
"node": "l",
"frag": "x",
"id": "P313641.l005b8",
"ref": "P313641.28.5",
"inst": "u",
"f": {"lang": "akk-x-neoass",
"form": "x",
"pos": "u"}
}
,
{
"node": "l",
"frag": "x",
"id": "P313641.l005b9",
"ref": "P313641.28.6",
"inst": "u",
"f": {"lang": "akk-x-neoass",
"form": "x",
"pos": "u"}
}
,
{
"node": "l",
"frag": "x",
"id": "P313641.l005ba",
"ref": "P313641.28.7",
"inst": "u",
"f": {"lang": "akk-x-neoass",
"form": "x",
"pos": "u"}
}
,
{
"node": "l",
"frag": "x",
"id": "P313641.l005bb",
"ref": "P313641.28.8",
"inst": "u",
"f": {"lang": "akk-x-neoass",
"form": "x",
"pos": "u"}
}
,
{
"node": "l",
"frag": "x]",
"id": "P313641.l005bc",
"ref": "P313641.28.9",
"inst": "u",
"f": {"lang": "akk-x-neoass",
"form": "x",
"pos": "u"}
}
,
{
"node": "d",
"type": "line-start",
"ref": "P313641.29",
"n": "27'",
"label": "o 27'"}
,
{
"node": "c",
"type": "phrase",
"tag": "phr",
"id": "P313641.U12",
"ref": "P313641.ls00008",
"cdl": [
{
"node": "l",
"frag": "TA@v",
"id": "P313641.l005bd",
"ref": "P313641.29.1",
"inst": "issi[with]PRP",
"sig": "@saao/saa16%akk-x-neoass:TA@v=išti[with//with]PRP'PRP$issi",
"f": {"lang": "akk-x-neoass",
"form": "TA@v",
"cf": "išti",
"gw": "with",
"sense": "with",
"norm": "issi",
"pos": "PRP",
"epos": "PRP"}
}
,
{
"node": "l",
"frag": "a-he-iš",
"id": "P313641.l005be",
"ref": "P313641.29.2",
"inst": "ahēʾiš[one another]PRP",
"sig": "@saao/saa16%akk-x-neoass:a-he-iš=ahāmiš[one another//one another]PRP'PRP$ahēʾiš",
"f": {"lang": "akk-x-neoass",
"form": "a-he-iš",
"cf": "ahāmiš",
"gw": "one another",
"sense": "one another",
"norm": "ahēʾiš",
"pos": "PRP",
"epos": "PRP"}
}
]}
,
{
"node": "l",
"frag": "qa-⸢ra⸣-[bu",
"id": "P313641.l005bf",
"ref": "P313641.29.3",
"inst": "qarābu[battle]N",
"sig": "@saao/saa16%akk-x-neoass:qa-ra-bu=qarābu[battle//battle]N'N$qarābu",
"f": {"lang": "akk-x-neoass",
"form": "qa-ra-bu",
"cf": "qarābu",
"gw": "battle",
"sense": "battle",
"norm": "qarābu",
"pos": "N",
"epos": "N"}
}
,
{
"node": "l",
"frag": "x",
"id": "P313641.l005c0",
"ref": "P313641.29.4",
"inst": "u",
"f": {"lang": "akk-x-neoass",
"form": "x",
"pos": "u"}
}
,
{
"node": "l",
"frag": "x",
"id": "P313641.l005c1",
"ref": "P313641.29.5",
"inst": "u",
"f": {"lang": "akk-x-neoass",
"form": "x",
"pos": "u"}
}
,
{
"node": "l",
"frag": "x",
"id": "P313641.l005c2",
"ref": "P313641.29.6",
"inst": "u",
"f": {"lang": "akk-x-neoass",
"form": "x",
"pos": "u"}
}
,
{
"node": "l",
"frag": "x",
"id": "P313641.l005c3",
"ref": "P313641.29.7",
"inst": "u",
"f": {"lang": "akk-x-neoass",
"form": "x",
"pos": "u"}
}
,
{
"node": "l",
"frag": "x",
"id": "P313641.l005c4",
"ref": "P313641.29.8",
"inst": "u",
"f": {"lang": "akk-x-neoass",
"form": "x",
"pos": "u"}
}
,
{
"node": "l",
"frag": "x",
"id": "P313641.l005c5",
"ref": "P313641.29.9",
"inst": "u",
"f": {"lang": "akk-x-neoass",
"form": "x",
"pos": "u"}
}
,
{
"node": "l",
"frag": "x]",
"id": "P313641.l005c6",
"ref": "P313641.29.10",
"inst": "u",
"f": {"lang": "akk-x-neoass",
"form": "x",
"pos": "u"}
}
,
{
"node": "d",
"type": "line-start",
"ref": "P313641.30",
"n": "28'",
"label": "o 28'"}
,
{
"node": "l",
"frag": "ša",
"id": "P313641.l005c7",
"ref": "P313641.30.1",
"inst": "ša[who]REL",
"sig": "@saao/saa16%akk-x-neoass:ša=ša[that//who]REL'REL$ša",
"f": {"lang": "akk-x-neoass",
"form": "ša",
"cf": "ša",
"gw": "that",
"sense": "who",
"norm": "ša",
"pos": "REL",
"epos": "REL"}
}
,
{
"node": "l",
"frag": "ip-hur-[u-ni",
"id": "P313641.l005c8",
"ref": "P313641.30.2",
"inst": "pahāru[gather]V$iphurūni",
"sig": "@saao/saa16%akk-x-neoass:ip-hur-u-ni=pahāru[gather//gather]V'V$iphurūni",
"f": {"lang": "akk-x-neoass",
"form": "ip-hur-u-ni",
"cf": "pahāru",
"gw": "gather",
"sense": "gather",
"norm": "iphurūni",
"pos": "V",
"epos": "V"}
}
,
{
"node": "l",
"frag": "x",
"id": "P313641.l005c9",
"ref": "P313641.30.3",
"inst": "u",
"f": {"lang": "akk-x-neoass",
"form": "x",
"pos": "u"}
}
,
{
"node": "l",
"frag": "x",
"id": "P313641.l005ca",
"ref": "P313641.30.4",
"inst": "u",
"f": {"lang": "akk-x-neoass",
"form": "x",
"pos": "u"}
}
,
{
"node": "l",
"frag": "x",
"id": "P313641.l005cb",
"ref": "P313641.30.5",
"inst": "u",
"f": {"lang": "akk-x-neoass",
"form": "x",
"pos": "u"}
}
,
{
"node": "l",
"frag": "x",
"id": "P313641.l005cc",
"ref": "P313641.30.6",
"inst": "u",
"f": {"lang": "akk-x-neoass",
"form": "x",
"pos": "u"}
}
,
{
"node": "l",
"frag": "x",
"id": "P313641.l005cd",
"ref": "P313641.30.7",
"inst": "u",
"f": {"lang": "akk-x-neoass",
"form": "x",
"pos": "u"}
}
,
{
"node": "l",
"frag": "x",
"id": "P313641.l005ce",
"ref": "P313641.30.8",
"inst": "u",
"f": {"lang": "akk-x-neoass",
"form": "x",
"pos": "u"}
}
,
{
"node": "l",
"frag": "x]",
"id": "P313641.l005cf",
"ref": "P313641.30.9",
"inst": "u",
"f": {"lang": "akk-x-neoass",
"form": "x",
"pos": "u"}
}
,
{
"node": "d",
"subtype": "reverse",
"type": "surface",
"ref": "P313641.r.31",
"type": "reverse",
"label": "r"}
,
{
"node": "d",
"type": "line-start",
"ref": "P313641.32",
"n": "1",
"label": "r 1"}
,
{
"node": "l",
"frag": "02",
"id": "P313641.l005d0",
"ref": "P313641.32.1",
"inst": "n",
"f": {"lang": "akk-x-neoass",
"form": "02",
"pos": "n"}
}
,
{
"node": "l",
"frag": "URU-MEŠ",
"id": "P313641.l005d1",
"ref": "P313641.32.2",
"inst": "ālāni[town]N",
"sig": "@saao/saa16%akk-x-neoass:URU-MEŠ=ālu[city//town]N'N$ālāni",
"f": {"lang": "akk-x-neoass",
"form": "URU-MEŠ",
"cf": "ālu",
"gw": "city",
"sense": "town",
"norm": "ālāni",
"pos": "N",
"epos": "N"}
}
,
{
"node": "l",
"frag": "u₂-⸢tu₂⸣-[x",
"id": "P313641.l005d2",
"ref": "P313641.32.3",
"inst": "u",
"f": {"lang": "akk-x-neoass",
"form": "u₂-tu₂-x",
"pos": "u"}
}
,
{
"node": "l",
"frag": "x",
"id": "P313641.l005d3",
"ref": "P313641.32.4",
"inst": "u",
"f": {"lang": "akk-x-neoass",
"form": "x",
"pos": "u"}
}
,
{
"node": "l",
"frag": "x",
"id": "P313641.l005d4",
"ref": "P313641.32.5",
"inst": "u",
"f": {"lang": "akk-x-neoass",
"form": "x",
"pos": "u"}
}
,
{
"node": "l",
"frag": "x",
"id": "P313641.l005d5",
"ref": "P313641.32.6",
"inst": "u",
"f": {"lang": "akk-x-neoass",
"form": "x",
"pos": "u"}
}
,
{
"node": "l",
"frag": "x",
"id": "P313641.l005d6",
"ref": "P313641.32.7",
"inst": "u",
"f": {"lang": "akk-x-neoass",
"form": "x",
"pos": "u"}
}
,
{
"node": "l",
"frag": "x",
"id": "P313641.l005d7",
"ref": "P313641.32.8",
"inst": "u",
"f": {"lang": "akk-x-neoass",
"form": "x",
"pos": "u"}
}
,
{
"node": "l",
"frag": "x",
"id": "P313641.l005d8",
"ref": "P313641.32.9",
"inst": "u",
"f": {"lang": "akk-x-neoass",
"form": "x",
"pos": "u"}
}
,
{
"node": "l",
"frag": "x]",
"id": "P313641.l005d9",
"ref": "P313641.32.10",
"inst": "u",
"f": {"lang": "akk-x-neoass",
"form": "x",
"pos": "u"}
}
,
{
"node": "d",
"type": "line-start",
"ref": "P313641.33",
"n": "2",
"label": "r 2"}
,
{
"node": "l",
"frag": "MU-šu₂",
"id": "P313641.l005da",
"ref": "P313641.33.1",
"inst": "šumšu[name]N",
"sig": "@saao/saa16%akk-x-neoass:MU-šu₂=šumu[name//name]N'N$šumšu",
"f": {"lang": "akk-x-neoass",
"form": "MU-šu₂",
"cf": "šumu",
"gw": "name",
"sense": "name",
"norm": "šumšu",
"pos": "N",
"epos": "N"}
}
,
{
"node": "l",
"frag": "ša₂",
"id": "P313641.l005db",
"ref": "P313641.33.2",
"inst": "ša[of]DET",
"sig": "@saao/saa16%akk-x-neoass:ša₂=ša[of//of]DET'DET$ša",
"f": {"lang": "akk-x-neoass",
"form": "ša₂",
"cf": "ša",
"gw": "of",
"sense": "of",
"norm": "ša",
"pos": "DET",
"epos": "DET"}
}
,
{
"node": "l",
"frag": "02-tu₂",
"id": "P313641.l005dc",
"ref": "P313641.33.3",
"inst": "šanû[(an)other]AJ$šanītu",
"sig": "@saao/saa16%akk-x-neoass:02-tu₂=šanû[(an)other//(an)other]AJ'AJ$šanītu",
"f": {"lang": "akk-x-neoass",
"form": "02-tu₂",
"cf": "šanû",
"gw": "(an)other",
"sense": "(an)other",
"norm": "šanītu",
"pos": "AJ",
"epos": "AJ"}
}
,
{
"node": "l",
"frag": "{uru}ku-⸢da⸣-na",
"id": "P313641.l005dd",
"ref": "P313641.33.4",
"inst": "Kudana[1]GN$",
"sig": "@saao/saa16%akk-x-neoass:{URU}ku-da-na=Kudana[1//1]GN'GN$Kudana",
"f": {"lang": "akk-x-neoass",
"form": "{URU}ku-da-na",
"cf": "Kudana",
"gw": "1",
"sense": "1",
"norm": "Kudana",
"pos": "GN",
"epos": "GN"}
}
,
{
"node": "l",
"frag": "MU",
"id": "P313641.l005de",
"ref": "P313641.33.5",
"inst": "šumu[name]N$",
"sig": "@saao/saa16%akk-x-neoass:MU=šumu[name//name]N'N$šumu",
"f": {"lang": "akk-x-neoass",
"form": "MU",
"cf": "šumu",
"gw": "name",
"sense": "name",
"norm": "šumu",
"pos": "N",
"epos": "N"}
}
,
{
"node": "l",
"frag": "ša₂",
"id": "P313641.l005df",
"ref": "P313641.33.6",
"inst": "ša[of]DET",
"sig": "@saao/saa16%akk-x-neoass:ša₂=ša[of//of]DET'DET$ša",
"f": {"lang": "akk-x-neoass",
"form": "ša₂",
"cf": "ša",
"gw": "of",
"sense": "of",
"norm": "ša",
"pos": "DET",
"epos": "DET"}
}
,
{
"node": "l",
"frag": "⸢x⸣+[x",
"id": "P313641.l005e0",
"ref": "P313641.33.7",
"inst": "u",
"f": {"lang": "akk-x-neoass",
"form": "x+x",
"pos": "u"}
}
,
{
"node": "l",
"frag": "x",
"id": "P313641.l005e1",
"ref": "P313641.33.8",
"inst": "u",
"f": {"lang": "akk-x-neoass",
"form": "x",
"pos": "u"}
}
,
{
"node": "l",
"frag": "x",
"id": "P313641.l005e2",
"ref": "P313641.33.9",
"inst": "u",
"f": {"lang": "akk-x-neoass",
"form": "x",
"pos": "u"}
}
,
{
"node": "l",
"frag": "x",
"id": "P313641.l005e3",
"ref": "P313641.33.10",
"inst": "u",
"f": {"lang": "akk-x-neoass",
"form": "x",
"pos": "u"}
}
,
{
"node": "l",
"frag": "x",
"id": "P313641.l005e4",
"ref": "P313641.33.11",
"inst": "u",
"f": {"lang": "akk-x-neoass",
"form": "x",
"pos": "u"}
}
,
{
"node": "l",
"frag": "x]",
"id": "P313641.l005e5",
"ref": "P313641.33.12",
"inst": "u",
"f": {"lang": "akk-x-neoass",
"form": "x",
"pos": "u"}
}
,
{
"node": "d",
"type": "line-start",
"ref": "P313641.34",
"n": "3",
"label": "r 3"}
,
{
"node": "l",
"frag": "ša",
"id": "P313641.l005e6",
"ref": "P313641.34.1",
"inst": "ša[of]DET",
"sig": "@saao/saa16%akk-x-neoass:ša=ša[of//of]DET'DET$ša",
"f": {"lang": "akk-x-neoass",
"form": "ša",
"cf": "ša",
"gw": "of",
"sense": "of",
"norm": "ša",
"pos": "DET",
"epos": "DET"}
}
,
{
"node": "l",
"frag": "{1}a.a-ze-e",
"id": "P313641.l005e7",
"ref": "P313641.34.2",
"inst": "Iyaze[1]PN$",
"sig": "@saao/saa16%akk-x-neoass:{1}a.a-ze-e=Iyaze[1//1]PN'PN$Iyaze",
"f": {"lang": "akk-x-neoass",
"form": "{1}a.a-ze-e",
"cf": "Iyaze",
"gw": "1",
"sense": "1",
"norm": "Iyaze",
"pos": "PN",
"epos": "PN"}
}
,
{
"node": "l",
"frag": "TA@v",
"id": "P313641.l005e8",
"ref": "P313641.34.3",
"inst": "issi[with]PRP",
"sig": "@saao/saa16%akk-x-neoass:TA@v=išti[with//with]PRP'PRP$issi",
"f": {"lang": "akk-x-neoass",
"form": "TA@v",
"cf": "išti",
"gw": "with",
"sense": "with",
"norm": "issi",
"pos": "PRP",
"epos": "PRP"}
}
,
{
"node": "l",
"frag": "u₂-⸢x⸣+[x",
"id": "P313641.l005e9",
"ref": "P313641.34.4",
"inst": "u",
"f": {"lang": "akk-x-neoass",
"form": "u₂-x+x",
"pos": "u"}
}
,
{
"node": "l",
"frag": "x",
"id": "P313641.l005ea",
"ref": "P313641.34.5",
"inst": "u",
"f": {"lang": "akk-x-neoass",
"form": "x",
"pos": "u"}
}
,
{
"node": "l",
"frag": "x",
"id": "P313641.l005eb",
"ref": "P313641.34.6",
"inst": "u",
"f": {"lang": "akk-x-neoass",
"form": "x",
"pos": "u"}
}
,
{
"node": "l",
"frag": "x",
"id": "P313641.l005ec",
"ref": "P313641.34.7",
"inst": "u",
"f": {"lang": "akk-x-neoass",
"form": "x",
"pos": "u"}
}
,
{
"node": "l",
"frag": "x]",
"id": "P313641.l005ed",
"ref": "P313641.34.8",
"inst": "u",
"f": {"lang": "akk-x-neoass",
"form": "x",
"pos": "u"}
}
,
{
"node": "d",
"type": "line-start",
"ref": "P313641.35",
"n": "4",
"label": "r 4"}
,
{
"node": "l",
"frag": "il-la-[x]",
"id": "P313641.l005ee",
"ref": "P313641.35.1",
"inst": "u",
"f": {"lang": "akk-x-neoass",
"form": "il-la-x",
"pos": "u"}
}
,
{
"node": "d",
"type": "nonx",
"ref": "P313641.36",
"strict": "0",
"extent": "rest",
"state": "other"}
]}
]}
]}
,
{
"linkbase": [{
"type": "linkset",
"xlink_title": "ina muhhi[on//about]PRP'PRP",
"id": "P313641.ls00000",
"xlink_type": "extended",
"xlink_role": "psu",
"sig": "{ina[in]PRP muhhu[skull]N += ina muhhi[on//about]PRP'PRP}::@saao%akk-x-neoass:ina=ina[in//into]PRP'PRP$ina++@saao%akk-x-neoass:UGU=muhhu[skull//skull]N'N$muhhi",
"links": [
{
"type": "link",
"xlink_title": "ina",
"xlink_type": "locator",
"xlink_href": "#P313641.l004e7",
"xlink_role": "elt"}
,
{
"type": "link",
"xlink_title": "muhhu",
"xlink_type": "locator",
"xlink_href": "#P313641.l004e8",
"xlink_role": "elt"}
]}
,
{
"type": "linkset",
"xlink_title": "ina pān[in the presence of//at the disposal of]PRP'PRP",
"id": "P313641.ls00001",
"xlink_type": "extended",
"xlink_role": "psu",
"sig": "{ina[in]PRP pānu[front]N += ina pān[in the presence of//at the disposal of]PRP'PRP}::@saao%akk-x-neoass:ina=ina[in//into]PRP'PRP$ina++@saao%akk-x-neoass:pa-ni-ka=pānu[front//front]N'N$pānīka",
"links": [
{
"type": "link",
"xlink_title": "ina",
"xlink_type": "locator",
"xlink_href": "#P313641.l004f0",
"xlink_role": "elt"}
,
{
"type": "link",
"xlink_title": "pānu",
"xlink_type": "locator",
"xlink_href": "#P313641.l004f1",
"xlink_role": "elt"}
]}
,
{
"type": "linkset",
"xlink_title": "ina muhhi[on//about]PRP'PRP",
"id": "P313641.ls00002",
"xlink_type": "extended",
"xlink_role": "psu",
"sig": "{ina[in]PRP muhhu[skull]N += ina muhhi[on//about]PRP'PRP}::@saao%akk-x-neoass:ina=ina[in//into]PRP'PRP$ina++@saao%akk-x-neoass:UGU=muhhu[skull//skull]N'N$muhhi",
"links": [
{
"type": "link",
"xlink_title": "ina",
"xlink_type": "locator",
"xlink_href": "#P313641.l00503",
"xlink_role": "elt"}
,
{
"type": "link",
"xlink_title": "muhhu",
"xlink_type": "locator",
"xlink_href": "#P313641.l00504",
"xlink_role": "elt"}
]}
,
{
"type": "linkset",
"xlink_title": "ina muhhi[on//about]PRP'PRP",
"id": "P313641.ls00003",
"xlink_type": "extended",
"xlink_role": "psu",
"sig": "{ina[in]PRP muhhu[skull]N += ina muhhi[on//about]PRP'PRP}::@saao%akk-x-neoass:ina=ina[in//into]PRP'PRP$ina++@saao%akk-x-neoass:UGU=muhhu[skull//skull]N'N$muhhi",
"links": [
{
"type": "link",
"xlink_title": "ina",
"xlink_type": "locator",
"xlink_href": "#P313641.l00513",
"xlink_role": "elt"}
,
{
"type": "link",
"xlink_title": "muhhu",
"xlink_type": "locator",
"xlink_href": "#P313641.l00514",
"xlink_role": "elt"}
]}
,
{
"type": "linkset",
"xlink_title": "ina batti[at the side//at the side]PRP'PRP",
"id": "P313641.ls00004",
"xlink_type": "extended",
"xlink_role": "psu",
"sig": "{ina[in]PRP battu[side]N += ina batti[at the side//at the side]PRP'PRP}::@saao%akk-x-neoass:i-ba-ti=ina[in//into]PRP'PRP$ina++@saao%akk-x-neoass:i-ba-ti=battu[side//side]N'N$batti",
"links": [
{
"type": "link",
"xlink_title": "ina",
"xlink_type": "locator",
"xlink_href": "#P313641.l00520",
"xlink_role": "elt"}
,
{
"type": "link",
"xlink_title": "battu",
"xlink_type": "locator",
"xlink_href": "#P313641.l00521",
"xlink_role": "elt"}
]}
,
{
"type": "linkset",
"xlink_title": "ina muhhi[on//about]PRP'PRP",
"id": "P313641.ls00005",
"xlink_type": "extended",
"xlink_role": "psu",
"sig": "{ina[in]PRP muhhu[skull]N += ina muhhi[on//about]PRP'PRP}::@saao%akk-x-neoass:ina=ina[in//into]PRP'PRP$ina++@saao%akk-x-neoass:UGU-hi=muhhu[skull//skull]N'N$muhhi",
"links": [
{
"type": "link",
"xlink_title": "ina",
"xlink_type": "locator",
"xlink_href": "#P313641.l00528",
"xlink_role": "elt"}
,
{
"type": "link",
"xlink_title": "muhhu",
"xlink_type": "locator",
"xlink_href": "#P313641.l00529",
"xlink_role": "elt"}
]}
,
{
"type": "linkset",
"xlink_title": "ina muhhi[on//about]PRP'PRP",
"id": "P313641.ls00006",
"xlink_type": "extended",
"xlink_role": "psu",
"sig": "{ina[in]PRP muhhu[skull]N += ina muhhi[on//about]PRP'PRP}::@saao%akk-x-neoass:ina=ina[in//into]PRP'PRP$ina++@saao%akk-x-neoass:UGU=muhhu[skull//skull]N'N$muhhi",
"links": [
{
"type": "link",
"xlink_title": "ina",
"xlink_type": "locator",
"xlink_href": "#P313641.l00586",
"xlink_role": "elt"}
,
{
"type": "link",
"xlink_title": "muhhu",
"xlink_type": "locator",
"xlink_href": "#P313641.l00587",
"xlink_role": "elt"}
]}
,
{
"type": "linkset",
"xlink_title": "ina muhhi[on//about]PRP'PRP",
"id": "P313641.ls00007",
"xlink_type": "extended",
"xlink_role": "psu",
"sig": "{ina[in]PRP muhhu[skull]N += ina muhhi[on//about]PRP'PRP}::@saao%akk-x-neoass:ina=ina[in//into]PRP'PRP$ina++@saao%akk-x-neoass:UGU=muhhu[skull//skull]N'N$muhhi",
"links": [
{
"type": "link",
"xlink_title": "ina",
"xlink_type": "locator",
"xlink_href": "#P313641.l005aa",
"xlink_role": "elt"}
,
{
"type": "link",
"xlink_title": "muhhu",
"xlink_type": "locator",
"xlink_href": "#P313641.l005ab",
"xlink_role": "elt"}
]}
,
{
"type": "linkset",
"xlink_title": "išti ahāmiš[together//together]AV'AV",
"id": "P313641.ls00008",
"xlink_type": "extended",
"xlink_role": "psu",
"sig": "{išti[with]PRP ahāmiš[one another]PRP += išti ahāmiš[together//together]AV'AV}::@saao%akk-x-neoass:TA@v=išti[with//with]PRP'PRP$issi++@saao%akk-x-neoass:a-he-iš=ahāmiš[one another//one another]PRP'PRP$ahēʾiš",
"links": [
{
"type": "link",
"xlink_title": "issi",
"xlink_type": "locator",
"xlink_href": "#P313641.l005bd",
"xlink_role": "elt"}
,
{
"type": "link",
"xlink_title": "ahēʾiš",
"xlink_type": "locator",
"xlink_href": "#P313641.l005be",
"xlink_role": "elt"}
]}
]}
]}
