{
"type": "cdl",
  "source": "http://oracc.org/saao/saa16",
  "license": "This data is released under the CC0 license",
  "license-url": "https://creativecommons.org/publicdomain/zero/1.0/",
  "more-info": "http://oracc.org/doc/opendata/",
  "UTC-timestamp": "2017-05-19T11:55:50",
"project": "saao/saa16",
"textid": "P313604",
"cdl": [
{
"node": "c",
"type": "text",
"id": "P313604.U0",
"cdl": [
{
"node": "d",
"type": "object",
"ref": ""}
,
{
"node": "d",
"subtype": "obverse",
"type": "surface",
"ref": "P313604.o.1",
"type": "obverse",
"label": "o"}
,
{
"node": "d",
"type": "nonx",
"ref": "P313604.2",
"strict": "0",
"extent": "beginning",
"state": "missing"}
,
{
"node": "c",
"type": "discourse",
"subtype": "body",
"id": "P313604.U1",
"cdl": [
{
"node": "c",
"type": "sentence",
"id": "P313604.U2",
"label": "o 1' - r 5'",
"cdl": [
{
"node": "d",
"type": "line-start",
"ref": "P313604.3",
"n": "1'",
"label": "o 1'"}
,
{
"node": "l",
"frag": "⸢ša",
"id": "P313604.l05318",
"ref": "P313604.3.1",
"inst": "ša[of]DET",
"sig": "@saao/saa16%akk-x-neoass:ša=ša[of//of]DET'DET$ša",
"f": {"lang": "akk-x-neoass",
"form": "ša",
"cf": "ša",
"gw": "of",
"sense": "of",
"norm": "ša",
"pos": "DET",
"epos": "DET"}
}
,
{
"node": "l",
"frag": "E₂.GAL",
"id": "P313604.l05319",
"ref": "P313604.3.2",
"inst": "ēkalli[palace]N",
"sig": "@saao/saa16%akk-x-neoass:E₂.GAL=ēkallu[palace//palace]N'N$ēkalli",
"f": {"lang": "akk-x-neoass",
"form": "E₂.GAL",
"cf": "ēkallu",
"gw": "palace",
"sense": "palace",
"norm": "ēkalli",
"pos": "N",
"epos": "N"}
}
,
{
"node": "l",
"frag": "ša",
"id": "P313604.l0531a",
"ref": "P313604.3.3",
"inst": "ša[who]REL",
"sig": "@saao/saa16%akk-x-neoass:ša=ša[that//who]REL'REL$ša",
"f": {"lang": "akk-x-neoass",
"form": "ša",
"cf": "ša",
"gw": "that",
"sense": "who",
"norm": "ša",
"pos": "REL",
"epos": "REL"}
}
,
{
"node": "l",
"frag": "a-x⸣-[x]",
"id": "P313604.l0531b",
"ref": "P313604.3.4",
"inst": "u",
"f": {"lang": "akk-x-neoass",
"form": "a-x-x",
"pos": "u"}
}
,
{
"node": "d",
"type": "line-start",
"ref": "P313604.4",
"n": "2'",
"label": "o 2'"}
,
{
"node": "l",
"frag": "u₂-qar-ra-bu-u-⸢ni⸣",
"id": "P313604.l0531c",
"ref": "P313604.4.1",
"inst": "qerēbu[approach//produce]V$uqarrabūni",
"sig": "@saao/saa16%akk-x-neoass:u₂-qar-ra-bu-u-ni=qerēbu[approach//produce]V'V$uqarrabūni",
"f": {"lang": "akk-x-neoass",
"form": "u₂-qar-ra-bu-u-ni",
"cf": "qerēbu",
"gw": "approach",
"sense": "produce",
"norm": "uqarrabūni",
"pos": "V",
"epos": "V"}
}
,
{
"node": "d",
"type": "line-start",
"ref": "P313604.5",
"n": "3'",
"label": "o 3'"}
,
{
"node": "l",
"frag": "an-nu-rig",
"id": "P313604.l0531d",
"ref": "P313604.5.1",
"inst": "annurig[now]AV",
"sig": "@saao/saa16%akk-x-neoass:an-nu-rig=annûri[now//now]AV'AV$annurig",
"f": {"lang": "akk-x-neoass",
"form": "an-nu-rig",
"cf": "annûri",
"gw": "now",
"sense": "now",
"norm": "annurig",
"pos": "AV",
"epos": "AV"}
}
,
{
"node": "d",
"type": "line-start",
"ref": "P313604.6",
"n": "4'",
"label": "o 4'"}
,
{
"node": "l",
"frag": "ne₂-e-ta-mar",
"id": "P313604.l0531e",
"ref": "P313604.6.1",
"inst": "nētamar[see]V",
"sig": "@saao/saa16%akk-x-neoass:ne₂-e-ta-mar=amāru[see//see]V'V$nētamar",
"f": {"lang": "akk-x-neoass",
"form": "ne₂-e-ta-mar",
"cf": "amāru",
"gw": "see",
"sense": "see",
"norm": "nētamar",
"pos": "V",
"epos": "V"}
}
,
{
"node": "d",
"type": "line-start",
"ref": "P313604.7",
"n": "5'",
"label": "o 5'"}
,
{
"node": "l",
"frag": "⸢i-ba⸣-aš₂-ši",
"id": "P313604.l0531f",
"ref": "P313604.7.1",
"inst": "ibašši[exist]V",
"sig": "@saao/saa16%akk-x-neoass:i-ba-aš₂-ši=bašû[exist//exist]V'V$ibašši",
"f": {"lang": "akk-x-neoass",
"form": "i-ba-aš₂-ši",
"cf": "bašû",
"gw": "exist",
"sense": "exist",
"norm": "ibašši",
"pos": "V",
"epos": "V"}
}
,
{
"node": "d",
"type": "nonx",
"ref": "P313604.8",
"strict": "0",
"extent": "rest",
"state": "missing"}
,
{
"node": "d",
"subtype": "reverse",
"type": "surface",
"ref": "P313604.r.9",
"type": "reverse",
"label": "r"}
,
{
"node": "d",
"type": "nonx",
"ref": "P313604.10",
"strict": "0",
"extent": "beginning",
"state": "missing"}
,
{
"node": "d",
"type": "line-start",
"ref": "P313604.11",
"n": "1'",
"label": "r 1'"}
,
{
"node": "l",
"frag": "[x",
"id": "P313604.l05320",
"ref": "P313604.11.1",
"inst": "u",
"f": {"lang": "akk-x-neoass",
"form": "x",
"pos": "u"}
}
,
{
"node": "l",
"frag": "x",
"id": "P313604.l05321",
"ref": "P313604.11.2",
"inst": "u",
"f": {"lang": "akk-x-neoass",
"form": "x",
"pos": "u"}
}
,
{
"node": "l",
"frag": "x",
"id": "P313604.l05322",
"ref": "P313604.11.3",
"inst": "u",
"f": {"lang": "akk-x-neoass",
"form": "x",
"pos": "u"}
}
,
{
"node": "l",
"frag": "x",
"id": "P313604.l05323",
"ref": "P313604.11.4",
"inst": "u",
"f": {"lang": "akk-x-neoass",
"form": "x",
"pos": "u"}
}
,
{
"node": "l",
"frag": "x]+⸢x⸣",
"id": "P313604.l05324",
"ref": "P313604.11.5",
"inst": "u",
"f": {"lang": "akk-x-neoass",
"form": "x+x",
"pos": "u"}
}
,
{
"node": "d",
"type": "line-start",
"ref": "P313604.12",
"n": "2'",
"label": "r 2'"}
,
{
"node": "l",
"frag": "[x",
"id": "P313604.l05325",
"ref": "P313604.12.1",
"inst": "u",
"f": {"lang": "akk-x-neoass",
"form": "x",
"pos": "u"}
}
,
{
"node": "l",
"frag": "x",
"id": "P313604.l05326",
"ref": "P313604.12.2",
"inst": "u",
"f": {"lang": "akk-x-neoass",
"form": "x",
"pos": "u"}
}
,
{
"node": "l",
"frag": "x",
"id": "P313604.l05327",
"ref": "P313604.12.3",
"inst": "u",
"f": {"lang": "akk-x-neoass",
"form": "x",
"pos": "u"}
}
,
{
"node": "l",
"frag": "x]-a-te",
"id": "P313604.l05328",
"ref": "P313604.12.4",
"inst": "u",
"f": {"lang": "akk-x-neoass",
"form": "x-a-te",
"pos": "u"}
}
,
{
"node": "d",
"type": "line-start",
"ref": "P313604.13",
"n": "3'",
"label": "r 3'"}
,
{
"node": "l",
"frag": "LUGAL",
"id": "P313604.l05329",
"ref": "P313604.13.1",
"inst": "šarru[king]N",
"sig": "@saao/saa16%akk-x-neoass:LUGAL=šarru[king//king]N'N$šarru",
"f": {"lang": "akk-x-neoass",
"form": "LUGAL",
"cf": "šarru",
"gw": "king",
"sense": "king",
"norm": "šarru",
"pos": "N",
"epos": "N"}
}
,
{
"node": "l",
"frag": "[be-li₂",
"id": "P313604.l0532a",
"ref": "P313604.13.2",
"inst": "bēlī[lord]N",
"sig": "@saao/saa16%akk-x-neoass:be-li₂=bēlu[lord//lord]N'N$bēlī",
"f": {"lang": "akk-x-neoass",
"form": "be-li₂",
"cf": "bēlu",
"gw": "lord",
"sense": "lord",
"norm": "bēlī",
"pos": "N",
"epos": "N"}
}
,
{
"node": "c",
"type": "phrase",
"tag": "phr",
"id": "P313604.U4",
"ref": "P313604.ls00000",
"cdl": [
{
"node": "l",
"frag": "ina]",
"id": "P313604.l0532b",
"ref": "P313604.13.3",
"inst": "ina[in+=about]PRP$",
"sig": "@saao/saa16%akk-x-neoass:ina=ina[in//in]PRP'PRP$ina",
"f": {"lang": "akk-x-neoass",
"form": "ina",
"cf": "ina",
"gw": "in",
"sense": "in",
"norm": "ina",
"pos": "PRP",
"epos": "PRP"}
}
,
{
"node": "l",
"frag": "UGU-hi",
"id": "P313604.l0532c",
"ref": "P313604.13.4",
"inst": "muhhi[skull]N",
"sig": "@saao/saa16%akk-x-neoass:UGU-hi=muhhu[skull//skull]N'N$muhhi",
"f": {"lang": "akk-x-neoass",
"form": "UGU-hi",
"cf": "muhhu",
"gw": "skull",
"sense": "skull",
"norm": "muhhi",
"pos": "N",
"epos": "N"}
}
]}
,
{
"node": "d",
"type": "line-start",
"ref": "P313604.14",
"n": "4'",
"label": "r 4'"}
,
{
"node": "l",
"frag": "la",
"id": "P313604.l0532d",
"ref": "P313604.14.1",
"inst": "lā[not]MOD",
"sig": "@saao/saa16%akk-x-neoass:la=lā[not//not]MOD'MOD$lā",
"f": {"lang": "akk-x-neoass",
"form": "la",
"cf": "lā",
"gw": "not",
"sense": "not",
"norm": "lā",
"pos": "MOD",
"epos": "MOD"}
}
,
{
"node": "l",
"frag": "[x",
"id": "P313604.l0532e",
"ref": "P313604.14.2",
"inst": "u",
"f": {"lang": "akk-x-neoass",
"form": "x",
"pos": "u"}
}
,
{
"node": "l",
"frag": "x",
"id": "P313604.l0532f",
"ref": "P313604.14.3",
"inst": "u",
"f": {"lang": "akk-x-neoass",
"form": "x",
"pos": "u"}
}
,
{
"node": "l",
"frag": "x",
"id": "P313604.l05330",
"ref": "P313604.14.4",
"inst": "u",
"f": {"lang": "akk-x-neoass",
"form": "x",
"pos": "u"}
}
,
{
"node": "l",
"frag": "x",
"id": "P313604.l05331",
"ref": "P313604.14.5",
"inst": "u",
"f": {"lang": "akk-x-neoass",
"form": "x",
"pos": "u"}
}
,
{
"node": "l",
"frag": "x",
"id": "P313604.l05332",
"ref": "P313604.14.6",
"inst": "u",
"f": {"lang": "akk-x-neoass",
"form": "x",
"pos": "u"}
}
,
{
"node": "l",
"frag": "x]",
"id": "P313604.l05333",
"ref": "P313604.14.7",
"inst": "u",
"f": {"lang": "akk-x-neoass",
"form": "x",
"pos": "u"}
}
,
{
"node": "d",
"type": "line-start",
"ref": "P313604.15",
"n": "5'",
"label": "r 5'"}
,
{
"node": "l",
"frag": "ni-[x",
"id": "P313604.l05334",
"ref": "P313604.15.1",
"inst": "u",
"f": {"lang": "akk-x-neoass",
"form": "ni-x",
"pos": "u"}
}
,
{
"node": "l",
"frag": "x",
"id": "P313604.l05335",
"ref": "P313604.15.2",
"inst": "u",
"f": {"lang": "akk-x-neoass",
"form": "x",
"pos": "u"}
}
,
{
"node": "l",
"frag": "x",
"id": "P313604.l05336",
"ref": "P313604.15.3",
"inst": "u",
"f": {"lang": "akk-x-neoass",
"form": "x",
"pos": "u"}
}
,
{
"node": "l",
"frag": "x",
"id": "P313604.l05337",
"ref": "P313604.15.4",
"inst": "u",
"f": {"lang": "akk-x-neoass",
"form": "x",
"pos": "u"}
}
,
{
"node": "l",
"frag": "x",
"id": "P313604.l05338",
"ref": "P313604.15.5",
"inst": "u",
"f": {"lang": "akk-x-neoass",
"form": "x",
"pos": "u"}
}
,
{
"node": "l",
"frag": "x]",
"id": "P313604.l05339",
"ref": "P313604.15.6",
"inst": "u",
"f": {"lang": "akk-x-neoass",
"form": "x",
"pos": "u"}
}
,
{
"node": "d",
"type": "nonx",
"ref": "P313604.16",
"strict": "0",
"extent": "rest",
"state": "missing"}
]}
]}
]}
,
{
"linkbase": [{
"type": "linkset",
"xlink_title": "ina muhhi[on//about]PRP'PRP",
"id": "P313604.ls00000",
"xlink_type": "extended",
"xlink_role": "psu",
"sig": "{ina[in]PRP muhhu[skull]N += ina muhhi[on//about]PRP'PRP}::@saao%akk-x-neoass:ina=ina[in//into]PRP'PRP$ina++@saao%akk-x-neoass:UGU-hi=muhhu[skull//skull]N'N$muhhi",
"links": [
{
"type": "link",
"xlink_title": "ina",
"xlink_type": "locator",
"xlink_href": "#P313604.l0532b",
"xlink_role": "elt"}
,
{
"type": "link",
"xlink_title": "muhhi",
"xlink_type": "locator",
"xlink_href": "#P313604.l0532c",
"xlink_role": "elt"}
]}
]}
]}
