{
"type": "cdl",
  "source": "http://oracc.org/saao/saa16",
  "license": "This data is released under the CC0 license",
  "license-url": "https://creativecommons.org/publicdomain/zero/1.0/",
  "more-info": "http://oracc.org/doc/opendata/",
  "UTC-timestamp": "2017-05-19T11:55:48",
"project": "saao/saa16",
"textid": "P313485",
"cdl": [
{
"node": "c",
"type": "text",
"id": "P313485.U0",
"cdl": [
{
"node": "d",
"type": "object",
"ref": ""}
,
{
"node": "d",
"subtype": "obverse",
"type": "surface",
"ref": "P313485.o.1",
"type": "obverse",
"label": "o"}
,
{
"node": "c",
"type": "discourse",
"subtype": "body",
"id": "P313485.U1",
"cdl": [
{
"node": "c",
"type": "sentence",
"id": "P313485.U2",
"label": "o 1 - r 12'",
"cdl": [
{
"node": "d",
"type": "line-start",
"ref": "P313485.2",
"n": "1",
"label": "o 1"}
,
{
"node": "l",
"frag": "[a]-na",
"id": "P313485.l03fa5",
"ref": "P313485.2.1",
"inst": "ana[to]PRP",
"sig": "@saao/saa16%akk-x-neoass:a-na=ana[to//to]PRP'PRP$ana",
"f": {"lang": "akk-x-neoass",
"form": "a-na",
"cf": "ana",
"gw": "to",
"sense": "to",
"norm": "ana",
"pos": "PRP",
"epos": "PRP"}
}
,
{
"node": "l",
"frag": "LUGAL",
"id": "P313485.l03fa6",
"ref": "P313485.2.2",
"inst": "šarri[king]N",
"sig": "@saao/saa16%akk-x-neoass:LUGAL=šarru[king//king]N'N$šarri",
"f": {"lang": "akk-x-neoass",
"form": "LUGAL",
"cf": "šarru",
"gw": "king",
"sense": "king",
"norm": "šarri",
"pos": "N",
"epos": "N"}
}
,
{
"node": "l",
"frag": "[be-li₂-ia]",
"id": "P313485.l03fa7",
"ref": "P313485.2.3",
"inst": "bēlīya[lord]N",
"sig": "@saao/saa16%akk-x-neoass:be-li₂-ia=bēlu[lord//lord]N'N$bēlīya",
"f": {"lang": "akk-x-neoass",
"form": "be-li₂-ia",
"cf": "bēlu",
"gw": "lord",
"sense": "lord",
"norm": "bēlīya",
"pos": "N",
"epos": "N"}
}
,
{
"node": "d",
"type": "line-start",
"ref": "P313485.3",
"n": "2",
"label": "o 2"}
,
{
"node": "l",
"frag": "ARAD-MEŠ-ka",
"id": "P313485.l03fa8",
"ref": "P313485.3.1",
"inst": "urdānīka[servant]N",
"sig": "@saao/saa16%akk-x-neoass:ARAD-MEŠ-ka=ardu[slave//servant]N'N$urdānīka",
"f": {"lang": "akk-x-neoass",
"form": "ARAD-MEŠ-ka",
"cf": "ardu",
"gw": "slave",
"sense": "servant",
"norm": "urdānīka",
"pos": "N",
"epos": "N"}
}
,
{
"node": "l",
"frag": "{1}{[d}PA-AG₂-UN-MEŠ-šu₂]",
"id": "P313485.l03fa9",
"ref": "P313485.3.2",
"inst": "Nabu-raʾim-nišešu[1]PN$",
"sig": "@saao/saa16%akk-x-neoass:{1}{d}PA-AG₂-UN-MEŠ-šu₂=Nabu-raʾim-nišešu[1//1]PN'PN$Nabu-raʾim-nišešu",
"f": {"lang": "akk-x-neoass",
"form": "{1}{d}PA-AG₂-UN-MEŠ-šu₂",
"cf": "Nabu-raʾim-nišešu",
"gw": "1",
"sense": "1",
"norm": "Nabu-raʾim-nišešu",
"pos": "PN",
"epos": "PN"}
}
,
{
"node": "d",
"type": "line-start",
"ref": "P313485.4",
"n": "3",
"label": "o 3"}
,
{
"node": "l",
"frag": "{1}sa-la-ma-⸢nu⸣",
"id": "P313485.l03faa",
"ref": "P313485.4.1",
"inst": "Salamanu[1]PN$",
"sig": "@saao/saa16%akk-x-neoass:{1}sa-la-ma-nu=Salamanu[1//1]PN'PN$Salamanu",
"f": {"lang": "akk-x-neoass",
"form": "{1}sa-la-ma-nu",
"cf": "Salamanu",
"gw": "1",
"sense": "1",
"norm": "Salamanu",
"pos": "PN",
"epos": "PN"}
}
,
{
"node": "l",
"frag": "[lu-u",
"id": "P313485.l03fab",
"ref": "P313485.4.2",
"inst": "lū[may]MOD",
"sig": "@saao/saa16%akk-x-neoass:lu-u=lū[may//may]MOD'MOD$lū",
"f": {"lang": "akk-x-neoass",
"form": "lu-u",
"cf": "lū",
"gw": "may",
"sense": "may",
"norm": "lū",
"pos": "MOD",
"epos": "MOD"}
}
,
{
"node": "l",
"frag": "šul-mu]",
"id": "P313485.l03fac",
"ref": "P313485.4.3",
"inst": "šulmu[health]N",
"sig": "@saao/saa16%akk-x-neoass:šul-mu=šulmu[completeness//health]N'N$šulmu",
"f": {"lang": "akk-x-neoass",
"form": "šul-mu",
"cf": "šulmu",
"gw": "completeness",
"sense": "health",
"norm": "šulmu",
"pos": "N",
"epos": "N"}
}
,
{
"node": "d",
"type": "line-start",
"ref": "P313485.5",
"n": "4",
"label": "o 4"}
,
{
"node": "l",
"frag": "[a]-⸢na⸣",
"id": "P313485.l03fad",
"ref": "P313485.5.1",
"inst": "ana[to]PRP",
"sig": "@saao/saa16%akk-x-neoass:a-na=ana[to//to]PRP'PRP$ana",
"f": {"lang": "akk-x-neoass",
"form": "a-na",
"cf": "ana",
"gw": "to",
"sense": "to",
"norm": "ana",
"pos": "PRP",
"epos": "PRP"}
}
,
{
"node": "l",
"frag": "LUGAL",
"id": "P313485.l03fae",
"ref": "P313485.5.2",
"inst": "šarri[king]N",
"sig": "@saao/saa16%akk-x-neoass:LUGAL=šarru[king//king]N'N$šarri",
"f": {"lang": "akk-x-neoass",
"form": "LUGAL",
"cf": "šarru",
"gw": "king",
"sense": "king",
"norm": "šarri",
"pos": "N",
"epos": "N"}
}
,
{
"node": "l",
"frag": "⸢be⸣-[li₂-ia]",
"id": "P313485.l03faf",
"ref": "P313485.5.3",
"inst": "bēlīya[lord]N",
"sig": "@saao/saa16%akk-x-neoass:be-li₂-ia=bēlu[lord//lord]N'N$bēlīya",
"f": {"lang": "akk-x-neoass",
"form": "be-li₂-ia",
"cf": "bēlu",
"gw": "lord",
"sense": "lord",
"norm": "bēlīya",
"pos": "N",
"epos": "N"}
}
,
{
"node": "d",
"type": "line-start",
"ref": "P313485.6",
"n": "5",
"label": "o 5"}
,
{
"node": "l",
"frag": "{[d]}⸢PA⸣",
"id": "P313485.l03fb0",
"ref": "P313485.6.1",
"inst": "Nabu[1]DN",
"sig": "@saao/saa16%akk-x-neoass:{d}PA=Nabu[1//1]DN'DN$Nabu",
"f": {"lang": "akk-x-neoass",
"form": "{d}PA",
"cf": "Nabu",
"gw": "1",
"sense": "1",
"norm": "Nabu",
"pos": "DN",
"epos": "DN"}
}
,
{
"node": "l",
"frag": "{d}AMAR.UTU",
"id": "P313485.l03fb1",
"ref": "P313485.6.2",
"inst": "Marduk[1]DN",
"sig": "@saao/saa16%akk-x-neoass:{d}AMAR.UTU=Marduk[1//1]DN'DN$Marduk",
"f": {"lang": "akk-x-neoass",
"form": "{d}AMAR.UTU",
"cf": "Marduk",
"gw": "1",
"sense": "1",
"norm": "Marduk",
"pos": "DN",
"epos": "DN"}
}
,
{
"node": "l",
"frag": "a-na",
"id": "P313485.l03fb2",
"ref": "P313485.6.3",
"inst": "ana[to]PRP",
"sig": "@saao/saa16%akk-x-neoass:a-na=ana[to//to]PRP'PRP$ana",
"f": {"lang": "akk-x-neoass",
"form": "a-na",
"cf": "ana",
"gw": "to",
"sense": "to",
"norm": "ana",
"pos": "PRP",
"epos": "PRP"}
}
,
{
"node": "l",
"frag": "⸢LUGAL⸣",
"id": "P313485.l03fb3",
"ref": "P313485.6.4",
"inst": "šarri[king]N",
"sig": "@saao/saa16%akk-x-neoass:LUGAL=šarru[king//king]N'N$šarri",
"f": {"lang": "akk-x-neoass",
"form": "LUGAL",
"cf": "šarru",
"gw": "king",
"sense": "king",
"norm": "šarri",
"pos": "N",
"epos": "N"}
}
,
{
"node": "l",
"frag": "[be-li₂-ia]",
"id": "P313485.l03fb4",
"ref": "P313485.6.5",
"inst": "bēlīya[lord]N",
"sig": "@saao/saa16%akk-x-neoass:be-li₂-ia=bēlu[lord//lord]N'N$bēlīya",
"f": {"lang": "akk-x-neoass",
"form": "be-li₂-ia",
"cf": "bēlu",
"gw": "lord",
"sense": "lord",
"norm": "bēlīya",
"pos": "N",
"epos": "N"}
}
,
{
"node": "d",
"type": "line-start",
"ref": "P313485.7",
"n": "6",
"label": "o 6"}
,
{
"node": "l",
"frag": "[lik-ru-bu",
"id": "P313485.l03fb5",
"ref": "P313485.7.1",
"inst": "likrubu[bless]V",
"sig": "@saao/saa16%akk-x-neoass:lik-ru-bu=karābu[pray//bless]V'V$likrubu",
"f": {"lang": "akk-x-neoass",
"form": "lik-ru-bu",
"cf": "karābu",
"gw": "pray",
"sense": "bless",
"norm": "likrubu",
"pos": "V",
"epos": "V"}
}
,
{
"node": "l",
"frag": "is-su]-ri",
"id": "P313485.l03fb6",
"ref": "P313485.7.2",
"inst": "issurri[perhaps]AV",
"sig": "@saao/saa16%akk-x-neoass:is-su-ri=issurri[perhaps//perhaps]AV'AV$issurri",
"f": {"lang": "akk-x-neoass",
"form": "is-su-ri",
"cf": "issurri",
"gw": "perhaps",
"sense": "perhaps",
"norm": "issurri",
"pos": "AV",
"epos": "AV"}
}
,
{
"node": "l",
"frag": "LUGAL",
"id": "P313485.l03fb7",
"ref": "P313485.7.3",
"inst": "šarru[king]N",
"sig": "@saao/saa16%akk-x-neoass:LUGAL=šarru[king//king]N'N$šarru",
"f": {"lang": "akk-x-neoass",
"form": "LUGAL",
"cf": "šarru",
"gw": "king",
"sense": "king",
"norm": "šarru",
"pos": "N",
"epos": "N"}
}
,
{
"node": "l",
"frag": "be-li₂",
"id": "P313485.l03fb8",
"ref": "P313485.7.4",
"inst": "bēlī[lord]N",
"sig": "@saao/saa16%akk-x-neoass:be-li₂=bēlu[lord//lord]N'N$bēlī",
"f": {"lang": "akk-x-neoass",
"form": "be-li₂",
"cf": "bēlu",
"gw": "lord",
"sense": "lord",
"norm": "bēlī",
"pos": "N",
"epos": "N"}
}
,
{
"node": "l",
"frag": "i-qab-[bi]",
"id": "P313485.l03fb9",
"ref": "P313485.7.5",
"inst": "iqabbi[say]V",
"sig": "@saao/saa16%akk-x-neoass:i-qab-bi=qabû[say//say]V'V$iqabbi",
"f": {"lang": "akk-x-neoass",
"form": "i-qab-bi",
"cf": "qabû",
"gw": "say",
"sense": "say",
"norm": "iqabbi",
"pos": "V",
"epos": "V"}
}
,
{
"node": "d",
"type": "line-start",
"ref": "P313485.8",
"n": "7",
"label": "o 7"}
,
{
"node": "l",
"frag": "[ma-a",
"id": "P313485.l03fba",
"ref": "P313485.8.1",
"inst": "mā[saying]PRP",
"sig": "@saao/saa16%akk-x-neoass:ma-a=mā[saying//saying]PRP'PRP$mā",
"f": {"lang": "akk-x-neoass",
"form": "ma-a",
"cf": "mā",
"gw": "saying",
"sense": "saying",
"norm": "mā",
"pos": "PRP",
"epos": "PRP"}
}
,
{
"node": "l",
"frag": "a]-⸢ta⸣-a",
"id": "P313485.l03fbb",
"ref": "P313485.8.2",
"inst": "atâ[why?]QP",
"sig": "@saao/saa16%akk-x-neoass:a-ta-a=atā[why?//why?]QP'QP$atâ",
"f": {"lang": "akk-x-neoass",
"form": "a-ta-a",
"cf": "atā",
"gw": "why?",
"sense": "why?",
"norm": "atâ",
"pos": "QP",
"epos": "QP"}
}
,
{
"node": "l",
"frag": "ad-da-kan-ni",
"id": "P313485.l03fbc",
"ref": "P313485.8.3",
"inst": "adakanni[until now]AV$addakanni",
"sig": "@saao/saa16%akk-x-neoass:ad-da-kan-ni=adakanni[until now//until now]AV'AV$addakanni",
"f": {"lang": "akk-x-neoass",
"form": "ad-da-kan-ni",
"cf": "adakanni",
"gw": "until now",
"sense": "until now",
"norm": "addakanni",
"pos": "AV",
"epos": "AV"}
}
,
{
"node": "l",
"frag": "[x",
"id": "P313485.l03fbd",
"ref": "P313485.8.4",
"inst": "u",
"f": {"lang": "akk-x-neoass",
"form": "x",
"pos": "u"}
}
,
{
"node": "l",
"frag": "x",
"id": "P313485.l03fbe",
"ref": "P313485.8.5",
"inst": "u",
"f": {"lang": "akk-x-neoass",
"form": "x",
"pos": "u"}
}
,
{
"node": "l",
"frag": "x]",
"id": "P313485.l03fbf",
"ref": "P313485.8.6",
"inst": "u",
"f": {"lang": "akk-x-neoass",
"form": "x",
"pos": "u"}
}
,
{
"node": "d",
"type": "line-start",
"ref": "P313485.9",
"n": "8",
"label": "o 8"}
,
{
"node": "l",
"frag": "[x",
"id": "P313485.l03fc0",
"ref": "P313485.9.1",
"inst": "u",
"f": {"lang": "akk-x-neoass",
"form": "x",
"pos": "u"}
}
,
{
"node": "l",
"frag": "x",
"id": "P313485.l03fc1",
"ref": "P313485.9.2",
"inst": "u",
"f": {"lang": "akk-x-neoass",
"form": "x",
"pos": "u"}
}
,
{
"node": "l",
"frag": "x",
"id": "P313485.l03fc2",
"ref": "P313485.9.3",
"inst": "u",
"f": {"lang": "akk-x-neoass",
"form": "x",
"pos": "u"}
}
,
{
"node": "l",
"frag": "x",
"id": "P313485.l03fc3",
"ref": "P313485.9.4",
"inst": "u",
"f": {"lang": "akk-x-neoass",
"form": "x",
"pos": "u"}
}
,
{
"node": "l",
"frag": "x]-ka-a-ni",
"id": "P313485.l03fc4",
"ref": "P313485.9.5",
"inst": "u",
"f": {"lang": "akk-x-neoass",
"form": "x-ka-a-ni",
"pos": "u"}
}
,
{
"node": "l",
"frag": "{1}pa-ʾe-⸢e⸣",
"id": "P313485.l03fc5",
"ref": "P313485.9.6",
"inst": "Paʾe[1]PN$",
"sig": "@saao/saa16%akk-x-neoass:{1}pa-ʾe-e=Paʾe[1//1]PN'PN$Paʾe",
"f": {"lang": "akk-x-neoass",
"form": "{1}pa-ʾe-e",
"cf": "Paʾe",
"gw": "1",
"sense": "1",
"norm": "Paʾe",
"pos": "PN",
"epos": "PN"}
}
,
{
"node": "l",
"frag": "[o]",
"id": "P313485.l03fc6",
"ref": "P313485.9.7",
"inst": "u",
"f": {"lang": "akk-x-neoass",
"form": "o",
"pos": "u"}
}
,
{
"node": "d",
"type": "line-start",
"ref": "P313485.10",
"n": "9",
"label": "o 9"}
,
{
"node": "l",
"frag": "{[lu₂}qe]-⸢e⸣-pu",
"id": "P313485.l03fc7",
"ref": "P313485.10.1",
"inst": "qēpu[(royal) delegate]N",
"sig": "@saao/saa16%akk-x-neoass:{LU₂}qe-e-pu=qīpu[representative//(royal) delegate]N'N$qēpu",
"f": {"lang": "akk-x-neoass",
"form": "{LU₂}qe-e-pu",
"cf": "qīpu",
"gw": "representative",
"sense": "(royal) delegate",
"norm": "qēpu",
"pos": "N",
"epos": "N"}
}
,
{
"node": "l",
"frag": "ša",
"id": "P313485.l03fc8",
"ref": "P313485.10.2",
"inst": "ša[of]DET",
"sig": "@saao/saa16%akk-x-neoass:ša=ša[of//of]DET'DET$ša",
"f": {"lang": "akk-x-neoass",
"form": "ša",
"cf": "ša",
"gw": "of",
"sense": "of",
"norm": "ša",
"pos": "DET",
"epos": "DET"}
}
,
{
"node": "l",
"frag": "{kur}a-ra-⸢še⸣",
"id": "P313485.l03fc9",
"ref": "P313485.10.3",
"inst": "Araše[1]GN",
"sig": "@saao/saa16%akk-x-neoass:{KUR}a-ra-še=Araši[1//1]GN'GN$Araše",
"f": {"lang": "akk-x-neoass",
"form": "{KUR}a-ra-še",
"cf": "Araši",
"gw": "1",
"sense": "1",
"norm": "Araše",
"pos": "GN",
"epos": "GN"}
}
,
{
"node": "l",
"frag": "[x]",
"id": "P313485.l03fca",
"ref": "P313485.10.4",
"inst": "u",
"f": {"lang": "akk-x-neoass",
"form": "x",
"pos": "u"}
}
,
{
"node": "d",
"type": "line-start",
"ref": "P313485.11",
"n": "10",
"label": "o 10"}
,
{
"node": "l",
"frag": "[iq-ṭi]-⸢ba⸣-na-a-ši",
"id": "P313485.l03fcb",
"ref": "P313485.11.1",
"inst": "qabû[say]V$iqṭibânnāši",
"sig": "@saao/saa16%akk-x-neoass:iq-ṭi-ba-na-a-ši=qabû[say//say]V'V$iqṭibânnāši",
"f": {"lang": "akk-x-neoass",
"form": "iq-ṭi-ba-na-a-ši",
"cf": "qabû",
"gw": "say",
"sense": "say",
"norm": "iqṭibânnāši",
"pos": "V",
"epos": "V"}
}
,
{
"node": "l",
"frag": "ma-a",
"id": "P313485.l03fcc",
"ref": "P313485.11.2",
"inst": "mā[saying]PRP",
"sig": "@saao/saa16%akk-x-neoass:ma-a=mā[saying//saying]PRP'PRP$mā",
"f": {"lang": "akk-x-neoass",
"form": "ma-a",
"cf": "mā",
"gw": "saying",
"sense": "saying",
"norm": "mā",
"pos": "PRP",
"epos": "PRP"}
}
,
{
"node": "l",
"frag": "⸢x⸣+[x",
"id": "P313485.l03fcd",
"ref": "P313485.11.3",
"inst": "u",
"f": {"lang": "akk-x-neoass",
"form": "x+x",
"pos": "u"}
}
,
{
"node": "l",
"frag": "x",
"id": "P313485.l03fce",
"ref": "P313485.11.4",
"inst": "u",
"f": {"lang": "akk-x-neoass",
"form": "x",
"pos": "u"}
}
,
{
"node": "l",
"frag": "x]",
"id": "P313485.l03fcf",
"ref": "P313485.11.5",
"inst": "u",
"f": {"lang": "akk-x-neoass",
"form": "x",
"pos": "u"}
}
,
{
"node": "d",
"type": "line-start",
"ref": "P313485.12",
"n": "11",
"label": "o 11"}
,
{
"node": "l",
"frag": "[x",
"id": "P313485.l03fd0",
"ref": "P313485.12.1",
"inst": "u",
"f": {"lang": "akk-x-neoass",
"form": "x",
"pos": "u"}
}
,
{
"node": "l",
"frag": "x",
"id": "P313485.l03fd1",
"ref": "P313485.12.2",
"inst": "u",
"f": {"lang": "akk-x-neoass",
"form": "x",
"pos": "u"}
}
,
{
"node": "l",
"frag": "x",
"id": "P313485.l03fd2",
"ref": "P313485.12.3",
"inst": "u",
"f": {"lang": "akk-x-neoass",
"form": "x",
"pos": "u"}
}
,
{
"node": "l",
"frag": "{kur]}⸢NIM⸣.MA-a.a",
"id": "P313485.l03fd3",
"ref": "P313485.12.4",
"inst": "Elamaya[Elamite]EN",
"sig": "@saao/saa16%akk-x-neoass:{KUR}NIM.MA-a.a=Elamaya[Elamite//Elamite]EN'EN$Elamaya",
"f": {"lang": "akk-x-neoass",
"form": "{KUR}NIM.MA-a.a",
"cf": "Elamaya",
"gw": "Elamite",
"sense": "Elamite",
"norm": "Elamaya",
"pos": "EN",
"epos": "EN"}
}
,
{
"node": "l",
"frag": "⸢x⸣+[x",
"id": "P313485.l03fd4",
"ref": "P313485.12.5",
"inst": "u",
"f": {"lang": "akk-x-neoass",
"form": "x+x",
"pos": "u"}
}
,
{
"node": "l",
"frag": "x",
"id": "P313485.l03fd5",
"ref": "P313485.12.6",
"inst": "u",
"f": {"lang": "akk-x-neoass",
"form": "x",
"pos": "u"}
}
,
{
"node": "l",
"frag": "x",
"id": "P313485.l03fd6",
"ref": "P313485.12.7",
"inst": "u",
"f": {"lang": "akk-x-neoass",
"form": "x",
"pos": "u"}
}
,
{
"node": "l",
"frag": "x",
"id": "P313485.l03fd7",
"ref": "P313485.12.8",
"inst": "u",
"f": {"lang": "akk-x-neoass",
"form": "x",
"pos": "u"}
}
,
{
"node": "l",
"frag": "x]",
"id": "P313485.l03fd8",
"ref": "P313485.12.9",
"inst": "u",
"f": {"lang": "akk-x-neoass",
"form": "x",
"pos": "u"}
}
,
{
"node": "d",
"type": "line-start",
"ref": "P313485.13",
"n": "12",
"label": "o 12"}
,
{
"node": "l",
"frag": "[x",
"id": "P313485.l03fd9",
"ref": "P313485.13.1",
"inst": "u",
"f": {"lang": "akk-x-neoass",
"form": "x",
"pos": "u"}
}
,
{
"node": "l",
"frag": "x",
"id": "P313485.l03fda",
"ref": "P313485.13.2",
"inst": "u",
"f": {"lang": "akk-x-neoass",
"form": "x",
"pos": "u"}
}
,
{
"node": "l",
"frag": "x",
"id": "P313485.l03fdb",
"ref": "P313485.13.3",
"inst": "u",
"f": {"lang": "akk-x-neoass",
"form": "x",
"pos": "u"}
}
,
{
"node": "l",
"frag": "x",
"id": "P313485.l03fdc",
"ref": "P313485.13.4",
"inst": "u",
"f": {"lang": "akk-x-neoass",
"form": "x",
"pos": "u"}
}
,
{
"node": "l",
"frag": "x]+⸢x",
"id": "P313485.l03fdd",
"ref": "P313485.13.5",
"inst": "u",
"f": {"lang": "akk-x-neoass",
"form": "x+x",
"pos": "u"}
}
,
{
"node": "l",
"frag": "x⸣+[x",
"id": "P313485.l03fde",
"ref": "P313485.13.6",
"inst": "u",
"f": {"lang": "akk-x-neoass",
"form": "x+x",
"pos": "u"}
}
,
{
"node": "l",
"frag": "x",
"id": "P313485.l03fdf",
"ref": "P313485.13.7",
"inst": "u",
"f": {"lang": "akk-x-neoass",
"form": "x",
"pos": "u"}
}
,
{
"node": "l",
"frag": "x",
"id": "P313485.l03fe0",
"ref": "P313485.13.8",
"inst": "u",
"f": {"lang": "akk-x-neoass",
"form": "x",
"pos": "u"}
}
,
{
"node": "l",
"frag": "x",
"id": "P313485.l03fe1",
"ref": "P313485.13.9",
"inst": "u",
"f": {"lang": "akk-x-neoass",
"form": "x",
"pos": "u"}
}
,
{
"node": "l",
"frag": "x",
"id": "P313485.l03fe2",
"ref": "P313485.13.10",
"inst": "u",
"f": {"lang": "akk-x-neoass",
"form": "x",
"pos": "u"}
}
,
{
"node": "l",
"frag": "x",
"id": "P313485.l03fe3",
"ref": "P313485.13.11",
"inst": "u",
"f": {"lang": "akk-x-neoass",
"form": "x",
"pos": "u"}
}
,
{
"node": "l",
"frag": "x",
"id": "P313485.l03fe4",
"ref": "P313485.13.12",
"inst": "u",
"f": {"lang": "akk-x-neoass",
"form": "x",
"pos": "u"}
}
,
{
"node": "l",
"frag": "x]",
"id": "P313485.l03fe5",
"ref": "P313485.13.13",
"inst": "u",
"f": {"lang": "akk-x-neoass",
"form": "x",
"pos": "u"}
}
,
{
"node": "d",
"type": "nonx",
"ref": "P313485.14",
"strict": "0",
"extent": "rest",
"state": "missing"}
,
{
"node": "d",
"subtype": "reverse",
"type": "surface",
"ref": "P313485.r.15",
"type": "reverse",
"label": "r"}
,
{
"node": "d",
"type": "nonx",
"ref": "P313485.16",
"strict": "0",
"extent": "beginning",
"state": "missing"}
,
{
"node": "d",
"type": "line-start",
"ref": "P313485.17",
"n": "1'",
"label": "r 1'"}
,
{
"node": "l",
"frag": "[x",
"id": "P313485.l03fe6",
"ref": "P313485.17.1",
"inst": "u",
"f": {"lang": "akk-x-neoass",
"form": "x",
"pos": "u"}
}
,
{
"node": "l",
"frag": "x",
"id": "P313485.l03fe7",
"ref": "P313485.17.2",
"inst": "u",
"f": {"lang": "akk-x-neoass",
"form": "x",
"pos": "u"}
}
,
{
"node": "l",
"frag": "x",
"id": "P313485.l03fe8",
"ref": "P313485.17.3",
"inst": "u",
"f": {"lang": "akk-x-neoass",
"form": "x",
"pos": "u"}
}
,
{
"node": "l",
"frag": "x",
"id": "P313485.l03fe9",
"ref": "P313485.17.4",
"inst": "u",
"f": {"lang": "akk-x-neoass",
"form": "x",
"pos": "u"}
}
,
{
"node": "l",
"frag": "x]+⸢x⸣+[x",
"id": "P313485.l03fea",
"ref": "P313485.17.5",
"inst": "u",
"f": {"lang": "akk-x-neoass",
"form": "x+x+x",
"pos": "u"}
}
,
{
"node": "l",
"frag": "x",
"id": "P313485.l03feb",
"ref": "P313485.17.6",
"inst": "u",
"f": {"lang": "akk-x-neoass",
"form": "x",
"pos": "u"}
}
,
{
"node": "l",
"frag": "x",
"id": "P313485.l03fec",
"ref": "P313485.17.7",
"inst": "u",
"f": {"lang": "akk-x-neoass",
"form": "x",
"pos": "u"}
}
,
{
"node": "l",
"frag": "x",
"id": "P313485.l03fed",
"ref": "P313485.17.8",
"inst": "u",
"f": {"lang": "akk-x-neoass",
"form": "x",
"pos": "u"}
}
,
{
"node": "l",
"frag": "x]",
"id": "P313485.l03fee",
"ref": "P313485.17.9",
"inst": "u",
"f": {"lang": "akk-x-neoass",
"form": "x",
"pos": "u"}
}
,
{
"node": "d",
"type": "line-start",
"ref": "P313485.18",
"n": "2'",
"label": "r 2'"}
,
{
"node": "l",
"frag": "[x",
"id": "P313485.l03fef",
"ref": "P313485.18.1",
"inst": "u",
"f": {"lang": "akk-x-neoass",
"form": "x",
"pos": "u"}
}
,
{
"node": "l",
"frag": "x",
"id": "P313485.l03ff0",
"ref": "P313485.18.2",
"inst": "u",
"f": {"lang": "akk-x-neoass",
"form": "x",
"pos": "u"}
}
,
{
"node": "l",
"frag": "x",
"id": "P313485.l03ff1",
"ref": "P313485.18.3",
"inst": "u",
"f": {"lang": "akk-x-neoass",
"form": "x",
"pos": "u"}
}
,
{
"node": "l",
"frag": "x]+⸢x",
"id": "P313485.l03ff2",
"ref": "P313485.18.4",
"inst": "u",
"f": {"lang": "akk-x-neoass",
"form": "x+x",
"pos": "u"}
}
,
{
"node": "l",
"frag": "x⸣+[x",
"id": "P313485.l03ff3",
"ref": "P313485.18.5",
"inst": "u",
"f": {"lang": "akk-x-neoass",
"form": "x+x",
"pos": "u"}
}
,
{
"node": "l",
"frag": "x",
"id": "P313485.l03ff4",
"ref": "P313485.18.6",
"inst": "u",
"f": {"lang": "akk-x-neoass",
"form": "x",
"pos": "u"}
}
,
{
"node": "l",
"frag": "x",
"id": "P313485.l03ff5",
"ref": "P313485.18.7",
"inst": "u",
"f": {"lang": "akk-x-neoass",
"form": "x",
"pos": "u"}
}
,
{
"node": "l",
"frag": "x",
"id": "P313485.l03ff6",
"ref": "P313485.18.8",
"inst": "u",
"f": {"lang": "akk-x-neoass",
"form": "x",
"pos": "u"}
}
,
{
"node": "l",
"frag": "x]",
"id": "P313485.l03ff7",
"ref": "P313485.18.9",
"inst": "u",
"f": {"lang": "akk-x-neoass",
"form": "x",
"pos": "u"}
}
,
{
"node": "d",
"type": "line-start",
"ref": "P313485.19",
"n": "3'",
"label": "r 3'"}
,
{
"node": "l",
"frag": "[x",
"id": "P313485.l03ff8",
"ref": "P313485.19.1",
"inst": "u",
"f": {"lang": "akk-x-neoass",
"form": "x",
"pos": "u"}
}
,
{
"node": "l",
"frag": "x",
"id": "P313485.l03ff9",
"ref": "P313485.19.2",
"inst": "u",
"f": {"lang": "akk-x-neoass",
"form": "x",
"pos": "u"}
}
,
{
"node": "l",
"frag": "x",
"id": "P313485.l03ffa",
"ref": "P313485.19.3",
"inst": "u",
"f": {"lang": "akk-x-neoass",
"form": "x",
"pos": "u"}
}
,
{
"node": "l",
"frag": "x]",
"id": "P313485.l03ffb",
"ref": "P313485.19.4",
"inst": "u",
"f": {"lang": "akk-x-neoass",
"form": "x",
"pos": "u"}
}
,
{
"node": "l",
"frag": "an",
"id": "P313485.l03ffc",
"ref": "P313485.19.5",
"inst": "u",
"f": {"lang": "akk-x-neoass",
"form": "an",
"pos": "u"}
}
,
{
"node": "l",
"frag": "[x",
"id": "P313485.l03ffd",
"ref": "P313485.19.6",
"inst": "u",
"f": {"lang": "akk-x-neoass",
"form": "x",
"pos": "u"}
}
,
{
"node": "l",
"frag": "x",
"id": "P313485.l03ffe",
"ref": "P313485.19.7",
"inst": "u",
"f": {"lang": "akk-x-neoass",
"form": "x",
"pos": "u"}
}
,
{
"node": "l",
"frag": "x",
"id": "P313485.l03fff",
"ref": "P313485.19.8",
"inst": "u",
"f": {"lang": "akk-x-neoass",
"form": "x",
"pos": "u"}
}
,
{
"node": "l",
"frag": "x",
"id": "P313485.l04000",
"ref": "P313485.19.9",
"inst": "u",
"f": {"lang": "akk-x-neoass",
"form": "x",
"pos": "u"}
}
,
{
"node": "l",
"frag": "x]",
"id": "P313485.l04001",
"ref": "P313485.19.10",
"inst": "u",
"f": {"lang": "akk-x-neoass",
"form": "x",
"pos": "u"}
}
,
{
"node": "d",
"type": "line-start",
"ref": "P313485.20",
"n": "4'",
"label": "r 4'"}
,
{
"node": "l",
"frag": "[an-nu]-⸢rig⸣",
"id": "P313485.l04002",
"ref": "P313485.20.1",
"inst": "annurig[now]AV",
"sig": "@saao/saa16%akk-x-neoass:an-nu-rig=annûri[now//now]AV'AV$annurig",
"f": {"lang": "akk-x-neoass",
"form": "an-nu-rig",
"cf": "annûri",
"gw": "now",
"sense": "now",
"norm": "annurig",
"pos": "AV",
"epos": "AV"}
}
,
{
"node": "l",
"frag": "a-⸢na⸣",
"id": "P313485.l04003",
"ref": "P313485.20.2",
"inst": "ana[to]PRP",
"sig": "@saao/saa16%akk-x-neoass:a-na=ana[to//to]PRP'PRP$ana",
"f": {"lang": "akk-x-neoass",
"form": "a-na",
"cf": "ana",
"gw": "to",
"sense": "to",
"norm": "ana",
"pos": "PRP",
"epos": "PRP"}
}
,
{
"node": "l",
"frag": "[LUGAL",
"id": "P313485.l04004",
"ref": "P313485.20.3",
"inst": "šarri[king]N",
"sig": "@saao/saa16%akk-x-neoass:LUGAL=šarru[king//king]N'N$šarri",
"f": {"lang": "akk-x-neoass",
"form": "LUGAL",
"cf": "šarru",
"gw": "king",
"sense": "king",
"norm": "šarri",
"pos": "N",
"epos": "N"}
}
,
{
"node": "l",
"frag": "EN-ia]",
"id": "P313485.l04005",
"ref": "P313485.20.4",
"inst": "bēlīya[lord]N",
"sig": "@saao/saa16%akk-x-neoass:EN-ia=bēlu[lord//lord]N'N$bēlīya",
"f": {"lang": "akk-x-neoass",
"form": "EN-ia",
"cf": "bēlu",
"gw": "lord",
"sense": "lord",
"norm": "bēlīya",
"pos": "N",
"epos": "N"}
}
,
{
"node": "d",
"type": "line-start",
"ref": "P313485.21",
"n": "5'",
"label": "r 5'"}
,
{
"node": "l",
"frag": "[ni]-is-sap-⸢ra⸣",
"id": "P313485.l04006",
"ref": "P313485.21.1",
"inst": "šapāru[send//write]V$nissapra",
"sig": "@saao/saa16%akk-x-neoass:ni-is-sap-ra=šapāru[send//write]V'V$nissapra",
"f": {"lang": "akk-x-neoass",
"form": "ni-is-sap-ra",
"cf": "šapāru",
"gw": "send",
"sense": "write",
"norm": "nissapra",
"pos": "V",
"epos": "V"}
}
,
{
"node": "l",
"frag": "[x",
"id": "P313485.l04007",
"ref": "P313485.21.2",
"inst": "u",
"f": {"lang": "akk-x-neoass",
"form": "x",
"pos": "u"}
}
,
{
"node": "l",
"frag": "x",
"id": "P313485.l04008",
"ref": "P313485.21.3",
"inst": "u",
"f": {"lang": "akk-x-neoass",
"form": "x",
"pos": "u"}
}
,
{
"node": "l",
"frag": "x]",
"id": "P313485.l04009",
"ref": "P313485.21.4",
"inst": "u",
"f": {"lang": "akk-x-neoass",
"form": "x",
"pos": "u"}
}
,
{
"node": "d",
"type": "line-start",
"ref": "P313485.22",
"n": "6'",
"label": "r 6'"}
,
{
"node": "l",
"frag": "[a]-⸢du⸣",
"id": "P313485.l0400a",
"ref": "P313485.22.1",
"inst": "adi[until]PRP'SBJ$adu",
"sig": "@saao/saa16%akk-x-neoass:a-du=adi[until//until]PRP'SBJ$adu",
"f": {"lang": "akk-x-neoass",
"form": "a-du",
"cf": "adi",
"gw": "until",
"sense": "until",
"norm": "adu",
"pos": "PRP",
"epos": "SBJ"}
}
,
{
"node": "l",
"frag": "LUGAL",
"id": "P313485.l0400b",
"ref": "P313485.22.2",
"inst": "šarru[king]N",
"sig": "@saao/saa16%akk-x-neoass:LUGAL=šarru[king//king]N'N$šarru",
"f": {"lang": "akk-x-neoass",
"form": "LUGAL",
"cf": "šarru",
"gw": "king",
"sense": "king",
"norm": "šarru",
"pos": "N",
"epos": "N"}
}
,
{
"node": "l",
"frag": "be-li₂",
"id": "P313485.l0400c",
"ref": "P313485.22.3",
"inst": "bēlī[lord]N",
"sig": "@saao/saa16%akk-x-neoass:be-li₂=bēlu[lord//lord]N'N$bēlī",
"f": {"lang": "akk-x-neoass",
"form": "be-li₂",
"cf": "bēlu",
"gw": "lord",
"sense": "lord",
"norm": "bēlī",
"pos": "N",
"epos": "N"}
}
,
{
"node": "l",
"frag": "[x",
"id": "P313485.l0400d",
"ref": "P313485.22.4",
"inst": "u",
"f": {"lang": "akk-x-neoass",
"form": "x",
"pos": "u"}
}
,
{
"node": "l",
"frag": "x",
"id": "P313485.l0400e",
"ref": "P313485.22.5",
"inst": "u",
"f": {"lang": "akk-x-neoass",
"form": "x",
"pos": "u"}
}
,
{
"node": "l",
"frag": "x",
"id": "P313485.l0400f",
"ref": "P313485.22.6",
"inst": "u",
"f": {"lang": "akk-x-neoass",
"form": "x",
"pos": "u"}
}
,
{
"node": "l",
"frag": "x]",
"id": "P313485.l04010",
"ref": "P313485.22.7",
"inst": "u",
"f": {"lang": "akk-x-neoass",
"form": "x",
"pos": "u"}
}
,
{
"node": "d",
"type": "line-start",
"ref": "P313485.23",
"n": "7'",
"label": "r 7'"}
,
{
"node": "l",
"frag": "[x",
"id": "P313485.l04011",
"ref": "P313485.23.1",
"inst": "u",
"f": {"lang": "akk-x-neoass",
"form": "x",
"pos": "u"}
}
,
{
"node": "l",
"frag": "x]",
"id": "P313485.l04012",
"ref": "P313485.23.2",
"inst": "u",
"f": {"lang": "akk-x-neoass",
"form": "x",
"pos": "u"}
}
,
{
"node": "l",
"frag": "⸢li⸣",
"id": "P313485.l04013",
"ref": "P313485.23.3",
"inst": "u",
"f": {"lang": "akk-x-neoass",
"form": "li",
"pos": "u"}
}
,
{
"node": "l",
"frag": "it",
"id": "P313485.l04014",
"ref": "P313485.23.4",
"inst": "u",
"f": {"lang": "akk-x-neoass",
"form": "it",
"pos": "u"}
}
,
{
"node": "l",
"frag": "qi",
"id": "P313485.l04015",
"ref": "P313485.23.5",
"inst": "u",
"f": {"lang": "akk-x-neoass",
"form": "qi",
"pos": "u"}
}
,
{
"node": "l",
"frag": "ab",
"id": "P313485.l04016",
"ref": "P313485.23.6",
"inst": "u",
"f": {"lang": "akk-x-neoass",
"form": "ab",
"pos": "u"}
}
,
{
"node": "l",
"frag": "⸢x⸣+[x",
"id": "P313485.l04017",
"ref": "P313485.23.7",
"inst": "u",
"f": {"lang": "akk-x-neoass",
"form": "x+x",
"pos": "u"}
}
,
{
"node": "l",
"frag": "x",
"id": "P313485.l04018",
"ref": "P313485.23.8",
"inst": "u",
"f": {"lang": "akk-x-neoass",
"form": "x",
"pos": "u"}
}
,
{
"node": "l",
"frag": "x",
"id": "P313485.l04019",
"ref": "P313485.23.9",
"inst": "u",
"f": {"lang": "akk-x-neoass",
"form": "x",
"pos": "u"}
}
,
{
"node": "l",
"frag": "x]",
"id": "P313485.l0401a",
"ref": "P313485.23.10",
"inst": "u",
"f": {"lang": "akk-x-neoass",
"form": "x",
"pos": "u"}
}
,
{
"node": "d",
"type": "line-start",
"ref": "P313485.24",
"n": "8'",
"label": "r 8'"}
,
{
"node": "l",
"frag": "[x",
"id": "P313485.l0401b",
"ref": "P313485.24.1",
"inst": "u",
"f": {"lang": "akk-x-neoass",
"form": "x",
"pos": "u"}
}
,
{
"node": "l",
"frag": "x]",
"id": "P313485.l0401c",
"ref": "P313485.24.2",
"inst": "u",
"f": {"lang": "akk-x-neoass",
"form": "x",
"pos": "u"}
}
,
{
"node": "l",
"frag": "DUMU",
"id": "P313485.l0401d",
"ref": "P313485.24.3",
"inst": "mār[son]N",
"sig": "@saao/saa16%akk-x-neoass:DUMU=māru[son//son]N'N$mār",
"f": {"lang": "akk-x-neoass",
"form": "DUMU",
"cf": "māru",
"gw": "son",
"sense": "son",
"norm": "mār",
"pos": "N",
"epos": "N"}
}
,
{
"node": "l",
"frag": "{1}um-ba-⸢ki⸣-[di-ni]",
"id": "P313485.l0401e",
"ref": "P313485.24.4",
"inst": "Umban-kidinni[1]PN$Umbak-kidinni",
"sig": "@saao/saa16%akk-x-neoass:{1}um-ba-ki-di-ni=Umban-kidinni[1//1]PN'PN$Umbak-kidinni",
"f": {"lang": "akk-x-neoass",
"form": "{1}um-ba-ki-di-ni",
"cf": "Umban-kidinni",
"gw": "1",
"sense": "1",
"norm": "Umbak-kidinni",
"pos": "PN",
"epos": "PN"}
}
,
{
"node": "d",
"type": "line-start",
"ref": "P313485.25",
"n": "9'",
"label": "r 9'"}
,
{
"node": "l",
"frag": "[ina]",
"id": "P313485.l0401f",
"ref": "P313485.25.1",
"inst": "ina[in]PRP",
"sig": "@saao/saa16%akk-x-neoass:ina=ina[in//in]PRP'PRP$ina",
"f": {"lang": "akk-x-neoass",
"form": "ina",
"cf": "ina",
"gw": "in",
"sense": "in",
"norm": "ina",
"pos": "PRP",
"epos": "PRP"}
}
,
{
"node": "l",
"frag": "⸢ITI⸣",
"id": "P313485.l04020",
"ref": "P313485.25.2",
"inst": "urhi[month]N",
"sig": "@saao/saa16%akk-x-neoass:ITI=arhu[month//month]N'N$urhi",
"f": {"lang": "akk-x-neoass",
"form": "ITI",
"cf": "arhu",
"gw": "month",
"sense": "month",
"norm": "urhi",
"pos": "N",
"epos": "N"}
}
,
{
"node": "l",
"frag": "an-ni-e",
"id": "P313485.l04021",
"ref": "P313485.25.3",
"inst": "annīe[this]DP",
"sig": "@saao/saa16%akk-x-neoass:an-ni-e=annû[this//this]DP'DP$annīe",
"f": {"lang": "akk-x-neoass",
"form": "an-ni-e",
"cf": "annû",
"gw": "this",
"sense": "this",
"norm": "annīe",
"pos": "DP",
"epos": "DP"}
}
,
{
"node": "l",
"frag": "[x",
"id": "P313485.l04022",
"ref": "P313485.25.4",
"inst": "u",
"f": {"lang": "akk-x-neoass",
"form": "x",
"pos": "u"}
}
,
{
"node": "l",
"frag": "x]",
"id": "P313485.l04023",
"ref": "P313485.25.5",
"inst": "u",
"f": {"lang": "akk-x-neoass",
"form": "x",
"pos": "u"}
}
,
{
"node": "d",
"type": "line-start",
"ref": "P313485.26",
"n": "10'",
"label": "r 10'"}
,
{
"node": "l",
"frag": "[x",
"id": "P313485.l04024",
"ref": "P313485.26.1",
"inst": "u",
"f": {"lang": "akk-x-neoass",
"form": "x",
"pos": "u"}
}
,
{
"node": "l",
"frag": "x",
"id": "P313485.l04025",
"ref": "P313485.26.2",
"inst": "u",
"f": {"lang": "akk-x-neoass",
"form": "x",
"pos": "u"}
}
,
{
"node": "l",
"frag": "x]+⸢x⸣",
"id": "P313485.l04026",
"ref": "P313485.26.3",
"inst": "u",
"f": {"lang": "akk-x-neoass",
"form": "x+x",
"pos": "u"}
}
,
{
"node": "l",
"frag": "{uru}de-⸢e⸣-[re",
"id": "P313485.l04027",
"ref": "P313485.26.4",
"inst": "Deru[Der]GN$Dere",
"sig": "@saao/saa16%akk-x-neoass:{URU}de-e-re=Deru[Der//Der]GN'GN$Dere",
"f": {"lang": "akk-x-neoass",
"form": "{URU}de-e-re",
"cf": "Deru",
"gw": "Der",
"sense": "Der",
"norm": "Dere",
"pos": "GN",
"epos": "GN"}
}
,
{
"node": "l",
"frag": "x",
"id": "P313485.l04028",
"ref": "P313485.26.5",
"inst": "u",
"f": {"lang": "akk-x-neoass",
"form": "x",
"pos": "u"}
}
,
{
"node": "l",
"frag": "x]",
"id": "P313485.l04029",
"ref": "P313485.26.6",
"inst": "u",
"f": {"lang": "akk-x-neoass",
"form": "x",
"pos": "u"}
}
,
{
"node": "d",
"type": "line-start",
"ref": "P313485.27",
"n": "11'",
"label": "r 11'"}
,
{
"node": "l",
"frag": "[x",
"id": "P313485.l0402a",
"ref": "P313485.27.1",
"inst": "u",
"f": {"lang": "akk-x-neoass",
"form": "x",
"pos": "u"}
}
,
{
"node": "l",
"frag": "x",
"id": "P313485.l0402b",
"ref": "P313485.27.2",
"inst": "u",
"f": {"lang": "akk-x-neoass",
"form": "x",
"pos": "u"}
}
,
{
"node": "l",
"frag": "x]-a",
"id": "P313485.l0402c",
"ref": "P313485.27.3",
"inst": "u",
"f": {"lang": "akk-x-neoass",
"form": "x-a",
"pos": "u"}
}
,
{
"node": "l",
"frag": "ina",
"id": "P313485.l0402d",
"ref": "P313485.27.4",
"inst": "ina[in]PRP",
"sig": "@saao/saa16%akk-x-neoass:ina=ina[in//in]PRP'PRP$ina",
"f": {"lang": "akk-x-neoass",
"form": "ina",
"cf": "ina",
"gw": "in",
"sense": "in",
"norm": "ina",
"pos": "PRP",
"epos": "PRP"}
}
,
{
"node": "l",
"frag": "{uru}[x",
"id": "P313485.l0402e",
"ref": "P313485.27.5",
"inst": "u",
"f": {"lang": "akk-x-neoass",
"form": "{URU}x",
"pos": "u"}
}
,
{
"node": "l",
"frag": "x",
"id": "P313485.l0402f",
"ref": "P313485.27.6",
"inst": "u",
"f": {"lang": "akk-x-neoass",
"form": "x",
"pos": "u"}
}
,
{
"node": "l",
"frag": "x",
"id": "P313485.l04030",
"ref": "P313485.27.7",
"inst": "u",
"f": {"lang": "akk-x-neoass",
"form": "x",
"pos": "u"}
}
,
{
"node": "l",
"frag": "x]",
"id": "P313485.l04031",
"ref": "P313485.27.8",
"inst": "u",
"f": {"lang": "akk-x-neoass",
"form": "x",
"pos": "u"}
}
,
{
"node": "d",
"type": "line-start",
"ref": "P313485.28",
"n": "12'",
"label": "r 12'"}
,
{
"node": "l",
"frag": "[x",
"id": "P313485.l04032",
"ref": "P313485.28.1",
"inst": "u",
"f": {"lang": "akk-x-neoass",
"form": "x",
"pos": "u"}
}
,
{
"node": "l",
"frag": "x",
"id": "P313485.l04033",
"ref": "P313485.28.2",
"inst": "u",
"f": {"lang": "akk-x-neoass",
"form": "x",
"pos": "u"}
}
,
{
"node": "l",
"frag": "x]",
"id": "P313485.l04034",
"ref": "P313485.28.3",
"inst": "u",
"f": {"lang": "akk-x-neoass",
"form": "x",
"pos": "u"}
}
,
{
"node": "l",
"frag": "a",
"id": "P313485.l04035",
"ref": "P313485.28.4",
"inst": "u",
"f": {"lang": "akk-x-neoass",
"form": "a",
"pos": "u"}
}
,
{
"node": "l",
"frag": "⸢x⸣+[x",
"id": "P313485.l04036",
"ref": "P313485.28.5",
"inst": "u",
"f": {"lang": "akk-x-neoass",
"form": "x+x",
"pos": "u"}
}
,
{
"node": "l",
"frag": "x",
"id": "P313485.l04037",
"ref": "P313485.28.6",
"inst": "u",
"f": {"lang": "akk-x-neoass",
"form": "x",
"pos": "u"}
}
,
{
"node": "l",
"frag": "x",
"id": "P313485.l04038",
"ref": "P313485.28.7",
"inst": "u",
"f": {"lang": "akk-x-neoass",
"form": "x",
"pos": "u"}
}
,
{
"node": "l",
"frag": "x",
"id": "P313485.l04039",
"ref": "P313485.28.8",
"inst": "u",
"f": {"lang": "akk-x-neoass",
"form": "x",
"pos": "u"}
}
,
{
"node": "l",
"frag": "x]",
"id": "P313485.l0403a",
"ref": "P313485.28.9",
"inst": "u",
"f": {"lang": "akk-x-neoass",
"form": "x",
"pos": "u"}
}
,
{
"node": "d",
"type": "nonx",
"ref": "P313485.29",
"strict": "0",
"state": "other"}
]}
]}
]}
]}
