{
"type": "cdl",
  "source": "http://oracc.org/saao/saa16",
  "license": "This data is released under the CC0 license",
  "license-url": "https://creativecommons.org/publicdomain/zero/1.0/",
  "more-info": "http://oracc.org/doc/opendata/",
  "UTC-timestamp": "2017-05-19T11:56:01",
"project": "saao/saa16",
"textid": "P314271",
"cdl": [
{
"node": "c",
"type": "text",
"id": "P314271.U0",
"cdl": [
{
"node": "d",
"type": "object",
"ref": ""}
,
{
"node": "d",
"subtype": "obverse",
"type": "surface",
"ref": "P314271.o.1",
"type": "obverse",
"label": "o"}
,
{
"node": "d",
"type": "nonx",
"ref": "P314271.2",
"strict": "0",
"extent": "beginning",
"state": "missing"}
,
{
"node": "c",
"type": "discourse",
"subtype": "body",
"id": "P314271.U1",
"cdl": [
{
"node": "c",
"type": "sentence",
"id": "P314271.U2",
"label": "o 1' - o 8'",
"cdl": [
{
"node": "d",
"type": "line-start",
"ref": "P314271.3",
"n": "1'",
"label": "o 1'"}
,
{
"node": "l",
"frag": "[x]",
"id": "P314271.l046c6",
"ref": "P314271.3.1",
"inst": "u",
"f": {"lang": "akk-x-neoass",
"form": "x",
"pos": "u"}
}
,
{
"node": "c",
"type": "phrase",
"tag": "phr",
"id": "P314271.U4",
"ref": "P314271.ls00000",
"cdl": [
{
"node": "l",
"frag": "ina",
"id": "P314271.l046c7",
"ref": "P314271.3.2",
"inst": "ina[in+=before]PRP$",
"sig": "@saao/saa16%akk-x-neoass:ina=ina[in//in]PRP'PRP$ina",
"f": {"lang": "akk-x-neoass",
"form": "ina",
"cf": "ina",
"gw": "in",
"sense": "in",
"norm": "ina",
"pos": "PRP",
"epos": "PRP"}
}
,
{
"node": "l",
"frag": "IGI",
"id": "P314271.l046c8",
"ref": "P314271.3.3",
"inst": "pānu[front]N$pān",
"sig": "@saao/saa16%akk-x-neoass:IGI=pānu[front//front]N'N$pān",
"f": {"lang": "akk-x-neoass",
"form": "IGI",
"cf": "pānu",
"gw": "front",
"sense": "front",
"norm": "pān",
"pos": "N",
"epos": "N"}
}
]}
,
{
"node": "l",
"frag": "[x",
"id": "P314271.l046c9",
"ref": "P314271.3.4",
"inst": "u",
"f": {"lang": "akk-x-neoass",
"form": "x",
"pos": "u"}
}
,
{
"node": "l",
"frag": "x",
"id": "P314271.l046ca",
"ref": "P314271.3.5",
"inst": "u",
"f": {"lang": "akk-x-neoass",
"form": "x",
"pos": "u"}
}
,
{
"node": "l",
"frag": "x",
"id": "P314271.l046cb",
"ref": "P314271.3.6",
"inst": "u",
"f": {"lang": "akk-x-neoass",
"form": "x",
"pos": "u"}
}
,
{
"node": "l",
"frag": "x",
"id": "P314271.l046cc",
"ref": "P314271.3.7",
"inst": "u",
"f": {"lang": "akk-x-neoass",
"form": "x",
"pos": "u"}
}
,
{
"node": "l",
"frag": "x",
"id": "P314271.l046cd",
"ref": "P314271.3.8",
"inst": "u",
"f": {"lang": "akk-x-neoass",
"form": "x",
"pos": "u"}
}
,
{
"node": "l",
"frag": "x]",
"id": "P314271.l046ce",
"ref": "P314271.3.9",
"inst": "u",
"f": {"lang": "akk-x-neoass",
"form": "x",
"pos": "u"}
}
,
{
"node": "d",
"type": "line-start",
"ref": "P314271.4",
"n": "2'",
"label": "o 2'"}
,
{
"node": "l",
"frag": "a-mar",
"id": "P314271.l046cf",
"ref": "P314271.4.1",
"inst": "ammar[as much as//as many as]REL$",
"sig": "@saao/saa16%akk-x-neoass:a-mar=ammar[as much as//as many as]REL'REL$ammar",
"f": {"lang": "akk-x-neoass",
"form": "a-mar",
"cf": "ammar",
"gw": "as much as",
"sense": "as many as",
"norm": "ammar",
"pos": "REL",
"epos": "REL"}
}
,
{
"node": "l",
"frag": "⸢TA@v⸣",
"id": "P314271.l046d0",
"ref": "P314271.4.2",
"inst": "u",
"f": {"lang": "akk-x-neoass",
"form": "TA@v",
"pos": "u"}
}
,
{
"node": "l",
"frag": "[x",
"id": "P314271.l046d1",
"ref": "P314271.4.3",
"inst": "u",
"f": {"lang": "akk-x-neoass",
"form": "x",
"pos": "u"}
}
,
{
"node": "l",
"frag": "x",
"id": "P314271.l046d2",
"ref": "P314271.4.4",
"inst": "u",
"f": {"lang": "akk-x-neoass",
"form": "x",
"pos": "u"}
}
,
{
"node": "l",
"frag": "x",
"id": "P314271.l046d3",
"ref": "P314271.4.5",
"inst": "u",
"f": {"lang": "akk-x-neoass",
"form": "x",
"pos": "u"}
}
,
{
"node": "l",
"frag": "x",
"id": "P314271.l046d4",
"ref": "P314271.4.6",
"inst": "u",
"f": {"lang": "akk-x-neoass",
"form": "x",
"pos": "u"}
}
,
{
"node": "l",
"frag": "x]",
"id": "P314271.l046d5",
"ref": "P314271.4.7",
"inst": "u",
"f": {"lang": "akk-x-neoass",
"form": "x",
"pos": "u"}
}
,
{
"node": "d",
"type": "line-start",
"ref": "P314271.5",
"n": "3'",
"label": "o 3'"}
,
{
"node": "l",
"frag": "an-nu-⸢rig⸣",
"id": "P314271.l046d6",
"ref": "P314271.5.1",
"inst": "annurig[now]AV",
"sig": "@saao/saa16%akk-x-neoass:an-nu-rig=annûri[now//now]AV'AV$annurig",
"f": {"lang": "akk-x-neoass",
"form": "an-nu-rig",
"cf": "annûri",
"gw": "now",
"sense": "now",
"norm": "annurig",
"pos": "AV",
"epos": "AV"}
}
,
{
"node": "l",
"frag": "[x",
"id": "P314271.l046d7",
"ref": "P314271.5.2",
"inst": "u",
"f": {"lang": "akk-x-neoass",
"form": "x",
"pos": "u"}
}
,
{
"node": "l",
"frag": "x",
"id": "P314271.l046d8",
"ref": "P314271.5.3",
"inst": "u",
"f": {"lang": "akk-x-neoass",
"form": "x",
"pos": "u"}
}
,
{
"node": "l",
"frag": "x",
"id": "P314271.l046d9",
"ref": "P314271.5.4",
"inst": "u",
"f": {"lang": "akk-x-neoass",
"form": "x",
"pos": "u"}
}
,
{
"node": "l",
"frag": "x",
"id": "P314271.l046da",
"ref": "P314271.5.5",
"inst": "u",
"f": {"lang": "akk-x-neoass",
"form": "x",
"pos": "u"}
}
,
{
"node": "l",
"frag": "x",
"id": "P314271.l046db",
"ref": "P314271.5.6",
"inst": "u",
"f": {"lang": "akk-x-neoass",
"form": "x",
"pos": "u"}
}
,
{
"node": "l",
"frag": "x]",
"id": "P314271.l046dc",
"ref": "P314271.5.7",
"inst": "u",
"f": {"lang": "akk-x-neoass",
"form": "x",
"pos": "u"}
}
,
{
"node": "d",
"type": "line-start",
"ref": "P314271.6",
"n": "4'",
"label": "o 4'"}
,
{
"node": "l",
"frag": "u₂-se-bi-⸢la⸣",
"id": "P314271.l046dd",
"ref": "P314271.6.1",
"inst": "ussēbila[send]V",
"sig": "@saao/saa16%akk-x-neoass:u₂-se-bi-la=wabālu[bring//send]V'V$ussēbila",
"f": {"lang": "akk-x-neoass",
"form": "u₂-se-bi-la",
"cf": "wabālu",
"gw": "bring",
"sense": "send",
"norm": "ussēbila",
"pos": "V",
"epos": "V"}
}
,
{
"node": "l",
"frag": "[x",
"id": "P314271.l046de",
"ref": "P314271.6.2",
"inst": "u",
"f": {"lang": "akk-x-neoass",
"form": "x",
"pos": "u"}
}
,
{
"node": "l",
"frag": "x",
"id": "P314271.l046df",
"ref": "P314271.6.3",
"inst": "u",
"f": {"lang": "akk-x-neoass",
"form": "x",
"pos": "u"}
}
,
{
"node": "l",
"frag": "x",
"id": "P314271.l046e0",
"ref": "P314271.6.4",
"inst": "u",
"f": {"lang": "akk-x-neoass",
"form": "x",
"pos": "u"}
}
,
{
"node": "l",
"frag": "x",
"id": "P314271.l046e1",
"ref": "P314271.6.5",
"inst": "u",
"f": {"lang": "akk-x-neoass",
"form": "x",
"pos": "u"}
}
,
{
"node": "l",
"frag": "x]",
"id": "P314271.l046e2",
"ref": "P314271.6.6",
"inst": "u",
"f": {"lang": "akk-x-neoass",
"form": "x",
"pos": "u"}
}
,
{
"node": "d",
"type": "line-start",
"ref": "P314271.7",
"n": "5'",
"label": "o 5'"}
,
{
"node": "l",
"frag": "UD",
"id": "P314271.l046e3",
"ref": "P314271.7.1",
"inst": "ūm[day]N",
"sig": "@saao/saa16%akk-x-neoass:UD=ūmu[day//day]N'N$ūm",
"f": {"lang": "akk-x-neoass",
"form": "UD",
"cf": "ūmu",
"gw": "day",
"sense": "day",
"norm": "ūm",
"pos": "N",
"epos": "N"}
}
,
{
"node": "l",
"frag": "13-KAM",
"id": "P314271.l046e4",
"ref": "P314271.7.2",
"inst": "n",
"f": {"lang": "akk-x-neoass",
"form": "13-KAM",
"pos": "n"}
}
,
{
"node": "l",
"frag": "UD",
"id": "P314271.l046e5",
"ref": "P314271.7.3",
"inst": "ūm[day]N",
"sig": "@saao/saa16%akk-x-neoass:UD=ūmu[day//day]N'N$ūm",
"f": {"lang": "akk-x-neoass",
"form": "UD",
"cf": "ūmu",
"gw": "day",
"sense": "day",
"norm": "ūm",
"pos": "N",
"epos": "N"}
}
,
{
"node": "l",
"frag": "15-[KAM",
"id": "P314271.l046e6",
"ref": "P314271.7.4",
"inst": "n",
"f": {"lang": "akk-x-neoass",
"form": "15-KAM",
"pos": "n"}
}
,
{
"node": "l",
"frag": "UD",
"id": "P314271.l046e7",
"ref": "P314271.7.5",
"inst": "ūm[day]N",
"sig": "@saao/saa16%akk-x-neoass:UD=ūmu[day//day]N'N$ūm",
"f": {"lang": "akk-x-neoass",
"form": "UD",
"cf": "ūmu",
"gw": "day",
"sense": "day",
"norm": "ūm",
"pos": "N",
"epos": "N"}
}
,
{
"node": "l",
"frag": "x-KAM]",
"id": "P314271.l046e8",
"ref": "P314271.7.6",
"inst": "n",
"f": {"lang": "akk-x-neoass",
"form": "x-KAM",
"pos": "n"}
}
,
{
"node": "d",
"type": "line-start",
"ref": "P314271.8",
"n": "6'",
"label": "o 6'"}
,
{
"node": "l",
"frag": "UD",
"id": "P314271.l046e9",
"ref": "P314271.8.1",
"inst": "ūm[day]N",
"sig": "@saao/saa16%akk-x-neoass:UD=ūmu[day//day]N'N$ūm",
"f": {"lang": "akk-x-neoass",
"form": "UD",
"cf": "ūmu",
"gw": "day",
"sense": "day",
"norm": "ūm",
"pos": "N",
"epos": "N"}
}
,
{
"node": "l",
"frag": "21-KAM",
"id": "P314271.l046ea",
"ref": "P314271.8.2",
"inst": "n",
"f": {"lang": "akk-x-neoass",
"form": "21-KAM",
"pos": "n"}
}
,
{
"node": "l",
"frag": "UD",
"id": "P314271.l046eb",
"ref": "P314271.8.3",
"inst": "ūmu[day]N$ūm",
"sig": "@saao/saa16%akk-x-neoass:UD=ūmu[day//day]N'N$ūm",
"f": {"lang": "akk-x-neoass",
"form": "UD",
"cf": "ūmu",
"gw": "day",
"sense": "day",
"norm": "ūm",
"pos": "N",
"epos": "N"}
}
,
{
"node": "l",
"frag": "20+[x-KAM",
"id": "P314271.l046ec",
"ref": "P314271.8.4",
"inst": "n",
"f": {"lang": "akk-x-neoass",
"form": "20+x-KAM",
"pos": "n"}
}
,
{
"node": "l",
"frag": "x",
"id": "P314271.l046ed",
"ref": "P314271.8.5",
"inst": "u",
"f": {"lang": "akk-x-neoass",
"form": "x",
"pos": "u"}
}
,
{
"node": "l",
"frag": "x",
"id": "P314271.l046ee",
"ref": "P314271.8.6",
"inst": "u",
"f": {"lang": "akk-x-neoass",
"form": "x",
"pos": "u"}
}
,
{
"node": "l",
"frag": "x]",
"id": "P314271.l046ef",
"ref": "P314271.8.7",
"inst": "u",
"f": {"lang": "akk-x-neoass",
"form": "x",
"pos": "u"}
}
,
{
"node": "d",
"type": "line-start",
"ref": "P314271.9",
"n": "7'",
"label": "o 7'"}
,
{
"node": "l",
"frag": "an-na-te",
"id": "P314271.l046f0",
"ref": "P314271.9.1",
"inst": "annāte[this]DP",
"sig": "@saao/saa16%akk-x-neoass:an-na-te=annû[this//this]DP'DP$annāte",
"f": {"lang": "akk-x-neoass",
"form": "an-na-te",
"cf": "annû",
"gw": "this",
"sense": "this",
"norm": "annāte",
"pos": "DP",
"epos": "DP"}
}
,
{
"node": "l",
"frag": "ši-na",
"id": "P314271.l046f1",
"ref": "P314271.9.2",
"inst": "šina[they (f.)]IP",
"sig": "@saao/saa16%akk-x-neoass:ši-na=šina[they (f.)//they (f.)]IP'IP$šina",
"f": {"lang": "akk-x-neoass",
"form": "ši-na",
"cf": "šina",
"gw": "they (f.)",
"sense": "they (f.)",
"norm": "šina",
"pos": "IP",
"epos": "IP"}
}
,
{
"node": "l",
"frag": "[x",
"id": "P314271.l046f2",
"ref": "P314271.9.3",
"inst": "u",
"f": {"lang": "akk-x-neoass",
"form": "x",
"pos": "u"}
}
,
{
"node": "l",
"frag": "x",
"id": "P314271.l046f3",
"ref": "P314271.9.4",
"inst": "u",
"f": {"lang": "akk-x-neoass",
"form": "x",
"pos": "u"}
}
,
{
"node": "l",
"frag": "x",
"id": "P314271.l046f4",
"ref": "P314271.9.5",
"inst": "u",
"f": {"lang": "akk-x-neoass",
"form": "x",
"pos": "u"}
}
,
{
"node": "l",
"frag": "x]",
"id": "P314271.l046f5",
"ref": "P314271.9.6",
"inst": "u",
"f": {"lang": "akk-x-neoass",
"form": "x",
"pos": "u"}
}
,
{
"node": "d",
"type": "line-start",
"ref": "P314271.10",
"n": "8'",
"label": "o 8'"}
,
{
"node": "l",
"frag": "[x",
"id": "P314271.l046f6",
"ref": "P314271.10.1",
"inst": "u",
"f": {"lang": "akk-x-neoass",
"form": "x",
"pos": "u"}
}
,
{
"node": "l",
"frag": "x",
"id": "P314271.l046f7",
"ref": "P314271.10.2",
"inst": "u",
"f": {"lang": "akk-x-neoass",
"form": "x",
"pos": "u"}
}
,
{
"node": "l",
"frag": "x]",
"id": "P314271.l046f8",
"ref": "P314271.10.3",
"inst": "u",
"f": {"lang": "akk-x-neoass",
"form": "x",
"pos": "u"}
}
,
{
"node": "l",
"frag": "⸢LUGAL⸣",
"id": "P314271.l046f9",
"ref": "P314271.10.4",
"inst": "šarru[king]N",
"sig": "@saao/saa16%akk-x-neoass:LUGAL=šarru[king//king]N'N$šarru",
"f": {"lang": "akk-x-neoass",
"form": "LUGAL",
"cf": "šarru",
"gw": "king",
"sense": "king",
"norm": "šarru",
"pos": "N",
"epos": "N"}
}
,
{
"node": "l",
"frag": "[x",
"id": "P314271.l046fa",
"ref": "P314271.10.5",
"inst": "u",
"f": {"lang": "akk-x-neoass",
"form": "x",
"pos": "u"}
}
,
{
"node": "l",
"frag": "x",
"id": "P314271.l046fb",
"ref": "P314271.10.6",
"inst": "u",
"f": {"lang": "akk-x-neoass",
"form": "x",
"pos": "u"}
}
,
{
"node": "l",
"frag": "x",
"id": "P314271.l046fc",
"ref": "P314271.10.7",
"inst": "u",
"f": {"lang": "akk-x-neoass",
"form": "x",
"pos": "u"}
}
,
{
"node": "l",
"frag": "x",
"id": "P314271.l046fd",
"ref": "P314271.10.8",
"inst": "u",
"f": {"lang": "akk-x-neoass",
"form": "x",
"pos": "u"}
}
,
{
"node": "l",
"frag": "x]",
"id": "P314271.l046fe",
"ref": "P314271.10.9",
"inst": "u",
"f": {"lang": "akk-x-neoass",
"form": "x",
"pos": "u"}
}
,
{
"node": "d",
"type": "nonx",
"ref": "P314271.11",
"strict": "0",
"extent": "rest",
"state": "missing"}
,
{
"node": "d",
"subtype": "reverse",
"type": "surface",
"ref": "P314271.r.12",
"type": "reverse",
"label": "r"}
,
{
"node": "d",
"type": "nonx",
"ref": "P314271.13",
"strict": "0",
"state": "missing"}
]}
]}
]}
,
{
"linkbase": [{
"type": "linkset",
"xlink_title": "ina pān[in the presence of//at the disposal of]PRP'PRP",
"id": "P314271.ls00000",
"xlink_type": "extended",
"xlink_role": "psu",
"sig": "{ina[in]PRP pānu[front]N += ina pān[in the presence of//at the disposal of]PRP'PRP}::@saao%akk-x-neoass:ina=ina[in//into]PRP'PRP$ina++@saao%akk-x-neoass:IGI=pānu[front//front]N'N$pān",
"links": [
{
"type": "link",
"xlink_title": "ina",
"xlink_type": "locator",
"xlink_href": "#P314271.l046c7",
"xlink_role": "elt"}
,
{
"type": "link",
"xlink_title": "pānu",
"xlink_type": "locator",
"xlink_href": "#P314271.l046c8",
"xlink_role": "elt"}
]}
]}
]}
