{
"type": "cdl",
  "source": "http://oracc.org/saao/saa16",
  "license": "This data is released under the CC0 license",
  "license-url": "https://creativecommons.org/publicdomain/zero/1.0/",
  "more-info": "http://oracc.org/doc/opendata/",
  "UTC-timestamp": "2017-05-19T11:55:57",
"project": "saao/saa16",
"textid": "P314080",
"cdl": [
{
"node": "c",
"type": "text",
"id": "P314080.U0",
"cdl": [
{
"node": "d",
"type": "object",
"ref": ""}
,
{
"node": "d",
"subtype": "obverse",
"type": "surface",
"ref": "P314080.o.1",
"type": "obverse",
"label": "o"}
,
{
"node": "d",
"type": "nonx",
"ref": "P314080.2",
"strict": "0",
"extent": "beginning",
"state": "missing"}
,
{
"node": "c",
"type": "discourse",
"subtype": "body",
"id": "P314080.U1",
"cdl": [
{
"node": "c",
"type": "sentence",
"id": "P314080.U2",
"label": "o 1' - o 5'",
"cdl": [
{
"node": "d",
"type": "line-start",
"ref": "P314080.3",
"n": "1'",
"label": "o 1'"}
,
{
"node": "l",
"frag": "[x",
"id": "P314080.l057b4",
"ref": "P314080.3.1",
"inst": "u",
"f": {"lang": "akk-x-neoass",
"form": "x",
"pos": "u"}
}
,
{
"node": "l",
"frag": "x",
"id": "P314080.l057b5",
"ref": "P314080.3.2",
"inst": "u",
"f": {"lang": "akk-x-neoass",
"form": "x",
"pos": "u"}
}
,
{
"node": "l",
"frag": "x",
"id": "P314080.l057b6",
"ref": "P314080.3.3",
"inst": "u",
"f": {"lang": "akk-x-neoass",
"form": "x",
"pos": "u"}
}
,
{
"node": "l",
"frag": "x]",
"id": "P314080.l057b7",
"ref": "P314080.3.4",
"inst": "u",
"f": {"lang": "akk-x-neoass",
"form": "x",
"pos": "u"}
}
,
{
"node": "l",
"frag": "⸢x",
"id": "P314080.l057b8",
"ref": "P314080.3.5",
"inst": "u",
"f": {"lang": "akk-x-neoass",
"form": "x",
"pos": "u"}
}
,
{
"node": "l",
"frag": "x⸣",
"id": "P314080.l057b9",
"ref": "P314080.3.6",
"inst": "u",
"f": {"lang": "akk-x-neoass",
"form": "x",
"pos": "u"}
}
,
{
"node": "l",
"frag": "[x",
"id": "P314080.l057ba",
"ref": "P314080.3.7",
"inst": "u",
"f": {"lang": "akk-x-neoass",
"form": "x",
"pos": "u"}
}
,
{
"node": "l",
"frag": "x",
"id": "P314080.l057bb",
"ref": "P314080.3.8",
"inst": "u",
"f": {"lang": "akk-x-neoass",
"form": "x",
"pos": "u"}
}
,
{
"node": "l",
"frag": "x",
"id": "P314080.l057bc",
"ref": "P314080.3.9",
"inst": "u",
"f": {"lang": "akk-x-neoass",
"form": "x",
"pos": "u"}
}
,
{
"node": "l",
"frag": "x]",
"id": "P314080.l057bd",
"ref": "P314080.3.10",
"inst": "u",
"f": {"lang": "akk-x-neoass",
"form": "x",
"pos": "u"}
}
,
{
"node": "d",
"type": "line-start",
"ref": "P314080.4",
"n": "2'",
"label": "o 2'"}
,
{
"node": "l",
"frag": "[x",
"id": "P314080.l057be",
"ref": "P314080.4.1",
"inst": "u",
"f": {"lang": "akk-x-neoass",
"form": "x",
"pos": "u"}
}
,
{
"node": "l",
"frag": "x",
"id": "P314080.l057bf",
"ref": "P314080.4.2",
"inst": "u",
"f": {"lang": "akk-x-neoass",
"form": "x",
"pos": "u"}
}
,
{
"node": "l",
"frag": "x",
"id": "P314080.l057c0",
"ref": "P314080.4.3",
"inst": "u",
"f": {"lang": "akk-x-neoass",
"form": "x",
"pos": "u"}
}
,
{
"node": "l",
"frag": "x]+⸢x⸣",
"id": "P314080.l057c1",
"ref": "P314080.4.4",
"inst": "u",
"f": {"lang": "akk-x-neoass",
"form": "x+x",
"pos": "u"}
}
,
{
"node": "l",
"frag": "IGI.2-ME",
"id": "P314080.l057c2",
"ref": "P314080.4.5",
"inst": "īnu[eye]N$ēnāti",
"sig": "@saao/saa16%akk-x-neoass:IGI.2-ME=īnu[eye//eye]N'N$ēnāti",
"f": {"lang": "akk-x-neoass",
"form": "IGI.2-ME",
"cf": "īnu",
"gw": "eye",
"sense": "eye",
"norm": "ēnāti",
"pos": "N",
"epos": "N"}
}
,
{
"node": "l",
"frag": "{1}⸢x⸣+[x",
"id": "P314080.l057c3",
"ref": "P314080.4.6",
"inst": "u",
"f": {"lang": "akk-x-neoass",
"form": "{1}x+x",
"pos": "u"}
}
,
{
"node": "l",
"frag": "x",
"id": "P314080.l057c4",
"ref": "P314080.4.7",
"inst": "u",
"f": {"lang": "akk-x-neoass",
"form": "x",
"pos": "u"}
}
,
{
"node": "l",
"frag": "x]",
"id": "P314080.l057c5",
"ref": "P314080.4.8",
"inst": "u",
"f": {"lang": "akk-x-neoass",
"form": "x",
"pos": "u"}
}
,
{
"node": "d",
"type": "line-start",
"ref": "P314080.5",
"n": "3'",
"label": "o 3'"}
,
{
"node": "l",
"frag": "[x",
"id": "P314080.l057c6",
"ref": "P314080.5.1",
"inst": "u",
"f": {"lang": "akk-x-neoass",
"form": "x",
"pos": "u"}
}
,
{
"node": "l",
"frag": "x]",
"id": "P314080.l057c7",
"ref": "P314080.5.2",
"inst": "u",
"f": {"lang": "akk-x-neoass",
"form": "x",
"pos": "u"}
}
,
{
"node": "l",
"frag": "⸢ma⸣-a",
"id": "P314080.l057c8",
"ref": "P314080.5.3",
"inst": "mā[saying]PRP",
"sig": "@saao/saa16%akk-x-neoass:ma-a=mā[saying//saying]PRP'PRP$mā",
"f": {"lang": "akk-x-neoass",
"form": "ma-a",
"cf": "mā",
"gw": "saying",
"sense": "saying",
"norm": "mā",
"pos": "PRP",
"epos": "PRP"}
}
,
{
"node": "c",
"type": "phrase",
"tag": "phr",
"id": "P314080.U4",
"ref": "P314080.ls00000",
"cdl": [
{
"node": "l",
"frag": "a-bat",
"id": "P314080.l057c9",
"ref": "P314080.5.4",
"inst": "abat[word]N",
"sig": "@saao/saa16%akk-x-neoass:a-bat=awātu[word//word]N'N$abat",
"f": {"lang": "akk-x-neoass",
"form": "a-bat",
"cf": "awātu",
"gw": "word",
"sense": "word",
"norm": "abat",
"pos": "N",
"epos": "N"}
}
,
{
"node": "l",
"frag": "LUGAL",
"id": "P314080.l057ca",
"ref": "P314080.5.5",
"inst": "!šarri[king]N",
"sig": "@saao/saa16%akk-x-neoass:LUGAL=šarru[king//king]N'N$šarri",
"f": {"lang": "akk-x-neoass",
"form": "LUGAL",
"cf": "šarru",
"gw": "king",
"sense": "king",
"norm": "šarri",
"pos": "N",
"epos": "N"}
}
]}
,
{
"node": "l",
"frag": "ši-[ti]",
"id": "P314080.l057cb",
"ref": "P314080.5.6",
"inst": "šīti[she//it]IP$",
"sig": "@saao/saa16%akk-x-neoass:ši-ti=šīti[she//it]IP'IP$šīti",
"f": {"lang": "akk-x-neoass",
"form": "ši-ti",
"cf": "šīti",
"gw": "she",
"sense": "it",
"norm": "šīti",
"pos": "IP",
"epos": "IP"}
}
,
{
"node": "d",
"type": "line-start",
"ref": "P314080.6",
"n": "4'",
"label": "o 4'"}
,
{
"node": "l",
"frag": "[x",
"id": "P314080.l057cc",
"ref": "P314080.6.1",
"inst": "u",
"f": {"lang": "akk-x-neoass",
"form": "x",
"pos": "u"}
}
,
{
"node": "l",
"frag": "x",
"id": "P314080.l057cd",
"ref": "P314080.6.2",
"inst": "u",
"f": {"lang": "akk-x-neoass",
"form": "x",
"pos": "u"}
}
,
{
"node": "l",
"frag": "x]-an-ni",
"id": "P314080.l057ce",
"ref": "P314080.6.3",
"inst": "u",
"f": {"lang": "akk-x-neoass",
"form": "x-an-ni",
"pos": "u"}
}
,
{
"node": "l",
"frag": "ša",
"id": "P314080.l057cf",
"ref": "P314080.6.4",
"inst": "ša[that]REL",
"sig": "@saao/saa16%akk-x-neoass:ša=ša[that//that]REL'REL$ša",
"f": {"lang": "akk-x-neoass",
"form": "ša",
"cf": "ša",
"gw": "that",
"sense": "that",
"norm": "ša",
"pos": "REL",
"epos": "REL"}
}
,
{
"node": "l",
"frag": "an-[x",
"id": "P314080.l057d0",
"ref": "P314080.6.5",
"inst": "u",
"f": {"lang": "akk-x-neoass",
"form": "an-x",
"pos": "u"}
}
,
{
"node": "l",
"frag": "x",
"id": "P314080.l057d1",
"ref": "P314080.6.6",
"inst": "u",
"f": {"lang": "akk-x-neoass",
"form": "x",
"pos": "u"}
}
,
{
"node": "l",
"frag": "x]",
"id": "P314080.l057d2",
"ref": "P314080.6.7",
"inst": "u",
"f": {"lang": "akk-x-neoass",
"form": "x",
"pos": "u"}
}
,
{
"node": "d",
"type": "line-start",
"ref": "P314080.7",
"n": "5'",
"label": "o 5'"}
,
{
"node": "l",
"frag": "[x",
"id": "P314080.l057d3",
"ref": "P314080.7.1",
"inst": "u",
"f": {"lang": "akk-x-neoass",
"form": "x",
"pos": "u"}
}
,
{
"node": "l",
"frag": "x",
"id": "P314080.l057d4",
"ref": "P314080.7.2",
"inst": "u",
"f": {"lang": "akk-x-neoass",
"form": "x",
"pos": "u"}
}
,
{
"node": "l",
"frag": "x",
"id": "P314080.l057d5",
"ref": "P314080.7.3",
"inst": "u",
"f": {"lang": "akk-x-neoass",
"form": "x",
"pos": "u"}
}
,
{
"node": "l",
"frag": "x",
"id": "P314080.l057d6",
"ref": "P314080.7.4",
"inst": "u",
"f": {"lang": "akk-x-neoass",
"form": "x",
"pos": "u"}
}
,
{
"node": "l",
"frag": "x]",
"id": "P314080.l057d7",
"ref": "P314080.7.5",
"inst": "u",
"f": {"lang": "akk-x-neoass",
"form": "x",
"pos": "u"}
}
,
{
"node": "l",
"frag": "⸢x⸣",
"id": "P314080.l057d8",
"ref": "P314080.7.6",
"inst": "u",
"f": {"lang": "akk-x-neoass",
"form": "x",
"pos": "u"}
}
,
{
"node": "l",
"frag": "[x",
"id": "P314080.l057d9",
"ref": "P314080.7.7",
"inst": "u",
"f": {"lang": "akk-x-neoass",
"form": "x",
"pos": "u"}
}
,
{
"node": "l",
"frag": "x",
"id": "P314080.l057da",
"ref": "P314080.7.8",
"inst": "u",
"f": {"lang": "akk-x-neoass",
"form": "x",
"pos": "u"}
}
,
{
"node": "l",
"frag": "x",
"id": "P314080.l057db",
"ref": "P314080.7.9",
"inst": "u",
"f": {"lang": "akk-x-neoass",
"form": "x",
"pos": "u"}
}
,
{
"node": "l",
"frag": "x]",
"id": "P314080.l057dc",
"ref": "P314080.7.10",
"inst": "u",
"f": {"lang": "akk-x-neoass",
"form": "x",
"pos": "u"}
}
,
{
"node": "d",
"type": "nonx",
"ref": "P314080.8",
"strict": "0",
"extent": "rest",
"state": "missing"}
,
{
"node": "d",
"subtype": "reverse",
"type": "surface",
"ref": "P314080.r.9",
"type": "reverse",
"label": "r"}
,
{
"node": "d",
"type": "nonx",
"ref": "P314080.10",
"strict": "0",
"state": "missing"}
]}
]}
]}
,
{
"linkbase": [{
"type": "linkset",
"xlink_title": "awāt šarri[kingʾs word//kingʾs word]N'N",
"id": "P314080.ls00000",
"xlink_type": "extended",
"xlink_role": "psu",
"sig": "{awātu[word]N šarru[king]N += awāt šarri[kingʾs word//kingʾs word]N'N}::@saao%akk-x-neoass:a-bat=awātu[word//word]N'N$abat++@saao%akk-x-neoass:LUGAL=šarru[king//king]N'N$šarri",
"links": [
{
"type": "link",
"xlink_title": "abat",
"xlink_type": "locator",
"xlink_href": "#P314080.l057c9",
"xlink_role": "elt"}
,
{
"type": "link",
"xlink_title": "šarri",
"xlink_type": "locator",
"xlink_href": "#P314080.l057ca",
"xlink_role": "elt"}
]}
]}
]}
