{
"type": "cdl",
  "source": "http://oracc.org/saao/saa16",
  "license": "This data is released under the CC0 license",
  "license-url": "https://creativecommons.org/publicdomain/zero/1.0/",
  "more-info": "http://oracc.org/doc/opendata/",
  "UTC-timestamp": "2017-05-19T11:56:00",
"project": "saao/saa16",
"textid": "P314222",
"cdl": [
{
"node": "c",
"type": "text",
"id": "P314222.U0",
"cdl": [
{
"node": "d",
"type": "object",
"ref": ""}
,
{
"node": "d",
"subtype": "obverse",
"type": "surface",
"ref": "P314222.o.1",
"type": "obverse",
"label": "o"}
,
{
"node": "d",
"type": "nonx",
"ref": "P314222.2",
"strict": "0",
"extent": "beginning",
"state": "missing"}
,
{
"node": "c",
"type": "discourse",
"subtype": "body",
"id": "P314222.U1",
"cdl": [
{
"node": "c",
"type": "sentence",
"id": "P314222.U2",
"label": "o 1' - o 9'",
"cdl": [
{
"node": "d",
"type": "line-start",
"ref": "P314222.3",
"n": "1'",
"label": "o 1'"}
,
{
"node": "l",
"frag": "[x",
"id": "P314222.l03c5d",
"ref": "P314222.3.1",
"inst": "u",
"f": {"lang": "akk-x-neoass",
"form": "x",
"pos": "u"}
}
,
{
"node": "l",
"frag": "x",
"id": "P314222.l03c5e",
"ref": "P314222.3.2",
"inst": "u",
"f": {"lang": "akk-x-neoass",
"form": "x",
"pos": "u"}
}
,
{
"node": "l",
"frag": "x",
"id": "P314222.l03c5f",
"ref": "P314222.3.3",
"inst": "u",
"f": {"lang": "akk-x-neoass",
"form": "x",
"pos": "u"}
}
,
{
"node": "l",
"frag": "x",
"id": "P314222.l03c60",
"ref": "P314222.3.4",
"inst": "u",
"f": {"lang": "akk-x-neoass",
"form": "x",
"pos": "u"}
}
,
{
"node": "l",
"frag": "x",
"id": "P314222.l03c61",
"ref": "P314222.3.5",
"inst": "u",
"f": {"lang": "akk-x-neoass",
"form": "x",
"pos": "u"}
}
,
{
"node": "l",
"frag": "x",
"id": "P314222.l03c62",
"ref": "P314222.3.6",
"inst": "u",
"f": {"lang": "akk-x-neoass",
"form": "x",
"pos": "u"}
}
,
{
"node": "l",
"frag": "x",
"id": "P314222.l03c63",
"ref": "P314222.3.7",
"inst": "u",
"f": {"lang": "akk-x-neoass",
"form": "x",
"pos": "u"}
}
,
{
"node": "l",
"frag": "x",
"id": "P314222.l03c64",
"ref": "P314222.3.8",
"inst": "u",
"f": {"lang": "akk-x-neoass",
"form": "x",
"pos": "u"}
}
,
{
"node": "l",
"frag": "x]-nu",
"id": "P314222.l03c65",
"ref": "P314222.3.9",
"inst": "u",
"f": {"lang": "akk-x-neoass",
"form": "x-nu",
"pos": "u"}
}
,
{
"node": "d",
"type": "line-start",
"ref": "P314222.4",
"n": "2'",
"label": "o 2'"}
,
{
"node": "l",
"frag": "[x",
"id": "P314222.l03c66",
"ref": "P314222.4.1",
"inst": "u",
"f": {"lang": "akk-x-neoass",
"form": "x",
"pos": "u"}
}
,
{
"node": "l",
"frag": "x",
"id": "P314222.l03c67",
"ref": "P314222.4.2",
"inst": "u",
"f": {"lang": "akk-x-neoass",
"form": "x",
"pos": "u"}
}
,
{
"node": "l",
"frag": "x",
"id": "P314222.l03c68",
"ref": "P314222.4.3",
"inst": "u",
"f": {"lang": "akk-x-neoass",
"form": "x",
"pos": "u"}
}
,
{
"node": "l",
"frag": "x",
"id": "P314222.l03c69",
"ref": "P314222.4.4",
"inst": "u",
"f": {"lang": "akk-x-neoass",
"form": "x",
"pos": "u"}
}
,
{
"node": "l",
"frag": "x",
"id": "P314222.l03c6a",
"ref": "P314222.4.5",
"inst": "u",
"f": {"lang": "akk-x-neoass",
"form": "x",
"pos": "u"}
}
,
{
"node": "l",
"frag": "x",
"id": "P314222.l03c6b",
"ref": "P314222.4.6",
"inst": "u",
"f": {"lang": "akk-x-neoass",
"form": "x",
"pos": "u"}
}
,
{
"node": "l",
"frag": "x",
"id": "P314222.l03c6c",
"ref": "P314222.4.7",
"inst": "u",
"f": {"lang": "akk-x-neoass",
"form": "x",
"pos": "u"}
}
,
{
"node": "l",
"frag": "x]-bi-ia",
"id": "P314222.l03c6d",
"ref": "P314222.4.8",
"inst": "u",
"f": {"lang": "akk-x-neoass",
"form": "x-bi-ia",
"pos": "u"}
}
,
{
"node": "l",
"frag": "[o]",
"id": "P314222.l03c6e",
"ref": "P314222.4.9",
"inst": "u",
"f": {"lang": "akk-x-neoass",
"form": "o",
"pos": "u"}
}
,
{
"node": "d",
"type": "line-start",
"ref": "P314222.5",
"n": "3'",
"label": "o 3'"}
,
{
"node": "l",
"frag": "[x",
"id": "P314222.l03c6f",
"ref": "P314222.5.1",
"inst": "u",
"f": {"lang": "akk-x-neoass",
"form": "x",
"pos": "u"}
}
,
{
"node": "l",
"frag": "x",
"id": "P314222.l03c70",
"ref": "P314222.5.2",
"inst": "u",
"f": {"lang": "akk-x-neoass",
"form": "x",
"pos": "u"}
}
,
{
"node": "l",
"frag": "x",
"id": "P314222.l03c71",
"ref": "P314222.5.3",
"inst": "u",
"f": {"lang": "akk-x-neoass",
"form": "x",
"pos": "u"}
}
,
{
"node": "l",
"frag": "x",
"id": "P314222.l03c72",
"ref": "P314222.5.4",
"inst": "u",
"f": {"lang": "akk-x-neoass",
"form": "x",
"pos": "u"}
}
,
{
"node": "l",
"frag": "x",
"id": "P314222.l03c73",
"ref": "P314222.5.5",
"inst": "u",
"f": {"lang": "akk-x-neoass",
"form": "x",
"pos": "u"}
}
,
{
"node": "l",
"frag": "x",
"id": "P314222.l03c74",
"ref": "P314222.5.6",
"inst": "u",
"f": {"lang": "akk-x-neoass",
"form": "x",
"pos": "u"}
}
,
{
"node": "l",
"frag": "x",
"id": "P314222.l03c75",
"ref": "P314222.5.7",
"inst": "u",
"f": {"lang": "akk-x-neoass",
"form": "x",
"pos": "u"}
}
,
{
"node": "l",
"frag": "{1}a-du-ni-[ba-al]",
"id": "P314222.l03c76",
"ref": "P314222.5.8",
"inst": "Aduni-Baʾal[1]PN$",
"sig": "@saao/saa16%akk-x-neoass:{1}a-du-ni-ba-al=Aduni-Baʾal[1//1]PN'PN$Aduni-Baʾal",
"f": {"lang": "akk-x-neoass",
"form": "{1}a-du-ni-ba-al",
"cf": "Aduni-Baʾal",
"gw": "1",
"sense": "1",
"norm": "Aduni-Baʾal",
"pos": "PN",
"epos": "PN"}
}
,
{
"node": "d",
"type": "line-start",
"ref": "P314222.6",
"n": "4'",
"label": "o 4'"}
,
{
"node": "l",
"frag": "[x",
"id": "P314222.l03c77",
"ref": "P314222.6.1",
"inst": "u",
"f": {"lang": "akk-x-neoass",
"form": "x",
"pos": "u"}
}
,
{
"node": "l",
"frag": "x",
"id": "P314222.l03c78",
"ref": "P314222.6.2",
"inst": "u",
"f": {"lang": "akk-x-neoass",
"form": "x",
"pos": "u"}
}
,
{
"node": "l",
"frag": "x",
"id": "P314222.l03c79",
"ref": "P314222.6.3",
"inst": "u",
"f": {"lang": "akk-x-neoass",
"form": "x",
"pos": "u"}
}
,
{
"node": "l",
"frag": "x",
"id": "P314222.l03c7a",
"ref": "P314222.6.4",
"inst": "u",
"f": {"lang": "akk-x-neoass",
"form": "x",
"pos": "u"}
}
,
{
"node": "l",
"frag": "x",
"id": "P314222.l03c7b",
"ref": "P314222.6.5",
"inst": "u",
"f": {"lang": "akk-x-neoass",
"form": "x",
"pos": "u"}
}
,
{
"node": "l",
"frag": "x",
"id": "P314222.l03c7c",
"ref": "P314222.6.6",
"inst": "u",
"f": {"lang": "akk-x-neoass",
"form": "x",
"pos": "u"}
}
,
{
"node": "l",
"frag": "x",
"id": "P314222.l03c7d",
"ref": "P314222.6.7",
"inst": "u",
"f": {"lang": "akk-x-neoass",
"form": "x",
"pos": "u"}
}
,
{
"node": "l",
"frag": "x]+⸢x⸣",
"id": "P314222.l03c7e",
"ref": "P314222.6.8",
"inst": "u",
"f": {"lang": "akk-x-neoass",
"form": "x+x",
"pos": "u"}
}
,
{
"node": "l",
"frag": "pa-ni-[šu₂]",
"id": "P314222.l03c7f",
"ref": "P314222.6.9",
"inst": "pānu[front//face]N$pānīšu",
"sig": "@saao/saa16%akk-x-neoass:pa-ni-šu₂=pānu[front//face]N'N$pānīšu",
"f": {"lang": "akk-x-neoass",
"form": "pa-ni-šu₂",
"cf": "pānu",
"gw": "front",
"sense": "face",
"norm": "pānīšu",
"pos": "N",
"epos": "N"}
}
,
{
"node": "d",
"type": "line-start",
"ref": "P314222.7",
"n": "5'",
"label": "o 5'"}
,
{
"node": "l",
"frag": "[x",
"id": "P314222.l03c80",
"ref": "P314222.7.1",
"inst": "u",
"f": {"lang": "akk-x-neoass",
"form": "x",
"pos": "u"}
}
,
{
"node": "l",
"frag": "x",
"id": "P314222.l03c81",
"ref": "P314222.7.2",
"inst": "u",
"f": {"lang": "akk-x-neoass",
"form": "x",
"pos": "u"}
}
,
{
"node": "l",
"frag": "x",
"id": "P314222.l03c82",
"ref": "P314222.7.3",
"inst": "u",
"f": {"lang": "akk-x-neoass",
"form": "x",
"pos": "u"}
}
,
{
"node": "l",
"frag": "x",
"id": "P314222.l03c83",
"ref": "P314222.7.4",
"inst": "u",
"f": {"lang": "akk-x-neoass",
"form": "x",
"pos": "u"}
}
,
{
"node": "l",
"frag": "x",
"id": "P314222.l03c84",
"ref": "P314222.7.5",
"inst": "u",
"f": {"lang": "akk-x-neoass",
"form": "x",
"pos": "u"}
}
,
{
"node": "l",
"frag": "x",
"id": "P314222.l03c85",
"ref": "P314222.7.6",
"inst": "u",
"f": {"lang": "akk-x-neoass",
"form": "x",
"pos": "u"}
}
,
{
"node": "l",
"frag": "x",
"id": "P314222.l03c86",
"ref": "P314222.7.7",
"inst": "u",
"f": {"lang": "akk-x-neoass",
"form": "x",
"pos": "u"}
}
,
{
"node": "l",
"frag": "x]",
"id": "P314222.l03c87",
"ref": "P314222.7.8",
"inst": "u",
"f": {"lang": "akk-x-neoass",
"form": "x",
"pos": "u"}
}
,
{
"node": "l",
"frag": "iš-ku-⸢nu⸣",
"id": "P314222.l03c88",
"ref": "P314222.7.9",
"inst": "iškunu[place]V",
"sig": "@saao/saa16%akk-x-neoass:iš-ku-nu=šakānu[put//place]V'V$iškunu",
"f": {"lang": "akk-x-neoass",
"form": "iš-ku-nu",
"cf": "šakānu",
"gw": "put",
"sense": "place",
"norm": "iškunu",
"pos": "V",
"epos": "V"}
}
,
{
"node": "d",
"type": "line-start",
"ref": "P314222.8",
"n": "6'",
"label": "o 6'"}
,
{
"node": "l",
"frag": "[x",
"id": "P314222.l03c89",
"ref": "P314222.8.1",
"inst": "u",
"f": {"lang": "akk-x-neoass",
"form": "x",
"pos": "u"}
}
,
{
"node": "l",
"frag": "x",
"id": "P314222.l03c8a",
"ref": "P314222.8.2",
"inst": "u",
"f": {"lang": "akk-x-neoass",
"form": "x",
"pos": "u"}
}
,
{
"node": "l",
"frag": "x",
"id": "P314222.l03c8b",
"ref": "P314222.8.3",
"inst": "u",
"f": {"lang": "akk-x-neoass",
"form": "x",
"pos": "u"}
}
,
{
"node": "l",
"frag": "x",
"id": "P314222.l03c8c",
"ref": "P314222.8.4",
"inst": "u",
"f": {"lang": "akk-x-neoass",
"form": "x",
"pos": "u"}
}
,
{
"node": "l",
"frag": "x",
"id": "P314222.l03c8d",
"ref": "P314222.8.5",
"inst": "u",
"f": {"lang": "akk-x-neoass",
"form": "x",
"pos": "u"}
}
,
{
"node": "l",
"frag": "x",
"id": "P314222.l03c8e",
"ref": "P314222.8.6",
"inst": "u",
"f": {"lang": "akk-x-neoass",
"form": "x",
"pos": "u"}
}
,
{
"node": "c",
"type": "phrase",
"tag": "phr",
"id": "P314222.U4",
"ref": "P314222.ls00000",
"cdl": [
{
"node": "l",
"frag": "EN-si]-i-hi",
"id": "P314222.l03c8f",
"ref": "P314222.8.7",
"cof-tails": "P314222.l03c90",
"inst": "bēlu[lord]N$bēl&sīhu[rebellion]N$sīhi",
"sig": "@saao/saa16%akk-x-neoass:EN-si-i-hi=bēlu[lord//lord]N'N$bēl&&@saao%akk-x-neoass:=sīhu[rebellion//rebellion]N'N$sīhi",
"f": {"lang": "akk-x-neoass",
"form": "EN-si-i-hi",
"cf": "bēlu",
"gw": "lord",
"sense": "lord",
"norm": "bēl",
"pos": "N",
"epos": "N"}
}
,
{
"node": "l",
"frag": "EN-si]-i-hi",
"id": "P314222.l03c90",
"ref": "P314222.8.7",
"cof-head": "P314222.l03c8f",
"inst": "bēlu[lord]N$bēl&sīhu[rebellion]N$sīhi",
"tail-sig": "@saao%akk-x-neoass:=sīhu[rebellion//rebellion]N'N$sīhi",
"f": {"lang": "akk-x-neoass",
"form": "EN-si-i-hi",
"cf": "sīhu",
"gw": "rebellion",
"sense": "rebellion",
"norm": "sīhi",
"pos": "N",
"epos": "N"}
}
]}
,
{
"node": "l",
"frag": "šu₂-⸢u₂⸣",
"id": "P314222.l03c91",
"ref": "P314222.8.8",
"inst": "šû[he]IP",
"sig": "@saao/saa16%akk-x-neoass:šu₂-u₂=šū[he//he]IP'IP$šû",
"f": {"lang": "akk-x-neoass",
"form": "šu₂-u₂",
"cf": "šū",
"gw": "he",
"sense": "he",
"norm": "šû",
"pos": "IP",
"epos": "IP"}
}
,
{
"node": "d",
"type": "line-start",
"ref": "P314222.9",
"n": "7'",
"label": "o 7'"}
,
{
"node": "l",
"frag": "[x",
"id": "P314222.l03c92",
"ref": "P314222.9.1",
"inst": "u",
"f": {"lang": "akk-x-neoass",
"form": "x",
"pos": "u"}
}
,
{
"node": "l",
"frag": "x",
"id": "P314222.l03c93",
"ref": "P314222.9.2",
"inst": "u",
"f": {"lang": "akk-x-neoass",
"form": "x",
"pos": "u"}
}
,
{
"node": "l",
"frag": "x",
"id": "P314222.l03c94",
"ref": "P314222.9.3",
"inst": "u",
"f": {"lang": "akk-x-neoass",
"form": "x",
"pos": "u"}
}
,
{
"node": "l",
"frag": "x",
"id": "P314222.l03c95",
"ref": "P314222.9.4",
"inst": "u",
"f": {"lang": "akk-x-neoass",
"form": "x",
"pos": "u"}
}
,
{
"node": "l",
"frag": "x",
"id": "P314222.l03c96",
"ref": "P314222.9.5",
"inst": "u",
"f": {"lang": "akk-x-neoass",
"form": "x",
"pos": "u"}
}
,
{
"node": "l",
"frag": "x",
"id": "P314222.l03c97",
"ref": "P314222.9.6",
"inst": "u",
"f": {"lang": "akk-x-neoass",
"form": "x",
"pos": "u"}
}
,
{
"node": "l",
"frag": "{1}ru]-ki-ib-⸢tu₂⸣",
"id": "P314222.l03c98",
"ref": "P314222.9.7",
"inst": "Rukibtu[1]PN$",
"sig": "@saao/saa16%akk-x-neoass:{1}ru-ki-ib-tu₂=Rukibtu[1//1]PN'PN$Rukibtu",
"f": {"lang": "akk-x-neoass",
"form": "{1}ru-ki-ib-tu₂",
"cf": "Rukibtu",
"gw": "1",
"sense": "1",
"norm": "Rukibtu",
"pos": "PN",
"epos": "PN"}
}
,
{
"node": "d",
"type": "line-start",
"ref": "P314222.10",
"n": "8'",
"label": "o 8'"}
,
{
"node": "l",
"frag": "[x",
"id": "P314222.l03c99",
"ref": "P314222.10.1",
"inst": "u",
"f": {"lang": "akk-x-neoass",
"form": "x",
"pos": "u"}
}
,
{
"node": "l",
"frag": "x",
"id": "P314222.l03c9a",
"ref": "P314222.10.2",
"inst": "u",
"f": {"lang": "akk-x-neoass",
"form": "x",
"pos": "u"}
}
,
{
"node": "l",
"frag": "x",
"id": "P314222.l03c9b",
"ref": "P314222.10.3",
"inst": "u",
"f": {"lang": "akk-x-neoass",
"form": "x",
"pos": "u"}
}
,
{
"node": "l",
"frag": "x",
"id": "P314222.l03c9c",
"ref": "P314222.10.4",
"inst": "u",
"f": {"lang": "akk-x-neoass",
"form": "x",
"pos": "u"}
}
,
{
"node": "l",
"frag": "x",
"id": "P314222.l03c9d",
"ref": "P314222.10.5",
"inst": "u",
"f": {"lang": "akk-x-neoass",
"form": "x",
"pos": "u"}
}
,
{
"node": "l",
"frag": "x",
"id": "P314222.l03c9e",
"ref": "P314222.10.6",
"inst": "u",
"f": {"lang": "akk-x-neoass",
"form": "x",
"pos": "u"}
}
,
{
"node": "l",
"frag": "x]",
"id": "P314222.l03c9f",
"ref": "P314222.10.7",
"inst": "u",
"f": {"lang": "akk-x-neoass",
"form": "x",
"pos": "u"}
}
,
{
"node": "l",
"frag": "⸢ša⸣",
"id": "P314222.l03ca0",
"ref": "P314222.10.8",
"inst": "ša[of]DET",
"sig": "@saao/saa16%akk-x-neoass:ša=ša[of//of]DET'DET$ša",
"f": {"lang": "akk-x-neoass",
"form": "ša",
"cf": "ša",
"gw": "of",
"sense": "of",
"norm": "ša",
"pos": "DET",
"epos": "DET"}
}
,
{
"node": "l",
"frag": "KUR-aš-šur{[ki]}",
"id": "P314222.l03ca1",
"ref": "P314222.10.9",
"inst": "+Mat-Aššur[Assyria]GN$",
"sig": "@saao/saa16%akk-x-neoass:KUR-aš-šur{KI}=Mat-Aššur[Assyria//Assyria]GN'GN$Mat-Aššur",
"f": {"lang": "akk-x-neoass",
"form": "KUR-aš-šur{KI}",
"cf": "Mat-Aššur",
"gw": "Assyria",
"sense": "Assyria",
"norm": "Mat-Aššur",
"pos": "GN",
"epos": "GN"}
}
,
{
"node": "d",
"type": "line-start",
"ref": "P314222.11",
"n": "9'",
"label": "o 9'"}
,
{
"node": "l",
"frag": "[x",
"id": "P314222.l03ca2",
"ref": "P314222.11.1",
"inst": "u",
"f": {"lang": "akk-x-neoass",
"form": "x",
"pos": "u"}
}
,
{
"node": "l",
"frag": "x",
"id": "P314222.l03ca3",
"ref": "P314222.11.2",
"inst": "u",
"f": {"lang": "akk-x-neoass",
"form": "x",
"pos": "u"}
}
,
{
"node": "l",
"frag": "x",
"id": "P314222.l03ca4",
"ref": "P314222.11.3",
"inst": "u",
"f": {"lang": "akk-x-neoass",
"form": "x",
"pos": "u"}
}
,
{
"node": "l",
"frag": "x",
"id": "P314222.l03ca5",
"ref": "P314222.11.4",
"inst": "u",
"f": {"lang": "akk-x-neoass",
"form": "x",
"pos": "u"}
}
,
{
"node": "l",
"frag": "x",
"id": "P314222.l03ca6",
"ref": "P314222.11.5",
"inst": "u",
"f": {"lang": "akk-x-neoass",
"form": "x",
"pos": "u"}
}
,
{
"node": "l",
"frag": "x",
"id": "P314222.l03ca7",
"ref": "P314222.11.6",
"inst": "u",
"f": {"lang": "akk-x-neoass",
"form": "x",
"pos": "u"}
}
,
{
"node": "l",
"frag": "x",
"id": "P314222.l03ca8",
"ref": "P314222.11.7",
"inst": "u",
"f": {"lang": "akk-x-neoass",
"form": "x",
"pos": "u"}
}
,
{
"node": "l",
"frag": "x]",
"id": "P314222.l03ca9",
"ref": "P314222.11.8",
"inst": "u",
"f": {"lang": "akk-x-neoass",
"form": "x",
"pos": "u"}
}
,
{
"node": "l",
"frag": "ket-tu₂",
"id": "P314222.l03caa",
"ref": "P314222.11.9",
"inst": "kettu[truth]N",
"sig": "@saao/saa16%akk-x-neoass:ket-tu₂=kittu[truth//truth]N'N$kettu",
"f": {"lang": "akk-x-neoass",
"form": "ket-tu₂",
"cf": "kittu",
"gw": "truth",
"sense": "truth",
"norm": "kettu",
"pos": "N",
"epos": "N"}
}
,
{
"node": "l",
"frag": "[o]",
"id": "P314222.l03cab",
"ref": "P314222.11.10",
"inst": "u",
"f": {"lang": "akk-x-neoass",
"form": "o",
"pos": "u"}
}
,
{
"node": "d",
"type": "nonx",
"ref": "P314222.12",
"strict": "0",
"extent": "rest",
"state": "missing"}
,
{
"node": "d",
"subtype": "reverse",
"type": "surface",
"ref": "P314222.r.13",
"type": "reverse",
"label": "r"}
,
{
"node": "d",
"type": "nonx",
"ref": "P314222.14",
"strict": "0",
"state": "other"}
]}
]}
]}
,
{
"linkbase": [{
"type": "linkset",
"xlink_title": "bēl sīhi[insurgent//insurgent]N'N",
"id": "P314222.ls00000",
"xlink_type": "extended",
"xlink_role": "psu",
"sig": "{bēlu[lord]N sīhu[rebellion]N += bēl sīhi[insurgent//insurgent]N'N}::@saao%akk-x-neoass:EN-si-i-hi=bēlu[lord//lord]N'N$bēl++@saao%akk-x-neoass:EN-si-i-hi=sīhu[rebellion//rebellion]N'N$sīhi",
"links": [
{
"type": "link",
"xlink_title": "bēlu",
"xlink_type": "locator",
"xlink_href": "#P314222.l03c8f",
"xlink_role": "elt"}
,
{
"type": "link",
"xlink_title": "sīhu",
"xlink_type": "locator",
"xlink_href": "#P314222.l03c90",
"xlink_role": "elt"}
]}
]}
]}
