{
"type": "cdl",
  "source": "http://oracc.org/saao/saa16",
  "license": "This data is released under the CC0 license",
  "license-url": "https://creativecommons.org/publicdomain/zero/1.0/",
  "more-info": "http://oracc.org/doc/opendata/",
  "UTC-timestamp": "2017-05-19T11:56:00",
"project": "saao/saa16",
"textid": "P314190",
"cdl": [
{
"node": "c",
"type": "text",
"id": "P314190.U0",
"cdl": [
{
"node": "d",
"type": "object",
"ref": ""}
,
{
"node": "d",
"subtype": "obverse",
"type": "surface",
"ref": "P314190.o.1",
"type": "obverse",
"label": "o"}
,
{
"node": "d",
"type": "nonx",
"ref": "P314190.2",
"strict": "0",
"extent": "beginning",
"state": "missing"}
,
{
"node": "c",
"type": "discourse",
"subtype": "body",
"id": "P314190.U1",
"cdl": [
{
"node": "c",
"type": "sentence",
"id": "P314190.U2",
"label": "o 1' - o 3'",
"cdl": [
{
"node": "d",
"type": "line-start",
"ref": "P314190.3",
"n": "1'",
"label": "o 1'"}
,
{
"node": "l",
"frag": "[x",
"id": "P314190.l04b78",
"ref": "P314190.3.1",
"inst": "u",
"f": {"lang": "akk-x-neoass",
"form": "x",
"pos": "u"}
}
,
{
"node": "l",
"frag": "x",
"id": "P314190.l04b79",
"ref": "P314190.3.2",
"inst": "u",
"f": {"lang": "akk-x-neoass",
"form": "x",
"pos": "u"}
}
,
{
"node": "l",
"frag": "x]+⸢x⸣",
"id": "P314190.l04b7a",
"ref": "P314190.3.3",
"inst": "u",
"f": {"lang": "akk-x-neoass",
"form": "x+x",
"pos": "u"}
}
,
{
"node": "l",
"frag": "01",
"id": "P314190.l04b7b",
"ref": "P314190.3.4",
"inst": "n",
"f": {"lang": "akk-x-neoass",
"form": "01",
"pos": "n"}
}
,
{
"node": "l",
"frag": "{⸢anše⸣}[x",
"id": "P314190.l04b7c",
"ref": "P314190.3.5",
"inst": "u",
"f": {"lang": "akk-x-neoass",
"form": "{ANŠE}x",
"pos": "u"}
}
,
{
"node": "l",
"frag": "x",
"id": "P314190.l04b7d",
"ref": "P314190.3.6",
"inst": "u",
"f": {"lang": "akk-x-neoass",
"form": "x",
"pos": "u"}
}
,
{
"node": "l",
"frag": "x]",
"id": "P314190.l04b7e",
"ref": "P314190.3.7",
"inst": "u",
"f": {"lang": "akk-x-neoass",
"form": "x",
"pos": "u"}
}
,
{
"node": "d",
"type": "line-start",
"ref": "P314190.4",
"n": "2'",
"label": "o 2'"}
,
{
"node": "l",
"frag": "[PAB",
"id": "P314190.l04b7f",
"ref": "P314190.4.1",
"inst": "gimru[total]N",
"sig": "@saao/saa16%akk-x-neoass:PAB=gimru[totality//total]N'N$gimru",
"f": {"lang": "akk-x-neoass",
"form": "PAB",
"cf": "gimru",
"gw": "totality",
"sense": "total",
"norm": "gimru",
"pos": "N",
"epos": "N"}
}
,
{
"node": "l",
"frag": "x]",
"id": "P314190.l04b80",
"ref": "P314190.4.2",
"inst": "u",
"f": {"lang": "akk-x-neoass",
"form": "x",
"pos": "u"}
}
,
{
"node": "l",
"frag": "⸢KUR⸣-MEŠ",
"id": "P314190.l04b81",
"ref": "P314190.4.3",
"inst": "sissê[horse]N",
"sig": "@saao/saa16%akk-x-neoass:KUR-MEŠ=sisû[horse//horse]N'N$sissê",
"f": {"lang": "akk-x-neoass",
"form": "KUR-MEŠ",
"cf": "sisû",
"gw": "horse",
"sense": "horse",
"norm": "sissê",
"pos": "N",
"epos": "N"}
}
,
{
"node": "l",
"frag": "02",
"id": "P314190.l04b82",
"ref": "P314190.4.4",
"inst": "n",
"f": {"lang": "akk-x-neoass",
"form": "02",
"pos": "n"}
}
,
{
"node": "l",
"frag": "{⸢anše⸣}[ku-din-MEŠ]",
"id": "P314190.l04b83",
"ref": "P314190.4.5",
"inst": "kūdinī[mule]N",
"sig": "@saao/saa16%akk-x-neoass:{ANŠE}ku-din-MEŠ=kūdanu[mule//mule]N'N$kūdinī",
"f": {"lang": "akk-x-neoass",
"form": "{ANŠE}ku-din-MEŠ",
"cf": "kūdanu",
"gw": "mule",
"sense": "mule",
"norm": "kūdinī",
"pos": "N",
"epos": "N"}
}
,
{
"node": "d",
"type": "line-start",
"ref": "P314190.5",
"n": "3'",
"label": "o 3'"}
,
{
"node": "l",
"frag": "[x",
"id": "P314190.l04b84",
"ref": "P314190.5.1",
"inst": "u",
"f": {"lang": "akk-x-neoass",
"form": "x",
"pos": "u"}
}
,
{
"node": "l",
"frag": "x",
"id": "P314190.l04b85",
"ref": "P314190.5.2",
"inst": "u",
"f": {"lang": "akk-x-neoass",
"form": "x",
"pos": "u"}
}
,
{
"node": "l",
"frag": "x",
"id": "P314190.l04b86",
"ref": "P314190.5.3",
"inst": "u",
"f": {"lang": "akk-x-neoass",
"form": "x",
"pos": "u"}
}
,
{
"node": "l",
"frag": "x]+⸢x⸣-na-⸢ši⸣",
"id": "P314190.l04b87",
"ref": "P314190.5.4",
"inst": "u",
"f": {"lang": "akk-x-neoass",
"form": "x+x-na-ši",
"pos": "u"}
}
,
{
"node": "l",
"frag": "[x",
"id": "P314190.l04b88",
"ref": "P314190.5.5",
"inst": "u",
"f": {"lang": "akk-x-neoass",
"form": "x",
"pos": "u"}
}
,
{
"node": "l",
"frag": "x",
"id": "P314190.l04b89",
"ref": "P314190.5.6",
"inst": "u",
"f": {"lang": "akk-x-neoass",
"form": "x",
"pos": "u"}
}
,
{
"node": "l",
"frag": "x]",
"id": "P314190.l04b8a",
"ref": "P314190.5.7",
"inst": "u",
"f": {"lang": "akk-x-neoass",
"form": "x",
"pos": "u"}
}
,
{
"node": "d",
"type": "nonx",
"ref": "P314190.6",
"strict": "0",
"extent": "rest",
"state": "missing"}
,
{
"node": "d",
"subtype": "reverse",
"type": "surface",
"ref": "P314190.r.7",
"type": "reverse",
"label": "r"}
,
{
"node": "d",
"type": "nonx",
"ref": "P314190.8",
"strict": "0",
"state": "missing"}
]}
]}
]}
]}
