{
"type": "cdl",
  "source": "http://oracc.org/saao/saa16",
  "license": "This data is released under the CC0 license",
  "license-url": "https://creativecommons.org/publicdomain/zero/1.0/",
  "more-info": "http://oracc.org/doc/opendata/",
  "UTC-timestamp": "2017-05-19T11:56:00",
"project": "saao/saa16",
"textid": "P314192",
"cdl": [
{
"node": "c",
"type": "text",
"id": "P314192.U0",
"cdl": [
{
"node": "d",
"type": "object",
"ref": ""}
,
{
"node": "d",
"subtype": "obverse",
"type": "surface",
"ref": "P314192.o.1",
"type": "obverse",
"label": "o"}
,
{
"node": "d",
"type": "nonx",
"ref": "P314192.2",
"strict": "0",
"extent": "beginning",
"state": "missing"}
,
{
"node": "c",
"type": "discourse",
"subtype": "body",
"id": "P314192.U1",
"cdl": [
{
"node": "c",
"type": "sentence",
"id": "P314192.U2",
"label": "o 1' - r 6",
"cdl": [
{
"node": "d",
"type": "line-start",
"ref": "P314192.3",
"n": "1'",
"label": "o 1'"}
,
{
"node": "l",
"frag": "[x",
"id": "P314192.l046ff",
"ref": "P314192.3.1",
"inst": "u",
"f": {"lang": "akk-x-neoass",
"form": "x",
"pos": "u"}
}
,
{
"node": "l",
"frag": "x",
"id": "P314192.l04700",
"ref": "P314192.3.2",
"inst": "u",
"f": {"lang": "akk-x-neoass",
"form": "x",
"pos": "u"}
}
,
{
"node": "l",
"frag": "x",
"id": "P314192.l04701",
"ref": "P314192.3.3",
"inst": "u",
"f": {"lang": "akk-x-neoass",
"form": "x",
"pos": "u"}
}
,
{
"node": "l",
"frag": "x",
"id": "P314192.l04702",
"ref": "P314192.3.4",
"inst": "u",
"f": {"lang": "akk-x-neoass",
"form": "x",
"pos": "u"}
}
,
{
"node": "l",
"frag": "x",
"id": "P314192.l04703",
"ref": "P314192.3.5",
"inst": "u",
"f": {"lang": "akk-x-neoass",
"form": "x",
"pos": "u"}
}
,
{
"node": "l",
"frag": "x",
"id": "P314192.l04704",
"ref": "P314192.3.6",
"inst": "u",
"f": {"lang": "akk-x-neoass",
"form": "x",
"pos": "u"}
}
,
{
"node": "l",
"frag": "x]-nu",
"id": "P314192.l04705",
"ref": "P314192.3.7",
"inst": "u",
"f": {"lang": "akk-x-neoass",
"form": "x-nu",
"pos": "u"}
}
,
{
"node": "d",
"type": "line-start",
"ref": "P314192.4",
"n": "2'",
"label": "o 2'"}
,
{
"node": "l",
"frag": "[x",
"id": "P314192.l04706",
"ref": "P314192.4.1",
"inst": "u",
"f": {"lang": "akk-x-neoass",
"form": "x",
"pos": "u"}
}
,
{
"node": "l",
"frag": "x",
"id": "P314192.l04707",
"ref": "P314192.4.2",
"inst": "u",
"f": {"lang": "akk-x-neoass",
"form": "x",
"pos": "u"}
}
,
{
"node": "l",
"frag": "x",
"id": "P314192.l04708",
"ref": "P314192.4.3",
"inst": "u",
"f": {"lang": "akk-x-neoass",
"form": "x",
"pos": "u"}
}
,
{
"node": "l",
"frag": "x",
"id": "P314192.l04709",
"ref": "P314192.4.4",
"inst": "u",
"f": {"lang": "akk-x-neoass",
"form": "x",
"pos": "u"}
}
,
{
"node": "l",
"frag": "x",
"id": "P314192.l0470a",
"ref": "P314192.4.5",
"inst": "u",
"f": {"lang": "akk-x-neoass",
"form": "x",
"pos": "u"}
}
,
{
"node": "l",
"frag": "x]",
"id": "P314192.l0470b",
"ref": "P314192.4.6",
"inst": "u",
"f": {"lang": "akk-x-neoass",
"form": "x",
"pos": "u"}
}
,
{
"node": "l",
"frag": "ni-iš-ši",
"id": "P314192.l0470c",
"ref": "P314192.4.7",
"inst": "našû[lift//take]V$nišši",
"sig": "@saao/saa16%akk-x-neoass:ni-iš-ši=našû[lift//take]V'V$nišši",
"f": {"lang": "akk-x-neoass",
"form": "ni-iš-ši",
"cf": "našû",
"gw": "lift",
"sense": "take",
"norm": "nišši",
"pos": "V",
"epos": "V"}
}
,
{
"node": "d",
"type": "line-start",
"ref": "P314192.5",
"n": "3'",
"label": "o 3'"}
,
{
"node": "l",
"frag": "[x",
"id": "P314192.l0470d",
"ref": "P314192.5.1",
"inst": "u",
"f": {"lang": "akk-x-neoass",
"form": "x",
"pos": "u"}
}
,
{
"node": "l",
"frag": "x",
"id": "P314192.l0470e",
"ref": "P314192.5.2",
"inst": "u",
"f": {"lang": "akk-x-neoass",
"form": "x",
"pos": "u"}
}
,
{
"node": "l",
"frag": "x",
"id": "P314192.l0470f",
"ref": "P314192.5.3",
"inst": "u",
"f": {"lang": "akk-x-neoass",
"form": "x",
"pos": "u"}
}
,
{
"node": "l",
"frag": "x",
"id": "P314192.l04710",
"ref": "P314192.5.4",
"inst": "u",
"f": {"lang": "akk-x-neoass",
"form": "x",
"pos": "u"}
}
,
{
"node": "l",
"frag": "x",
"id": "P314192.l04711",
"ref": "P314192.5.5",
"inst": "u",
"f": {"lang": "akk-x-neoass",
"form": "x",
"pos": "u"}
}
,
{
"node": "l",
"frag": "x]+⸢x⸣",
"id": "P314192.l04712",
"ref": "P314192.5.6",
"inst": "u",
"f": {"lang": "akk-x-neoass",
"form": "x+x",
"pos": "u"}
}
,
{
"node": "l",
"frag": "ku-zip-pi-ma",
"id": "P314192.l04713",
"ref": "P314192.5.7",
"inst": "kuzippu[cloak//garment]N$kuzippīma",
"sig": "@saao/saa16%akk-x-neoass:ku-zip-pi-ma=kuzippu[cloak//garment]N'N$kuzippīma",
"f": {"lang": "akk-x-neoass",
"form": "ku-zip-pi-ma",
"cf": "kuzippu",
"gw": "cloak",
"sense": "garment",
"norm": "kuzippīma",
"pos": "N",
"epos": "N"}
}
,
{
"node": "d",
"type": "line-start",
"ref": "P314192.6",
"n": "4'",
"label": "o 4'"}
,
{
"node": "l",
"frag": "[x",
"id": "P314192.l04714",
"ref": "P314192.6.1",
"inst": "u",
"f": {"lang": "akk-x-neoass",
"form": "x",
"pos": "u"}
}
,
{
"node": "l",
"frag": "x",
"id": "P314192.l04715",
"ref": "P314192.6.2",
"inst": "u",
"f": {"lang": "akk-x-neoass",
"form": "x",
"pos": "u"}
}
,
{
"node": "l",
"frag": "x",
"id": "P314192.l04716",
"ref": "P314192.6.3",
"inst": "u",
"f": {"lang": "akk-x-neoass",
"form": "x",
"pos": "u"}
}
,
{
"node": "l",
"frag": "x",
"id": "P314192.l04717",
"ref": "P314192.6.4",
"inst": "u",
"f": {"lang": "akk-x-neoass",
"form": "x",
"pos": "u"}
}
,
{
"node": "l",
"frag": "x",
"id": "P314192.l04718",
"ref": "P314192.6.5",
"inst": "u",
"f": {"lang": "akk-x-neoass",
"form": "x",
"pos": "u"}
}
,
{
"node": "l",
"frag": "x]+⸢x⸣",
"id": "P314192.l04719",
"ref": "P314192.6.6",
"inst": "u",
"f": {"lang": "akk-x-neoass",
"form": "x+x",
"pos": "u"}
}
,
{
"node": "l",
"frag": "03",
"id": "P314192.l0471a",
"ref": "P314192.6.7",
"inst": "n",
"f": {"lang": "akk-x-neoass",
"form": "03",
"pos": "n"}
}
,
{
"node": "d",
"subtype": "bottom",
"type": "surface",
"ref": "P314192.b.e..7",
"type": "bottom",
"label": "b.e."}
,
{
"node": "d",
"type": "line-start",
"ref": "P314192.8",
"n": "5'",
"label": "b.e. 5'"}
,
{
"node": "l",
"frag": "[x",
"id": "P314192.l0471b",
"ref": "P314192.8.1",
"inst": "u",
"f": {"lang": "akk-x-neoass",
"form": "x",
"pos": "u"}
}
,
{
"node": "l",
"frag": "x",
"id": "P314192.l0471c",
"ref": "P314192.8.2",
"inst": "u",
"f": {"lang": "akk-x-neoass",
"form": "x",
"pos": "u"}
}
,
{
"node": "l",
"frag": "x",
"id": "P314192.l0471d",
"ref": "P314192.8.3",
"inst": "u",
"f": {"lang": "akk-x-neoass",
"form": "x",
"pos": "u"}
}
,
{
"node": "l",
"frag": "x",
"id": "P314192.l0471e",
"ref": "P314192.8.4",
"inst": "u",
"f": {"lang": "akk-x-neoass",
"form": "x",
"pos": "u"}
}
,
{
"node": "l",
"frag": "ne₂-pu]-uš",
"id": "P314192.l0471f",
"ref": "P314192.8.5",
"inst": "epēšu[do//make]V$nēpuš",
"sig": "@saao/saa16%akk-x-neoass:ne₂-pu-uš=epēšu[do//make]V'V$nēpuš",
"f": {"lang": "akk-x-neoass",
"form": "ne₂-pu-uš",
"cf": "epēšu",
"gw": "do",
"sense": "make",
"norm": "nēpuš",
"pos": "V",
"epos": "V"}
}
,
{
"node": "d",
"subtype": "reverse",
"type": "surface",
"ref": "P314192.r.9",
"type": "reverse",
"label": "r"}
,
{
"node": "d",
"type": "line-start",
"ref": "P314192.10",
"n": "1",
"label": "r 1"}
,
{
"node": "l",
"frag": "[x",
"id": "P314192.l04720",
"ref": "P314192.10.1",
"inst": "u",
"f": {"lang": "akk-x-neoass",
"form": "x",
"pos": "u"}
}
,
{
"node": "l",
"frag": "x",
"id": "P314192.l04721",
"ref": "P314192.10.2",
"inst": "u",
"f": {"lang": "akk-x-neoass",
"form": "x",
"pos": "u"}
}
,
{
"node": "l",
"frag": "x",
"id": "P314192.l04722",
"ref": "P314192.10.3",
"inst": "u",
"f": {"lang": "akk-x-neoass",
"form": "x",
"pos": "u"}
}
,
{
"node": "l",
"frag": "x",
"id": "P314192.l04723",
"ref": "P314192.10.4",
"inst": "u",
"f": {"lang": "akk-x-neoass",
"form": "x",
"pos": "u"}
}
,
{
"node": "l",
"frag": "x",
"id": "P314192.l04724",
"ref": "P314192.10.5",
"inst": "u",
"f": {"lang": "akk-x-neoass",
"form": "x",
"pos": "u"}
}
,
{
"node": "l",
"frag": "x]-i",
"id": "P314192.l04725",
"ref": "P314192.10.6",
"inst": "u",
"f": {"lang": "akk-x-neoass",
"form": "x-i",
"pos": "u"}
}
,
{
"node": "d",
"type": "line-start",
"ref": "P314192.11",
"n": "2",
"label": "r 2"}
,
{
"node": "l",
"frag": "[x",
"id": "P314192.l04726",
"ref": "P314192.11.1",
"inst": "u",
"f": {"lang": "akk-x-neoass",
"form": "x",
"pos": "u"}
}
,
{
"node": "l",
"frag": "x",
"id": "P314192.l04727",
"ref": "P314192.11.2",
"inst": "u",
"f": {"lang": "akk-x-neoass",
"form": "x",
"pos": "u"}
}
,
{
"node": "l",
"frag": "x",
"id": "P314192.l04728",
"ref": "P314192.11.3",
"inst": "u",
"f": {"lang": "akk-x-neoass",
"form": "x",
"pos": "u"}
}
,
{
"node": "l",
"frag": "x",
"id": "P314192.l04729",
"ref": "P314192.11.4",
"inst": "u",
"f": {"lang": "akk-x-neoass",
"form": "x",
"pos": "u"}
}
,
{
"node": "l",
"frag": "x",
"id": "P314192.l0472a",
"ref": "P314192.11.5",
"inst": "u",
"f": {"lang": "akk-x-neoass",
"form": "x",
"pos": "u"}
}
,
{
"node": "l",
"frag": "x]-⸢ru⸣-ni",
"id": "P314192.l0472b",
"ref": "P314192.11.6",
"inst": "u",
"f": {"lang": "akk-x-neoass",
"form": "x-ru-ni",
"pos": "u"}
}
,
{
"node": "d",
"type": "line-start",
"ref": "P314192.12",
"n": "3",
"label": "r 3"}
,
{
"node": "l",
"frag": "[x",
"id": "P314192.l0472c",
"ref": "P314192.12.1",
"inst": "u",
"f": {"lang": "akk-x-neoass",
"form": "x",
"pos": "u"}
}
,
{
"node": "l",
"frag": "x",
"id": "P314192.l0472d",
"ref": "P314192.12.2",
"inst": "u",
"f": {"lang": "akk-x-neoass",
"form": "x",
"pos": "u"}
}
,
{
"node": "l",
"frag": "x",
"id": "P314192.l0472e",
"ref": "P314192.12.3",
"inst": "u",
"f": {"lang": "akk-x-neoass",
"form": "x",
"pos": "u"}
}
,
{
"node": "l",
"frag": "x",
"id": "P314192.l0472f",
"ref": "P314192.12.4",
"inst": "u",
"f": {"lang": "akk-x-neoass",
"form": "x",
"pos": "u"}
}
,
{
"node": "l",
"frag": "x",
"id": "P314192.l04730",
"ref": "P314192.12.5",
"inst": "u",
"f": {"lang": "akk-x-neoass",
"form": "x",
"pos": "u"}
}
,
{
"node": "l",
"frag": "x",
"id": "P314192.l04731",
"ref": "P314192.12.6",
"inst": "u",
"f": {"lang": "akk-x-neoass",
"form": "x",
"pos": "u"}
}
,
{
"node": "l",
"frag": "x]+⸢x⸣-ti",
"id": "P314192.l04732",
"ref": "P314192.12.7",
"inst": "u",
"f": {"lang": "akk-x-neoass",
"form": "x+x-ti",
"pos": "u"}
}
,
{
"node": "d",
"type": "line-start",
"ref": "P314192.13",
"n": "4",
"label": "r 4"}
,
{
"node": "l",
"frag": "[x",
"id": "P314192.l04733",
"ref": "P314192.13.1",
"inst": "u",
"f": {"lang": "akk-x-neoass",
"form": "x",
"pos": "u"}
}
,
{
"node": "l",
"frag": "x",
"id": "P314192.l04734",
"ref": "P314192.13.2",
"inst": "u",
"f": {"lang": "akk-x-neoass",
"form": "x",
"pos": "u"}
}
,
{
"node": "l",
"frag": "x",
"id": "P314192.l04735",
"ref": "P314192.13.3",
"inst": "u",
"f": {"lang": "akk-x-neoass",
"form": "x",
"pos": "u"}
}
,
{
"node": "l",
"frag": "x",
"id": "P314192.l04736",
"ref": "P314192.13.4",
"inst": "u",
"f": {"lang": "akk-x-neoass",
"form": "x",
"pos": "u"}
}
,
{
"node": "l",
"frag": "x",
"id": "P314192.l04737",
"ref": "P314192.13.5",
"inst": "u",
"f": {"lang": "akk-x-neoass",
"form": "x",
"pos": "u"}
}
,
{
"node": "l",
"frag": "x]-⸢ak⸣-ma",
"id": "P314192.l04738",
"ref": "P314192.13.6",
"inst": "u",
"f": {"lang": "akk-x-neoass",
"form": "x-ak-ma",
"pos": "u"}
}
,
{
"node": "d",
"type": "line-start",
"ref": "P314192.14",
"n": "5",
"label": "r 5"}
,
{
"node": "l",
"frag": "[x",
"id": "P314192.l04739",
"ref": "P314192.14.1",
"inst": "u",
"f": {"lang": "akk-x-neoass",
"form": "x",
"pos": "u"}
}
,
{
"node": "l",
"frag": "x",
"id": "P314192.l0473a",
"ref": "P314192.14.2",
"inst": "u",
"f": {"lang": "akk-x-neoass",
"form": "x",
"pos": "u"}
}
,
{
"node": "l",
"frag": "x",
"id": "P314192.l0473b",
"ref": "P314192.14.3",
"inst": "u",
"f": {"lang": "akk-x-neoass",
"form": "x",
"pos": "u"}
}
,
{
"node": "l",
"frag": "x",
"id": "P314192.l0473c",
"ref": "P314192.14.4",
"inst": "u",
"f": {"lang": "akk-x-neoass",
"form": "x",
"pos": "u"}
}
,
{
"node": "l",
"frag": "x",
"id": "P314192.l0473d",
"ref": "P314192.14.5",
"inst": "u",
"f": {"lang": "akk-x-neoass",
"form": "x",
"pos": "u"}
}
,
{
"node": "l",
"frag": "x",
"id": "P314192.l0473e",
"ref": "P314192.14.6",
"inst": "u",
"f": {"lang": "akk-x-neoass",
"form": "x",
"pos": "u"}
}
,
{
"node": "l",
"frag": "x]-ša₂",
"id": "P314192.l0473f",
"ref": "P314192.14.7",
"inst": "u",
"f": {"lang": "akk-x-neoass",
"form": "x-ša₂",
"pos": "u"}
}
,
{
"node": "d",
"type": "line-start",
"ref": "P314192.15",
"n": "6",
"label": "r 6"}
,
{
"node": "l",
"frag": "[x",
"id": "P314192.l04740",
"ref": "P314192.15.1",
"inst": "u",
"f": {"lang": "akk-x-neoass",
"form": "x",
"pos": "u"}
}
,
{
"node": "l",
"frag": "x",
"id": "P314192.l04741",
"ref": "P314192.15.2",
"inst": "u",
"f": {"lang": "akk-x-neoass",
"form": "x",
"pos": "u"}
}
,
{
"node": "l",
"frag": "x",
"id": "P314192.l04742",
"ref": "P314192.15.3",
"inst": "u",
"f": {"lang": "akk-x-neoass",
"form": "x",
"pos": "u"}
}
,
{
"node": "l",
"frag": "x",
"id": "P314192.l04743",
"ref": "P314192.15.4",
"inst": "u",
"f": {"lang": "akk-x-neoass",
"form": "x",
"pos": "u"}
}
,
{
"node": "l",
"frag": "x",
"id": "P314192.l04744",
"ref": "P314192.15.5",
"inst": "u",
"f": {"lang": "akk-x-neoass",
"form": "x",
"pos": "u"}
}
,
{
"node": "l",
"frag": "x",
"id": "P314192.l04745",
"ref": "P314192.15.6",
"inst": "u",
"f": {"lang": "akk-x-neoass",
"form": "x",
"pos": "u"}
}
,
{
"node": "l",
"frag": "x]+⸢x⸣",
"id": "P314192.l04746",
"ref": "P314192.15.7",
"inst": "u",
"f": {"lang": "akk-x-neoass",
"form": "x+x",
"pos": "u"}
}
,
{
"node": "d",
"type": "nonx",
"ref": "P314192.16",
"strict": "0",
"extent": "rest",
"state": "missing"}
]}
]}
]}
]}
