{
"type": "cdl",
  "source": "http://oracc.org/saao/saa16",
  "license": "This data is released under the CC0 license",
  "license-url": "https://creativecommons.org/publicdomain/zero/1.0/",
  "more-info": "http://oracc.org/doc/opendata/",
  "UTC-timestamp": "2017-05-19T11:56:04",
"project": "saao/saa16",
"textid": "P314386",
"cdl": [
{
"node": "c",
"type": "text",
"id": "P314386.U0",
"cdl": [
{
"node": "d",
"type": "object",
"ref": ""}
,
{
"node": "d",
"subtype": "obverse",
"type": "surface",
"ref": "P314386.o.1",
"type": "obverse",
"label": "o"}
,
{
"node": "d",
"type": "nonx",
"ref": "P314386.2",
"strict": "0",
"extent": "beginning",
"state": "missing"}
,
{
"node": "c",
"type": "discourse",
"subtype": "body",
"id": "P314386.U1",
"cdl": [
{
"node": "c",
"type": "sentence",
"id": "P314386.U2",
"label": "o 1' - r 3'",
"cdl": [
{
"node": "d",
"type": "line-start",
"ref": "P314386.3",
"n": "1'",
"label": "o 1'"}
,
{
"node": "l",
"frag": "[x",
"id": "P314386.l00347",
"ref": "P314386.3.1",
"inst": "u",
"f": {"lang": "akk-x-neoass",
"form": "x",
"pos": "u"}
}
,
{
"node": "l",
"frag": "x",
"id": "P314386.l00348",
"ref": "P314386.3.2",
"inst": "u",
"f": {"lang": "akk-x-neoass",
"form": "x",
"pos": "u"}
}
,
{
"node": "l",
"frag": "x]",
"id": "P314386.l00349",
"ref": "P314386.3.3",
"inst": "u",
"f": {"lang": "akk-x-neoass",
"form": "x",
"pos": "u"}
}
,
{
"node": "l",
"frag": "⸢x⸣",
"id": "P314386.l0034a",
"ref": "P314386.3.4",
"inst": "u",
"f": {"lang": "akk-x-neoass",
"form": "x",
"pos": "u"}
}
,
{
"node": "l",
"frag": "[x",
"id": "P314386.l0034b",
"ref": "P314386.3.5",
"inst": "u",
"f": {"lang": "akk-x-neoass",
"form": "x",
"pos": "u"}
}
,
{
"node": "l",
"frag": "x]-MEŠ\\m-ni",
"id": "P314386.l0034c",
"ref": "P314386.3.6",
"inst": "u",
"f": {"lang": "akk-x-neoass",
"form": "x-MEŠ-ni",
"pos": "u"}
}
,
{
"node": "l",
"frag": "is",
"id": "P314386.l0034d",
"ref": "P314386.3.7",
"inst": "u",
"f": {"lang": "akk-x-neoass",
"form": "is",
"pos": "u"}
}
,
{
"node": "l",
"frag": "[x",
"id": "P314386.l0034e",
"ref": "P314386.3.8",
"inst": "u",
"f": {"lang": "akk-x-neoass",
"form": "x",
"pos": "u"}
}
,
{
"node": "l",
"frag": "x]",
"id": "P314386.l0034f",
"ref": "P314386.3.9",
"inst": "u",
"f": {"lang": "akk-x-neoass",
"form": "x",
"pos": "u"}
}
,
{
"node": "l",
"frag": "⸢ni⸣",
"id": "P314386.l00350",
"ref": "P314386.3.10",
"inst": "u",
"f": {"lang": "akk-x-neoass",
"form": "ni",
"pos": "u"}
}
,
{
"node": "d",
"type": "line-start",
"ref": "P314386.4",
"n": "2'",
"label": "o 2'"}
,
{
"node": "l",
"frag": "[x",
"id": "P314386.l00351",
"ref": "P314386.4.1",
"inst": "u",
"f": {"lang": "akk-x-neoass",
"form": "x",
"pos": "u"}
}
,
{
"node": "l",
"frag": "x",
"id": "P314386.l00352",
"ref": "P314386.4.2",
"inst": "u",
"f": {"lang": "akk-x-neoass",
"form": "x",
"pos": "u"}
}
,
{
"node": "l",
"frag": "x]+⸢x⸣-ia",
"id": "P314386.l00353",
"ref": "P314386.4.3",
"inst": "u",
"f": {"lang": "akk-x-neoass",
"form": "x+x-ia",
"pos": "u"}
}
,
{
"node": "l",
"frag": "id-du-ub-bu",
"id": "P314386.l00354",
"ref": "P314386.4.4",
"inst": "iddubbu[speak]V",
"sig": "@saao/saa16%akk-x-neoass:id-du-ub-bu=dabābu[speak//speak]V'V$iddubbu",
"f": {"lang": "akk-x-neoass",
"form": "id-du-ub-bu",
"cf": "dabābu",
"gw": "speak",
"sense": "speak",
"norm": "iddubbu",
"pos": "V",
"epos": "V"}
}
,
{
"node": "l",
"frag": "ina",
"id": "P314386.l00355",
"ref": "P314386.4.5",
"inst": "ina[into]PRP",
"sig": "@saao/saa16%akk-x-neoass:ina=ina[in//into]PRP'PRP$ina",
"f": {"lang": "akk-x-neoass",
"form": "ina",
"cf": "ina",
"gw": "in",
"sense": "into",
"norm": "ina",
"pos": "PRP",
"epos": "PRP"}
}
,
{
"node": "l",
"frag": "ke-ti\\t-ia",
"id": "P314386.l00356",
"ref": "P314386.4.6",
"inst": "kittu[truth//truly]N'AV$kettīya",
"sig": "@saao/saa16%akk-x-neoass:ke-ti-ia=kittu[truth//truly]N'AV$kettīya",
"f": {"lang": "akk-x-neoass",
"form": "ke-ti-ia",
"cf": "kittu",
"gw": "truth",
"sense": "truly",
"norm": "kettīya",
"pos": "N",
"epos": "AV"}
}
,
{
"node": "d",
"type": "line-start",
"ref": "P314386.5",
"n": "3'",
"label": "o 3'"}
,
{
"node": "l",
"frag": "[aq]-ṭi-bi",
"id": "P314386.l00357",
"ref": "P314386.5.1",
"inst": "aqṭibi[say]V",
"sig": "@saao/saa16%akk-x-neoass:aq-ṭi-bi=qabû[say//say]V'V$aqṭibi",
"f": {"lang": "akk-x-neoass",
"form": "aq-ṭi-bi",
"cf": "qabû",
"gw": "say",
"sense": "say",
"norm": "aqṭibi",
"pos": "V",
"epos": "V"}
}
,
{
"node": "l",
"frag": "at-ta-a-ma",
"id": "P314386.l00358",
"ref": "P314386.5.2",
"inst": "atta[you]IP$attāma",
"sig": "@saao/saa16%akk-x-neoass:at-ta-a-ma=atta[you//you]IP'IP$attāma",
"f": {"lang": "akk-x-neoass",
"form": "at-ta-a-ma",
"cf": "atta",
"gw": "you",
"sense": "you",
"norm": "attāma",
"pos": "IP",
"epos": "IP"}
}
,
{
"node": "l",
"frag": "tah\\p-ti\\t-ik\\d-im",
"id": "P314386.l00359",
"ref": "P314386.5.3",
"inst": "hakāmu[understand]V$tahtikim",
"sig": "@saao/saa16%akk-x-neoass:tah-ti-ik-im=hakāmu[understand//understand]V'V$tahtikim",
"f": {"lang": "akk-x-neoass",
"form": "tah-ti-ik-im",
"cf": "hakāmu",
"gw": "understand",
"sense": "understand",
"norm": "tahtikim",
"pos": "V",
"epos": "V"}
}
,
{
"node": "d",
"type": "line-start",
"ref": "P314386.6",
"n": "4'",
"label": "o 4'"}
,
{
"node": "l",
"frag": "ša\\m",
"id": "P314386.l0035a",
"ref": "P314386.6.1",
"inst": "ša[that]REL",
"sig": "@saao/saa16%akk-x-neoass:ša=ša[that//that]REL'REL$ša",
"f": {"lang": "akk-x-neoass",
"form": "ša",
"cf": "ša",
"gw": "that",
"sense": "that",
"norm": "ša",
"pos": "REL",
"epos": "REL"}
}
,
{
"node": "c",
"type": "phrase",
"tag": "phr",
"id": "P314386.U4",
"ref": "P314386.ls00000",
"cdl": [
{
"node": "l",
"frag": "ina",
"id": "P314386.l0035b",
"ref": "P314386.6.2",
"inst": "ina[in+=about]PRP$",
"sig": "@saao/saa16%akk-x-neoass:ina=ina[in//in]PRP'PRP$ina",
"f": {"lang": "akk-x-neoass",
"form": "ina",
"cf": "ina",
"gw": "in",
"sense": "in",
"norm": "ina",
"pos": "PRP",
"epos": "PRP"}
}
,
{
"node": "l",
"frag": "UGU",
"id": "P314386.l0035c",
"ref": "P314386.6.3",
"inst": "muhhu[skull]N$muhhi",
"sig": "@saao/saa16%akk-x-neoass:UGU=muhhu[skull//skull]N'N$muhhi",
"f": {"lang": "akk-x-neoass",
"form": "UGU",
"cf": "muhhu",
"gw": "skull",
"sense": "skull",
"norm": "muhhi",
"pos": "N",
"epos": "N"}
}
]}
,
{
"node": "l",
"frag": "du-a-ki-i-ka",
"id": "P314386.l0035d",
"ref": "P314386.6.4",
"inst": "dâku[kill//killing]V'N$duakīka",
"sig": "@saao/saa16%akk-x-neoass:du-a-ki-i-ka=dâku[kill//killing]V'N$duakīka",
"f": {"lang": "akk-x-neoass",
"form": "du-a-ki-i-ka",
"cf": "dâku",
"gw": "kill",
"sense": "killing",
"norm": "duakīka",
"pos": "V",
"epos": "N"}
}
,
{
"node": "l",
"frag": "id-bu-bu-ni\\d",
"id": "P314386.l0035e",
"ref": "P314386.6.5",
"inst": "idbubūni[speak]V",
"sig": "@saao/saa16%akk-x-neoass:id-bu-bu-ni=dabābu[speak//speak]V'V$idbubūni",
"f": {"lang": "akk-x-neoass",
"form": "id-bu-bu-ni",
"cf": "dabābu",
"gw": "speak",
"sense": "speak",
"norm": "idbubūni",
"pos": "V",
"epos": "V"}
}
,
{
"node": "d",
"type": "line-start",
"ref": "P314386.7",
"n": "5'",
"label": "o 5'"}
,
{
"node": "l",
"frag": "a-na-ku",
"id": "P314386.l0035f",
"ref": "P314386.7.1",
"inst": "anāku[I]IP",
"sig": "@saao/saa16%akk-x-neoass:a-na-ku=anāku[I//I]IP'IP$anāku",
"f": {"lang": "akk-x-neoass",
"form": "a-na-ku",
"cf": "anāku",
"gw": "I",
"sense": "I",
"norm": "anāku",
"pos": "IP",
"epos": "IP"}
}
,
{
"node": "l",
"frag": "mi₃-i-nu",
"id": "P314386.l00360",
"ref": "P314386.7.2",
"inst": "mīnu[what?]QP",
"sig": "@saao/saa16%akk-x-neoass:mi₃-i-nu=mīnu[what?//what?]QP'QP$mīnu",
"f": {"lang": "akk-x-neoass",
"form": "mi₃-i-nu",
"cf": "mīnu",
"gw": "what?",
"sense": "what?",
"norm": "mīnu",
"pos": "QP",
"epos": "QP"}
}
,
{
"node": "l",
"frag": "la-aš₂-pu-⸢rak⸣-ka",
"id": "P314386.l00361",
"ref": "P314386.7.3",
"inst": "šapāru[send//write]V$lašpurakka",
"sig": "@saao/saa16%akk-x-neoass:la-aš₂-pu-rak-ka=šapāru[send//write]V'V$lašpurakka",
"f": {"lang": "akk-x-neoass",
"form": "la-aš₂-pu-rak-ka",
"cf": "šapāru",
"gw": "send",
"sense": "write",
"norm": "lašpurakka",
"pos": "V",
"epos": "V"}
}
,
{
"node": "d",
"type": "line-start",
"ref": "P314386.8",
"n": "6'",
"label": "o 6'"}
,
{
"node": "l",
"frag": "at-ta",
"id": "P314386.l00362",
"ref": "P314386.8.1",
"inst": "atta[you]IP",
"sig": "@saao/saa16%akk-x-neoass:at-ta=atta[you//you]IP'IP$atta",
"f": {"lang": "akk-x-neoass",
"form": "at-ta",
"cf": "atta",
"gw": "you",
"sense": "you",
"norm": "atta",
"pos": "IP",
"epos": "IP"}
}
,
{
"node": "l",
"frag": "tu-ud-da\\d",
"id": "P314386.l00363",
"ref": "P314386.8.2",
"inst": "wadû[know]V$tudda",
"sig": "@saao/saa16%akk-x-neoass:tu-ud-da=wadû[know//know]V'V$tudda",
"f": {"lang": "akk-x-neoass",
"form": "tu-ud-da",
"cf": "wadû",
"gw": "know",
"sense": "know",
"norm": "tudda",
"pos": "V",
"epos": "V"}
}
,
{
"node": "l",
"frag": "[x",
"id": "P314386.l00364",
"ref": "P314386.8.3",
"inst": "u",
"f": {"lang": "akk-x-neoass",
"form": "x",
"pos": "u"}
}
,
{
"node": "l",
"frag": "x",
"id": "P314386.l00365",
"ref": "P314386.8.4",
"inst": "u",
"f": {"lang": "akk-x-neoass",
"form": "x",
"pos": "u"}
}
,
{
"node": "l",
"frag": "x",
"id": "P314386.l00366",
"ref": "P314386.8.5",
"inst": "u",
"f": {"lang": "akk-x-neoass",
"form": "x",
"pos": "u"}
}
,
{
"node": "l",
"frag": "x",
"id": "P314386.l00367",
"ref": "P314386.8.6",
"inst": "u",
"f": {"lang": "akk-x-neoass",
"form": "x",
"pos": "u"}
}
,
{
"node": "l",
"frag": "x",
"id": "P314386.l00368",
"ref": "P314386.8.7",
"inst": "u",
"f": {"lang": "akk-x-neoass",
"form": "x",
"pos": "u"}
}
,
{
"node": "l",
"frag": "x]",
"id": "P314386.l00369",
"ref": "P314386.8.8",
"inst": "u",
"f": {"lang": "akk-x-neoass",
"form": "x",
"pos": "u"}
}
,
{
"node": "d",
"type": "line-start",
"ref": "P314386.9",
"n": "7'",
"label": "o 7'"}
,
{
"node": "l",
"frag": "it-ti\\t-it-zi",
"id": "P314386.l0036a",
"ref": "P314386.9.1",
"inst": "ittitzi[stand]V",
"sig": "@saao/saa16%akk-x-neoass:it-ti-it-zi=izuzzu[stand//stand]V'V$ittitzi",
"f": {"lang": "akk-x-neoass",
"form": "it-ti-it-zi",
"cf": "izuzzu",
"gw": "stand",
"sense": "stand",
"norm": "ittitzi",
"pos": "V",
"epos": "V"}
}
,
{
"node": "l",
"frag": "u₃",
"id": "P314386.l0036b",
"ref": "P314386.9.2",
"inst": "u[and]CNJ",
"sig": "@saao/saa16%akk-x-neoass:u₃=u[and//and]CNJ'CNJ$u",
"f": {"lang": "akk-x-neoass",
"form": "u₃",
"cf": "u",
"gw": "and",
"sense": "and",
"norm": "u",
"pos": "CNJ",
"epos": "CNJ"}
}
,
{
"node": "l",
"frag": "⸢x⸣+[x",
"id": "P314386.l0036c",
"ref": "P314386.9.3",
"inst": "u",
"f": {"lang": "akk-x-neoass",
"form": "x+x",
"pos": "u"}
}
,
{
"node": "l",
"frag": "x",
"id": "P314386.l0036d",
"ref": "P314386.9.4",
"inst": "u",
"f": {"lang": "akk-x-neoass",
"form": "x",
"pos": "u"}
}
,
{
"node": "l",
"frag": "x",
"id": "P314386.l0036e",
"ref": "P314386.9.5",
"inst": "u",
"f": {"lang": "akk-x-neoass",
"form": "x",
"pos": "u"}
}
,
{
"node": "l",
"frag": "x",
"id": "P314386.l0036f",
"ref": "P314386.9.6",
"inst": "u",
"f": {"lang": "akk-x-neoass",
"form": "x",
"pos": "u"}
}
,
{
"node": "l",
"frag": "x]",
"id": "P314386.l00370",
"ref": "P314386.9.7",
"inst": "u",
"f": {"lang": "akk-x-neoass",
"form": "x",
"pos": "u"}
}
,
{
"node": "d",
"type": "line-start",
"ref": "P314386.10",
"n": "8'",
"label": "o 8'"}
,
{
"node": "c",
"type": "phrase",
"tag": "phr",
"id": "P314386.U5",
"ref": "P314386.ls00001",
"cdl": [
{
"node": "l",
"frag": "[ina]",
"id": "P314386.l00371",
"ref": "P314386.10.1",
"inst": "ina[in+=in the presence of]PRP$",
"sig": "@saao/saa16%akk-x-neoass:ina=ina[in//in]PRP'PRP$ina",
"f": {"lang": "akk-x-neoass",
"form": "ina",
"cf": "ina",
"gw": "in",
"sense": "in",
"norm": "ina",
"pos": "PRP",
"epos": "PRP"}
}
,
{
"node": "l",
"frag": "⸢IGI⸣-ia",
"id": "P314386.l00372",
"ref": "P314386.10.2",
"inst": "pānu[front]N$pānīya",
"sig": "@saao/saa16%akk-x-neoass:IGI-ia=pānu[front//front]N'N$pānīya",
"f": {"lang": "akk-x-neoass",
"form": "IGI-ia",
"cf": "pānu",
"gw": "front",
"sense": "front",
"norm": "pānīya",
"pos": "N",
"epos": "N"}
}
]}
,
{
"node": "l",
"frag": "i-ba-aš₂-ši",
"id": "P314386.l00373",
"ref": "P314386.10.3",
"inst": "ibašši[exist]V",
"sig": "@saao/saa16%akk-x-neoass:i-ba-aš₂-ši=bašû[exist//exist]V'V$ibašši",
"f": {"lang": "akk-x-neoass",
"form": "i-ba-aš₂-ši",
"cf": "bašû",
"gw": "exist",
"sense": "exist",
"norm": "ibašši",
"pos": "V",
"epos": "V"}
}
,
{
"node": "l",
"frag": "a-ta-a",
"id": "P314386.l00374",
"ref": "P314386.10.4",
"inst": "atâ[why?]QP",
"sig": "@saao/saa16%akk-x-neoass:a-ta-a=atā[why?//why?]QP'QP$atâ",
"f": {"lang": "akk-x-neoass",
"form": "a-ta-a",
"cf": "atā",
"gw": "why?",
"sense": "why?",
"norm": "atâ",
"pos": "QP",
"epos": "QP"}
}
,
{
"node": "l",
"frag": "⸢ka⸣-[x",
"id": "P314386.l00375",
"ref": "P314386.10.5",
"inst": "u",
"f": {"lang": "akk-x-neoass",
"form": "ka-x",
"pos": "u"}
}
,
{
"node": "l",
"frag": "x",
"id": "P314386.l00376",
"ref": "P314386.10.6",
"inst": "u",
"f": {"lang": "akk-x-neoass",
"form": "x",
"pos": "u"}
}
,
{
"node": "l",
"frag": "x]",
"id": "P314386.l00377",
"ref": "P314386.10.7",
"inst": "u",
"f": {"lang": "akk-x-neoass",
"form": "x",
"pos": "u"}
}
,
{
"node": "d",
"type": "line-start",
"ref": "P314386.11",
"n": "9'",
"label": "o 9'"}
,
{
"node": "c",
"type": "phrase",
"tag": "phr",
"id": "P314386.U6",
"ref": "P314386.ls00002",
"cdl": [
{
"node": "l",
"frag": "⸢TA⸣",
"id": "P314386.l00378",
"ref": "P314386.11.1",
"inst": "ištu[from+=because of]PRP$",
"sig": "@saao/saa16%akk-x-neoass:TA=ištu[from//from]PRP'PRP$ištu",
"f": {"lang": "akk-x-neoass",
"form": "TA",
"cf": "ištu",
"gw": "from",
"sense": "from",
"norm": "ištu",
"pos": "PRP",
"epos": "PRP"}
}
,
{
"node": "l",
"frag": "IGI-⸢ia⸣",
"id": "P314386.l00379",
"ref": "P314386.11.2",
"inst": "pānu[front]N$pānīya",
"sig": "@saao/saa16%akk-x-neoass:IGI-ia=pānu[front//front]N'N$pānīya",
"f": {"lang": "akk-x-neoass",
"form": "IGI-ia",
"cf": "pānu",
"gw": "front",
"sense": "front",
"norm": "pānīya",
"pos": "N",
"epos": "N"}
}
]}
,
{
"node": "l",
"frag": "[x]+⸢x⸣-me-du",
"id": "P314386.l0037a",
"ref": "P314386.11.3",
"inst": "u",
"f": {"lang": "akk-x-neoass",
"form": "x+x-me-du",
"pos": "u"}
}
,
{
"node": "l",
"frag": "tu₂",
"id": "P314386.l0037b",
"ref": "P314386.11.4",
"inst": "u",
"f": {"lang": "akk-x-neoass",
"form": "tu₂",
"pos": "u"}
}
,
{
"node": "l",
"frag": "da\\d",
"id": "P314386.l0037c",
"ref": "P314386.11.5",
"inst": "u",
"f": {"lang": "akk-x-neoass",
"form": "da",
"pos": "u"}
}
,
{
"node": "l",
"frag": "⸢x⸣+[x",
"id": "P314386.l0037d",
"ref": "P314386.11.6",
"inst": "u",
"f": {"lang": "akk-x-neoass",
"form": "x+x",
"pos": "u"}
}
,
{
"node": "l",
"frag": "x",
"id": "P314386.l0037e",
"ref": "P314386.11.7",
"inst": "u",
"f": {"lang": "akk-x-neoass",
"form": "x",
"pos": "u"}
}
,
{
"node": "l",
"frag": "x]",
"id": "P314386.l0037f",
"ref": "P314386.11.8",
"inst": "u",
"f": {"lang": "akk-x-neoass",
"form": "x",
"pos": "u"}
}
,
{
"node": "d",
"type": "line-start",
"ref": "P314386.12",
"n": "10'",
"label": "o 10'"}
,
{
"node": "l",
"frag": "[x",
"id": "P314386.l00380",
"ref": "P314386.12.1",
"inst": "u",
"f": {"lang": "akk-x-neoass",
"form": "x",
"pos": "u"}
}
,
{
"node": "l",
"frag": "x",
"id": "P314386.l00381",
"ref": "P314386.12.2",
"inst": "u",
"f": {"lang": "akk-x-neoass",
"form": "x",
"pos": "u"}
}
,
{
"node": "l",
"frag": "x",
"id": "P314386.l00382",
"ref": "P314386.12.3",
"inst": "u",
"f": {"lang": "akk-x-neoass",
"form": "x",
"pos": "u"}
}
,
{
"node": "l",
"frag": "x",
"id": "P314386.l00383",
"ref": "P314386.12.4",
"inst": "u",
"f": {"lang": "akk-x-neoass",
"form": "x",
"pos": "u"}
}
,
{
"node": "l",
"frag": "x]+⸢x",
"id": "P314386.l00384",
"ref": "P314386.12.5",
"inst": "u",
"f": {"lang": "akk-x-neoass",
"form": "x+x",
"pos": "u"}
}
,
{
"node": "l",
"frag": "x",
"id": "P314386.l00385",
"ref": "P314386.12.6",
"inst": "u",
"f": {"lang": "akk-x-neoass",
"form": "x",
"pos": "u"}
}
,
{
"node": "l",
"frag": "x⸣",
"id": "P314386.l00386",
"ref": "P314386.12.7",
"inst": "u",
"f": {"lang": "akk-x-neoass",
"form": "x",
"pos": "u"}
}
,
{
"node": "l",
"frag": "ʾa",
"id": "P314386.l00387",
"ref": "P314386.12.8",
"inst": "u",
"f": {"lang": "akk-x-neoass",
"form": "ʾa",
"pos": "u"}
}
,
{
"node": "l",
"frag": "[x",
"id": "P314386.l00388",
"ref": "P314386.12.9",
"inst": "u",
"f": {"lang": "akk-x-neoass",
"form": "x",
"pos": "u"}
}
,
{
"node": "l",
"frag": "x",
"id": "P314386.l00389",
"ref": "P314386.12.10",
"inst": "u",
"f": {"lang": "akk-x-neoass",
"form": "x",
"pos": "u"}
}
,
{
"node": "l",
"frag": "x]",
"id": "P314386.l0038a",
"ref": "P314386.12.11",
"inst": "u",
"f": {"lang": "akk-x-neoass",
"form": "x",
"pos": "u"}
}
,
{
"node": "d",
"type": "line-start",
"ref": "P314386.13",
"n": "11'",
"label": "o 11'"}
,
{
"node": "l",
"frag": "[x",
"id": "P314386.l0038b",
"ref": "P314386.13.1",
"inst": "u",
"f": {"lang": "akk-x-neoass",
"form": "x",
"pos": "u"}
}
,
{
"node": "l",
"frag": "x",
"id": "P314386.l0038c",
"ref": "P314386.13.2",
"inst": "u",
"f": {"lang": "akk-x-neoass",
"form": "x",
"pos": "u"}
}
,
{
"node": "l",
"frag": "x",
"id": "P314386.l0038d",
"ref": "P314386.13.3",
"inst": "u",
"f": {"lang": "akk-x-neoass",
"form": "x",
"pos": "u"}
}
,
{
"node": "l",
"frag": "x",
"id": "P314386.l0038e",
"ref": "P314386.13.4",
"inst": "u",
"f": {"lang": "akk-x-neoass",
"form": "x",
"pos": "u"}
}
,
{
"node": "l",
"frag": "x",
"id": "P314386.l0038f",
"ref": "P314386.13.5",
"inst": "u",
"f": {"lang": "akk-x-neoass",
"form": "x",
"pos": "u"}
}
,
{
"node": "l",
"frag": "x",
"id": "P314386.l00390",
"ref": "P314386.13.6",
"inst": "u",
"f": {"lang": "akk-x-neoass",
"form": "x",
"pos": "u"}
}
,
{
"node": "l",
"frag": "x]",
"id": "P314386.l00391",
"ref": "P314386.13.7",
"inst": "u",
"f": {"lang": "akk-x-neoass",
"form": "x",
"pos": "u"}
}
,
{
"node": "c",
"type": "phrase",
"tag": "phr",
"id": "P314386.U7",
"ref": "P314386.ls00003",
"cdl": [
{
"node": "l",
"frag": "a-na",
"id": "P314386.l00392",
"ref": "P314386.13.8",
"inst": "ana[to+=why?]PRP$",
"sig": "@saao/saa16%akk-x-neoass:a-na=ana[to//to]PRP'PRP$ana",
"f": {"lang": "akk-x-neoass",
"form": "a-na",
"cf": "ana",
"gw": "to",
"sense": "to",
"norm": "ana",
"pos": "PRP",
"epos": "PRP"}
}
,
{
"node": "l",
"frag": "mi-[i-ni",
"id": "P314386.l00393",
"ref": "P314386.13.9",
"inst": "mīnu[what?]QP$mīni",
"sig": "@saao/saa16%akk-x-neoass:mi-i-ni=mīnu[what?//what?]QP'QP$mīni",
"f": {"lang": "akk-x-neoass",
"form": "mi-i-ni",
"cf": "mīnu",
"gw": "what?",
"sense": "what?",
"norm": "mīni",
"pos": "QP",
"epos": "QP"}
}
]}
,
{
"node": "l",
"frag": "x",
"id": "P314386.l00394",
"ref": "P314386.13.10",
"inst": "u",
"f": {"lang": "akk-x-neoass",
"form": "x",
"pos": "u"}
}
,
{
"node": "l",
"frag": "x]",
"id": "P314386.l00395",
"ref": "P314386.13.11",
"inst": "u",
"f": {"lang": "akk-x-neoass",
"form": "x",
"pos": "u"}
}
,
{
"node": "d",
"type": "line-start",
"ref": "P314386.14",
"n": "12'",
"label": "o 12'"}
,
{
"node": "l",
"frag": "[x",
"id": "P314386.l00396",
"ref": "P314386.14.1",
"inst": "u",
"f": {"lang": "akk-x-neoass",
"form": "x",
"pos": "u"}
}
,
{
"node": "l",
"frag": "x",
"id": "P314386.l00397",
"ref": "P314386.14.2",
"inst": "u",
"f": {"lang": "akk-x-neoass",
"form": "x",
"pos": "u"}
}
,
{
"node": "l",
"frag": "x",
"id": "P314386.l00398",
"ref": "P314386.14.3",
"inst": "u",
"f": {"lang": "akk-x-neoass",
"form": "x",
"pos": "u"}
}
,
{
"node": "l",
"frag": "x",
"id": "P314386.l00399",
"ref": "P314386.14.4",
"inst": "u",
"f": {"lang": "akk-x-neoass",
"form": "x",
"pos": "u"}
}
,
{
"node": "l",
"frag": "x]+⸢x⸣-šu₂",
"id": "P314386.l0039a",
"ref": "P314386.14.5",
"inst": "u",
"f": {"lang": "akk-x-neoass",
"form": "x+x-šu₂",
"pos": "u"}
}
,
{
"node": "l",
"frag": "la",
"id": "P314386.l0039b",
"ref": "P314386.14.6",
"inst": "lā[not]MOD",
"sig": "@saao/saa16%akk-x-neoass:la=lā[not//not]MOD'MOD$lā",
"f": {"lang": "akk-x-neoass",
"form": "la",
"cf": "lā",
"gw": "not",
"sense": "not",
"norm": "lā",
"pos": "MOD",
"epos": "MOD"}
}
,
{
"node": "l",
"frag": "a-na",
"id": "P314386.l0039c",
"ref": "P314386.14.7",
"inst": "ana[to]PRP",
"sig": "@saao/saa16%akk-x-neoass:a-na=ana[to//to]PRP'PRP$ana",
"f": {"lang": "akk-x-neoass",
"form": "a-na",
"cf": "ana",
"gw": "to",
"sense": "to",
"norm": "ana",
"pos": "PRP",
"epos": "PRP"}
}
,
{
"node": "l",
"frag": "ka-[x",
"id": "P314386.l0039d",
"ref": "P314386.14.8",
"inst": "u",
"f": {"lang": "akk-x-neoass",
"form": "ka-x",
"pos": "u"}
}
,
{
"node": "l",
"frag": "x]",
"id": "P314386.l0039e",
"ref": "P314386.14.9",
"inst": "u",
"f": {"lang": "akk-x-neoass",
"form": "x",
"pos": "u"}
}
,
{
"node": "d",
"type": "line-start",
"ref": "P314386.15",
"n": "13'",
"label": "o 13'"}
,
{
"node": "l",
"frag": "[x",
"id": "P314386.l0039f",
"ref": "P314386.15.1",
"inst": "u",
"f": {"lang": "akk-x-neoass",
"form": "x",
"pos": "u"}
}
,
{
"node": "l",
"frag": "x",
"id": "P314386.l003a0",
"ref": "P314386.15.2",
"inst": "u",
"f": {"lang": "akk-x-neoass",
"form": "x",
"pos": "u"}
}
,
{
"node": "l",
"frag": "x",
"id": "P314386.l003a1",
"ref": "P314386.15.3",
"inst": "u",
"f": {"lang": "akk-x-neoass",
"form": "x",
"pos": "u"}
}
,
{
"node": "l",
"frag": "x",
"id": "P314386.l003a2",
"ref": "P314386.15.4",
"inst": "u",
"f": {"lang": "akk-x-neoass",
"form": "x",
"pos": "u"}
}
,
{
"node": "l",
"frag": "x",
"id": "P314386.l003a3",
"ref": "P314386.15.5",
"inst": "u",
"f": {"lang": "akk-x-neoass",
"form": "x",
"pos": "u"}
}
,
{
"node": "l",
"frag": "x",
"id": "P314386.l003a4",
"ref": "P314386.15.6",
"inst": "u",
"f": {"lang": "akk-x-neoass",
"form": "x",
"pos": "u"}
}
,
{
"node": "l",
"frag": "x",
"id": "P314386.l003a5",
"ref": "P314386.15.7",
"inst": "u",
"f": {"lang": "akk-x-neoass",
"form": "x",
"pos": "u"}
}
,
{
"node": "l",
"frag": "x]+⸢x",
"id": "P314386.l003a6",
"ref": "P314386.15.8",
"inst": "u",
"f": {"lang": "akk-x-neoass",
"form": "x+x",
"pos": "u"}
}
,
{
"node": "l",
"frag": "x⸣+[x",
"id": "P314386.l003a7",
"ref": "P314386.15.9",
"inst": "u",
"f": {"lang": "akk-x-neoass",
"form": "x+x",
"pos": "u"}
}
,
{
"node": "l",
"frag": "x",
"id": "P314386.l003a8",
"ref": "P314386.15.10",
"inst": "u",
"f": {"lang": "akk-x-neoass",
"form": "x",
"pos": "u"}
}
,
{
"node": "l",
"frag": "x",
"id": "P314386.l003a9",
"ref": "P314386.15.11",
"inst": "u",
"f": {"lang": "akk-x-neoass",
"form": "x",
"pos": "u"}
}
,
{
"node": "l",
"frag": "x]",
"id": "P314386.l003aa",
"ref": "P314386.15.12",
"inst": "u",
"f": {"lang": "akk-x-neoass",
"form": "x",
"pos": "u"}
}
,
{
"node": "d",
"type": "nonx",
"ref": "P314386.16",
"strict": "0",
"extent": "rest",
"state": "missing"}
,
{
"node": "d",
"subtype": "reverse",
"type": "surface",
"ref": "P314386.r.17",
"type": "reverse",
"label": "r"}
,
{
"node": "d",
"type": "nonx",
"ref": "P314386.18",
"strict": "0",
"extent": "beginning",
"state": "missing"}
,
{
"node": "d",
"type": "line-start",
"ref": "P314386.19",
"n": "1'",
"label": "r 1'"}
,
{
"node": "l",
"frag": "[x",
"id": "P314386.l003ab",
"ref": "P314386.19.1",
"inst": "u",
"f": {"lang": "akk-x-neoass",
"form": "x",
"pos": "u"}
}
,
{
"node": "l",
"frag": "x",
"id": "P314386.l003ac",
"ref": "P314386.19.2",
"inst": "u",
"f": {"lang": "akk-x-neoass",
"form": "x",
"pos": "u"}
}
,
{
"node": "l",
"frag": "x",
"id": "P314386.l003ad",
"ref": "P314386.19.3",
"inst": "u",
"f": {"lang": "akk-x-neoass",
"form": "x",
"pos": "u"}
}
,
{
"node": "l",
"frag": "x",
"id": "P314386.l003ae",
"ref": "P314386.19.4",
"inst": "u",
"f": {"lang": "akk-x-neoass",
"form": "x",
"pos": "u"}
}
,
{
"node": "l",
"frag": "x",
"id": "P314386.l003af",
"ref": "P314386.19.5",
"inst": "u",
"f": {"lang": "akk-x-neoass",
"form": "x",
"pos": "u"}
}
,
{
"node": "l",
"frag": "x",
"id": "P314386.l003b0",
"ref": "P314386.19.6",
"inst": "u",
"f": {"lang": "akk-x-neoass",
"form": "x",
"pos": "u"}
}
,
{
"node": "l",
"frag": "x",
"id": "P314386.l003b1",
"ref": "P314386.19.7",
"inst": "u",
"f": {"lang": "akk-x-neoass",
"form": "x",
"pos": "u"}
}
,
{
"node": "l",
"frag": "x",
"id": "P314386.l003b2",
"ref": "P314386.19.8",
"inst": "u",
"f": {"lang": "akk-x-neoass",
"form": "x",
"pos": "u"}
}
,
{
"node": "l",
"frag": "x]",
"id": "P314386.l003b3",
"ref": "P314386.19.9",
"inst": "u",
"f": {"lang": "akk-x-neoass",
"form": "x",
"pos": "u"}
}
,
{
"node": "l",
"frag": "az",
"id": "P314386.l003b4",
"ref": "P314386.19.10",
"inst": "u",
"f": {"lang": "akk-x-neoass",
"form": "az",
"pos": "u"}
}
,
{
"node": "l",
"frag": "[x]",
"id": "P314386.l003b5",
"ref": "P314386.19.11",
"inst": "u",
"f": {"lang": "akk-x-neoass",
"form": "x",
"pos": "u"}
}
,
{
"node": "d",
"type": "line-start",
"ref": "P314386.20",
"n": "2'",
"label": "r 2'"}
,
{
"node": "l",
"frag": "[x",
"id": "P314386.l003b6",
"ref": "P314386.20.1",
"inst": "u",
"f": {"lang": "akk-x-neoass",
"form": "x",
"pos": "u"}
}
,
{
"node": "l",
"frag": "x",
"id": "P314386.l003b7",
"ref": "P314386.20.2",
"inst": "u",
"f": {"lang": "akk-x-neoass",
"form": "x",
"pos": "u"}
}
,
{
"node": "l",
"frag": "x",
"id": "P314386.l003b8",
"ref": "P314386.20.3",
"inst": "u",
"f": {"lang": "akk-x-neoass",
"form": "x",
"pos": "u"}
}
,
{
"node": "l",
"frag": "x",
"id": "P314386.l003b9",
"ref": "P314386.20.4",
"inst": "u",
"f": {"lang": "akk-x-neoass",
"form": "x",
"pos": "u"}
}
,
{
"node": "l",
"frag": "x",
"id": "P314386.l003ba",
"ref": "P314386.20.5",
"inst": "u",
"f": {"lang": "akk-x-neoass",
"form": "x",
"pos": "u"}
}
,
{
"node": "l",
"frag": "x",
"id": "P314386.l003bb",
"ref": "P314386.20.6",
"inst": "u",
"f": {"lang": "akk-x-neoass",
"form": "x",
"pos": "u"}
}
,
{
"node": "l",
"frag": "x",
"id": "P314386.l003bc",
"ref": "P314386.20.7",
"inst": "u",
"f": {"lang": "akk-x-neoass",
"form": "x",
"pos": "u"}
}
,
{
"node": "l",
"frag": "x",
"id": "P314386.l003bd",
"ref": "P314386.20.8",
"inst": "u",
"f": {"lang": "akk-x-neoass",
"form": "x",
"pos": "u"}
}
,
{
"node": "l",
"frag": "x]",
"id": "P314386.l003be",
"ref": "P314386.20.9",
"inst": "u",
"f": {"lang": "akk-x-neoass",
"form": "x",
"pos": "u"}
}
,
{
"node": "l",
"frag": "i",
"id": "P314386.l003bf",
"ref": "P314386.20.10",
"inst": "u",
"f": {"lang": "akk-x-neoass",
"form": "i",
"pos": "u"}
}
,
{
"node": "l",
"frag": "[x]",
"id": "P314386.l003c0",
"ref": "P314386.20.11",
"inst": "u",
"f": {"lang": "akk-x-neoass",
"form": "x",
"pos": "u"}
}
,
{
"node": "d",
"type": "line-start",
"ref": "P314386.21",
"n": "3'",
"label": "r 3'"}
,
{
"node": "l",
"frag": "[x",
"id": "P314386.l003c1",
"ref": "P314386.21.1",
"inst": "u",
"f": {"lang": "akk-x-neoass",
"form": "x",
"pos": "u"}
}
,
{
"node": "l",
"frag": "x",
"id": "P314386.l003c2",
"ref": "P314386.21.2",
"inst": "u",
"f": {"lang": "akk-x-neoass",
"form": "x",
"pos": "u"}
}
,
{
"node": "l",
"frag": "x",
"id": "P314386.l003c3",
"ref": "P314386.21.3",
"inst": "u",
"f": {"lang": "akk-x-neoass",
"form": "x",
"pos": "u"}
}
,
{
"node": "l",
"frag": "x",
"id": "P314386.l003c4",
"ref": "P314386.21.4",
"inst": "u",
"f": {"lang": "akk-x-neoass",
"form": "x",
"pos": "u"}
}
,
{
"node": "l",
"frag": "x",
"id": "P314386.l003c5",
"ref": "P314386.21.5",
"inst": "u",
"f": {"lang": "akk-x-neoass",
"form": "x",
"pos": "u"}
}
,
{
"node": "l",
"frag": "x",
"id": "P314386.l003c6",
"ref": "P314386.21.6",
"inst": "u",
"f": {"lang": "akk-x-neoass",
"form": "x",
"pos": "u"}
}
,
{
"node": "l",
"frag": "x",
"id": "P314386.l003c7",
"ref": "P314386.21.7",
"inst": "u",
"f": {"lang": "akk-x-neoass",
"form": "x",
"pos": "u"}
}
,
{
"node": "l",
"frag": "x",
"id": "P314386.l003c8",
"ref": "P314386.21.8",
"inst": "u",
"f": {"lang": "akk-x-neoass",
"form": "x",
"pos": "u"}
}
,
{
"node": "l",
"frag": "x]",
"id": "P314386.l003c9",
"ref": "P314386.21.9",
"inst": "u",
"f": {"lang": "akk-x-neoass",
"form": "x",
"pos": "u"}
}
,
{
"node": "l",
"frag": "i",
"id": "P314386.l003ca",
"ref": "P314386.21.10",
"inst": "u",
"f": {"lang": "akk-x-neoass",
"form": "i",
"pos": "u"}
}
,
{
"node": "l",
"frag": "[x]",
"id": "P314386.l003cb",
"ref": "P314386.21.11",
"inst": "u",
"f": {"lang": "akk-x-neoass",
"form": "x",
"pos": "u"}
}
,
{
"node": "d",
"type": "nonx",
"ref": "P314386.22",
"strict": "0",
"extent": "rest",
"state": "missing"}
]}
]}
]}
,
{
"linkbase": [{
"type": "linkset",
"xlink_title": "ina muhhi[on//about]PRP'PRP",
"id": "P314386.ls00000",
"xlink_type": "extended",
"xlink_role": "psu",
"sig": "{ina[in]PRP muhhu[skull]N += ina muhhi[on//about]PRP'PRP}::@saao%akk-x-neoass:ina=ina[in//into]PRP'PRP$ina++@saao%akk-x-neoass:UGU=muhhu[skull//skull]N'N$muhhi",
"links": [
{
"type": "link",
"xlink_title": "ina",
"xlink_type": "locator",
"xlink_href": "#P314386.l0035b",
"xlink_role": "elt"}
,
{
"type": "link",
"xlink_title": "muhhu",
"xlink_type": "locator",
"xlink_href": "#P314386.l0035c",
"xlink_role": "elt"}
]}
,
{
"type": "linkset",
"xlink_title": "ina pān[in the presence of//at the disposal of]PRP'PRP",
"id": "P314386.ls00001",
"xlink_type": "extended",
"xlink_role": "psu",
"sig": "{ina[in]PRP pānu[front]N += ina pān[in the presence of//at the disposal of]PRP'PRP}::@saao%akk-x-neoass:ina=ina[in//into]PRP'PRP$ina++@saao%akk-x-neoass:IGI-ia=pānu[front//front]N'N$pānīya",
"links": [
{
"type": "link",
"xlink_title": "ina",
"xlink_type": "locator",
"xlink_href": "#P314386.l00371",
"xlink_role": "elt"}
,
{
"type": "link",
"xlink_title": "pānu",
"xlink_type": "locator",
"xlink_href": "#P314386.l00372",
"xlink_role": "elt"}
]}
,
{
"type": "linkset",
"xlink_title": "ištu pān[from//because of]PRP'PRP",
"id": "P314386.ls00002",
"xlink_type": "extended",
"xlink_role": "psu",
"sig": "{ištu[from]PRP pānu[front]N += ištu pān[from//because of]PRP'PRP}::@saao%akk-x-neoass:TA=ištu[from//from]PRP'PRP$issu++@saao%akk-x-neoass:IGI-ia=pānu[front//front]N'N$pānīya",
"links": [
{
"type": "link",
"xlink_title": "ištu",
"xlink_type": "locator",
"xlink_href": "#P314386.l00378",
"xlink_role": "elt"}
,
{
"type": "link",
"xlink_title": "pānu",
"xlink_type": "locator",
"xlink_href": "#P314386.l00379",
"xlink_role": "elt"}
]}
,
{
"type": "linkset",
"xlink_title": "ana mīni[why?//why?]QP'QP",
"id": "P314386.ls00003",
"xlink_type": "extended",
"xlink_role": "psu",
"sig": "{ana[to]PRP mīnu[what?]QP += ana mīni[why?//why?]QP'QP}::@saao%akk-x-neoass:a-na=ana[to//to]PRP'PRP$ana++@saao%akk-x-neoass:mi-i-ni=mīnu[what?//what?]QP'QP$mīni",
"links": [
{
"type": "link",
"xlink_title": "ana",
"xlink_type": "locator",
"xlink_href": "#P314386.l00392",
"xlink_role": "elt"}
,
{
"type": "link",
"xlink_title": "mīnu",
"xlink_type": "locator",
"xlink_href": "#P314386.l00393",
"xlink_role": "elt"}
]}
]}
]}
