{
"type": "cdl",
  "source": "http://oracc.org/saao/saa16",
  "license": "This data is released under the CC0 license",
  "license-url": "https://creativecommons.org/publicdomain/zero/1.0/",
  "more-info": "http://oracc.org/doc/opendata/",
  "UTC-timestamp": "2017-05-19T11:56:15",
"project": "saao/saa16",
"textid": "P334742",
"cdl": [
{
"node": "c",
"type": "text",
"id": "P334742.U0",
"cdl": [
{
"node": "d",
"type": "object",
"ref": ""}
,
{
"node": "d",
"subtype": "obverse",
"type": "surface",
"ref": "P334742.o.1",
"type": "obverse",
"label": "o"}
,
{
"node": "c",
"type": "discourse",
"subtype": "body",
"id": "P334742.U1",
"cdl": [
{
"node": "c",
"type": "sentence",
"id": "P334742.U2",
"label": "o 1 - r 17",
"cdl": [
{
"node": "d",
"type": "line-start",
"ref": "P334742.2",
"n": "1",
"label": "o 1"}
,
{
"node": "l",
"frag": "[a-na",
"id": "P334742.l03ece",
"ref": "P334742.2.1",
"inst": "ana[to]PRP",
"sig": "@saao/saa16%akk-x-neoass:a-na=ana[to//to]PRP'PRP$ana",
"f": {"lang": "akk-x-neoass",
"form": "a-na",
"cf": "ana",
"gw": "to",
"sense": "to",
"norm": "ana",
"pos": "PRP",
"epos": "PRP"}
}
,
{
"node": "l",
"frag": "LUGAL",
"id": "P334742.l03ecf",
"ref": "P334742.2.2",
"inst": "šarri[king]N",
"sig": "@saao/saa16%akk-x-neoass:LUGAL=šarru[king//king]N'N$šarri",
"f": {"lang": "akk-x-neoass",
"form": "LUGAL",
"cf": "šarru",
"gw": "king",
"sense": "king",
"norm": "šarri",
"pos": "N",
"epos": "N"}
}
,
{
"node": "l",
"frag": "EN-ni]",
"id": "P334742.l03ed0",
"ref": "P334742.2.3",
"inst": "bēlīni[lord]N",
"sig": "@saao/saa16%akk-x-neoass:EN-ni=bēlu[lord//lord]N'N$bēlīni",
"f": {"lang": "akk-x-neoass",
"form": "EN-ni",
"cf": "bēlu",
"gw": "lord",
"sense": "lord",
"norm": "bēlīni",
"pos": "N",
"epos": "N"}
}
,
{
"node": "d",
"type": "line-start",
"ref": "P334742.3",
"n": "2",
"label": "o 2"}
,
{
"node": "l",
"frag": "[ARAD-MEŠ-ka",
"id": "P334742.l03ed1",
"ref": "P334742.3.1",
"inst": "urdānīka[servant]N",
"sig": "@saao/saa16%akk-x-neoass:ARAD-MEŠ-ka=ardu[slave//servant]N'N$urdānīka",
"f": {"lang": "akk-x-neoass",
"form": "ARAD-MEŠ-ka",
"cf": "ardu",
"gw": "slave",
"sense": "servant",
"norm": "urdānīka",
"pos": "N",
"epos": "N"}
}
,
{
"node": "l",
"frag": "{1}{d}PA-AG₂-UN-MEŠ-šu₂]",
"id": "P334742.l03ed2",
"ref": "P334742.3.2",
"inst": "Nabu-raʾim-nišešu[1]PN$",
"sig": "@saao/saa16%akk-x-neoass:{1}{d}PA-AG₂-UN-MEŠ-šu₂=Nabu-raʾim-nišešu[1//1]PN'PN$Nabu-raʾim-nišešu",
"f": {"lang": "akk-x-neoass",
"form": "{1}{d}PA-AG₂-UN-MEŠ-šu₂",
"cf": "Nabu-raʾim-nišešu",
"gw": "1",
"sense": "1",
"norm": "Nabu-raʾim-nišešu",
"pos": "PN",
"epos": "PN"}
}
,
{
"node": "d",
"type": "line-start",
"ref": "P334742.4",
"n": "3",
"label": "o 3"}
,
{
"node": "l",
"frag": "{1}sa-la-ma-nu]",
"id": "P334742.l03ed3",
"ref": "P334742.4.1",
"inst": "Salamanu[1]PN$",
"sig": "@saao/saa16%akk-x-neoass:{1}sa-la-ma-nu=Salamanu[1//1]PN'PN$Salamanu",
"f": {"lang": "akk-x-neoass",
"form": "{1}sa-la-ma-nu",
"cf": "Salamanu",
"gw": "1",
"sense": "1",
"norm": "Salamanu",
"pos": "PN",
"epos": "PN"}
}
,
{
"node": "l",
"frag": "lu-u",
"id": "P334742.l03ed4",
"ref": "P334742.4.2",
"inst": "lū[may]MOD",
"sig": "@saao/saa16%akk-x-neoass:lu-u=lū[may//may]MOD'MOD$lū",
"f": {"lang": "akk-x-neoass",
"form": "lu-u",
"cf": "lū",
"gw": "may",
"sense": "may",
"norm": "lū",
"pos": "MOD",
"epos": "MOD"}
}
,
{
"node": "l",
"frag": "[DI-mu]",
"id": "P334742.l03ed5",
"ref": "P334742.4.3",
"inst": "šulmu[health]N",
"sig": "@saao/saa16%akk-x-neoass:DI-mu=šulmu[completeness//health]N'N$šulmu",
"f": {"lang": "akk-x-neoass",
"form": "DI-mu",
"cf": "šulmu",
"gw": "completeness",
"sense": "health",
"norm": "šulmu",
"pos": "N",
"epos": "N"}
}
,
{
"node": "d",
"type": "line-start",
"ref": "P334742.5",
"n": "4",
"label": "o 4"}
,
{
"node": "l",
"frag": "[a-na",
"id": "P334742.l03ed6",
"ref": "P334742.5.1",
"inst": "ana[to]PRP",
"sig": "@saao/saa16%akk-x-neoass:a-na=ana[to//to]PRP'PRP$ana",
"f": {"lang": "akk-x-neoass",
"form": "a-na",
"cf": "ana",
"gw": "to",
"sense": "to",
"norm": "ana",
"pos": "PRP",
"epos": "PRP"}
}
,
{
"node": "l",
"frag": "LUGAL]",
"id": "P334742.l03ed7",
"ref": "P334742.5.2",
"inst": "šarri[king]N",
"sig": "@saao/saa16%akk-x-neoass:LUGAL=šarru[king//king]N'N$šarri",
"f": {"lang": "akk-x-neoass",
"form": "LUGAL",
"cf": "šarru",
"gw": "king",
"sense": "king",
"norm": "šarri",
"pos": "N",
"epos": "N"}
}
,
{
"node": "l",
"frag": "⸢EN⸣-ni",
"id": "P334742.l03ed8",
"ref": "P334742.5.3",
"inst": "bēlīni[lord]N",
"sig": "@saao/saa16%akk-x-neoass:EN-ni=bēlu[lord//lord]N'N$bēlīni",
"f": {"lang": "akk-x-neoass",
"form": "EN-ni",
"cf": "bēlu",
"gw": "lord",
"sense": "lord",
"norm": "bēlīni",
"pos": "N",
"epos": "N"}
}
,
{
"node": "l",
"frag": "{d}PA",
"id": "P334742.l03ed9",
"ref": "P334742.5.4",
"inst": "Nabu[1]DN",
"sig": "@saao/saa16%akk-x-neoass:{d}PA=Nabu[1//1]DN'DN$Nabu",
"f": {"lang": "akk-x-neoass",
"form": "{d}PA",
"cf": "Nabu",
"gw": "1",
"sense": "1",
"norm": "Nabu",
"pos": "DN",
"epos": "DN"}
}
,
{
"node": "l",
"frag": "{⸢d⸣}[AMAR.UTU]",
"id": "P334742.l03eda",
"ref": "P334742.5.5",
"inst": "Marduk[1]DN",
"sig": "@saao/saa16%akk-x-neoass:{d}AMAR.UTU=Marduk[1//1]DN'DN$Marduk",
"f": {"lang": "akk-x-neoass",
"form": "{d}AMAR.UTU",
"cf": "Marduk",
"gw": "1",
"sense": "1",
"norm": "Marduk",
"pos": "DN",
"epos": "DN"}
}
,
{
"node": "d",
"type": "line-start",
"ref": "P334742.6",
"n": "5",
"label": "o 5"}
,
{
"node": "l",
"frag": "[a-na",
"id": "P334742.l03edb",
"ref": "P334742.6.1",
"inst": "ana[to]PRP",
"sig": "@saao/saa16%akk-x-neoass:a-na=ana[to//to]PRP'PRP$ana",
"f": {"lang": "akk-x-neoass",
"form": "a-na",
"cf": "ana",
"gw": "to",
"sense": "to",
"norm": "ana",
"pos": "PRP",
"epos": "PRP"}
}
,
{
"node": "l",
"frag": "LUGAL",
"id": "P334742.l03edc",
"ref": "P334742.6.2",
"inst": "šarri[king]N",
"sig": "@saao/saa16%akk-x-neoass:LUGAL=šarru[king//king]N'N$šarri",
"f": {"lang": "akk-x-neoass",
"form": "LUGAL",
"cf": "šarru",
"gw": "king",
"sense": "king",
"norm": "šarri",
"pos": "N",
"epos": "N"}
}
,
{
"node": "l",
"frag": "EN-ni]",
"id": "P334742.l03edd",
"ref": "P334742.6.3",
"inst": "bēlīni[lord]N",
"sig": "@saao/saa16%akk-x-neoass:EN-ni=bēlu[lord//lord]N'N$bēlīni",
"f": {"lang": "akk-x-neoass",
"form": "EN-ni",
"cf": "bēlu",
"gw": "lord",
"sense": "lord",
"norm": "bēlīni",
"pos": "N",
"epos": "N"}
}
,
{
"node": "l",
"frag": "lik-ru-bu",
"id": "P334742.l03ede",
"ref": "P334742.6.4",
"inst": "likrubu[bless]V",
"sig": "@saao/saa16%akk-x-neoass:lik-ru-bu=karābu[pray//bless]V'V$likrubu",
"f": {"lang": "akk-x-neoass",
"form": "lik-ru-bu",
"cf": "karābu",
"gw": "pray",
"sense": "bless",
"norm": "likrubu",
"pos": "V",
"epos": "V"}
}
,
{
"node": "d",
"type": "line-start",
"ref": "P334742.7",
"n": "6",
"label": "o 6"}
,
{
"node": "c",
"type": "phrase",
"tag": "phr",
"id": "P334742.U4",
"ref": "P334742.ls00000",
"cdl": [
{
"node": "l",
"frag": "ina",
"id": "P334742.l03edf",
"ref": "P334742.7.1",
"inst": "ina[in+=concerning]PRP$",
"sig": "@saao/saa16%akk-x-neoass:ina=ina[in//in]PRP'PRP$ina",
"f": {"lang": "akk-x-neoass",
"form": "ina",
"cf": "ina",
"gw": "in",
"sense": "in",
"norm": "ina",
"pos": "PRP",
"epos": "PRP"}
}
,
{
"node": "l",
"frag": "[UGU",
"id": "P334742.l03ee0",
"ref": "P334742.7.2",
"inst": "muhhi[skull]N",
"sig": "@saao/saa16%akk-x-neoass:UGU=muhhu[skull//skull]N'N$muhhi",
"f": {"lang": "akk-x-neoass",
"form": "UGU",
"cf": "muhhu",
"gw": "skull",
"sense": "skull",
"norm": "muhhi",
"pos": "N",
"epos": "N"}
}
]}
,
{
"node": "l",
"frag": "DUMU-šip]-⸢ri⸣",
"id": "P334742.l03ee1",
"ref": "P334742.7.3",
"cof-tails": "P334742.l03ee2",
"inst": "māru[son]N$mār&šipru[sending]N$šipri",
"sig": "@saao/saa16%akk-x-neoass:DUMU-šip-ri=māru[son//son]N'N$mār&&@saao%akk-x-neoass:=šipru[sending//sending]N'N$šipri",
"f": {"lang": "akk-x-neoass",
"form": "DUMU-šip-ri",
"cf": "māru",
"gw": "son",
"sense": "son",
"norm": "mār",
"pos": "N",
"epos": "N"}
}
,
{
"node": "l",
"frag": "DUMU-šip]-⸢ri⸣",
"id": "P334742.l03ee2",
"ref": "P334742.7.3",
"cof-head": "P334742.l03ee1",
"inst": "māru[son]N$mār&šipru[sending]N$šipri",
"tail-sig": "@saao%akk-x-neoass:=šipru[sending//sending]N'N$šipri",
"f": {"lang": "akk-x-neoass",
"form": "DUMU-šip-ri",
"cf": "šipru",
"gw": "sending",
"sense": "sending",
"norm": "šipri",
"pos": "N",
"epos": "N"}
}
,
{
"node": "l",
"frag": "ša",
"id": "P334742.l03ee3",
"ref": "P334742.7.4",
"inst": "ša[who]REL",
"sig": "@saao/saa16%akk-x-neoass:ša=ša[that//who]REL'REL$ša",
"f": {"lang": "akk-x-neoass",
"form": "ša",
"cf": "ša",
"gw": "that",
"sense": "who",
"norm": "ša",
"pos": "REL",
"epos": "REL"}
}
,
{
"node": "l",
"frag": "TA@v",
"id": "P334742.l03ee4",
"ref": "P334742.7.5",
"inst": "issu[from]PRP",
"sig": "@saao/saa16%akk-x-neoass:TA@v=ištu[from//from]PRP'PRP$issu",
"f": {"lang": "akk-x-neoass",
"form": "TA@v",
"cf": "ištu",
"gw": "from",
"sense": "from",
"norm": "issu",
"pos": "PRP",
"epos": "PRP"}
}
,
{
"node": "l",
"frag": "EN.⸢LIL₂⸣{[ki]}",
"id": "P334742.l03ee5",
"ref": "P334742.7.6",
"inst": "Nippur[1]GN",
"sig": "@saao/saa16%akk-x-neoass:EN.LIL₂{KI}=Nippur[1//1]GN'GN$Nippur",
"f": {"lang": "akk-x-neoass",
"form": "EN.LIL₂{KI}",
"cf": "Nippur",
"gw": "1",
"sense": "1",
"norm": "Nippur",
"pos": "GN",
"epos": "GN"}
}
,
{
"node": "d",
"type": "line-start",
"ref": "P334742.8",
"n": "7",
"label": "o 7"}
,
{
"node": "l",
"frag": "ša",
"id": "P334742.l03ee6",
"ref": "P334742.8.1",
"inst": "ša[who]REL",
"sig": "@saao/saa16%akk-x-neoass:ša=ša[that//who]REL'REL$ša",
"f": {"lang": "akk-x-neoass",
"form": "ša",
"cf": "ša",
"gw": "that",
"sense": "who",
"norm": "ša",
"pos": "REL",
"epos": "REL"}
}
,
{
"node": "l",
"frag": "LUGAL",
"id": "P334742.l03ee7",
"ref": "P334742.8.2",
"inst": "šarru[king]N",
"sig": "@saao/saa16%akk-x-neoass:LUGAL=šarru[king//king]N'N$šarru",
"f": {"lang": "akk-x-neoass",
"form": "LUGAL",
"cf": "šarru",
"gw": "king",
"sense": "king",
"norm": "šarru",
"pos": "N",
"epos": "N"}
}
,
{
"node": "l",
"frag": "iš-pu-ra-na-ši-an-ni",
"id": "P334742.l03ee8",
"ref": "P334742.8.3",
"inst": "šapāru[send//write]V$išpurannāšianni",
"sig": "@saao/saa16%akk-x-neoass:iš-pu-ra-na-ši-an-ni=šapāru[send//write]V'V$išpurannāšianni",
"f": {"lang": "akk-x-neoass",
"form": "iš-pu-ra-na-ši-an-ni",
"cf": "šapāru",
"gw": "send",
"sense": "write",
"norm": "išpurannāšianni",
"pos": "V",
"epos": "V"}
}
,
{
"node": "d",
"type": "line-start",
"ref": "P334742.9",
"n": "8",
"label": "o 8"}
,
{
"node": "l",
"frag": "ma-a",
"id": "P334742.l03ee9",
"ref": "P334742.9.1",
"inst": "mā[saying]PRP",
"sig": "@saao/saa16%akk-x-neoass:ma-a=mā[saying//saying]PRP'PRP$mā",
"f": {"lang": "akk-x-neoass",
"form": "ma-a",
"cf": "mā",
"gw": "saying",
"sense": "saying",
"norm": "mā",
"pos": "PRP",
"epos": "PRP"}
}
,
{
"node": "l",
"frag": "ša₂-ʾa-al-šu₂",
"id": "P334742.l03eea",
"ref": "P334742.9.2",
"inst": "šâlu[ask]V$šaʾalšu",
"sig": "@saao/saa16%akk-x-neoass:ša₂-ʾa-al-šu₂=šâlu[ask//ask]V'V$šaʾalšu",
"f": {"lang": "akk-x-neoass",
"form": "ša₂-ʾa-al-šu₂",
"cf": "šâlu",
"gw": "ask",
"sense": "ask",
"norm": "šaʾalšu",
"pos": "V",
"epos": "V"}
}
,
{
"node": "l",
"frag": "ni-is-sa-al-šu₂",
"id": "P334742.l03eeb",
"ref": "P334742.9.3",
"inst": "šâlu[ask]V$nissaʾalšu",
"sig": "@saao/saa16%akk-x-neoass:ni-is-sa-al-šu₂=šâlu[ask//ask]V'V$nissaʾalšu",
"f": {"lang": "akk-x-neoass",
"form": "ni-is-sa-al-šu₂",
"cf": "šâlu",
"gw": "ask",
"sense": "ask",
"norm": "nissaʾalšu",
"pos": "V",
"epos": "V"}
}
,
{
"node": "d",
"type": "line-start",
"ref": "P334742.10",
"n": "9",
"label": "o 9"}
,
{
"node": "l",
"frag": "ma-a",
"id": "P334742.l03eec",
"ref": "P334742.10.1",
"inst": "mā[saying]PRP",
"sig": "@saao/saa16%akk-x-neoass:ma-a=mā[saying//saying]PRP'PRP$mā",
"f": {"lang": "akk-x-neoass",
"form": "ma-a",
"cf": "mā",
"gw": "saying",
"sense": "saying",
"norm": "mā",
"pos": "PRP",
"epos": "PRP"}
}
,
{
"node": "l",
"frag": "DUMU-šip-ri",
"id": "P334742.l03eed",
"ref": "P334742.10.2",
"cof-tails": "P334742.l03eee",
"inst": "māru[son]N$mār&šipru[sending]N$šipri",
"sig": "@saao/saa16%akk-x-neoass:DUMU-šip-ri=māru[son//son]N'N$mār&&@saao%akk-x-neoass:=šipru[sending//sending]N'N$šipri",
"f": {"lang": "akk-x-neoass",
"form": "DUMU-šip-ri",
"cf": "māru",
"gw": "son",
"sense": "son",
"norm": "mār",
"pos": "N",
"epos": "N"}
}
,
{
"node": "l",
"frag": "DUMU-šip-ri",
"id": "P334742.l03eee",
"ref": "P334742.10.2",
"cof-head": "P334742.l03eed",
"inst": "māru[son]N$mār&šipru[sending]N$šipri",
"tail-sig": "@saao%akk-x-neoass:=šipru[sending//sending]N'N$šipri",
"f": {"lang": "akk-x-neoass",
"form": "DUMU-šip-ri",
"cf": "šipru",
"gw": "sending",
"sense": "sending",
"norm": "šipri",
"pos": "N",
"epos": "N"}
}
,
{
"node": "l",
"frag": "ša",
"id": "P334742.l03eef",
"ref": "P334742.10.3",
"inst": "ša[of]DET",
"sig": "@saao/saa16%akk-x-neoass:ša=ša[of//of]DET'DET$ša",
"f": {"lang": "akk-x-neoass",
"form": "ša",
"cf": "ša",
"gw": "of",
"sense": "of",
"norm": "ša",
"pos": "DET",
"epos": "DET"}
}
,
{
"node": "l",
"frag": "{1}pa-ʾe-e",
"id": "P334742.l03ef0",
"ref": "P334742.10.4",
"inst": "Paʾe[1]PN$",
"sig": "@saao/saa16%akk-x-neoass:{1}pa-ʾe-e=Paʾe[1//1]PN'PN$Paʾe",
"f": {"lang": "akk-x-neoass",
"form": "{1}pa-ʾe-e",
"cf": "Paʾe",
"gw": "1",
"sense": "1",
"norm": "Paʾe",
"pos": "PN",
"epos": "PN"}
}
,
{
"node": "d",
"type": "line-start",
"ref": "P334742.11",
"n": "10",
"label": "o 10"}
,
{
"node": "l",
"frag": "{lu₂v}qe-e-pi",
"id": "P334742.l03ef1",
"ref": "P334742.11.1",
"inst": "qēpi[(royal) delegate]N",
"sig": "@saao/saa16%akk-x-neoass:{LU₂}qe-e-pi=qīpu[representative//(royal) delegate]N'N$qēpi",
"f": {"lang": "akk-x-neoass",
"form": "{LU₂}qe-e-pi",
"cf": "qīpu",
"gw": "representative",
"sense": "(royal) delegate",
"norm": "qēpi",
"pos": "N",
"epos": "N"}
}
,
{
"node": "l",
"frag": "ša",
"id": "P334742.l03ef2",
"ref": "P334742.11.2",
"inst": "ša[of]DET",
"sig": "@saao/saa16%akk-x-neoass:ša=ša[of//of]DET'DET$ša",
"f": {"lang": "akk-x-neoass",
"form": "ša",
"cf": "ša",
"gw": "of",
"sense": "of",
"norm": "ša",
"pos": "DET",
"epos": "DET"}
}
,
{
"node": "l",
"frag": "{kur}a-ra-še",
"id": "P334742.l03ef3",
"ref": "P334742.11.3",
"inst": "Araši[1]GN$Araše",
"sig": "@saao/saa16%akk-x-neoass:{KUR}a-ra-še=Araši[1//1]GN'GN$Araše",
"f": {"lang": "akk-x-neoass",
"form": "{KUR}a-ra-še",
"cf": "Araši",
"gw": "1",
"sense": "1",
"norm": "Araše",
"pos": "GN",
"epos": "GN"}
}
,
{
"node": "d",
"type": "line-start",
"ref": "P334742.12",
"n": "11",
"label": "o 11"}
,
{
"node": "l",
"frag": "a-na",
"id": "P334742.l03ef4",
"ref": "P334742.12.1",
"inst": "ana[to]PRP",
"sig": "@saao/saa16%akk-x-neoass:a-na=ana[to//to]PRP'PRP$ana",
"f": {"lang": "akk-x-neoass",
"form": "a-na",
"cf": "ana",
"gw": "to",
"sense": "to",
"norm": "ana",
"pos": "PRP",
"epos": "PRP"}
}
,
{
"node": "l",
"frag": "EN.LIL₂{ki}",
"id": "P334742.l03ef5",
"ref": "P334742.12.2",
"inst": "Nippur[1]GN",
"sig": "@saao/saa16%akk-x-neoass:EN.LIL₂{KI}=Nippur[1//1]GN'GN$Nippur",
"f": {"lang": "akk-x-neoass",
"form": "EN.LIL₂{KI}",
"cf": "Nippur",
"gw": "1",
"sense": "1",
"norm": "Nippur",
"pos": "GN",
"epos": "GN"}
}
,
{
"node": "l",
"frag": "it-tal-ka",
"id": "P334742.l03ef6",
"ref": "P334742.12.3",
"inst": "ittalka[come]V",
"sig": "@saao/saa16%akk-x-neoass:it-tal-ka=alāku[go//come]V'V$ittalka",
"f": {"lang": "akk-x-neoass",
"form": "it-tal-ka",
"cf": "alāku",
"gw": "go",
"sense": "come",
"norm": "ittalka",
"pos": "V",
"epos": "V"}
}
,
{
"node": "d",
"type": "line-start",
"ref": "P334742.13",
"n": "12",
"label": "o 12"}
,
{
"node": "l",
"frag": "ma-a",
"id": "P334742.l03ef7",
"ref": "P334742.13.1",
"inst": "mā[saying]PRP",
"sig": "@saao/saa16%akk-x-neoass:ma-a=mā[saying//saying]PRP'PRP$mā",
"f": {"lang": "akk-x-neoass",
"form": "ma-a",
"cf": "mā",
"gw": "saying",
"sense": "saying",
"norm": "mā",
"pos": "PRP",
"epos": "PRP"}
}
,
{
"node": "l",
"frag": "LUGAL-MEŠ",
"id": "P334742.l03ef8",
"ref": "P334742.13.2",
"inst": "šarrāni[king]N",
"sig": "@saao/saa16%akk-x-neoass:LUGAL-MEŠ=šarru[king//king]N'N$šarrāni",
"f": {"lang": "akk-x-neoass",
"form": "LUGAL-MEŠ",
"cf": "šarru",
"gw": "king",
"sense": "king",
"norm": "šarrāni",
"pos": "N",
"epos": "N"}
}
,
{
"node": "l",
"frag": "is-sa-he-iš",
"id": "P334742.l03ef9",
"ref": "P334742.13.3",
"inst": "issaheʾiš[together]AV",
"sig": "@saao/saa16%akk-x-neoass:is-sa-he-iš=issahîš[together//together]AV'AV$issaheʾiš",
"f": {"lang": "akk-x-neoass",
"form": "is-sa-he-iš",
"cf": "issahîš",
"gw": "together",
"sense": "together",
"norm": "issaheʾiš",
"pos": "AV",
"epos": "AV"}
}
,
{
"node": "l",
"frag": "is-sal-mu",
"id": "P334742.l03efa",
"ref": "P334742.13.4",
"inst": "salāmu[be(come) at peace//make peace]V$issalmu",
"sig": "@saao/saa16%akk-x-neoass:is-sal-mu=salāmu[be(come) at peace//make peace]V'V$issalmu",
"f": {"lang": "akk-x-neoass",
"form": "is-sal-mu",
"cf": "salāmu",
"gw": "be(come) at peace",
"sense": "make peace",
"norm": "issalmu",
"pos": "V",
"epos": "V"}
}
,
{
"node": "d",
"type": "line-start",
"ref": "P334742.14",
"n": "13",
"label": "o 13"}
,
{
"node": "l",
"frag": "ma-a",
"id": "P334742.l03efb",
"ref": "P334742.14.1",
"inst": "mā[saying]PRP",
"sig": "@saao/saa16%akk-x-neoass:ma-a=mā[saying//saying]PRP'PRP$mā",
"f": {"lang": "akk-x-neoass",
"form": "ma-a",
"cf": "mā",
"gw": "saying",
"sense": "saying",
"norm": "mā",
"pos": "PRP",
"epos": "PRP"}
}
,
{
"node": "l",
"frag": "at-tu-nu",
"id": "P334742.l03efc",
"ref": "P334742.14.2",
"inst": "attunu[you (pl.)]IP",
"sig": "@saao/saa16%akk-x-neoass:at-tu-nu=attunu[you (pl.)//you (pl.)]IP'IP$attunu",
"f": {"lang": "akk-x-neoass",
"form": "at-tu-nu",
"cf": "attunu",
"gw": "you (pl.)",
"sense": "you (pl.)",
"norm": "attunu",
"pos": "IP",
"epos": "IP"}
}
,
{
"node": "l",
"frag": "a-ta-a",
"id": "P334742.l03efd",
"ref": "P334742.14.3",
"inst": "atâ[why?]QP",
"sig": "@saao/saa16%akk-x-neoass:a-ta-a=atā[why?//why?]QP'QP$atâ",
"f": {"lang": "akk-x-neoass",
"form": "a-ta-a",
"cf": "atā",
"gw": "why?",
"sense": "why?",
"norm": "atâ",
"pos": "QP",
"epos": "QP"}
}
,
{
"node": "d",
"type": "line-start",
"ref": "P334742.15",
"n": "14",
"label": "o 14"}
,
{
"node": "l",
"frag": "hu-ub-tu₂",
"id": "P334742.l03efe",
"ref": "P334742.15.1",
"inst": "hubtu[booty]N",
"sig": "@saao/saa16%akk-x-neoass:hu-ub-tu₂=hubtu[robbery//booty]N'N$hubtu",
"f": {"lang": "akk-x-neoass",
"form": "hu-ub-tu₂",
"cf": "hubtu",
"gw": "robbery",
"sense": "booty",
"norm": "hubtu",
"pos": "N",
"epos": "N"}
}
,
{
"node": "l",
"frag": "tah-bu-ta",
"id": "P334742.l03eff",
"ref": "P334742.15.2",
"inst": "habātu[rob//plunder]V$tahbuta",
"sig": "@saao/saa16%akk-x-neoass:tah-bu-ta=habātu[rob//plunder]V'V$tahbuta",
"f": {"lang": "akk-x-neoass",
"form": "tah-bu-ta",
"cf": "habātu",
"gw": "rob",
"sense": "plunder",
"norm": "tahbuta",
"pos": "V",
"epos": "V"}
}
,
{
"node": "d",
"type": "line-start",
"ref": "P334742.16",
"n": "15",
"label": "o 15"}
,
{
"node": "l",
"frag": "ma-a",
"id": "P334742.l03f00",
"ref": "P334742.16.1",
"inst": "mā[saying]PRP",
"sig": "@saao/saa16%akk-x-neoass:ma-a=mā[saying//saying]PRP'PRP$mā",
"f": {"lang": "akk-x-neoass",
"form": "ma-a",
"cf": "mā",
"gw": "saying",
"sense": "saying",
"norm": "mā",
"pos": "PRP",
"epos": "PRP"}
}
,
{
"node": "l",
"frag": "{⸢lu₂v⸣}mu-⸢šar-kis-a-ni",
"id": "P334742.l03f01",
"ref": "P334742.16.2",
"inst": "mušarkisu[(military) procurement officer//procurement officer]N$mušarkisāni",
"sig": "@saao/saa16%akk-x-neoass:{LU₂}mu-šar-kis-a-ni=mušarkisu[(military) procurement officer//procurement officer]N'N$mušarkisāni",
"f": {"lang": "akk-x-neoass",
"form": "{LU₂}mu-šar-kis-a-ni",
"cf": "mušarkisu",
"gw": "(military) procurement officer",
"sense": "procurement officer",
"norm": "mušarkisāni",
"pos": "N",
"epos": "N"}
}
,
{
"node": "l",
"frag": "iq⸣-ṭi₂-bu-niš-šu₂",
"id": "P334742.l03f02",
"ref": "P334742.16.3",
"inst": "qabû[say]V$iqṭibûniššu",
"sig": "@saao/saa16%akk-x-neoass:iq-ṭi₂-bu-niš-šu₂=qabû[say//say]V'V$iqṭibûniššu",
"f": {"lang": "akk-x-neoass",
"form": "iq-ṭi₂-bu-niš-šu₂",
"cf": "qabû",
"gw": "say",
"sense": "say",
"norm": "iqṭibûniššu",
"pos": "V",
"epos": "V"}
}
,
{
"node": "d",
"type": "line-start",
"ref": "P334742.17",
"n": "16",
"label": "o 16"}
,
{
"node": "l",
"frag": "ma-a",
"id": "P334742.l03f03",
"ref": "P334742.17.1",
"inst": "mā[saying]PRP",
"sig": "@saao/saa16%akk-x-neoass:ma-a=mā[saying//saying]PRP'PRP$mā",
"f": {"lang": "akk-x-neoass",
"form": "ma-a",
"cf": "mā",
"gw": "saying",
"sense": "saying",
"norm": "mā",
"pos": "PRP",
"epos": "PRP"}
}
,
{
"node": "l",
"frag": "[x",
"id": "P334742.l03f04",
"ref": "P334742.17.2",
"inst": "u",
"f": {"lang": "akk-x-neoass",
"form": "x",
"pos": "u"}
}
,
{
"node": "l",
"frag": "x",
"id": "P334742.l03f05",
"ref": "P334742.17.3",
"inst": "u",
"f": {"lang": "akk-x-neoass",
"form": "x",
"pos": "u"}
}
,
{
"node": "l",
"frag": "x",
"id": "P334742.l03f06",
"ref": "P334742.17.4",
"inst": "u",
"f": {"lang": "akk-x-neoass",
"form": "x",
"pos": "u"}
}
,
{
"node": "l",
"frag": "x",
"id": "P334742.l03f07",
"ref": "P334742.17.5",
"inst": "u",
"f": {"lang": "akk-x-neoass",
"form": "x",
"pos": "u"}
}
,
{
"node": "l",
"frag": "x",
"id": "P334742.l03f08",
"ref": "P334742.17.6",
"inst": "u",
"f": {"lang": "akk-x-neoass",
"form": "x",
"pos": "u"}
}
,
{
"node": "l",
"frag": "x",
"id": "P334742.l03f09",
"ref": "P334742.17.7",
"inst": "u",
"f": {"lang": "akk-x-neoass",
"form": "x",
"pos": "u"}
}
,
{
"node": "l",
"frag": "x]+⸢x⸣-MEŠ-ni",
"id": "P334742.l03f0a",
"ref": "P334742.17.8",
"inst": "u",
"f": {"lang": "akk-x-neoass",
"form": "x+x-MEŠ-ni",
"pos": "u"}
}
,
{
"node": "d",
"type": "line-start",
"ref": "P334742.18",
"n": "17",
"label": "o 17"}
,
{
"node": "l",
"frag": "[x",
"id": "P334742.l03f0b",
"ref": "P334742.18.1",
"inst": "u",
"f": {"lang": "akk-x-neoass",
"form": "x",
"pos": "u"}
}
,
{
"node": "l",
"frag": "x",
"id": "P334742.l03f0c",
"ref": "P334742.18.2",
"inst": "u",
"f": {"lang": "akk-x-neoass",
"form": "x",
"pos": "u"}
}
,
{
"node": "l",
"frag": "x",
"id": "P334742.l03f0d",
"ref": "P334742.18.3",
"inst": "u",
"f": {"lang": "akk-x-neoass",
"form": "x",
"pos": "u"}
}
,
{
"node": "l",
"frag": "x",
"id": "P334742.l03f0e",
"ref": "P334742.18.4",
"inst": "u",
"f": {"lang": "akk-x-neoass",
"form": "x",
"pos": "u"}
}
,
{
"node": "l",
"frag": "x",
"id": "P334742.l03f0f",
"ref": "P334742.18.5",
"inst": "u",
"f": {"lang": "akk-x-neoass",
"form": "x",
"pos": "u"}
}
,
{
"node": "l",
"frag": "x",
"id": "P334742.l03f10",
"ref": "P334742.18.6",
"inst": "u",
"f": {"lang": "akk-x-neoass",
"form": "x",
"pos": "u"}
}
,
{
"node": "l",
"frag": "x",
"id": "P334742.l03f11",
"ref": "P334742.18.7",
"inst": "u",
"f": {"lang": "akk-x-neoass",
"form": "x",
"pos": "u"}
}
,
{
"node": "l",
"frag": "x",
"id": "P334742.l03f12",
"ref": "P334742.18.8",
"inst": "u",
"f": {"lang": "akk-x-neoass",
"form": "x",
"pos": "u"}
}
,
{
"node": "l",
"frag": "x",
"id": "P334742.l03f13",
"ref": "P334742.18.9",
"inst": "u",
"f": {"lang": "akk-x-neoass",
"form": "x",
"pos": "u"}
}
,
{
"node": "l",
"frag": "x]",
"id": "P334742.l03f14",
"ref": "P334742.18.10",
"inst": "u",
"f": {"lang": "akk-x-neoass",
"form": "x",
"pos": "u"}
}
,
{
"node": "l",
"frag": "hur",
"id": "P334742.l03f15",
"ref": "P334742.18.11",
"inst": "u",
"f": {"lang": "akk-x-neoass",
"form": "hur",
"pos": "u"}
}
,
{
"node": "d",
"type": "line-start",
"ref": "P334742.19",
"n": "18",
"label": "o 18"}
,
{
"node": "l",
"frag": "[x",
"id": "P334742.l03f16",
"ref": "P334742.19.1",
"inst": "u",
"f": {"lang": "akk-x-neoass",
"form": "x",
"pos": "u"}
}
,
{
"node": "l",
"frag": "x",
"id": "P334742.l03f17",
"ref": "P334742.19.2",
"inst": "u",
"f": {"lang": "akk-x-neoass",
"form": "x",
"pos": "u"}
}
,
{
"node": "l",
"frag": "x",
"id": "P334742.l03f18",
"ref": "P334742.19.3",
"inst": "u",
"f": {"lang": "akk-x-neoass",
"form": "x",
"pos": "u"}
}
,
{
"node": "l",
"frag": "x",
"id": "P334742.l03f19",
"ref": "P334742.19.4",
"inst": "u",
"f": {"lang": "akk-x-neoass",
"form": "x",
"pos": "u"}
}
,
{
"node": "l",
"frag": "x",
"id": "P334742.l03f1a",
"ref": "P334742.19.5",
"inst": "u",
"f": {"lang": "akk-x-neoass",
"form": "x",
"pos": "u"}
}
,
{
"node": "l",
"frag": "x",
"id": "P334742.l03f1b",
"ref": "P334742.19.6",
"inst": "u",
"f": {"lang": "akk-x-neoass",
"form": "x",
"pos": "u"}
}
,
{
"node": "l",
"frag": "x",
"id": "P334742.l03f1c",
"ref": "P334742.19.7",
"inst": "u",
"f": {"lang": "akk-x-neoass",
"form": "x",
"pos": "u"}
}
,
{
"node": "l",
"frag": "x",
"id": "P334742.l03f1d",
"ref": "P334742.19.8",
"inst": "u",
"f": {"lang": "akk-x-neoass",
"form": "x",
"pos": "u"}
}
,
{
"node": "l",
"frag": "x",
"id": "P334742.l03f1e",
"ref": "P334742.19.9",
"inst": "u",
"f": {"lang": "akk-x-neoass",
"form": "x",
"pos": "u"}
}
,
{
"node": "l",
"frag": "x",
"id": "P334742.l03f1f",
"ref": "P334742.19.10",
"inst": "u",
"f": {"lang": "akk-x-neoass",
"form": "x",
"pos": "u"}
}
,
{
"node": "l",
"frag": "x]+⸢x⸣",
"id": "P334742.l03f20",
"ref": "P334742.19.11",
"inst": "u",
"f": {"lang": "akk-x-neoass",
"form": "x+x",
"pos": "u"}
}
,
{
"node": "d",
"type": "nonx",
"ref": "P334742.20",
"strict": "0",
"state": "other"}
,
{
"node": "d",
"subtype": "bottom",
"type": "surface",
"ref": "P334742.b.e..21",
"type": "bottom",
"label": "b.e."}
,
{
"node": "d",
"type": "line-start",
"ref": "P334742.22",
"n": "19",
"label": "b.e. 19"}
,
{
"node": "l",
"frag": "[x",
"id": "P334742.l03f21",
"ref": "P334742.22.1",
"inst": "u",
"f": {"lang": "akk-x-neoass",
"form": "x",
"pos": "u"}
}
,
{
"node": "l",
"frag": "x",
"id": "P334742.l03f22",
"ref": "P334742.22.2",
"inst": "u",
"f": {"lang": "akk-x-neoass",
"form": "x",
"pos": "u"}
}
,
{
"node": "l",
"frag": "x",
"id": "P334742.l03f23",
"ref": "P334742.22.3",
"inst": "u",
"f": {"lang": "akk-x-neoass",
"form": "x",
"pos": "u"}
}
,
{
"node": "l",
"frag": "x",
"id": "P334742.l03f24",
"ref": "P334742.22.4",
"inst": "u",
"f": {"lang": "akk-x-neoass",
"form": "x",
"pos": "u"}
}
,
{
"node": "l",
"frag": "x]",
"id": "P334742.l03f25",
"ref": "P334742.22.5",
"inst": "u",
"f": {"lang": "akk-x-neoass",
"form": "x",
"pos": "u"}
}
,
{
"node": "l",
"frag": "ni",
"id": "P334742.l03f26",
"ref": "P334742.22.6",
"inst": "u",
"f": {"lang": "akk-x-neoass",
"form": "ni",
"pos": "u"}
}
,
{
"node": "l",
"frag": "[x",
"id": "P334742.l03f27",
"ref": "P334742.22.7",
"inst": "u",
"f": {"lang": "akk-x-neoass",
"form": "x",
"pos": "u"}
}
,
{
"node": "l",
"frag": "x",
"id": "P334742.l03f28",
"ref": "P334742.22.8",
"inst": "u",
"f": {"lang": "akk-x-neoass",
"form": "x",
"pos": "u"}
}
,
{
"node": "l",
"frag": "x]",
"id": "P334742.l03f29",
"ref": "P334742.22.9",
"inst": "u",
"f": {"lang": "akk-x-neoass",
"form": "x",
"pos": "u"}
}
,
{
"node": "d",
"subtype": "reverse",
"type": "surface",
"ref": "P334742.r.23",
"type": "reverse",
"label": "r"}
,
{
"node": "d",
"type": "line-start",
"ref": "P334742.24",
"n": "1",
"label": "r 1"}
,
{
"node": "l",
"frag": "[x",
"id": "P334742.l03f2a",
"ref": "P334742.24.1",
"inst": "u",
"f": {"lang": "akk-x-neoass",
"form": "x",
"pos": "u"}
}
,
{
"node": "l",
"frag": "x",
"id": "P334742.l03f2b",
"ref": "P334742.24.2",
"inst": "u",
"f": {"lang": "akk-x-neoass",
"form": "x",
"pos": "u"}
}
,
{
"node": "l",
"frag": "x",
"id": "P334742.l03f2c",
"ref": "P334742.24.3",
"inst": "u",
"f": {"lang": "akk-x-neoass",
"form": "x",
"pos": "u"}
}
,
{
"node": "l",
"frag": "x",
"id": "P334742.l03f2d",
"ref": "P334742.24.4",
"inst": "u",
"f": {"lang": "akk-x-neoass",
"form": "x",
"pos": "u"}
}
,
{
"node": "l",
"frag": "x",
"id": "P334742.l03f2e",
"ref": "P334742.24.5",
"inst": "u",
"f": {"lang": "akk-x-neoass",
"form": "x",
"pos": "u"}
}
,
{
"node": "l",
"frag": "x",
"id": "P334742.l03f2f",
"ref": "P334742.24.6",
"inst": "u",
"f": {"lang": "akk-x-neoass",
"form": "x",
"pos": "u"}
}
,
{
"node": "l",
"frag": "x",
"id": "P334742.l03f30",
"ref": "P334742.24.7",
"inst": "u",
"f": {"lang": "akk-x-neoass",
"form": "x",
"pos": "u"}
}
,
{
"node": "l",
"frag": "x",
"id": "P334742.l03f31",
"ref": "P334742.24.8",
"inst": "u",
"f": {"lang": "akk-x-neoass",
"form": "x",
"pos": "u"}
}
,
{
"node": "l",
"frag": "x]",
"id": "P334742.l03f32",
"ref": "P334742.24.9",
"inst": "u",
"f": {"lang": "akk-x-neoass",
"form": "x",
"pos": "u"}
}
,
{
"node": "d",
"type": "line-start",
"ref": "P334742.25",
"n": "2",
"label": "r 2"}
,
{
"node": "l",
"frag": "[x",
"id": "P334742.l03f33",
"ref": "P334742.25.1",
"inst": "u",
"f": {"lang": "akk-x-neoass",
"form": "x",
"pos": "u"}
}
,
{
"node": "l",
"frag": "x",
"id": "P334742.l03f34",
"ref": "P334742.25.2",
"inst": "u",
"f": {"lang": "akk-x-neoass",
"form": "x",
"pos": "u"}
}
,
{
"node": "l",
"frag": "x",
"id": "P334742.l03f35",
"ref": "P334742.25.3",
"inst": "u",
"f": {"lang": "akk-x-neoass",
"form": "x",
"pos": "u"}
}
,
{
"node": "l",
"frag": "x",
"id": "P334742.l03f36",
"ref": "P334742.25.4",
"inst": "u",
"f": {"lang": "akk-x-neoass",
"form": "x",
"pos": "u"}
}
,
{
"node": "l",
"frag": "x",
"id": "P334742.l03f37",
"ref": "P334742.25.5",
"inst": "u",
"f": {"lang": "akk-x-neoass",
"form": "x",
"pos": "u"}
}
,
{
"node": "l",
"frag": "x",
"id": "P334742.l03f38",
"ref": "P334742.25.6",
"inst": "u",
"f": {"lang": "akk-x-neoass",
"form": "x",
"pos": "u"}
}
,
{
"node": "l",
"frag": "x]",
"id": "P334742.l03f39",
"ref": "P334742.25.7",
"inst": "u",
"f": {"lang": "akk-x-neoass",
"form": "x",
"pos": "u"}
}
,
{
"node": "l",
"frag": "še",
"id": "P334742.l03f3a",
"ref": "P334742.25.8",
"inst": "u",
"f": {"lang": "akk-x-neoass",
"form": "še",
"pos": "u"}
}
,
{
"node": "l",
"frag": "⸢x⸣+[x]",
"id": "P334742.l03f3b",
"ref": "P334742.25.9",
"inst": "u",
"f": {"lang": "akk-x-neoass",
"form": "x+x",
"pos": "u"}
}
,
{
"node": "d",
"type": "line-start",
"ref": "P334742.26",
"n": "3",
"label": "r 3"}
,
{
"node": "l",
"frag": "[x",
"id": "P334742.l03f3c",
"ref": "P334742.26.1",
"inst": "u",
"f": {"lang": "akk-x-neoass",
"form": "x",
"pos": "u"}
}
,
{
"node": "l",
"frag": "x",
"id": "P334742.l03f3d",
"ref": "P334742.26.2",
"inst": "u",
"f": {"lang": "akk-x-neoass",
"form": "x",
"pos": "u"}
}
,
{
"node": "l",
"frag": "x",
"id": "P334742.l03f3e",
"ref": "P334742.26.3",
"inst": "u",
"f": {"lang": "akk-x-neoass",
"form": "x",
"pos": "u"}
}
,
{
"node": "l",
"frag": "x",
"id": "P334742.l03f3f",
"ref": "P334742.26.4",
"inst": "u",
"f": {"lang": "akk-x-neoass",
"form": "x",
"pos": "u"}
}
,
{
"node": "l",
"frag": "x",
"id": "P334742.l03f40",
"ref": "P334742.26.5",
"inst": "u",
"f": {"lang": "akk-x-neoass",
"form": "x",
"pos": "u"}
}
,
{
"node": "l",
"frag": "x",
"id": "P334742.l03f41",
"ref": "P334742.26.6",
"inst": "u",
"f": {"lang": "akk-x-neoass",
"form": "x",
"pos": "u"}
}
,
{
"node": "l",
"frag": "x",
"id": "P334742.l03f42",
"ref": "P334742.26.7",
"inst": "u",
"f": {"lang": "akk-x-neoass",
"form": "x",
"pos": "u"}
}
,
{
"node": "l",
"frag": "x]",
"id": "P334742.l03f43",
"ref": "P334742.26.8",
"inst": "u",
"f": {"lang": "akk-x-neoass",
"form": "x",
"pos": "u"}
}
,
{
"node": "l",
"frag": "⸢x⸣+[x]",
"id": "P334742.l03f44",
"ref": "P334742.26.9",
"inst": "u",
"f": {"lang": "akk-x-neoass",
"form": "x+x",
"pos": "u"}
}
,
{
"node": "d",
"type": "line-start",
"ref": "P334742.27",
"n": "4",
"label": "r 4"}
,
{
"node": "l",
"frag": "[x",
"id": "P334742.l03f45",
"ref": "P334742.27.1",
"inst": "u",
"f": {"lang": "akk-x-neoass",
"form": "x",
"pos": "u"}
}
,
{
"node": "l",
"frag": "x",
"id": "P334742.l03f46",
"ref": "P334742.27.2",
"inst": "u",
"f": {"lang": "akk-x-neoass",
"form": "x",
"pos": "u"}
}
,
{
"node": "l",
"frag": "x",
"id": "P334742.l03f47",
"ref": "P334742.27.3",
"inst": "u",
"f": {"lang": "akk-x-neoass",
"form": "x",
"pos": "u"}
}
,
{
"node": "l",
"frag": "x",
"id": "P334742.l03f48",
"ref": "P334742.27.4",
"inst": "u",
"f": {"lang": "akk-x-neoass",
"form": "x",
"pos": "u"}
}
,
{
"node": "l",
"frag": "x",
"id": "P334742.l03f49",
"ref": "P334742.27.5",
"inst": "u",
"f": {"lang": "akk-x-neoass",
"form": "x",
"pos": "u"}
}
,
{
"node": "l",
"frag": "x",
"id": "P334742.l03f4a",
"ref": "P334742.27.6",
"inst": "u",
"f": {"lang": "akk-x-neoass",
"form": "x",
"pos": "u"}
}
,
{
"node": "l",
"frag": "x",
"id": "P334742.l03f4b",
"ref": "P334742.27.7",
"inst": "u",
"f": {"lang": "akk-x-neoass",
"form": "x",
"pos": "u"}
}
,
{
"node": "l",
"frag": "x",
"id": "P334742.l03f4c",
"ref": "P334742.27.8",
"inst": "u",
"f": {"lang": "akk-x-neoass",
"form": "x",
"pos": "u"}
}
,
{
"node": "l",
"frag": "x",
"id": "P334742.l03f4d",
"ref": "P334742.27.9",
"inst": "u",
"f": {"lang": "akk-x-neoass",
"form": "x",
"pos": "u"}
}
,
{
"node": "l",
"frag": "x]",
"id": "P334742.l03f4e",
"ref": "P334742.27.10",
"inst": "u",
"f": {"lang": "akk-x-neoass",
"form": "x",
"pos": "u"}
}
,
{
"node": "d",
"type": "line-start",
"ref": "P334742.28",
"n": "5",
"label": "r 5"}
,
{
"node": "l",
"frag": "[x",
"id": "P334742.l03f4f",
"ref": "P334742.28.1",
"inst": "u",
"f": {"lang": "akk-x-neoass",
"form": "x",
"pos": "u"}
}
,
{
"node": "l",
"frag": "x",
"id": "P334742.l03f50",
"ref": "P334742.28.2",
"inst": "u",
"f": {"lang": "akk-x-neoass",
"form": "x",
"pos": "u"}
}
,
{
"node": "l",
"frag": "x",
"id": "P334742.l03f51",
"ref": "P334742.28.3",
"inst": "u",
"f": {"lang": "akk-x-neoass",
"form": "x",
"pos": "u"}
}
,
{
"node": "l",
"frag": "x",
"id": "P334742.l03f52",
"ref": "P334742.28.4",
"inst": "u",
"f": {"lang": "akk-x-neoass",
"form": "x",
"pos": "u"}
}
,
{
"node": "l",
"frag": "x",
"id": "P334742.l03f53",
"ref": "P334742.28.5",
"inst": "u",
"f": {"lang": "akk-x-neoass",
"form": "x",
"pos": "u"}
}
,
{
"node": "l",
"frag": "x",
"id": "P334742.l03f54",
"ref": "P334742.28.6",
"inst": "u",
"f": {"lang": "akk-x-neoass",
"form": "x",
"pos": "u"}
}
,
{
"node": "l",
"frag": "x]",
"id": "P334742.l03f55",
"ref": "P334742.28.7",
"inst": "u",
"f": {"lang": "akk-x-neoass",
"form": "x",
"pos": "u"}
}
,
{
"node": "l",
"frag": "be",
"id": "P334742.l03f56",
"ref": "P334742.28.8",
"inst": "u",
"f": {"lang": "akk-x-neoass",
"form": "be",
"pos": "u"}
}
,
{
"node": "l",
"frag": "šu₂",
"id": "P334742.l03f57",
"ref": "P334742.28.9",
"inst": "u",
"f": {"lang": "akk-x-neoass",
"form": "šu₂",
"pos": "u"}
}
,
{
"node": "d",
"type": "line-start",
"ref": "P334742.29",
"n": "6",
"label": "r 6"}
,
{
"node": "l",
"frag": "la",
"id": "P334742.l03f58",
"ref": "P334742.29.1",
"inst": "u",
"f": {"lang": "akk-x-neoass",
"form": "la",
"pos": "u"}
}
,
{
"node": "l",
"frag": "[x",
"id": "P334742.l03f59",
"ref": "P334742.29.2",
"inst": "u",
"f": {"lang": "akk-x-neoass",
"form": "x",
"pos": "u"}
}
,
{
"node": "l",
"frag": "x",
"id": "P334742.l03f5a",
"ref": "P334742.29.3",
"inst": "u",
"f": {"lang": "akk-x-neoass",
"form": "x",
"pos": "u"}
}
,
{
"node": "l",
"frag": "x",
"id": "P334742.l03f5b",
"ref": "P334742.29.4",
"inst": "u",
"f": {"lang": "akk-x-neoass",
"form": "x",
"pos": "u"}
}
,
{
"node": "l",
"frag": "x",
"id": "P334742.l03f5c",
"ref": "P334742.29.5",
"inst": "u",
"f": {"lang": "akk-x-neoass",
"form": "x",
"pos": "u"}
}
,
{
"node": "l",
"frag": "x",
"id": "P334742.l03f5d",
"ref": "P334742.29.6",
"inst": "u",
"f": {"lang": "akk-x-neoass",
"form": "x",
"pos": "u"}
}
,
{
"node": "l",
"frag": "x",
"id": "P334742.l03f5e",
"ref": "P334742.29.7",
"inst": "u",
"f": {"lang": "akk-x-neoass",
"form": "x",
"pos": "u"}
}
,
{
"node": "l",
"frag": "x]+⸢x⸣",
"id": "P334742.l03f5f",
"ref": "P334742.29.8",
"inst": "u",
"f": {"lang": "akk-x-neoass",
"form": "x+x",
"pos": "u"}
}
,
{
"node": "d",
"type": "line-start",
"ref": "P334742.30",
"n": "7",
"label": "r 7"}
,
{
"node": "l",
"frag": "ma-a",
"id": "P334742.l03f60",
"ref": "P334742.30.1",
"inst": "mā[saying]PRP",
"sig": "@saao/saa16%akk-x-neoass:ma-a=mā[saying//saying]PRP'PRP$mā",
"f": {"lang": "akk-x-neoass",
"form": "ma-a",
"cf": "mā",
"gw": "saying",
"sense": "saying",
"norm": "mā",
"pos": "PRP",
"epos": "PRP"}
}
,
{
"node": "l",
"frag": "[x",
"id": "P334742.l03f61",
"ref": "P334742.30.2",
"inst": "u",
"f": {"lang": "akk-x-neoass",
"form": "x",
"pos": "u"}
}
,
{
"node": "l",
"frag": "x",
"id": "P334742.l03f62",
"ref": "P334742.30.3",
"inst": "u",
"f": {"lang": "akk-x-neoass",
"form": "x",
"pos": "u"}
}
,
{
"node": "l",
"frag": "x",
"id": "P334742.l03f63",
"ref": "P334742.30.4",
"inst": "u",
"f": {"lang": "akk-x-neoass",
"form": "x",
"pos": "u"}
}
,
{
"node": "l",
"frag": "x",
"id": "P334742.l03f64",
"ref": "P334742.30.5",
"inst": "u",
"f": {"lang": "akk-x-neoass",
"form": "x",
"pos": "u"}
}
,
{
"node": "l",
"frag": "x",
"id": "P334742.l03f65",
"ref": "P334742.30.6",
"inst": "u",
"f": {"lang": "akk-x-neoass",
"form": "x",
"pos": "u"}
}
,
{
"node": "l",
"frag": "x]-i",
"id": "P334742.l03f66",
"ref": "P334742.30.7",
"inst": "u",
"f": {"lang": "akk-x-neoass",
"form": "x-i",
"pos": "u"}
}
,
{
"node": "d",
"type": "line-start",
"ref": "P334742.31",
"n": "8",
"label": "r 8"}
,
{
"node": "l",
"frag": "a-na",
"id": "P334742.l03f67",
"ref": "P334742.31.1",
"inst": "ana[to]PRP",
"sig": "@saao/saa16%akk-x-neoass:a-na=ana[to//to]PRP'PRP$ana",
"f": {"lang": "akk-x-neoass",
"form": "a-na",
"cf": "ana",
"gw": "to",
"sense": "to",
"norm": "ana",
"pos": "PRP",
"epos": "PRP"}
}
,
{
"node": "l",
"frag": "[x",
"id": "P334742.l03f68",
"ref": "P334742.31.2",
"inst": "u",
"f": {"lang": "akk-x-neoass",
"form": "x",
"pos": "u"}
}
,
{
"node": "l",
"frag": "x",
"id": "P334742.l03f69",
"ref": "P334742.31.3",
"inst": "u",
"f": {"lang": "akk-x-neoass",
"form": "x",
"pos": "u"}
}
,
{
"node": "l",
"frag": "x",
"id": "P334742.l03f6a",
"ref": "P334742.31.4",
"inst": "u",
"f": {"lang": "akk-x-neoass",
"form": "x",
"pos": "u"}
}
,
{
"node": "l",
"frag": "x",
"id": "P334742.l03f6b",
"ref": "P334742.31.5",
"inst": "u",
"f": {"lang": "akk-x-neoass",
"form": "x",
"pos": "u"}
}
,
{
"node": "l",
"frag": "x",
"id": "P334742.l03f6c",
"ref": "P334742.31.6",
"inst": "u",
"f": {"lang": "akk-x-neoass",
"form": "x",
"pos": "u"}
}
,
{
"node": "l",
"frag": "x]-a",
"id": "P334742.l03f6d",
"ref": "P334742.31.7",
"inst": "u",
"f": {"lang": "akk-x-neoass",
"form": "x-a",
"pos": "u"}
}
,
{
"node": "d",
"type": "line-start",
"ref": "P334742.32",
"n": "9",
"label": "r 9"}
,
{
"node": "l",
"frag": "ma-a",
"id": "P334742.l03f6e",
"ref": "P334742.32.1",
"inst": "mā[saying]PRP",
"sig": "@saao/saa16%akk-x-neoass:ma-a=mā[saying//saying]PRP'PRP$mā",
"f": {"lang": "akk-x-neoass",
"form": "ma-a",
"cf": "mā",
"gw": "saying",
"sense": "saying",
"norm": "mā",
"pos": "PRP",
"epos": "PRP"}
}
,
{
"node": "l",
"frag": "[x",
"id": "P334742.l03f6f",
"ref": "P334742.32.2",
"inst": "u",
"f": {"lang": "akk-x-neoass",
"form": "x",
"pos": "u"}
}
,
{
"node": "l",
"frag": "x",
"id": "P334742.l03f70",
"ref": "P334742.32.3",
"inst": "u",
"f": {"lang": "akk-x-neoass",
"form": "x",
"pos": "u"}
}
,
{
"node": "l",
"frag": "x",
"id": "P334742.l03f71",
"ref": "P334742.32.4",
"inst": "u",
"f": {"lang": "akk-x-neoass",
"form": "x",
"pos": "u"}
}
,
{
"node": "l",
"frag": "x",
"id": "P334742.l03f72",
"ref": "P334742.32.5",
"inst": "u",
"f": {"lang": "akk-x-neoass",
"form": "x",
"pos": "u"}
}
,
{
"node": "l",
"frag": "x",
"id": "P334742.l03f73",
"ref": "P334742.32.6",
"inst": "u",
"f": {"lang": "akk-x-neoass",
"form": "x",
"pos": "u"}
}
,
{
"node": "l",
"frag": "x]-u-ni",
"id": "P334742.l03f74",
"ref": "P334742.32.7",
"inst": "u",
"f": {"lang": "akk-x-neoass",
"form": "x-u-ni",
"pos": "u"}
}
,
{
"node": "d",
"type": "line-start",
"ref": "P334742.33",
"n": "10",
"label": "r 10"}
,
{
"node": "l",
"frag": "ina",
"id": "P334742.l03f75",
"ref": "P334742.33.1",
"inst": "ina[in]PRP",
"sig": "@saao/saa16%akk-x-neoass:ina=ina[in//in]PRP'PRP$ina",
"f": {"lang": "akk-x-neoass",
"form": "ina",
"cf": "ina",
"gw": "in",
"sense": "in",
"norm": "ina",
"pos": "PRP",
"epos": "PRP"}
}
,
{
"node": "l",
"frag": "{uru}⸢x⸣+[x",
"id": "P334742.l03f76",
"ref": "P334742.33.2",
"inst": "u",
"f": {"lang": "akk-x-neoass",
"form": "{URU}x+x",
"pos": "u"}
}
,
{
"node": "l",
"frag": "x",
"id": "P334742.l03f77",
"ref": "P334742.33.3",
"inst": "u",
"f": {"lang": "akk-x-neoass",
"form": "x",
"pos": "u"}
}
,
{
"node": "l",
"frag": "x",
"id": "P334742.l03f78",
"ref": "P334742.33.4",
"inst": "u",
"f": {"lang": "akk-x-neoass",
"form": "x",
"pos": "u"}
}
,
{
"node": "l",
"frag": "x",
"id": "P334742.l03f79",
"ref": "P334742.33.5",
"inst": "u",
"f": {"lang": "akk-x-neoass",
"form": "x",
"pos": "u"}
}
,
{
"node": "l",
"frag": "x]",
"id": "P334742.l03f7a",
"ref": "P334742.33.6",
"inst": "u",
"f": {"lang": "akk-x-neoass",
"form": "x",
"pos": "u"}
}
,
{
"node": "l",
"frag": "e-tar-bu",
"id": "P334742.l03f7b",
"ref": "P334742.33.7",
"inst": "ētarbu[enter]V",
"sig": "@saao/saa16%akk-x-neoass:e-tar-bu=erēbu[enter//enter]V'V$ētarbu",
"f": {"lang": "akk-x-neoass",
"form": "e-tar-bu",
"cf": "erēbu",
"gw": "enter",
"sense": "enter",
"norm": "ētarbu",
"pos": "V",
"epos": "V"}
}
,
{
"node": "d",
"type": "line-start",
"ref": "P334742.34",
"n": "11",
"label": "r 11"}
,
{
"node": "l",
"frag": "ma-a",
"id": "P334742.l03f7c",
"ref": "P334742.34.1",
"inst": "mā[saying]PRP",
"sig": "@saao/saa16%akk-x-neoass:ma-a=mā[saying//saying]PRP'PRP$mā",
"f": {"lang": "akk-x-neoass",
"form": "ma-a",
"cf": "mā",
"gw": "saying",
"sense": "saying",
"norm": "mā",
"pos": "PRP",
"epos": "PRP"}
}
,
{
"node": "l",
"frag": "⸢x⸣+[x",
"id": "P334742.l03f7d",
"ref": "P334742.34.2",
"inst": "u",
"f": {"lang": "akk-x-neoass",
"form": "x+x",
"pos": "u"}
}
,
{
"node": "l",
"frag": "x",
"id": "P334742.l03f7e",
"ref": "P334742.34.3",
"inst": "u",
"f": {"lang": "akk-x-neoass",
"form": "x",
"pos": "u"}
}
,
{
"node": "l",
"frag": "x",
"id": "P334742.l03f7f",
"ref": "P334742.34.4",
"inst": "u",
"f": {"lang": "akk-x-neoass",
"form": "x",
"pos": "u"}
}
,
{
"node": "l",
"frag": "x",
"id": "P334742.l03f80",
"ref": "P334742.34.5",
"inst": "u",
"f": {"lang": "akk-x-neoass",
"form": "x",
"pos": "u"}
}
,
{
"node": "l",
"frag": "x",
"id": "P334742.l03f81",
"ref": "P334742.34.6",
"inst": "u",
"f": {"lang": "akk-x-neoass",
"form": "x",
"pos": "u"}
}
,
{
"node": "l",
"frag": "x]-ri",
"id": "P334742.l03f82",
"ref": "P334742.34.7",
"inst": "u",
"f": {"lang": "akk-x-neoass",
"form": "x-ri",
"pos": "u"}
}
,
{
"node": "d",
"type": "line-start",
"ref": "P334742.35",
"n": "12",
"label": "r 12"}
,
{
"node": "l",
"frag": "ša",
"id": "P334742.l03f83",
"ref": "P334742.35.1",
"inst": "ša[of]DET",
"sig": "@saao/saa16%akk-x-neoass:ša=ša[of//of]DET'DET$ša",
"f": {"lang": "akk-x-neoass",
"form": "ša",
"cf": "ša",
"gw": "of",
"sense": "of",
"norm": "ša",
"pos": "DET",
"epos": "DET"}
}
,
{
"node": "l",
"frag": "[x",
"id": "P334742.l03f84",
"ref": "P334742.35.2",
"inst": "u",
"f": {"lang": "akk-x-neoass",
"form": "x",
"pos": "u"}
}
,
{
"node": "l",
"frag": "x",
"id": "P334742.l03f85",
"ref": "P334742.35.3",
"inst": "u",
"f": {"lang": "akk-x-neoass",
"form": "x",
"pos": "u"}
}
,
{
"node": "l",
"frag": "x",
"id": "P334742.l03f86",
"ref": "P334742.35.4",
"inst": "u",
"f": {"lang": "akk-x-neoass",
"form": "x",
"pos": "u"}
}
,
{
"node": "c",
"type": "phrase",
"tag": "phr",
"id": "P334742.U5",
"ref": "P334742.ls00001",
"cdl": [
{
"node": "l",
"frag": "{lu₂v}ERIM]-MEŠ-{giš}BAN",
"id": "P334742.l03f87",
"ref": "P334742.35.5",
"cof-tails": "P334742.l03f88",
"inst": "ṣābu[people]N$ṣābāni&qaštu[bow]N$qassi",
"sig": "@saao/saa16%akk-x-neoass:{LU₂}ERIM-MEŠ-{GIŠ}BAN=ṣābu[people//people]N'N$ṣābāni&&@saao%akk-x-neoass:=qaštu[bow//bow]N'N$qassi",
"f": {"lang": "akk-x-neoass",
"form": "{LU₂}ERIM-MEŠ-{GIŠ}BAN",
"cf": "ṣābu",
"gw": "people",
"sense": "people",
"norm": "ṣābāni",
"pos": "N",
"epos": "N"}
}
,
{
"node": "l",
"frag": "{lu₂v}ERIM]-MEŠ-{giš}BAN",
"id": "P334742.l03f88",
"ref": "P334742.35.5",
"cof-head": "P334742.l03f87",
"inst": "ṣābu[people]N$ṣābāni&qaštu[bow]N$qassi",
"tail-sig": "@saao%akk-x-neoass:=qaštu[bow//bow]N'N$qassi",
"f": {"lang": "akk-x-neoass",
"form": "{LU₂}ERIM-MEŠ-{GIŠ}BAN",
"cf": "qaštu",
"gw": "bow",
"sense": "bow",
"norm": "qassi",
"pos": "N",
"epos": "N"}
}
]}
,
{
"node": "d",
"type": "line-start",
"ref": "P334742.36",
"n": "13",
"label": "r 13"}
,
{
"node": "l",
"frag": "01",
"id": "P334742.l03f89",
"ref": "P334742.36.1",
"inst": "n",
"f": {"lang": "akk-x-neoass",
"form": "01",
"pos": "n"}
}
,
{
"node": "l",
"frag": "⸢x⸣+[x",
"id": "P334742.l03f8a",
"ref": "P334742.36.2",
"inst": "u",
"f": {"lang": "akk-x-neoass",
"form": "x+x",
"pos": "u"}
}
,
{
"node": "l",
"frag": "x",
"id": "P334742.l03f8b",
"ref": "P334742.36.3",
"inst": "u",
"f": {"lang": "akk-x-neoass",
"form": "x",
"pos": "u"}
}
,
{
"node": "l",
"frag": "x]",
"id": "P334742.l03f8c",
"ref": "P334742.36.4",
"inst": "u",
"f": {"lang": "akk-x-neoass",
"form": "x",
"pos": "u"}
}
,
{
"node": "l",
"frag": "ANŠE.NITA₂-MEŠ",
"id": "P334742.l03f8d",
"ref": "P334742.36.5",
"inst": "imārī[donkey]N",
"sig": "@saao/saa16%akk-x-neoass:ANŠE.NITA₂-MEŠ=imēru[donkey//donkey]N'N$imārī",
"f": {"lang": "akk-x-neoass",
"form": "ANŠE.NITA₂-MEŠ",
"cf": "imēru",
"gw": "donkey",
"sense": "donkey",
"norm": "imārī",
"pos": "N",
"epos": "N"}
}
,
{
"node": "d",
"type": "line-start",
"ref": "P334742.37",
"n": "14",
"label": "r 14"}
,
{
"node": "l",
"frag": "⸢x⸣+[x",
"id": "P334742.l03f8e",
"ref": "P334742.37.1",
"inst": "u",
"f": {"lang": "akk-x-neoass",
"form": "x+x",
"pos": "u"}
}
,
{
"node": "l",
"frag": "x",
"id": "P334742.l03f8f",
"ref": "P334742.37.2",
"inst": "u",
"f": {"lang": "akk-x-neoass",
"form": "x",
"pos": "u"}
}
,
{
"node": "l",
"frag": "x",
"id": "P334742.l03f90",
"ref": "P334742.37.3",
"inst": "u",
"f": {"lang": "akk-x-neoass",
"form": "x",
"pos": "u"}
}
,
{
"node": "l",
"frag": "x]",
"id": "P334742.l03f91",
"ref": "P334742.37.4",
"inst": "u",
"f": {"lang": "akk-x-neoass",
"form": "x",
"pos": "u"}
}
,
{
"node": "l",
"frag": "šum₂-ma",
"id": "P334742.l03f92",
"ref": "P334742.37.5",
"inst": "šumma[if]MOD",
"sig": "@saao/saa16%akk-x-neoass:šum₂-ma=šumma[if//if]MOD'MOD$šumma",
"f": {"lang": "akk-x-neoass",
"form": "šum₂-ma",
"cf": "šumma",
"gw": "if",
"sense": "if",
"norm": "šumma",
"pos": "MOD",
"epos": "MOD"}
}
,
{
"node": "l",
"frag": "iš-ši-a-ri",
"id": "P334742.l03f93",
"ref": "P334742.37.6",
"cof-tails": "P334742.l03f94",
"inst": "ina[in+=tomorrow]PRP$ina&šiāru[morning]N$šiāri",
"sig": "@saao/saa16%akk-x-neoass:iš-ši-a-ri=ina[in//in]PRP'PRP$ina&&@saao%akk-x-neoass:=šiāru[morning//morning]N'N$šiāri",
"f": {"lang": "akk-x-neoass",
"form": "iš-ši-a-ri",
"cf": "ina",
"gw": "in",
"sense": "in",
"norm": "ina",
"pos": "PRP",
"epos": "PRP"}
}
,
{
"node": "l",
"frag": "iš-ši-a-ri",
"id": "P334742.l03f94",
"ref": "P334742.37.6",
"cof-head": "P334742.l03f93",
"inst": "ina[in+=tomorrow]PRP$ina&šiāru[morning]N$šiāri",
"tail-sig": "@saao%akk-x-neoass:=šiāru[morning//morning]N'N$šiāri",
"f": {"lang": "akk-x-neoass",
"form": "iš-ši-a-ri",
"cf": "šiāru",
"gw": "morning",
"sense": "morning",
"norm": "šiāri",
"pos": "N",
"epos": "N"}
}
,
{
"node": "d",
"type": "line-start",
"ref": "P334742.38",
"n": "15",
"label": "r 15"}
,
{
"node": "l",
"frag": "⸢šum₂⸣-[ma",
"id": "P334742.l03f95",
"ref": "P334742.38.1",
"inst": "šumma[if]MOD",
"sig": "@saao/saa16%akk-x-neoass:šum₂-ma=šumma[if//if]MOD'MOD$šumma",
"f": {"lang": "akk-x-neoass",
"form": "šum₂-ma",
"cf": "šumma",
"gw": "if",
"sense": "if",
"norm": "šumma",
"pos": "MOD",
"epos": "MOD"}
}
,
{
"node": "l",
"frag": "ina]",
"id": "P334742.l03f96",
"ref": "P334742.38.2",
"inst": "ina[in]PRP",
"sig": "@saao/saa16%akk-x-neoass:ina=ina[in//in]PRP'PRP$ina",
"f": {"lang": "akk-x-neoass",
"form": "ina",
"cf": "ina",
"gw": "in",
"sense": "in",
"norm": "ina",
"pos": "PRP",
"epos": "PRP"}
}
,
{
"node": "l",
"frag": "⸢li⸣-di-iš",
"id": "P334742.l03f97",
"ref": "P334742.38.3",
"inst": "līdiš[day after tomorrow]AV",
"sig": "@saao/saa16%akk-x-neoass:li-di-iš=līdiš[day after tomorrow//day after tomorrow]AV'AV$līdiš",
"f": {"lang": "akk-x-neoass",
"form": "li-di-iš",
"cf": "līdiš",
"gw": "day after tomorrow",
"sense": "day after tomorrow",
"norm": "līdiš",
"pos": "AV",
"epos": "AV"}
}
,
{
"node": "d",
"type": "line-start",
"ref": "P334742.39",
"n": "16",
"label": "r 16"}
,
{
"node": "l",
"frag": "[ina",
"id": "P334742.l03f98",
"ref": "P334742.39.1",
"inst": "ina[in]PRP",
"sig": "@saao/saa16%akk-x-neoass:ina=ina[in//in]PRP'PRP$ina",
"f": {"lang": "akk-x-neoass",
"form": "ina",
"cf": "ina",
"gw": "in",
"sense": "in",
"norm": "ina",
"pos": "PRP",
"epos": "PRP"}
}
,
{
"node": "l",
"frag": "{uru}arrap]-ha",
"id": "P334742.l03f99",
"ref": "P334742.39.2",
"inst": "Arrapha[1]GN",
"sig": "@saao/saa16%akk-x-neoass:{URU}arrap-ha=Arrapha[1//1]GN'GN$Arrapha",
"f": {"lang": "akk-x-neoass",
"form": "{URU}arrap-ha",
"cf": "Arrapha",
"gw": "1",
"sense": "1",
"norm": "Arrapha",
"pos": "GN",
"epos": "GN"}
}
,
{
"node": "l",
"frag": "er-ra-bu-u-ni",
"id": "P334742.l03f9a",
"ref": "P334742.39.3",
"inst": "erēbu[enter]V$errabūni",
"sig": "@saao/saa16%akk-x-neoass:er-ra-bu-u-ni=erēbu[enter//enter]V'V$errabūni",
"f": {"lang": "akk-x-neoass",
"form": "er-ra-bu-u-ni",
"cf": "erēbu",
"gw": "enter",
"sense": "enter",
"norm": "errabūni",
"pos": "V",
"epos": "V"}
}
,
{
"node": "d",
"type": "line-start",
"ref": "P334742.40",
"n": "17",
"label": "r 17"}
,
{
"node": "l",
"frag": "[x",
"id": "P334742.l03f9b",
"ref": "P334742.40.1",
"inst": "u",
"f": {"lang": "akk-x-neoass",
"form": "x",
"pos": "u"}
}
,
{
"node": "l",
"frag": "x",
"id": "P334742.l03f9c",
"ref": "P334742.40.2",
"inst": "u",
"f": {"lang": "akk-x-neoass",
"form": "x",
"pos": "u"}
}
,
{
"node": "l",
"frag": "x",
"id": "P334742.l03f9d",
"ref": "P334742.40.3",
"inst": "u",
"f": {"lang": "akk-x-neoass",
"form": "x",
"pos": "u"}
}
,
{
"node": "l",
"frag": "x]",
"id": "P334742.l03f9e",
"ref": "P334742.40.4",
"inst": "u",
"f": {"lang": "akk-x-neoass",
"form": "x",
"pos": "u"}
}
,
{
"node": "l",
"frag": "⸢x",
"id": "P334742.l03f9f",
"ref": "P334742.40.5",
"inst": "u",
"f": {"lang": "akk-x-neoass",
"form": "x",
"pos": "u"}
}
,
{
"node": "l",
"frag": "x⸣",
"id": "P334742.l03fa0",
"ref": "P334742.40.6",
"inst": "u",
"f": {"lang": "akk-x-neoass",
"form": "x",
"pos": "u"}
}
,
{
"node": "l",
"frag": "[x",
"id": "P334742.l03fa1",
"ref": "P334742.40.7",
"inst": "u",
"f": {"lang": "akk-x-neoass",
"form": "x",
"pos": "u"}
}
,
{
"node": "l",
"frag": "x]",
"id": "P334742.l03fa2",
"ref": "P334742.40.8",
"inst": "u",
"f": {"lang": "akk-x-neoass",
"form": "x",
"pos": "u"}
}
,
{
"node": "l",
"frag": "⸢x⸣",
"id": "P334742.l03fa3",
"ref": "P334742.40.9",
"inst": "u",
"f": {"lang": "akk-x-neoass",
"form": "x",
"pos": "u"}
}
,
{
"node": "l",
"frag": "[x]",
"id": "P334742.l03fa4",
"ref": "P334742.40.10",
"inst": "u",
"f": {"lang": "akk-x-neoass",
"form": "x",
"pos": "u"}
}
,
{
"node": "d",
"type": "nonx",
"ref": "P334742.41",
"strict": "0",
"state": "other"}
]}
]}
]}
,
{
"linkbase": [{
"type": "linkset",
"xlink_title": "ina muhhi[on//about]PRP'PRP",
"id": "P334742.ls00000",
"xlink_type": "extended",
"xlink_role": "psu",
"sig": "{ina[in]PRP muhhu[skull]N += ina muhhi[on//about]PRP'PRP}::@saao%akk-x-neoass:ina=ina[in//into]PRP'PRP$ina++@saao%akk-x-neoass:UGU=muhhu[skull//skull]N'N$muhhi",
"links": [
{
"type": "link",
"xlink_title": "ina",
"xlink_type": "locator",
"xlink_href": "#P334742.l03edf",
"xlink_role": "elt"}
,
{
"type": "link",
"xlink_title": "muhhi",
"xlink_type": "locator",
"xlink_href": "#P334742.l03ee0",
"xlink_role": "elt"}
]}
,
{
"type": "linkset",
"xlink_title": "ṣāb qašti[archer//archer]N'N",
"id": "P334742.ls00001",
"xlink_type": "extended",
"xlink_role": "psu",
"sig": "{ṣābu[people]N qaštu[bow]N += ṣāb qašti[archer//archer]N'N}::@saao%akk-x-neoass:{LU₂}ERIM-MEŠ-{GIŠ}BAN=ṣābu[people//people]N'N$ṣābāni++@saao%akk-x-neoass:{LU₂}ERIM-MEŠ-{GIŠ}BAN=qaštu[bow//bow]N'N$qassi",
"links": [
{
"type": "link",
"xlink_title": "ṣābu",
"xlink_type": "locator",
"xlink_href": "#P334742.l03f87",
"xlink_role": "elt"}
,
{
"type": "link",
"xlink_title": "qaštu",
"xlink_type": "locator",
"xlink_href": "#P334742.l03f88",
"xlink_role": "elt"}
]}
]}
]}
