{
"type": "cdl",
  "source": "http://oracc.org/saao/saa16",
  "license": "This data is released under the CC0 license",
  "license-url": "https://creativecommons.org/publicdomain/zero/1.0/",
  "more-info": "http://oracc.org/doc/opendata/",
  "UTC-timestamp": "2017-05-19T11:56:15",
"project": "saao/saa16",
"textid": "P334749",
"cdl": [
{
"node": "c",
"type": "text",
"id": "P334749.U0",
"cdl": [
{
"node": "d",
"type": "object",
"ref": ""}
,
{
"node": "d",
"subtype": "obverse",
"type": "surface",
"ref": "P334749.o.1",
"type": "obverse",
"label": "o"}
,
{
"node": "d",
"type": "nonx",
"ref": "P334749.2",
"strict": "0",
"extent": "0",
"scope": "obverse",
"state": "missing"}
,
{
"node": "d",
"subtype": "reverse",
"type": "surface",
"ref": "P334749.r.3",
"type": "reverse",
"label": "r"}
,
{
"node": "d",
"type": "nonx",
"ref": "P334749.4",
"strict": "0",
"extent": "beginning",
"state": "missing"}
,
{
"node": "c",
"type": "discourse",
"subtype": "body",
"id": "P334749.U1",
"cdl": [
{
"node": "c",
"type": "sentence",
"id": "P334749.U2",
"label": "r 1' - r 11'",
"cdl": [
{
"node": "d",
"type": "line-start",
"ref": "P334749.5",
"n": "1'",
"label": "r 1'"}
,
{
"node": "l",
"frag": "[x",
"id": "P334749.l05166",
"ref": "P334749.5.1",
"inst": "u",
"f": {"lang": "akk-x-neoass",
"form": "x",
"pos": "u"}
}
,
{
"node": "l",
"frag": "x",
"id": "P334749.l05167",
"ref": "P334749.5.2",
"inst": "u",
"f": {"lang": "akk-x-neoass",
"form": "x",
"pos": "u"}
}
,
{
"node": "l",
"frag": "x",
"id": "P334749.l05168",
"ref": "P334749.5.3",
"inst": "u",
"f": {"lang": "akk-x-neoass",
"form": "x",
"pos": "u"}
}
,
{
"node": "l",
"frag": "x",
"id": "P334749.l05169",
"ref": "P334749.5.4",
"inst": "u",
"f": {"lang": "akk-x-neoass",
"form": "x",
"pos": "u"}
}
,
{
"node": "l",
"frag": "x]",
"id": "P334749.l0516a",
"ref": "P334749.5.5",
"inst": "u",
"f": {"lang": "akk-x-neoass",
"form": "x",
"pos": "u"}
}
,
{
"node": "l",
"frag": "02",
"id": "P334749.l0516b",
"ref": "P334749.5.6",
"inst": "n",
"f": {"lang": "akk-x-neoass",
"form": "02",
"pos": "n"}
}
,
{
"node": "l",
"frag": "e",
"id": "P334749.l0516c",
"ref": "P334749.5.7",
"inst": "u",
"f": {"lang": "akk-x-neoass",
"form": "e",
"pos": "u"}
}
,
{
"node": "l",
"frag": "kal",
"id": "P334749.l0516d",
"ref": "P334749.5.8",
"inst": "u",
"f": {"lang": "akk-x-neoass",
"form": "kal",
"pos": "u"}
}
,
{
"node": "l",
"frag": "⸢x⸣+[x",
"id": "P334749.l0516e",
"ref": "P334749.5.9",
"inst": "u",
"f": {"lang": "akk-x-neoass",
"form": "x+x",
"pos": "u"}
}
,
{
"node": "l",
"frag": "x",
"id": "P334749.l0516f",
"ref": "P334749.5.10",
"inst": "u",
"f": {"lang": "akk-x-neoass",
"form": "x",
"pos": "u"}
}
,
{
"node": "l",
"frag": "x",
"id": "P334749.l05170",
"ref": "P334749.5.11",
"inst": "u",
"f": {"lang": "akk-x-neoass",
"form": "x",
"pos": "u"}
}
,
{
"node": "l",
"frag": "x]",
"id": "P334749.l05171",
"ref": "P334749.5.12",
"inst": "u",
"f": {"lang": "akk-x-neoass",
"form": "x",
"pos": "u"}
}
,
{
"node": "d",
"type": "line-start",
"ref": "P334749.6",
"n": "2'",
"label": "r 2'"}
,
{
"node": "l",
"frag": "[x",
"id": "P334749.l05172",
"ref": "P334749.6.1",
"inst": "u",
"f": {"lang": "akk-x-neoass",
"form": "x",
"pos": "u"}
}
,
{
"node": "l",
"frag": "x",
"id": "P334749.l05173",
"ref": "P334749.6.2",
"inst": "u",
"f": {"lang": "akk-x-neoass",
"form": "x",
"pos": "u"}
}
,
{
"node": "l",
"frag": "x",
"id": "P334749.l05174",
"ref": "P334749.6.3",
"inst": "u",
"f": {"lang": "akk-x-neoass",
"form": "x",
"pos": "u"}
}
,
{
"node": "l",
"frag": "x",
"id": "P334749.l05175",
"ref": "P334749.6.4",
"inst": "u",
"f": {"lang": "akk-x-neoass",
"form": "x",
"pos": "u"}
}
,
{
"node": "l",
"frag": "x]-i-ni",
"id": "P334749.l05176",
"ref": "P334749.6.5",
"inst": "u",
"f": {"lang": "akk-x-neoass",
"form": "x-i-ni",
"pos": "u"}
}
,
{
"node": "l",
"frag": "ni-il-⸢x⸣+[x",
"id": "P334749.l05177",
"ref": "P334749.6.6",
"inst": "u",
"f": {"lang": "akk-x-neoass",
"form": "ni-il-x+x",
"pos": "u"}
}
,
{
"node": "l",
"frag": "x",
"id": "P334749.l05178",
"ref": "P334749.6.7",
"inst": "u",
"f": {"lang": "akk-x-neoass",
"form": "x",
"pos": "u"}
}
,
{
"node": "l",
"frag": "x]",
"id": "P334749.l05179",
"ref": "P334749.6.8",
"inst": "u",
"f": {"lang": "akk-x-neoass",
"form": "x",
"pos": "u"}
}
,
{
"node": "d",
"type": "line-start",
"ref": "P334749.7",
"n": "3'",
"label": "r 3'"}
,
{
"node": "l",
"frag": "[x",
"id": "P334749.l0517a",
"ref": "P334749.7.1",
"inst": "u",
"f": {"lang": "akk-x-neoass",
"form": "x",
"pos": "u"}
}
,
{
"node": "l",
"frag": "x",
"id": "P334749.l0517b",
"ref": "P334749.7.2",
"inst": "u",
"f": {"lang": "akk-x-neoass",
"form": "x",
"pos": "u"}
}
,
{
"node": "l",
"frag": "x",
"id": "P334749.l0517c",
"ref": "P334749.7.3",
"inst": "u",
"f": {"lang": "akk-x-neoass",
"form": "x",
"pos": "u"}
}
,
{
"node": "l",
"frag": "x]+⸢x⸣-ʾa-ka",
"id": "P334749.l0517d",
"ref": "P334749.7.4",
"inst": "u",
"f": {"lang": "akk-x-neoass",
"form": "x+x-ʾa-ka",
"pos": "u"}
}
,
{
"node": "l",
"frag": "is-si-[x",
"id": "P334749.l0517e",
"ref": "P334749.7.5",
"inst": "u",
"f": {"lang": "akk-x-neoass",
"form": "is-si-x",
"pos": "u"}
}
,
{
"node": "l",
"frag": "x]",
"id": "P334749.l0517f",
"ref": "P334749.7.6",
"inst": "u",
"f": {"lang": "akk-x-neoass",
"form": "x",
"pos": "u"}
}
,
{
"node": "d",
"type": "line-start",
"ref": "P334749.8",
"n": "4'",
"label": "r 4'"}
,
{
"node": "l",
"frag": "[x",
"id": "P334749.l05180",
"ref": "P334749.8.1",
"inst": "u",
"f": {"lang": "akk-x-neoass",
"form": "x",
"pos": "u"}
}
,
{
"node": "l",
"frag": "x",
"id": "P334749.l05181",
"ref": "P334749.8.2",
"inst": "u",
"f": {"lang": "akk-x-neoass",
"form": "x",
"pos": "u"}
}
,
{
"node": "l",
"frag": "x]",
"id": "P334749.l05182",
"ref": "P334749.8.3",
"inst": "u",
"f": {"lang": "akk-x-neoass",
"form": "x",
"pos": "u"}
}
,
{
"node": "l",
"frag": "TA@v",
"id": "P334749.l05183",
"ref": "P334749.8.4",
"inst": "ištu[from]PRP$issu",
"sig": "@saao/saa16%akk-x-neoass:TA@v=ištu[from//from]PRP'PRP$issu",
"f": {"lang": "akk-x-neoass",
"form": "TA@v",
"cf": "ištu",
"gw": "from",
"sense": "from",
"norm": "issu",
"pos": "PRP",
"epos": "PRP"}
}
,
{
"node": "l",
"frag": "E₂",
"id": "P334749.l05184",
"ref": "P334749.8.5",
"inst": "!bēt[where]SBJ",
"sig": "@saao/saa16%akk-x-neoass:E₂=bīt[where//where]SBJ'SBJ$bēt",
"f": {"lang": "akk-x-neoass",
"form": "E₂",
"cf": "bīt",
"gw": "where",
"sense": "where",
"norm": "bēt",
"pos": "SBJ",
"epos": "SBJ"}
}
,
{
"node": "l",
"frag": "{d}UTU",
"id": "P334749.l05185",
"ref": "P334749.8.6",
"inst": "Šamaš[1]DN",
"sig": "@saao/saa16%akk-x-neoass:{d}UTU=Šamaš[1//1]DN'DN$Šamaš",
"f": {"lang": "akk-x-neoass",
"form": "{d}UTU",
"cf": "Šamaš",
"gw": "1",
"sense": "1",
"norm": "Šamaš",
"pos": "DN",
"epos": "DN"}
}
,
{
"node": "l",
"frag": "i-nap-pa-ha-[an-ni]",
"id": "P334749.l05186",
"ref": "P334749.8.7",
"inst": "napāhu[blow//rise]V$inappahanni",
"sig": "@saao/saa16%akk-x-neoass:i-nap-pa-ha-an-ni=napāhu[blow//rise]V'V$inappahanni",
"f": {"lang": "akk-x-neoass",
"form": "i-nap-pa-ha-an-ni",
"cf": "napāhu",
"gw": "blow",
"sense": "rise",
"norm": "inappahanni",
"pos": "V",
"epos": "V"}
}
,
{
"node": "d",
"type": "line-start",
"ref": "P334749.9",
"n": "5'",
"label": "r 5'"}
,
{
"node": "l",
"frag": "[a-di",
"id": "P334749.l05187",
"ref": "P334749.9.1",
"inst": "adi[until]PRP'SBJ$",
"sig": "@saao/saa16%akk-x-neoass:a-di=adi[until//until]PRP'SBJ$adi",
"f": {"lang": "akk-x-neoass",
"form": "a-di",
"cf": "adi",
"gw": "until",
"sense": "until",
"norm": "adi",
"pos": "PRP",
"epos": "SBJ"}
}
,
{
"node": "l",
"frag": "E₂]",
"id": "P334749.l05188",
"ref": "P334749.9.2",
"inst": "!bēt[where]SBJ",
"sig": "@saao/saa16%akk-x-neoass:E₂=bīt[where//where]SBJ'SBJ$bēt",
"f": {"lang": "akk-x-neoass",
"form": "E₂",
"cf": "bīt",
"gw": "where",
"sense": "where",
"norm": "bēt",
"pos": "SBJ",
"epos": "SBJ"}
}
,
{
"node": "l",
"frag": "⸢i⸣-rab-bu-u-ni",
"id": "P334749.l05189",
"ref": "P334749.9.3",
"inst": "rabû[set]V$irabbûni",
"sig": "@saao/saa16%akk-x-neoass:i-rab-bu-u-ni=rabû[set//set]V'V$irabbûni",
"f": {"lang": "akk-x-neoass",
"form": "i-rab-bu-u-ni",
"cf": "rabû",
"gw": "set",
"sense": "set",
"norm": "irabbûni",
"pos": "V",
"epos": "V"}
}
,
{
"node": "l",
"frag": "ša₂",
"id": "P334749.l0518a",
"ref": "P334749.9.4",
"inst": "ša[of]DET",
"sig": "@saao/saa16%akk-x-neoass:ša₂=ša[of//of]DET'DET$ša",
"f": {"lang": "akk-x-neoass",
"form": "ša₂",
"cf": "ša",
"gw": "of",
"sense": "of",
"norm": "ša",
"pos": "DET",
"epos": "DET"}
}
,
{
"node": "l",
"frag": "LUGAL",
"id": "P334749.l0518b",
"ref": "P334749.9.5",
"inst": "šarri[king]N",
"sig": "@saao/saa16%akk-x-neoass:LUGAL=šarru[king//king]N'N$šarri",
"f": {"lang": "akk-x-neoass",
"form": "LUGAL",
"cf": "šarru",
"gw": "king",
"sense": "king",
"norm": "šarri",
"pos": "N",
"epos": "N"}
}
,
{
"node": "l",
"frag": "⸢šu⸣-[nu]",
"id": "P334749.l0518c",
"ref": "P334749.9.6",
"inst": "šunu[they]IP",
"sig": "@saao/saa16%akk-x-neoass:šu-nu=šunu[they//they]IP'IP$šunu",
"f": {"lang": "akk-x-neoass",
"form": "šu-nu",
"cf": "šunu",
"gw": "they",
"sense": "they",
"norm": "šunu",
"pos": "IP",
"epos": "IP"}
}
,
{
"node": "d",
"type": "line-start",
"ref": "P334749.10",
"n": "6'",
"label": "r 6'"}
,
{
"node": "l",
"frag": "[UN-MEŠ]",
"id": "P334749.l0518d",
"ref": "P334749.10.1",
"inst": "nišē[people]N",
"sig": "@saao/saa16%akk-x-neoass:UN-MEŠ=nišu[people//people]N'N$nišē",
"f": {"lang": "akk-x-neoass",
"form": "UN-MEŠ",
"cf": "nišu",
"gw": "people",
"sense": "people",
"norm": "nišē",
"pos": "N",
"epos": "N"}
}
,
{
"node": "l",
"frag": "KUR.KUR",
"id": "P334749.l0518e",
"ref": "P334749.10.2",
"inst": "mātāti[land]N",
"sig": "@saao/saa16%akk-x-neoass:KUR.KUR=mātu[land//land]N'N$mātāti",
"f": {"lang": "akk-x-neoass",
"form": "KUR.KUR",
"cf": "mātu",
"gw": "land",
"sense": "land",
"norm": "mātāti",
"pos": "N",
"epos": "N"}
}
,
{
"node": "l",
"frag": "gab-bu",
"id": "P334749.l0518f",
"ref": "P334749.10.3",
"inst": "gabbu[all]N",
"sig": "@saao/saa16%akk-x-neoass:gab-bu=gabbu[totality//all]N'N$gabbu",
"f": {"lang": "akk-x-neoass",
"form": "gab-bu",
"cf": "gabbu",
"gw": "totality",
"sense": "all",
"norm": "gabbu",
"pos": "N",
"epos": "N"}
}
,
{
"node": "l",
"frag": "ARAD-a-nu-tu₂",
"id": "P334749.l05190",
"ref": "P334749.10.4",
"inst": "urdānūtu[servitude]N$",
"sig": "@saao/saa16%akk-x-neoass:ARAD-a-nu-tu₂=urdānūtu[servitude//servitude]N'N$urdānūtu",
"f": {"lang": "akk-x-neoass",
"form": "ARAD-a-nu-tu₂",
"cf": "urdānūtu",
"gw": "servitude",
"sense": "servitude",
"norm": "urdānūtu",
"pos": "N",
"epos": "N"}
}
,
{
"node": "l",
"frag": "ša₂",
"id": "P334749.l05191",
"ref": "P334749.10.5",
"inst": "ša[of]DET",
"sig": "@saao/saa16%akk-x-neoass:ša₂=ša[of//of]DET'DET$ša",
"f": {"lang": "akk-x-neoass",
"form": "ša₂",
"cf": "ša",
"gw": "of",
"sense": "of",
"norm": "ša",
"pos": "DET",
"epos": "DET"}
}
,
{
"node": "l",
"frag": "[LUGAL",
"id": "P334749.l05192",
"ref": "P334749.10.6",
"inst": "šarri[king]N",
"sig": "@saao/saa16%akk-x-neoass:LUGAL=šarru[king//king]N'N$šarri",
"f": {"lang": "akk-x-neoass",
"form": "LUGAL",
"cf": "šarru",
"gw": "king",
"sense": "king",
"norm": "šarri",
"pos": "N",
"epos": "N"}
}
,
{
"node": "l",
"frag": "e-pu-šu₂]",
"id": "P334749.l05193",
"ref": "P334749.10.7",
"inst": "eppušu[do]V",
"sig": "@saao/saa16%akk-x-neoass:e-pu-šu₂=epēšu[do//do]V'V$eppušu",
"f": {"lang": "akk-x-neoass",
"form": "e-pu-šu₂",
"cf": "epēšu",
"gw": "do",
"sense": "do",
"norm": "eppušu",
"pos": "V",
"epos": "V"}
}
,
{
"node": "d",
"type": "line-start",
"ref": "P334749.11",
"n": "7'",
"label": "r 7'"}
,
{
"node": "l",
"frag": "{lu₂}SAG-MEŠ",
"id": "P334749.l05194",
"ref": "P334749.11.1",
"inst": "ša-rēšāni[eunuch]N",
"sig": "@saao/saa16%akk-x-neoass:{LU₂}SAG-MEŠ=ša-rēši[eunuch//eunuch]N'N$ša-rēšāni",
"f": {"lang": "akk-x-neoass",
"form": "{LU₂}SAG-MEŠ",
"cf": "ša-rēši",
"gw": "eunuch",
"sense": "eunuch",
"norm": "ša-rēšāni",
"pos": "N",
"epos": "N"}
}
,
{
"node": "l",
"frag": "{lu₂}ša₂-ziq-[ni-MEŠ",
"id": "P334749.l05195",
"ref": "P334749.11.2",
"inst": "ša-ziqni[bearded courtier]N$ša-ziqnāni",
"sig": "@saao/saa16%akk-x-neoass:{LU₂}ša₂-ziq-ni-MEŠ=ša-ziqni[bearded courtier//bearded courtier]N'N$ša-ziqnāni",
"f": {"lang": "akk-x-neoass",
"form": "{LU₂}ša₂-ziq-ni-MEŠ",
"cf": "ša-ziqni",
"gw": "bearded courtier",
"sense": "bearded courtier",
"norm": "ša-ziqnāni",
"pos": "N",
"epos": "N"}
}
,
{
"node": "l",
"frag": "ina",
"id": "P334749.l05196",
"ref": "P334749.11.3",
"inst": "ina[in]PRP",
"sig": "@saao/saa16%akk-x-neoass:ina=ina[in//in]PRP'PRP$ina",
"f": {"lang": "akk-x-neoass",
"form": "ina",
"cf": "ina",
"gw": "in",
"sense": "in",
"norm": "ina",
"pos": "PRP",
"epos": "PRP"}
}
,
{
"node": "l",
"frag": "GIŠ.MI]",
"id": "P334749.l05197",
"ref": "P334749.11.4",
"inst": "ṣilli[protection]N",
"sig": "@saao/saa16%akk-x-neoass:GIŠ.MI=ṣillu[shade//protection]N'N$ṣilli",
"f": {"lang": "akk-x-neoass",
"form": "GIŠ.MI",
"cf": "ṣillu",
"gw": "shade",
"sense": "protection",
"norm": "ṣilli",
"pos": "N",
"epos": "N"}
}
,
{
"node": "d",
"type": "line-start",
"ref": "P334749.12",
"n": "8'",
"label": "r 8'"}
,
{
"node": "l",
"frag": "[LUGAL]",
"id": "P334749.l05198",
"ref": "P334749.12.1",
"inst": "šarri[king]N",
"sig": "@saao/saa16%akk-x-neoass:LUGAL=šarru[king//king]N'N$šarri",
"f": {"lang": "akk-x-neoass",
"form": "LUGAL",
"cf": "šarru",
"gw": "king",
"sense": "king",
"norm": "šarri",
"pos": "N",
"epos": "N"}
}
,
{
"node": "l",
"frag": "NINDA-HI.A",
"id": "P334749.l05199",
"ref": "P334749.12.2",
"inst": "kusāpī[bread]N",
"sig": "@saao/saa16%akk-x-neoass:NINDA-HI.A=kusāpu[bread//bread]N'N$kusāpī",
"f": {"lang": "akk-x-neoass",
"form": "NINDA-HI.A",
"cf": "kusāpu",
"gw": "bread",
"sense": "bread",
"norm": "kusāpī",
"pos": "N",
"epos": "N"}
}
,
{
"node": "l",
"frag": "e-ku-lu",
"id": "P334749.l0519a",
"ref": "P334749.12.3",
"inst": "ekkulu[eat]V",
"sig": "@saao/saa16%akk-x-neoass:e-ku-lu=akālu[eat//eat]V'V$ekkulu",
"f": {"lang": "akk-x-neoass",
"form": "e-ku-lu",
"cf": "akālu",
"gw": "eat",
"sense": "eat",
"norm": "ekkulu",
"pos": "V",
"epos": "V"}
}
,
{
"node": "l",
"frag": "[x",
"id": "P334749.l0519b",
"ref": "P334749.12.4",
"inst": "u",
"f": {"lang": "akk-x-neoass",
"form": "x",
"pos": "u"}
}
,
{
"node": "l",
"frag": "x",
"id": "P334749.l0519c",
"ref": "P334749.12.5",
"inst": "u",
"f": {"lang": "akk-x-neoass",
"form": "x",
"pos": "u"}
}
,
{
"node": "l",
"frag": "x",
"id": "P334749.l0519d",
"ref": "P334749.12.6",
"inst": "u",
"f": {"lang": "akk-x-neoass",
"form": "x",
"pos": "u"}
}
,
{
"node": "l",
"frag": "x]",
"id": "P334749.l0519e",
"ref": "P334749.12.7",
"inst": "u",
"f": {"lang": "akk-x-neoass",
"form": "x",
"pos": "u"}
}
,
{
"node": "d",
"type": "line-start",
"ref": "P334749.13",
"n": "9'",
"label": "r 9'"}
,
{
"node": "l",
"frag": "[x",
"id": "P334749.l0519f",
"ref": "P334749.13.1",
"inst": "u",
"f": {"lang": "akk-x-neoass",
"form": "x",
"pos": "u"}
}
,
{
"node": "l",
"frag": "x]+⸢x⸣-mu",
"id": "P334749.l051a0",
"ref": "P334749.13.2",
"inst": "u",
"f": {"lang": "akk-x-neoass",
"form": "x+x-mu",
"pos": "u"}
}
,
{
"node": "l",
"frag": "u₃",
"id": "P334749.l051a1",
"ref": "P334749.13.3",
"inst": "u[and]CNJ",
"sig": "@saao/saa16%akk-x-neoass:u₃=u[and//and]CNJ'CNJ$u",
"f": {"lang": "akk-x-neoass",
"form": "u₃",
"cf": "u",
"gw": "and",
"sense": "and",
"norm": "u",
"pos": "CNJ",
"epos": "CNJ"}
}
,
{
"node": "l",
"frag": "ina",
"id": "P334749.l051a2",
"ref": "P334749.13.4",
"inst": "ina[in]PRP",
"sig": "@saao/saa16%akk-x-neoass:ina=ina[in//in]PRP'PRP$ina",
"f": {"lang": "akk-x-neoass",
"form": "ina",
"cf": "ina",
"gw": "in",
"sense": "in",
"norm": "ina",
"pos": "PRP",
"epos": "PRP"}
}
,
{
"node": "l",
"frag": "E₂-MEŠ",
"id": "P334749.l051a3",
"ref": "P334749.13.5",
"inst": "bētāti[house]N",
"sig": "@saao/saa16%akk-x-neoass:E₂-MEŠ=bītu[house//house]N'N$bētāti",
"f": {"lang": "akk-x-neoass",
"form": "E₂-MEŠ",
"cf": "bītu",
"gw": "house",
"sense": "house",
"norm": "bētāti",
"pos": "N",
"epos": "N"}
}
,
{
"node": "l",
"frag": "[x",
"id": "P334749.l051a4",
"ref": "P334749.13.6",
"inst": "u",
"f": {"lang": "akk-x-neoass",
"form": "x",
"pos": "u"}
}
,
{
"node": "l",
"frag": "x",
"id": "P334749.l051a5",
"ref": "P334749.13.7",
"inst": "u",
"f": {"lang": "akk-x-neoass",
"form": "x",
"pos": "u"}
}
,
{
"node": "l",
"frag": "x]",
"id": "P334749.l051a6",
"ref": "P334749.13.8",
"inst": "u",
"f": {"lang": "akk-x-neoass",
"form": "x",
"pos": "u"}
}
,
{
"node": "d",
"type": "line-start",
"ref": "P334749.14",
"n": "10'",
"label": "r 10'"}
,
{
"node": "l",
"frag": "[x",
"id": "P334749.l051a7",
"ref": "P334749.14.1",
"inst": "u",
"f": {"lang": "akk-x-neoass",
"form": "x",
"pos": "u"}
}
,
{
"node": "l",
"frag": "x",
"id": "P334749.l051a8",
"ref": "P334749.14.2",
"inst": "u",
"f": {"lang": "akk-x-neoass",
"form": "x",
"pos": "u"}
}
,
{
"node": "l",
"frag": "x]+⸢x⸣",
"id": "P334749.l051a9",
"ref": "P334749.14.3",
"inst": "u",
"f": {"lang": "akk-x-neoass",
"form": "x+x",
"pos": "u"}
}
,
{
"node": "l",
"frag": "ar₂-hiš",
"id": "P334749.l051aa",
"ref": "P334749.14.4",
"inst": "arhiš[quickly]AV",
"sig": "@saao/saa16%akk-x-neoass:ar₂-hiš=arhiš[quickly//quickly]AV'AV$arhiš",
"f": {"lang": "akk-x-neoass",
"form": "ar₂-hiš",
"cf": "arhiš",
"gw": "quickly",
"sense": "quickly",
"norm": "arhiš",
"pos": "AV",
"epos": "AV"}
}
,
{
"node": "l",
"frag": "ša₂",
"id": "P334749.l051ab",
"ref": "P334749.14.5",
"inst": "u",
"f": {"lang": "akk-x-neoass",
"form": "ša₂",
"pos": "u"}
}
,
{
"node": "l",
"frag": "ma",
"id": "P334749.l051ac",
"ref": "P334749.14.6",
"inst": "u",
"f": {"lang": "akk-x-neoass",
"form": "ma",
"pos": "u"}
}
,
{
"node": "l",
"frag": "⸢x⸣+[x",
"id": "P334749.l051ad",
"ref": "P334749.14.7",
"inst": "u",
"f": {"lang": "akk-x-neoass",
"form": "x+x",
"pos": "u"}
}
,
{
"node": "l",
"frag": "x",
"id": "P334749.l051ae",
"ref": "P334749.14.8",
"inst": "u",
"f": {"lang": "akk-x-neoass",
"form": "x",
"pos": "u"}
}
,
{
"node": "l",
"frag": "x",
"id": "P334749.l051af",
"ref": "P334749.14.9",
"inst": "u",
"f": {"lang": "akk-x-neoass",
"form": "x",
"pos": "u"}
}
,
{
"node": "l",
"frag": "x]",
"id": "P334749.l051b0",
"ref": "P334749.14.10",
"inst": "u",
"f": {"lang": "akk-x-neoass",
"form": "x",
"pos": "u"}
}
,
{
"node": "d",
"type": "line-start",
"ref": "P334749.15",
"n": "11'",
"label": "r 11'"}
,
{
"node": "l",
"frag": "[x",
"id": "P334749.l051b1",
"ref": "P334749.15.1",
"inst": "u",
"f": {"lang": "akk-x-neoass",
"form": "x",
"pos": "u"}
}
,
{
"node": "l",
"frag": "x",
"id": "P334749.l051b2",
"ref": "P334749.15.2",
"inst": "u",
"f": {"lang": "akk-x-neoass",
"form": "x",
"pos": "u"}
}
,
{
"node": "l",
"frag": "x",
"id": "P334749.l051b3",
"ref": "P334749.15.3",
"inst": "u",
"f": {"lang": "akk-x-neoass",
"form": "x",
"pos": "u"}
}
,
{
"node": "l",
"frag": "x]",
"id": "P334749.l051b4",
"ref": "P334749.15.4",
"inst": "u",
"f": {"lang": "akk-x-neoass",
"form": "x",
"pos": "u"}
}
,
{
"node": "l",
"frag": "hi",
"id": "P334749.l051b5",
"ref": "P334749.15.5",
"inst": "u",
"f": {"lang": "akk-x-neoass",
"form": "hi",
"pos": "u"}
}
,
{
"node": "l",
"frag": "⸢x⸣+[x",
"id": "P334749.l051b6",
"ref": "P334749.15.6",
"inst": "u",
"f": {"lang": "akk-x-neoass",
"form": "x+x",
"pos": "u"}
}
,
{
"node": "l",
"frag": "x",
"id": "P334749.l051b7",
"ref": "P334749.15.7",
"inst": "u",
"f": {"lang": "akk-x-neoass",
"form": "x",
"pos": "u"}
}
,
{
"node": "l",
"frag": "x",
"id": "P334749.l051b8",
"ref": "P334749.15.8",
"inst": "u",
"f": {"lang": "akk-x-neoass",
"form": "x",
"pos": "u"}
}
,
{
"node": "l",
"frag": "x",
"id": "P334749.l051b9",
"ref": "P334749.15.9",
"inst": "u",
"f": {"lang": "akk-x-neoass",
"form": "x",
"pos": "u"}
}
,
{
"node": "l",
"frag": "x",
"id": "P334749.l051ba",
"ref": "P334749.15.10",
"inst": "u",
"f": {"lang": "akk-x-neoass",
"form": "x",
"pos": "u"}
}
,
{
"node": "l",
"frag": "x]",
"id": "P334749.l051bb",
"ref": "P334749.15.11",
"inst": "u",
"f": {"lang": "akk-x-neoass",
"form": "x",
"pos": "u"}
}
,
{
"node": "d",
"type": "nonx",
"ref": "P334749.16",
"strict": "0",
"extent": "rest",
"state": "missing"}
]}
]}
]}
]}
