{
"type": "cdl",
  "source": "http://oracc.org/saao/saa16",
  "license": "This data is released under the CC0 license",
  "license-url": "https://creativecommons.org/publicdomain/zero/1.0/",
  "more-info": "http://oracc.org/doc/opendata/",
  "UTC-timestamp": "2017-05-19T11:56:18",
"project": "saao/saa16",
"textid": "P334853",
"cdl": [
{
"node": "c",
"type": "text",
"id": "P334853.U0",
"cdl": [
{
"node": "d",
"type": "object",
"ref": ""}
,
{
"node": "d",
"subtype": "obverse",
"type": "surface",
"ref": "P334853.o.1",
"type": "obverse",
"label": "o"}
,
{
"node": "d",
"type": "nonx",
"ref": "P334853.2",
"strict": "0",
"extent": "beginning",
"state": "missing"}
,
{
"node": "c",
"type": "discourse",
"subtype": "body",
"id": "P334853.U1",
"cdl": [
{
"node": "c",
"type": "sentence",
"id": "P334853.U2",
"label": "o 1' - r 11'",
"cdl": [
{
"node": "d",
"type": "line-start",
"ref": "P334853.3",
"n": "1'",
"label": "o 1'"}
,
{
"node": "l",
"frag": "[x",
"id": "P334853.l0371a",
"ref": "P334853.3.1",
"inst": "u",
"f": {"lang": "akk-x-neoass",
"form": "x",
"pos": "u"}
}
,
{
"node": "l",
"frag": "x",
"id": "P334853.l0371b",
"ref": "P334853.3.2",
"inst": "u",
"f": {"lang": "akk-x-neoass",
"form": "x",
"pos": "u"}
}
,
{
"node": "l",
"frag": "x",
"id": "P334853.l0371c",
"ref": "P334853.3.3",
"inst": "u",
"f": {"lang": "akk-x-neoass",
"form": "x",
"pos": "u"}
}
,
{
"node": "l",
"frag": "x",
"id": "P334853.l0371d",
"ref": "P334853.3.4",
"inst": "u",
"f": {"lang": "akk-x-neoass",
"form": "x",
"pos": "u"}
}
,
{
"node": "l",
"frag": "x",
"id": "P334853.l0371e",
"ref": "P334853.3.5",
"inst": "u",
"f": {"lang": "akk-x-neoass",
"form": "x",
"pos": "u"}
}
,
{
"node": "l",
"frag": "x]+⸢x⸣+[x",
"id": "P334853.l0371f",
"ref": "P334853.3.6",
"inst": "u",
"f": {"lang": "akk-x-neoass",
"form": "x+x+x",
"pos": "u"}
}
,
{
"node": "l",
"frag": "x",
"id": "P334853.l03720",
"ref": "P334853.3.7",
"inst": "u",
"f": {"lang": "akk-x-neoass",
"form": "x",
"pos": "u"}
}
,
{
"node": "l",
"frag": "x",
"id": "P334853.l03721",
"ref": "P334853.3.8",
"inst": "u",
"f": {"lang": "akk-x-neoass",
"form": "x",
"pos": "u"}
}
,
{
"node": "l",
"frag": "x",
"id": "P334853.l03722",
"ref": "P334853.3.9",
"inst": "u",
"f": {"lang": "akk-x-neoass",
"form": "x",
"pos": "u"}
}
,
{
"node": "l",
"frag": "x]",
"id": "P334853.l03723",
"ref": "P334853.3.10",
"inst": "u",
"f": {"lang": "akk-x-neoass",
"form": "x",
"pos": "u"}
}
,
{
"node": "d",
"type": "line-start",
"ref": "P334853.4",
"n": "2'",
"label": "o 2'"}
,
{
"node": "l",
"frag": "[x",
"id": "P334853.l03724",
"ref": "P334853.4.1",
"inst": "u",
"f": {"lang": "akk-x-neoass",
"form": "x",
"pos": "u"}
}
,
{
"node": "l",
"frag": "x",
"id": "P334853.l03725",
"ref": "P334853.4.2",
"inst": "u",
"f": {"lang": "akk-x-neoass",
"form": "x",
"pos": "u"}
}
,
{
"node": "l",
"frag": "x",
"id": "P334853.l03726",
"ref": "P334853.4.3",
"inst": "u",
"f": {"lang": "akk-x-neoass",
"form": "x",
"pos": "u"}
}
,
{
"node": "l",
"frag": "x",
"id": "P334853.l03727",
"ref": "P334853.4.4",
"inst": "u",
"f": {"lang": "akk-x-neoass",
"form": "x",
"pos": "u"}
}
,
{
"node": "l",
"frag": "x]-a-u₂",
"id": "P334853.l03728",
"ref": "P334853.4.5",
"inst": "u",
"f": {"lang": "akk-x-neoass",
"form": "x-a-u₂",
"pos": "u"}
}
,
{
"node": "l",
"frag": "ša",
"id": "P334853.l03729",
"ref": "P334853.4.6",
"inst": "ša[of]DET",
"sig": "@saao/saa16%akk-x-neoass:ša=ša[of//of]DET'DET$ša",
"f": {"lang": "akk-x-neoass",
"form": "ša",
"cf": "ša",
"gw": "of",
"sense": "of",
"norm": "ša",
"pos": "DET",
"epos": "DET"}
}
,
{
"node": "l",
"frag": "ku-⸢x⸣+[x",
"id": "P334853.l0372a",
"ref": "P334853.4.7",
"inst": "u",
"f": {"lang": "akk-x-neoass",
"form": "ku-x+x",
"pos": "u"}
}
,
{
"node": "l",
"frag": "x]-šu₂",
"id": "P334853.l0372b",
"ref": "P334853.4.8",
"inst": "u",
"f": {"lang": "akk-x-neoass",
"form": "x-šu₂",
"pos": "u"}
}
,
{
"node": "d",
"type": "line-start",
"ref": "P334853.5",
"n": "3'",
"label": "o 3'"}
,
{
"node": "l",
"frag": "[x",
"id": "P334853.l0372c",
"ref": "P334853.5.1",
"inst": "u",
"f": {"lang": "akk-x-neoass",
"form": "x",
"pos": "u"}
}
,
{
"node": "l",
"frag": "x",
"id": "P334853.l0372d",
"ref": "P334853.5.2",
"inst": "u",
"f": {"lang": "akk-x-neoass",
"form": "x",
"pos": "u"}
}
,
{
"node": "l",
"frag": "x",
"id": "P334853.l0372e",
"ref": "P334853.5.3",
"inst": "u",
"f": {"lang": "akk-x-neoass",
"form": "x",
"pos": "u"}
}
,
{
"node": "l",
"frag": "x]",
"id": "P334853.l0372f",
"ref": "P334853.5.4",
"inst": "u",
"f": {"lang": "akk-x-neoass",
"form": "x",
"pos": "u"}
}
,
{
"node": "l",
"frag": "{tug₂}ša-GIŠ.MI",
"id": "P334853.l03730",
"ref": "P334853.5.5",
"inst": "ša-ṣilli[parasol]N$",
"sig": "@saao/saa16%akk-x-neoass:{TUG₂}ša-GIŠ.MI=ša-ṣilli[parasol//parasol]N'N$ša-ṣilli",
"f": {"lang": "akk-x-neoass",
"form": "{TUG₂}ša-GIŠ.MI",
"cf": "ša-ṣilli",
"gw": "parasol",
"sense": "parasol",
"norm": "ša-ṣilli",
"pos": "N",
"epos": "N"}
}
,
{
"node": "d",
"type": "line-start",
"ref": "P334853.6",
"n": "4'",
"label": "o 4'"}
,
{
"node": "l",
"frag": "[x",
"id": "P334853.l03731",
"ref": "P334853.6.1",
"inst": "u",
"f": {"lang": "akk-x-neoass",
"form": "x",
"pos": "u"}
}
,
{
"node": "l",
"frag": "x",
"id": "P334853.l03732",
"ref": "P334853.6.2",
"inst": "u",
"f": {"lang": "akk-x-neoass",
"form": "x",
"pos": "u"}
}
,
{
"node": "c",
"type": "phrase",
"tag": "phr",
"id": "P334853.U4",
"ref": "P334853.ls00000",
"cdl": [
{
"node": "l",
"frag": "ina",
"id": "P334853.l03733",
"ref": "P334853.6.3",
"inst": "ina[in+=there]PRP$",
"sig": "@saao/saa16%akk-x-neoass:ina=ina[in//in]PRP'PRP$ina",
"f": {"lang": "akk-x-neoass",
"form": "ina",
"cf": "ina",
"gw": "in",
"sense": "in",
"norm": "ina",
"pos": "PRP",
"epos": "PRP"}
}
,
{
"node": "l",
"frag": "ŠA₃]-bi",
"id": "P334853.l03734",
"ref": "P334853.6.4",
"inst": "libbi[interior]N",
"sig": "@saao/saa16%akk-x-neoass:ŠA₃-bi=libbu[interior//heart]N'N$libbi",
"f": {"lang": "akk-x-neoass",
"form": "ŠA₃-bi",
"cf": "libbu",
"gw": "interior",
"sense": "heart",
"norm": "libbi",
"pos": "N",
"epos": "N"}
}
]}
,
{
"node": "l",
"frag": "ep-pa-aš₂",
"id": "P334853.l03735",
"ref": "P334853.6.5",
"inst": "epēšu[do//make]V$eppaš",
"sig": "@saao/saa16%akk-x-neoass:ep-pa-aš₂=epēšu[do//make]V'V$eppaš",
"f": {"lang": "akk-x-neoass",
"form": "ep-pa-aš₂",
"cf": "epēšu",
"gw": "do",
"sense": "make",
"norm": "eppaš",
"pos": "V",
"epos": "V"}
}
,
{
"node": "d",
"type": "line-start",
"ref": "P334853.7",
"n": "5'",
"label": "o 5'"}
,
{
"node": "l",
"frag": "[x",
"id": "P334853.l03736",
"ref": "P334853.7.1",
"inst": "u",
"f": {"lang": "akk-x-neoass",
"form": "x",
"pos": "u"}
}
,
{
"node": "l",
"frag": "x",
"id": "P334853.l03737",
"ref": "P334853.7.2",
"inst": "u",
"f": {"lang": "akk-x-neoass",
"form": "x",
"pos": "u"}
}
,
{
"node": "l",
"frag": "x",
"id": "P334853.l03738",
"ref": "P334853.7.3",
"inst": "u",
"f": {"lang": "akk-x-neoass",
"form": "x",
"pos": "u"}
}
,
{
"node": "l",
"frag": "x]-ni",
"id": "P334853.l03739",
"ref": "P334853.7.4",
"inst": "u",
"f": {"lang": "akk-x-neoass",
"form": "x-ni",
"pos": "u"}
}
,
{
"node": "l",
"frag": "{lu₂}NAR.GAL",
"id": "P334853.l0373a",
"ref": "P334853.7.5",
"inst": "nargallu[chief musician//chief singer]N$",
"sig": "@saao/saa16%akk-x-neoass:{LU₂}NAR.GAL=nargallu[chief musician//chief singer]N'N$nargallu",
"f": {"lang": "akk-x-neoass",
"form": "{LU₂}NAR.GAL",
"cf": "nargallu",
"gw": "chief musician",
"sense": "chief singer",
"norm": "nargallu",
"pos": "N",
"epos": "N"}
}
,
{
"node": "d",
"type": "line-start",
"ref": "P334853.8",
"n": "6'",
"label": "o 6'"}
,
{
"node": "l",
"frag": "[x",
"id": "P334853.l0373b",
"ref": "P334853.8.1",
"inst": "u",
"f": {"lang": "akk-x-neoass",
"form": "x",
"pos": "u"}
}
,
{
"node": "l",
"frag": "x",
"id": "P334853.l0373c",
"ref": "P334853.8.2",
"inst": "u",
"f": {"lang": "akk-x-neoass",
"form": "x",
"pos": "u"}
}
,
{
"node": "l",
"frag": "x",
"id": "P334853.l0373d",
"ref": "P334853.8.3",
"inst": "u",
"f": {"lang": "akk-x-neoass",
"form": "x",
"pos": "u"}
}
,
{
"node": "l",
"frag": "x]",
"id": "P334853.l0373e",
"ref": "P334853.8.4",
"inst": "u",
"f": {"lang": "akk-x-neoass",
"form": "x",
"pos": "u"}
}
,
{
"node": "c",
"type": "phrase",
"tag": "phr",
"id": "P334853.U5",
"ref": "P334853.ls00001",
"cdl": [
{
"node": "l",
"frag": "⸢DUMU⸣-{uru}arba-il₃",
"id": "P334853.l0373f",
"ref": "P334853.8.5",
"cof-tails": "P334853.l03740",
"inst": "māru[son]N$mār&Arbail[Arbela]GN$",
"sig": "@saao/saa16%akk-x-neoass:DUMU-{URU}arba-il₃=māru[son//son]N'N$mār&&@saao%akk-x-neoass:=Arbail[Arbela//Arbela]GN'GN$Arbail",
"f": {"lang": "akk-x-neoass",
"form": "DUMU-{URU}arba-il₃",
"cf": "māru",
"gw": "son",
"sense": "son",
"norm": "mār",
"pos": "N",
"epos": "N"}
}
,
{
"node": "l",
"frag": "⸢DUMU⸣-{uru}arba-il₃",
"id": "P334853.l03740",
"ref": "P334853.8.5",
"cof-head": "P334853.l0373f",
"inst": "māru[son]N$mār&Arbail[Arbela]GN$",
"tail-sig": "@saao%akk-x-neoass:=Arbail[Arbela//Arbela]GN'GN$Arbail",
"f": {"lang": "akk-x-neoass",
"form": "DUMU-{URU}arba-il₃",
"cf": "Arbail",
"gw": "Arbela",
"sense": "Arbela",
"norm": "Arbail",
"pos": "GN",
"epos": "GN"}
}
]}
,
{
"node": "d",
"type": "line-start",
"ref": "P334853.9",
"n": "7'",
"label": "o 7'"}
,
{
"node": "l",
"frag": "[x",
"id": "P334853.l03741",
"ref": "P334853.9.1",
"inst": "u",
"f": {"lang": "akk-x-neoass",
"form": "x",
"pos": "u"}
}
,
{
"node": "l",
"frag": "x",
"id": "P334853.l03742",
"ref": "P334853.9.2",
"inst": "u",
"f": {"lang": "akk-x-neoass",
"form": "x",
"pos": "u"}
}
,
{
"node": "l",
"frag": "x",
"id": "P334853.l03743",
"ref": "P334853.9.3",
"inst": "u",
"f": {"lang": "akk-x-neoass",
"form": "x",
"pos": "u"}
}
,
{
"node": "l",
"frag": "x",
"id": "P334853.l03744",
"ref": "P334853.9.4",
"inst": "u",
"f": {"lang": "akk-x-neoass",
"form": "x",
"pos": "u"}
}
,
{
"node": "l",
"frag": "x]+⸢x⸣",
"id": "P334853.l03745",
"ref": "P334853.9.5",
"inst": "u",
"f": {"lang": "akk-x-neoass",
"form": "x+x",
"pos": "u"}
}
,
{
"node": "c",
"type": "phrase",
"tag": "phr",
"id": "P334853.U6",
"ref": "P334853.ls00002",
"cdl": [
{
"node": "l",
"frag": "DUMU-{uru}arba-il₃",
"id": "P334853.l03746",
"ref": "P334853.9.6",
"cof-tails": "P334853.l03747",
"inst": "māru[son]N$mār&Arbail[Arbela]GN$",
"sig": "@saao/saa16%akk-x-neoass:DUMU-{URU}arba-il₃=māru[son//son]N'N$mār&&@saao%akk-x-neoass:=Arbail[Arbela//Arbela]GN'GN$Arbail",
"f": {"lang": "akk-x-neoass",
"form": "DUMU-{URU}arba-il₃",
"cf": "māru",
"gw": "son",
"sense": "son",
"norm": "mār",
"pos": "N",
"epos": "N"}
}
,
{
"node": "l",
"frag": "DUMU-{uru}arba-il₃",
"id": "P334853.l03747",
"ref": "P334853.9.6",
"cof-head": "P334853.l03746",
"inst": "māru[son]N$mār&Arbail[Arbela]GN$",
"tail-sig": "@saao%akk-x-neoass:=Arbail[Arbela//Arbela]GN'GN$Arbail",
"f": {"lang": "akk-x-neoass",
"form": "DUMU-{URU}arba-il₃",
"cf": "Arbail",
"gw": "Arbela",
"sense": "Arbela",
"norm": "Arbail",
"pos": "GN",
"epos": "GN"}
}
]}
,
{
"node": "d",
"type": "line-start",
"ref": "P334853.10",
"n": "8'",
"label": "o 8'"}
,
{
"node": "l",
"frag": "[x",
"id": "P334853.l03748",
"ref": "P334853.10.1",
"inst": "u",
"f": {"lang": "akk-x-neoass",
"form": "x",
"pos": "u"}
}
,
{
"node": "l",
"frag": "x",
"id": "P334853.l03749",
"ref": "P334853.10.2",
"inst": "u",
"f": {"lang": "akk-x-neoass",
"form": "x",
"pos": "u"}
}
,
{
"node": "l",
"frag": "x",
"id": "P334853.l0374a",
"ref": "P334853.10.3",
"inst": "u",
"f": {"lang": "akk-x-neoass",
"form": "x",
"pos": "u"}
}
,
{
"node": "l",
"frag": "{lu₂}A].⸢BA⸣",
"id": "P334853.l0374b",
"ref": "P334853.10.4",
"inst": "ṭupšarru[scribe]N",
"sig": "@saao/saa16%akk-x-neoass:{LU₂}A.BA=ṭupšarru[scribe//scribe]N'N$ṭupšarru",
"f": {"lang": "akk-x-neoass",
"form": "{LU₂}A.BA",
"cf": "ṭupšarru",
"gw": "scribe",
"sense": "scribe",
"norm": "ṭupšarru",
"pos": "N",
"epos": "N"}
}
,
{
"node": "l",
"frag": "{lu₂}ar-ma-a-u₂",
"id": "P334853.l0374c",
"ref": "P334853.10.5",
"inst": "Armaya[Aramean]EN$Armayu",
"sig": "@saao/saa16%akk-x-neoass:{LU₂}ar-ma-a-u₂=Armaya[Aramean//Aramean]EN'EN$Armayu",
"f": {"lang": "akk-x-neoass",
"form": "{LU₂}ar-ma-a-u₂",
"cf": "Armaya",
"gw": "Aramean",
"sense": "Aramean",
"norm": "Armayu",
"pos": "EN",
"epos": "EN"}
}
,
{
"node": "d",
"type": "line-start",
"ref": "P334853.11",
"n": "9'",
"label": "o 9'"}
,
{
"node": "l",
"frag": "[x",
"id": "P334853.l0374d",
"ref": "P334853.11.1",
"inst": "u",
"f": {"lang": "akk-x-neoass",
"form": "x",
"pos": "u"}
}
,
{
"node": "l",
"frag": "x",
"id": "P334853.l0374e",
"ref": "P334853.11.2",
"inst": "u",
"f": {"lang": "akk-x-neoass",
"form": "x",
"pos": "u"}
}
,
{
"node": "l",
"frag": "x",
"id": "P334853.l0374f",
"ref": "P334853.11.3",
"inst": "u",
"f": {"lang": "akk-x-neoass",
"form": "x",
"pos": "u"}
}
,
{
"node": "l",
"frag": "x",
"id": "P334853.l03750",
"ref": "P334853.11.4",
"inst": "u",
"f": {"lang": "akk-x-neoass",
"form": "x",
"pos": "u"}
}
,
{
"node": "c",
"type": "phrase",
"tag": "phr",
"id": "P334853.U7",
"ref": "P334853.ls00003",
"cdl": [
{
"node": "l",
"frag": "ina]",
"id": "P334853.l03751",
"ref": "P334853.11.5",
"inst": "ina[in+=at the disposal of]PRP$",
"sig": "@saao/saa16%akk-x-neoass:ina=ina[in//in]PRP'PRP$ina",
"f": {"lang": "akk-x-neoass",
"form": "ina",
"cf": "ina",
"gw": "in",
"sense": "in",
"norm": "ina",
"pos": "PRP",
"epos": "PRP"}
}
,
{
"node": "l",
"frag": "IGI",
"id": "P334853.l03752",
"ref": "P334853.11.6",
"inst": "pānu[front]N$pān$",
"sig": "@saao/saa16%akk-x-neoass:IGI=pānu[front//front]N'N$pān",
"f": {"lang": "akk-x-neoass",
"form": "IGI",
"cf": "pānu",
"gw": "front",
"sense": "front",
"norm": "pān",
"pos": "N",
"epos": "N"}
}
]}
,
{
"node": "l",
"frag": "{lu₂}GAL-mu-gi",
"id": "P334853.l03753",
"ref": "P334853.11.7",
"cof-tails": "P334853.l03754",
"inst": "rabû[big one]N$rab&mūgu[contingent]N$mūgi",
"sig": "@saao/saa16%akk-x-neoass:{LU₂}GAL-mu-gi=rabû[big one//big one]N'N$rab&&@saao%akk-x-neoass:=mūgu[contingent//contingent]N'N$mūgi",
"f": {"lang": "akk-x-neoass",
"form": "{LU₂}GAL-mu-gi",
"cf": "rabû",
"gw": "big one",
"sense": "big one",
"norm": "rab",
"pos": "N",
"epos": "N"}
}
,
{
"node": "l",
"frag": "{lu₂}GAL-mu-gi",
"id": "P334853.l03754",
"ref": "P334853.11.7",
"cof-head": "P334853.l03753",
"inst": "rabû[big one]N$rab&mūgu[contingent]N$mūgi",
"tail-sig": "@saao%akk-x-neoass:=mūgu[contingent//contingent]N'N$mūgi",
"f": {"lang": "akk-x-neoass",
"form": "{LU₂}GAL-mu-gi",
"cf": "mūgu",
"gw": "contingent",
"sense": "contingent",
"norm": "mūgi",
"pos": "N",
"epos": "N"}
}
,
{
"node": "d",
"type": "line-start",
"ref": "P334853.12",
"n": "10'",
"label": "o 10'"}
,
{
"node": "l",
"frag": "[x",
"id": "P334853.l03755",
"ref": "P334853.12.1",
"inst": "u",
"f": {"lang": "akk-x-neoass",
"form": "x",
"pos": "u"}
}
,
{
"node": "l",
"frag": "x",
"id": "P334853.l03756",
"ref": "P334853.12.2",
"inst": "u",
"f": {"lang": "akk-x-neoass",
"form": "x",
"pos": "u"}
}
,
{
"node": "l",
"frag": "x",
"id": "P334853.l03757",
"ref": "P334853.12.3",
"inst": "u",
"f": {"lang": "akk-x-neoass",
"form": "x",
"pos": "u"}
}
,
{
"node": "l",
"frag": "x",
"id": "P334853.l03758",
"ref": "P334853.12.4",
"inst": "u",
"f": {"lang": "akk-x-neoass",
"form": "x",
"pos": "u"}
}
,
{
"node": "l",
"frag": "x",
"id": "P334853.l03759",
"ref": "P334853.12.5",
"inst": "u",
"f": {"lang": "akk-x-neoass",
"form": "x",
"pos": "u"}
}
,
{
"node": "l",
"frag": "x]+⸢x⸣",
"id": "P334853.l0375a",
"ref": "P334853.12.6",
"inst": "u",
"f": {"lang": "akk-x-neoass",
"form": "x+x",
"pos": "u"}
}
,
{
"node": "l",
"frag": "NIN-šu",
"id": "P334853.l0375b",
"ref": "P334853.12.7",
"inst": "ahātu[sister]N$ahātīšu",
"sig": "@saao/saa16%akk-x-neoass:NIN-šu=ahātu[sister//sister]N'N$ahātīšu",
"f": {"lang": "akk-x-neoass",
"form": "NIN-šu",
"cf": "ahātu",
"gw": "sister",
"sense": "sister",
"norm": "ahātīšu",
"pos": "N",
"epos": "N"}
}
,
{
"node": "d",
"type": "line-start",
"ref": "P334853.13",
"n": "11'",
"label": "o 11'"}
,
{
"node": "l",
"frag": "[x",
"id": "P334853.l0375c",
"ref": "P334853.13.1",
"inst": "u",
"f": {"lang": "akk-x-neoass",
"form": "x",
"pos": "u"}
}
,
{
"node": "l",
"frag": "x",
"id": "P334853.l0375d",
"ref": "P334853.13.2",
"inst": "u",
"f": {"lang": "akk-x-neoass",
"form": "x",
"pos": "u"}
}
,
{
"node": "l",
"frag": "x",
"id": "P334853.l0375e",
"ref": "P334853.13.3",
"inst": "u",
"f": {"lang": "akk-x-neoass",
"form": "x",
"pos": "u"}
}
,
{
"node": "l",
"frag": "x",
"id": "P334853.l0375f",
"ref": "P334853.13.4",
"inst": "u",
"f": {"lang": "akk-x-neoass",
"form": "x",
"pos": "u"}
}
,
{
"node": "l",
"frag": "x",
"id": "P334853.l03760",
"ref": "P334853.13.5",
"inst": "u",
"f": {"lang": "akk-x-neoass",
"form": "x",
"pos": "u"}
}
,
{
"node": "l",
"frag": "x]",
"id": "P334853.l03761",
"ref": "P334853.13.6",
"inst": "u",
"f": {"lang": "akk-x-neoass",
"form": "x",
"pos": "u"}
}
,
{
"node": "l",
"frag": "ša₂",
"id": "P334853.l03762",
"ref": "P334853.13.7",
"inst": "ša[of]DET",
"sig": "@saao/saa16%akk-x-neoass:ša₂=ša[of//of]DET'DET$ša",
"f": {"lang": "akk-x-neoass",
"form": "ša₂",
"cf": "ša",
"gw": "of",
"sense": "of",
"norm": "ša",
"pos": "DET",
"epos": "DET"}
}
,
{
"node": "l",
"frag": "{uru}kam-mu-hi",
"id": "P334853.l03763",
"ref": "P334853.13.8",
"inst": "Kummuhi[Commagene]GN$Kammuhi",
"sig": "@saao/saa16%akk-x-neoass:{URU}kam-mu-hi=Kummuhi[Commagene//Commagene]GN'GN$Kammuhi",
"f": {"lang": "akk-x-neoass",
"form": "{URU}kam-mu-hi",
"cf": "Kummuhi",
"gw": "Commagene",
"sense": "Commagene",
"norm": "Kammuhi",
"pos": "GN",
"epos": "GN"}
}
,
{
"node": "d",
"type": "line-start",
"ref": "P334853.14",
"n": "12'",
"label": "o 12'"}
,
{
"node": "l",
"frag": "[x",
"id": "P334853.l03764",
"ref": "P334853.14.1",
"inst": "u",
"f": {"lang": "akk-x-neoass",
"form": "x",
"pos": "u"}
}
,
{
"node": "l",
"frag": "x",
"id": "P334853.l03765",
"ref": "P334853.14.2",
"inst": "u",
"f": {"lang": "akk-x-neoass",
"form": "x",
"pos": "u"}
}
,
{
"node": "l",
"frag": "x",
"id": "P334853.l03766",
"ref": "P334853.14.3",
"inst": "u",
"f": {"lang": "akk-x-neoass",
"form": "x",
"pos": "u"}
}
,
{
"node": "l",
"frag": "x",
"id": "P334853.l03767",
"ref": "P334853.14.4",
"inst": "u",
"f": {"lang": "akk-x-neoass",
"form": "x",
"pos": "u"}
}
,
{
"node": "l",
"frag": "x",
"id": "P334853.l03768",
"ref": "P334853.14.5",
"inst": "u",
"f": {"lang": "akk-x-neoass",
"form": "x",
"pos": "u"}
}
,
{
"node": "l",
"frag": "x",
"id": "P334853.l03769",
"ref": "P334853.14.6",
"inst": "u",
"f": {"lang": "akk-x-neoass",
"form": "x",
"pos": "u"}
}
,
{
"node": "l",
"frag": "x",
"id": "P334853.l0376a",
"ref": "P334853.14.7",
"inst": "u",
"f": {"lang": "akk-x-neoass",
"form": "x",
"pos": "u"}
}
,
{
"node": "l",
"frag": "x",
"id": "P334853.l0376b",
"ref": "P334853.14.8",
"inst": "u",
"f": {"lang": "akk-x-neoass",
"form": "x",
"pos": "u"}
}
,
{
"node": "l",
"frag": "x",
"id": "P334853.l0376c",
"ref": "P334853.14.9",
"inst": "u",
"f": {"lang": "akk-x-neoass",
"form": "x",
"pos": "u"}
}
,
{
"node": "l",
"frag": "x]-me",
"id": "P334853.l0376d",
"ref": "P334853.14.10",
"inst": "u",
"f": {"lang": "akk-x-neoass",
"form": "x-me",
"pos": "u"}
}
,
{
"node": "d",
"type": "nonx",
"ref": "P334853.15",
"strict": "0",
"extent": "rest",
"state": "missing"}
,
{
"node": "d",
"subtype": "reverse",
"type": "surface",
"ref": "P334853.r.16",
"type": "reverse",
"label": "r"}
,
{
"node": "d",
"type": "nonx",
"ref": "P334853.17",
"strict": "0",
"extent": "beginning",
"state": "missing"}
,
{
"node": "d",
"type": "line-start",
"ref": "P334853.18",
"n": "1'",
"label": "r 1'"}
,
{
"node": "l",
"frag": "[x",
"id": "P334853.l0376e",
"ref": "P334853.18.1",
"inst": "u",
"f": {"lang": "akk-x-neoass",
"form": "x",
"pos": "u"}
}
,
{
"node": "l",
"frag": "x",
"id": "P334853.l0376f",
"ref": "P334853.18.2",
"inst": "u",
"f": {"lang": "akk-x-neoass",
"form": "x",
"pos": "u"}
}
,
{
"node": "l",
"frag": "x",
"id": "P334853.l03770",
"ref": "P334853.18.3",
"inst": "u",
"f": {"lang": "akk-x-neoass",
"form": "x",
"pos": "u"}
}
,
{
"node": "l",
"frag": "x",
"id": "P334853.l03771",
"ref": "P334853.18.4",
"inst": "u",
"f": {"lang": "akk-x-neoass",
"form": "x",
"pos": "u"}
}
,
{
"node": "l",
"frag": "x]+⸢x",
"id": "P334853.l03772",
"ref": "P334853.18.5",
"inst": "u",
"f": {"lang": "akk-x-neoass",
"form": "x+x",
"pos": "u"}
}
,
{
"node": "l",
"frag": "x⸣",
"id": "P334853.l03773",
"ref": "P334853.18.6",
"inst": "u",
"f": {"lang": "akk-x-neoass",
"form": "x",
"pos": "u"}
}
,
{
"node": "l",
"frag": "šu",
"id": "P334853.l03774",
"ref": "P334853.18.7",
"inst": "u",
"f": {"lang": "akk-x-neoass",
"form": "šu",
"pos": "u"}
}
,
{
"node": "l",
"frag": "[x",
"id": "P334853.l03775",
"ref": "P334853.18.8",
"inst": "u",
"f": {"lang": "akk-x-neoass",
"form": "x",
"pos": "u"}
}
,
{
"node": "l",
"frag": "x",
"id": "P334853.l03776",
"ref": "P334853.18.9",
"inst": "u",
"f": {"lang": "akk-x-neoass",
"form": "x",
"pos": "u"}
}
,
{
"node": "l",
"frag": "x",
"id": "P334853.l03777",
"ref": "P334853.18.10",
"inst": "u",
"f": {"lang": "akk-x-neoass",
"form": "x",
"pos": "u"}
}
,
{
"node": "l",
"frag": "x]",
"id": "P334853.l03778",
"ref": "P334853.18.11",
"inst": "u",
"f": {"lang": "akk-x-neoass",
"form": "x",
"pos": "u"}
}
,
{
"node": "d",
"type": "line-start",
"ref": "P334853.19",
"n": "2'",
"label": "r 2'"}
,
{
"node": "l",
"frag": "[x",
"id": "P334853.l03779",
"ref": "P334853.19.1",
"inst": "u",
"f": {"lang": "akk-x-neoass",
"form": "x",
"pos": "u"}
}
,
{
"node": "l",
"frag": "x",
"id": "P334853.l0377a",
"ref": "P334853.19.2",
"inst": "u",
"f": {"lang": "akk-x-neoass",
"form": "x",
"pos": "u"}
}
,
{
"node": "l",
"frag": "x",
"id": "P334853.l0377b",
"ref": "P334853.19.3",
"inst": "u",
"f": {"lang": "akk-x-neoass",
"form": "x",
"pos": "u"}
}
,
{
"node": "l",
"frag": "x]",
"id": "P334853.l0377c",
"ref": "P334853.19.4",
"inst": "u",
"f": {"lang": "akk-x-neoass",
"form": "x",
"pos": "u"}
}
,
{
"node": "l",
"frag": "AD",
"id": "P334853.l0377d",
"ref": "P334853.19.5",
"inst": "u",
"f": {"lang": "akk-x-neoass",
"form": "AD",
"pos": "u"}
}
,
{
"node": "l",
"frag": "um-taš-šir",
"id": "P334853.l0377e",
"ref": "P334853.19.6",
"inst": "ašāru[sink down//release]V$umtaššir",
"sig": "@saao/saa16%akk-x-neoass:um-taš-šir=ašāru[release//release]V'V$umtaššir",
"f": {"lang": "akk-x-neoass",
"form": "um-taš-šir",
"cf": "ašāru",
"gw": "release",
"sense": "release",
"norm": "umtaššir",
"pos": "V",
"epos": "V"}
}
,
{
"node": "d",
"type": "line-start",
"ref": "P334853.20",
"n": "3'",
"label": "r 3'"}
,
{
"node": "l",
"frag": "[x",
"id": "P334853.l0377f",
"ref": "P334853.20.1",
"inst": "u",
"f": {"lang": "akk-x-neoass",
"form": "x",
"pos": "u"}
}
,
{
"node": "l",
"frag": "x",
"id": "P334853.l03780",
"ref": "P334853.20.2",
"inst": "u",
"f": {"lang": "akk-x-neoass",
"form": "x",
"pos": "u"}
}
,
{
"node": "l",
"frag": "x",
"id": "P334853.l03781",
"ref": "P334853.20.3",
"inst": "u",
"f": {"lang": "akk-x-neoass",
"form": "x",
"pos": "u"}
}
,
{
"node": "l",
"frag": "x]+⸢x⸣",
"id": "P334853.l03782",
"ref": "P334853.20.4",
"inst": "u",
"f": {"lang": "akk-x-neoass",
"form": "x+x",
"pos": "u"}
}
,
{
"node": "l",
"frag": "tu-mu-ṣu",
"id": "P334853.l03783",
"ref": "P334853.20.5",
"inst": "u",
"f": {"lang": "akk-x-neoass",
"form": "tu-mu-ṣu",
"pos": "u"}
}
,
{
"node": "d",
"type": "line-start",
"ref": "P334853.21",
"n": "4'",
"label": "r 4'"}
,
{
"node": "l",
"frag": "[x",
"id": "P334853.l03784",
"ref": "P334853.21.1",
"inst": "u",
"f": {"lang": "akk-x-neoass",
"form": "x",
"pos": "u"}
}
,
{
"node": "l",
"frag": "x",
"id": "P334853.l03785",
"ref": "P334853.21.2",
"inst": "u",
"f": {"lang": "akk-x-neoass",
"form": "x",
"pos": "u"}
}
,
{
"node": "l",
"frag": "x",
"id": "P334853.l03786",
"ref": "P334853.21.3",
"inst": "u",
"f": {"lang": "akk-x-neoass",
"form": "x",
"pos": "u"}
}
,
{
"node": "l",
"frag": "x]",
"id": "P334853.l03787",
"ref": "P334853.21.4",
"inst": "u",
"f": {"lang": "akk-x-neoass",
"form": "x",
"pos": "u"}
}
,
{
"node": "l",
"frag": "ib-bi-is-si",
"id": "P334853.l03788",
"ref": "P334853.21.5",
"inst": "ebissu[(roped-up) bundle//bundle]N$ibbissī",
"sig": "@saao/saa16%akk-x-neoass:ib-bi-is-si=ebissu[(roped-up) bundle//bundle]N'N$ibbissī",
"f": {"lang": "akk-x-neoass",
"form": "ib-bi-is-si",
"cf": "ebissu",
"gw": "(roped-up) bundle",
"sense": "bundle",
"norm": "ibbissī",
"pos": "N",
"epos": "N"}
}
,
{
"node": "d",
"type": "line-start",
"ref": "P334853.22",
"n": "5'",
"label": "r 5'"}
,
{
"node": "l",
"frag": "[x",
"id": "P334853.l03789",
"ref": "P334853.22.1",
"inst": "u",
"f": {"lang": "akk-x-neoass",
"form": "x",
"pos": "u"}
}
,
{
"node": "l",
"frag": "x",
"id": "P334853.l0378a",
"ref": "P334853.22.2",
"inst": "u",
"f": {"lang": "akk-x-neoass",
"form": "x",
"pos": "u"}
}
,
{
"node": "l",
"frag": "x",
"id": "P334853.l0378b",
"ref": "P334853.22.3",
"inst": "u",
"f": {"lang": "akk-x-neoass",
"form": "x",
"pos": "u"}
}
,
{
"node": "l",
"frag": "x]-ni",
"id": "P334853.l0378c",
"ref": "P334853.22.4",
"inst": "u",
"f": {"lang": "akk-x-neoass",
"form": "x-ni",
"pos": "u"}
}
,
{
"node": "l",
"frag": "ARAD-MEŠ",
"id": "P334853.l0378d",
"ref": "P334853.22.5",
"inst": "urdāni[servant]N",
"sig": "@saao/saa16%akk-x-neoass:ARAD-MEŠ=ardu[slave//servant]N'N$urdāni",
"f": {"lang": "akk-x-neoass",
"form": "ARAD-MEŠ",
"cf": "ardu",
"gw": "slave",
"sense": "servant",
"norm": "urdāni",
"pos": "N",
"epos": "N"}
}
,
{
"node": "l",
"frag": "ša",
"id": "P334853.l0378e",
"ref": "P334853.22.6",
"inst": "ša[of]DET",
"sig": "@saao/saa16%akk-x-neoass:ša=ša[of//of]DET'DET$ša",
"f": {"lang": "akk-x-neoass",
"form": "ša",
"cf": "ša",
"gw": "of",
"sense": "of",
"norm": "ša",
"pos": "DET",
"epos": "DET"}
}
,
{
"node": "l",
"frag": "MAN",
"id": "P334853.l0378f",
"ref": "P334853.22.7",
"inst": "šarri[king]N",
"sig": "@saao/saa16%akk-x-neoass:MAN=šarru[king//king]N'N$šarri",
"f": {"lang": "akk-x-neoass",
"form": "MAN",
"cf": "šarru",
"gw": "king",
"sense": "king",
"norm": "šarri",
"pos": "N",
"epos": "N"}
}
,
{
"node": "d",
"type": "line-start",
"ref": "P334853.23",
"n": "6'",
"label": "r 6'"}
,
{
"node": "l",
"frag": "[ša",
"id": "P334853.l03790",
"ref": "P334853.23.1",
"inst": "ša[who]REL",
"sig": "@saao/saa16%akk-x-neoass:ša=ša[that//who]REL'REL$ša",
"f": {"lang": "akk-x-neoass",
"form": "ša",
"cf": "ša",
"gw": "that",
"sense": "who",
"norm": "ša",
"pos": "REL",
"epos": "REL"}
}
,
{
"node": "l",
"frag": "ina",
"id": "P334853.l03791",
"ref": "P334853.23.2",
"inst": "ina[in]PRP",
"sig": "@saao/saa16%akk-x-neoass:ina=ina[in//in]PRP'PRP$ina",
"f": {"lang": "akk-x-neoass",
"form": "ina",
"cf": "ina",
"gw": "in",
"sense": "in",
"norm": "ina",
"pos": "PRP",
"epos": "PRP"}
}
,
{
"node": "l",
"frag": "kas]-⸢pi⸣",
"id": "P334853.l03792",
"ref": "P334853.23.3",
"inst": "kaspi[money]N",
"sig": "@saao/saa16%akk-x-neoass:kas-pi=kaspu[silver//money]N'N$kaspi",
"f": {"lang": "akk-x-neoass",
"form": "kas-pi",
"cf": "kaspu",
"gw": "silver",
"sense": "money",
"norm": "kaspi",
"pos": "N",
"epos": "N"}
}
,
{
"node": "l",
"frag": "ta-ad-nu-u-ni",
"id": "P334853.l03793",
"ref": "P334853.23.4",
"inst": "tadnu[given//sold]AJ$tadnūni",
"sig": "@saao/saa16%akk-x-neoass:ta-ad-nu-u-ni=tadnu[given//sold]AJ'AJ$tadnūni",
"f": {"lang": "akk-x-neoass",
"form": "ta-ad-nu-u-ni",
"cf": "tadnu",
"gw": "given",
"sense": "sold",
"norm": "tadnūni",
"pos": "AJ",
"epos": "AJ"}
}
,
{
"node": "d",
"type": "line-start",
"ref": "P334853.24",
"n": "7'",
"label": "r 7'"}
,
{
"node": "l",
"frag": "[šum-ma]",
"id": "P334853.l03794",
"ref": "P334853.24.1",
"inst": "šumma[if]MOD",
"sig": "@saao/saa16%akk-x-neoass:šum-ma=šumma[if//if]MOD'MOD$šumma",
"f": {"lang": "akk-x-neoass",
"form": "šum-ma",
"cf": "šumma",
"gw": "if",
"sense": "if",
"norm": "šumma",
"pos": "MOD",
"epos": "MOD"}
}
,
{
"node": "l",
"frag": "⸢LUGAL⸣",
"id": "P334853.l03795",
"ref": "P334853.24.2",
"inst": "šarru[king]N",
"sig": "@saao/saa16%akk-x-neoass:LUGAL=šarru[king//king]N'N$šarru",
"f": {"lang": "akk-x-neoass",
"form": "LUGAL",
"cf": "šarru",
"gw": "king",
"sense": "king",
"norm": "šarru",
"pos": "N",
"epos": "N"}
}
,
{
"node": "l",
"frag": "be-li₂",
"id": "P334853.l03796",
"ref": "P334853.24.3",
"inst": "bēlī[lord]N",
"sig": "@saao/saa16%akk-x-neoass:be-li₂=bēlu[lord//lord]N'N$bēlī",
"f": {"lang": "akk-x-neoass",
"form": "be-li₂",
"cf": "bēlu",
"gw": "lord",
"sense": "lord",
"norm": "bēlī",
"pos": "N",
"epos": "N"}
}
,
{
"node": "l",
"frag": "i-qab-bi",
"id": "P334853.l03797",
"ref": "P334853.24.4",
"inst": "iqabbi[say]V",
"sig": "@saao/saa16%akk-x-neoass:i-qab-bi=qabû[say//say]V'V$iqabbi",
"f": {"lang": "akk-x-neoass",
"form": "i-qab-bi",
"cf": "qabû",
"gw": "say",
"sense": "say",
"norm": "iqabbi",
"pos": "V",
"epos": "V"}
}
,
{
"node": "d",
"type": "line-start",
"ref": "P334853.25",
"n": "8'",
"label": "r 8'"}
,
{
"node": "l",
"frag": "[lu-še-bi]-⸢la⸣-šu₂-nu",
"id": "P334853.l03798",
"ref": "P334853.25.1",
"inst": "wabālu[bring//send]V$lušēbilaššunu",
"sig": "@saao/saa16%akk-x-neoass:lu-še-bi-la-šu₂-nu=wabālu[bring//send]V'V$lušēbilaššunu",
"f": {"lang": "akk-x-neoass",
"form": "lu-še-bi-la-šu₂-nu",
"cf": "wabālu",
"gw": "bring",
"sense": "send",
"norm": "lušēbilaššunu",
"pos": "V",
"epos": "V"}
}
,
{
"node": "d",
"type": "line-start",
"ref": "P334853.26",
"n": "9'",
"label": "r 9'"}
,
{
"node": "l",
"frag": "[x",
"id": "P334853.l03799",
"ref": "P334853.26.1",
"inst": "u",
"f": {"lang": "akk-x-neoass",
"form": "x",
"pos": "u"}
}
,
{
"node": "l",
"frag": "x",
"id": "P334853.l0379a",
"ref": "P334853.26.2",
"inst": "u",
"f": {"lang": "akk-x-neoass",
"form": "x",
"pos": "u"}
}
,
{
"node": "l",
"frag": "x",
"id": "P334853.l0379b",
"ref": "P334853.26.3",
"inst": "u",
"f": {"lang": "akk-x-neoass",
"form": "x",
"pos": "u"}
}
,
{
"node": "l",
"frag": "x]-ka",
"id": "P334853.l0379c",
"ref": "P334853.26.4",
"inst": "u",
"f": {"lang": "akk-x-neoass",
"form": "x-ka",
"pos": "u"}
}
,
{
"node": "l",
"frag": "u₂-du-u-ni",
"id": "P334853.l0379d",
"ref": "P334853.26.5",
"inst": "ūdûni[know]V",
"sig": "@saao/saa16%akk-x-neoass:u₂-du-u-ni=wadû[know//know]V'V$ūdûni",
"f": {"lang": "akk-x-neoass",
"form": "u₂-du-u-ni",
"cf": "wadû",
"gw": "know",
"sense": "know",
"norm": "ūdûni",
"pos": "V",
"epos": "V"}
}
,
{
"node": "d",
"type": "line-start",
"ref": "P334853.27",
"n": "10'",
"label": "r 10'"}
,
{
"node": "l",
"frag": "[x",
"id": "P334853.l0379e",
"ref": "P334853.27.1",
"inst": "u",
"f": {"lang": "akk-x-neoass",
"form": "x",
"pos": "u"}
}
,
{
"node": "l",
"frag": "x",
"id": "P334853.l0379f",
"ref": "P334853.27.2",
"inst": "u",
"f": {"lang": "akk-x-neoass",
"form": "x",
"pos": "u"}
}
,
{
"node": "l",
"frag": "x",
"id": "P334853.l037a0",
"ref": "P334853.27.3",
"inst": "u",
"f": {"lang": "akk-x-neoass",
"form": "x",
"pos": "u"}
}
,
{
"node": "l",
"frag": "x",
"id": "P334853.l037a1",
"ref": "P334853.27.4",
"inst": "u",
"f": {"lang": "akk-x-neoass",
"form": "x",
"pos": "u"}
}
,
{
"node": "l",
"frag": "x]+⸢x⸣-MEŠ",
"id": "P334853.l037a2",
"ref": "P334853.27.5",
"inst": "u",
"f": {"lang": "akk-x-neoass",
"form": "x+x-MEŠ",
"pos": "u"}
}
,
{
"node": "l",
"frag": "ni",
"id": "P334853.l037a3",
"ref": "P334853.27.6",
"inst": "u",
"f": {"lang": "akk-x-neoass",
"form": "ni",
"pos": "u"}
}
,
{
"node": "l",
"frag": "li",
"id": "P334853.l037a4",
"ref": "P334853.27.7",
"inst": "u",
"f": {"lang": "akk-x-neoass",
"form": "li",
"pos": "u"}
}
,
{
"node": "d",
"type": "line-start",
"ref": "P334853.28",
"n": "11'",
"label": "r 11'"}
,
{
"node": "l",
"frag": "[x",
"id": "P334853.l037a5",
"ref": "P334853.28.1",
"inst": "u",
"f": {"lang": "akk-x-neoass",
"form": "x",
"pos": "u"}
}
,
{
"node": "l",
"frag": "x",
"id": "P334853.l037a6",
"ref": "P334853.28.2",
"inst": "u",
"f": {"lang": "akk-x-neoass",
"form": "x",
"pos": "u"}
}
,
{
"node": "l",
"frag": "x",
"id": "P334853.l037a7",
"ref": "P334853.28.3",
"inst": "u",
"f": {"lang": "akk-x-neoass",
"form": "x",
"pos": "u"}
}
,
{
"node": "l",
"frag": "x]",
"id": "P334853.l037a8",
"ref": "P334853.28.4",
"inst": "u",
"f": {"lang": "akk-x-neoass",
"form": "x",
"pos": "u"}
}
,
{
"node": "c",
"type": "phrase",
"tag": "phr",
"id": "P334853.U8",
"ref": "P334853.ls00004",
"cdl": [
{
"node": "l",
"frag": "⸢i⸣-na",
"id": "P334853.l037a9",
"ref": "P334853.28.5",
"inst": "ina[in+=there]PRP",
"sig": "@saao/saa16%akk-x-neoass:i-na=ina[in//in]PRP'PRP$ina",
"f": {"lang": "akk-x-neoass",
"form": "i-na",
"cf": "ina",
"gw": "in",
"sense": "in",
"norm": "ina",
"pos": "PRP",
"epos": "PRP"}
}
,
{
"node": "l",
"frag": "⸢ŠA₃⸣-[bi",
"id": "P334853.l037aa",
"ref": "P334853.28.6",
"inst": "libbi[interior]N",
"sig": "@saao/saa16%akk-x-neoass:ŠA₃-bi=libbu[interior//heart]N'N$libbi",
"f": {"lang": "akk-x-neoass",
"form": "ŠA₃-bi",
"cf": "libbu",
"gw": "interior",
"sense": "heart",
"norm": "libbi",
"pos": "N",
"epos": "N"}
}
]}
,
{
"node": "l",
"frag": "x",
"id": "P334853.l037ab",
"ref": "P334853.28.7",
"inst": "u",
"f": {"lang": "akk-x-neoass",
"form": "x",
"pos": "u"}
}
,
{
"node": "l",
"frag": "x]",
"id": "P334853.l037ac",
"ref": "P334853.28.8",
"inst": "u",
"f": {"lang": "akk-x-neoass",
"form": "x",
"pos": "u"}
}
,
{
"node": "d",
"type": "nonx",
"ref": "P334853.29",
"strict": "0",
"extent": "rest",
"state": "missing"}
]}
]}
]}
,
{
"linkbase": [{
"type": "linkset",
"xlink_title": "ina libbi[in//(in exchange) for]PRP'PRP",
"id": "P334853.ls00000",
"xlink_type": "extended",
"xlink_role": "psu",
"sig": "{ina[in]PRP libbu[interior]N += ina libbi[in//(in exchange) for]PRP'PRP}::@saao%akk-x-neoass:ina=ina[in//into]PRP'PRP$ina++@saao%akk-x-neoass:ŠA₃-bi=libbu[interior//interior]N'N$libbi",
"links": [
{
"type": "link",
"xlink_title": "ina",
"xlink_type": "locator",
"xlink_href": "#P334853.l03733",
"xlink_role": "elt"}
,
{
"type": "link",
"xlink_title": "libbu",
"xlink_type": "locator",
"xlink_href": "#P334853.l03734",
"xlink_role": "elt"}
]}
,
{
"type": "linkset",
"xlink_title": "mar Arbail[from Arbela//from Arbela]EN'EN",
"id": "P334853.ls00001",
"xlink_type": "extended",
"xlink_role": "psu",
"sig": "{māru[son]N Arbail[Arbela]GN += mar Arbail[from Arbela//from Arbela]EN'EN}::@saao%akk-x-neoass:DUMU-{URU}arba-il₃=māru[son//son]N'N$mār++@saao%akk-x-neoass:DUMU-{URU}arba-il₃=Arbail[Arbela//Arbela]GN'GN$Arbail",
"links": [
{
"type": "link",
"xlink_title": "māru",
"xlink_type": "locator",
"xlink_href": "#P334853.l0373f",
"xlink_role": "elt"}
,
{
"type": "link",
"xlink_title": "Arbail",
"xlink_type": "locator",
"xlink_href": "#P334853.l03740",
"xlink_role": "elt"}
]}
,
{
"type": "linkset",
"xlink_title": "mar Arbail[from Arbela//from Arbela]EN'EN",
"id": "P334853.ls00002",
"xlink_type": "extended",
"xlink_role": "psu",
"sig": "{māru[son]N Arbail[Arbela]GN += mar Arbail[from Arbela//from Arbela]EN'EN}::@saao%akk-x-neoass:DUMU-{URU}arba-il₃=māru[son//son]N'N$mār++@saao%akk-x-neoass:DUMU-{URU}arba-il₃=Arbail[Arbela//Arbela]GN'GN$Arbail",
"links": [
{
"type": "link",
"xlink_title": "māru",
"xlink_type": "locator",
"xlink_href": "#P334853.l03746",
"xlink_role": "elt"}
,
{
"type": "link",
"xlink_title": "Arbail",
"xlink_type": "locator",
"xlink_href": "#P334853.l03747",
"xlink_role": "elt"}
]}
,
{
"type": "linkset",
"xlink_title": "ina pān[in the presence of//at the disposal of]PRP'PRP",
"id": "P334853.ls00003",
"xlink_type": "extended",
"xlink_role": "psu",
"sig": "{ina[in]PRP pānu[front]N += ina pān[in the presence of//at the disposal of]PRP'PRP}::@saao%akk-x-neoass:ina=ina[in//into]PRP'PRP$ina++@saao%akk-x-neoass:IGI=pānu[front//front]N'N$pān",
"links": [
{
"type": "link",
"xlink_title": "ina",
"xlink_type": "locator",
"xlink_href": "#P334853.l03751",
"xlink_role": "elt"}
,
{
"type": "link",
"xlink_title": "pānu",
"xlink_type": "locator",
"xlink_href": "#P334853.l03752",
"xlink_role": "elt"}
]}
,
{
"type": "linkset",
"xlink_title": "ina libbi[in//(in exchange) for]PRP'PRP",
"id": "P334853.ls00004",
"xlink_type": "extended",
"xlink_role": "psu",
"sig": "{ina[in]PRP libbu[interior]N += ina libbi[in//(in exchange) for]PRP'PRP}::@saao%akk-x-neoass:i-na=ina[in//into]PRP'PRP$ina++@saao%akk-x-neoass:ŠA₃-bi=libbu[interior//interior]N'N$libbi",
"links": [
{
"type": "link",
"xlink_title": "ina",
"xlink_type": "locator",
"xlink_href": "#P334853.l037a9",
"xlink_role": "elt"}
,
{
"type": "link",
"xlink_title": "libbu",
"xlink_type": "locator",
"xlink_href": "#P334853.l037aa",
"xlink_role": "elt"}
]}
]}
]}
