{
"type": "cdl",
  "source": "http://oracc.org/saao/saa16",
  "license": "This data is released under the CC0 license",
  "license-url": "https://creativecommons.org/publicdomain/zero/1.0/",
  "more-info": "http://oracc.org/doc/opendata/",
  "UTC-timestamp": "2017-05-19T11:56:17",
"project": "saao/saa16",
"textid": "P334819",
"cdl": [
{
"node": "c",
"type": "text",
"id": "P334819.U0",
"cdl": [
{
"node": "d",
"type": "object",
"ref": ""}
,
{
"node": "d",
"subtype": "obverse",
"type": "surface",
"ref": "P334819.o.1",
"type": "obverse",
"label": "o"}
,
{
"node": "c",
"type": "discourse",
"subtype": "body",
"id": "P334819.U1",
"cdl": [
{
"node": "c",
"type": "sentence",
"id": "P334819.U2",
"label": "o 1 - r.e. 14",
"cdl": [
{
"node": "d",
"type": "line-start",
"ref": "P334819.2",
"n": "1",
"label": "o 1"}
,
{
"node": "l",
"frag": "a-na",
"id": "P334819.l00615",
"ref": "P334819.2.1",
"inst": "ana[to]PRP",
"sig": "@saao/saa16%akk-x-neoass:a-na=ana[to//to]PRP'PRP$ana",
"f": {"lang": "akk-x-neoass",
"form": "a-na",
"cf": "ana",
"gw": "to",
"sense": "to",
"norm": "ana",
"pos": "PRP",
"epos": "PRP"}
}
,
{
"node": "l",
"frag": "LUGAL",
"id": "P334819.l00616",
"ref": "P334819.2.2",
"inst": "šarri[king]N",
"sig": "@saao/saa16%akk-x-neoass:LUGAL=šarru[king//king]N'N$šarri",
"f": {"lang": "akk-x-neoass",
"form": "LUGAL",
"cf": "šarru",
"gw": "king",
"sense": "king",
"norm": "šarri",
"pos": "N",
"epos": "N"}
}
,
{
"node": "l",
"frag": "be-li₂-ia",
"id": "P334819.l00617",
"ref": "P334819.2.3",
"inst": "bēlīya[lord]N",
"sig": "@saao/saa16%akk-x-neoass:be-li₂-ia=bēlu[lord//lord]N'N$bēlīya",
"f": {"lang": "akk-x-neoass",
"form": "be-li₂-ia",
"cf": "bēlu",
"gw": "lord",
"sense": "lord",
"norm": "bēlīya",
"pos": "N",
"epos": "N"}
}
,
{
"node": "d",
"type": "line-start",
"ref": "P334819.3",
"n": "2",
"label": "o 2"}
,
{
"node": "l",
"frag": "ARAD-ka",
"id": "P334819.l00618",
"ref": "P334819.3.1",
"inst": "ardu[slave//servant]N$urdaka",
"sig": "@saao/saa16%akk-x-neoass:ARAD-ka=ardu[slave//servant]N'N$urdaka",
"f": {"lang": "akk-x-neoass",
"form": "ARAD-ka",
"cf": "ardu",
"gw": "slave",
"sense": "servant",
"norm": "urdaka",
"pos": "N",
"epos": "N"}
}
,
{
"node": "l",
"frag": "{1}aš-šur-DU₃-A",
"id": "P334819.l00619",
"ref": "P334819.3.2",
"inst": "Aššur-bani-apli[Assurbanipal]PN$",
"sig": "@saao/saa16%akk-x-neoass:{1}aš-šur-DU₃-A=Aššur-bani-apli[Assurbanipal//Assurbanipal]PN'PN$Aššur-bani-apli",
"f": {"lang": "akk-x-neoass",
"form": "{1}aš-šur-DU₃-A",
"cf": "Aššur-bani-apli",
"gw": "Assurbanipal",
"sense": "Assurbanipal",
"norm": "Aššur-bani-apli",
"pos": "PN",
"epos": "PN"}
}
,
{
"node": "d",
"type": "line-start",
"ref": "P334819.4",
"n": "3",
"label": "o 3"}
,
{
"node": "l",
"frag": "lu",
"id": "P334819.l0061a",
"ref": "P334819.4.1",
"inst": "lū[may]MOD",
"sig": "@saao/saa16%akk-x-neoass:lu=lū[may//may]MOD'MOD$lū",
"f": {"lang": "akk-x-neoass",
"form": "lu",
"cf": "lū",
"gw": "may",
"sense": "may",
"norm": "lū",
"pos": "MOD",
"epos": "MOD"}
}
,
{
"node": "l",
"frag": "DI",
"id": "P334819.l0061b",
"ref": "P334819.4.2",
"inst": "šulmu[completeness//health]N$",
"sig": "@saao/saa16%akk-x-neoass:DI=šulmu[completeness//health]N'N$šulmu",
"f": {"lang": "akk-x-neoass",
"form": "DI",
"cf": "šulmu",
"gw": "completeness",
"sense": "health",
"norm": "šulmu",
"pos": "N",
"epos": "N"}
}
,
{
"node": "l",
"frag": "a-na",
"id": "P334819.l0061c",
"ref": "P334819.4.3",
"inst": "ana[to]PRP",
"sig": "@saao/saa16%akk-x-neoass:a-na=ana[to//to]PRP'PRP$ana",
"f": {"lang": "akk-x-neoass",
"form": "a-na",
"cf": "ana",
"gw": "to",
"sense": "to",
"norm": "ana",
"pos": "PRP",
"epos": "PRP"}
}
,
{
"node": "l",
"frag": "LUGAL",
"id": "P334819.l0061d",
"ref": "P334819.4.4",
"inst": "šarri[king]N",
"sig": "@saao/saa16%akk-x-neoass:LUGAL=šarru[king//king]N'N$šarri",
"f": {"lang": "akk-x-neoass",
"form": "LUGAL",
"cf": "šarru",
"gw": "king",
"sense": "king",
"norm": "šarri",
"pos": "N",
"epos": "N"}
}
,
{
"node": "l",
"frag": "be-li₂-ia",
"id": "P334819.l0061e",
"ref": "P334819.4.5",
"inst": "bēlīya[lord]N",
"sig": "@saao/saa16%akk-x-neoass:be-li₂-ia=bēlu[lord//lord]N'N$bēlīya",
"f": {"lang": "akk-x-neoass",
"form": "be-li₂-ia",
"cf": "bēlu",
"gw": "lord",
"sense": "lord",
"norm": "bēlīya",
"pos": "N",
"epos": "N"}
}
,
{
"node": "d",
"type": "line-start",
"ref": "P334819.5",
"n": "4",
"label": "o 4"}
,
{
"node": "l",
"frag": "aš-šur",
"id": "P334819.l0061f",
"ref": "P334819.5.1",
"inst": "Aššur[1]DN",
"sig": "@saao/saa16%akk-x-neoass:aš-šur=Aššur[1//1]DN'DN$Aššur",
"f": {"lang": "akk-x-neoass",
"form": "aš-šur",
"cf": "Aššur",
"gw": "1",
"sense": "1",
"norm": "Aššur",
"pos": "DN",
"epos": "DN"}
}
,
{
"node": "l",
"frag": "{d}EN",
"id": "P334819.l00620",
"ref": "P334819.5.2",
"inst": "Bel[1]DN",
"sig": "@saao/saa16%akk-x-neoass:{d}EN=Bel[1//1]DN'DN$Bel",
"f": {"lang": "akk-x-neoass",
"form": "{d}EN",
"cf": "Bel",
"gw": "1",
"sense": "1",
"norm": "Bel",
"pos": "DN",
"epos": "DN"}
}
,
{
"node": "l",
"frag": "{d}PA",
"id": "P334819.l00621",
"ref": "P334819.5.3",
"inst": "Nabu[1]DN",
"sig": "@saao/saa16%akk-x-neoass:{d}PA=Nabu[1//1]DN'DN$Nabu",
"f": {"lang": "akk-x-neoass",
"form": "{d}PA",
"cf": "Nabu",
"gw": "1",
"sense": "1",
"norm": "Nabu",
"pos": "DN",
"epos": "DN"}
}
,
{
"node": "l",
"frag": "a-na",
"id": "P334819.l00622",
"ref": "P334819.5.4",
"inst": "ana[to]PRP",
"sig": "@saao/saa16%akk-x-neoass:a-na=ana[to//to]PRP'PRP$ana",
"f": {"lang": "akk-x-neoass",
"form": "a-na",
"cf": "ana",
"gw": "to",
"sense": "to",
"norm": "ana",
"pos": "PRP",
"epos": "PRP"}
}
,
{
"node": "l",
"frag": "MAN",
"id": "P334819.l00623",
"ref": "P334819.5.5",
"inst": "šarri[king]N",
"sig": "@saao/saa16%akk-x-neoass:MAN=šarru[king//king]N'N$šarri",
"f": {"lang": "akk-x-neoass",
"form": "MAN",
"cf": "šarru",
"gw": "king",
"sense": "king",
"norm": "šarri",
"pos": "N",
"epos": "N"}
}
,
{
"node": "l",
"frag": "EN-ia",
"id": "P334819.l00624",
"ref": "P334819.5.6",
"inst": "bēlīya[lord]N",
"sig": "@saao/saa16%akk-x-neoass:EN-ia=bēlu[lord//lord]N'N$bēlīya",
"f": {"lang": "akk-x-neoass",
"form": "EN-ia",
"cf": "bēlu",
"gw": "lord",
"sense": "lord",
"norm": "bēlīya",
"pos": "N",
"epos": "N"}
}
,
{
"node": "d",
"type": "line-start",
"ref": "P334819.6",
"n": "5",
"label": "o 5"}
,
{
"node": "l",
"frag": "lik-ru-bu",
"id": "P334819.l00625",
"ref": "P334819.6.1",
"inst": "likrubu[bless]V",
"sig": "@saao/saa16%akk-x-neoass:lik-ru-bu=karābu[pray//bless]V'V$likrubu",
"f": {"lang": "akk-x-neoass",
"form": "lik-ru-bu",
"cf": "karābu",
"gw": "pray",
"sense": "bless",
"norm": "likrubu",
"pos": "V",
"epos": "V"}
}
,
{
"node": "d",
"type": "line-start",
"ref": "P334819.7",
"n": "6",
"label": "o 6"}
,
{
"node": "c",
"type": "phrase",
"tag": "phr",
"id": "P334819.U4",
"ref": "P334819.ls00000",
"cdl": [
{
"node": "l",
"frag": "ina",
"id": "P334819.l00626",
"ref": "P334819.7.1",
"inst": "ina[in+=concerning]PRP$",
"sig": "@saao/saa16%akk-x-neoass:ina=ina[in//in]PRP'PRP$ina",
"f": {"lang": "akk-x-neoass",
"form": "ina",
"cf": "ina",
"gw": "in",
"sense": "in",
"norm": "ina",
"pos": "PRP",
"epos": "PRP"}
}
,
{
"node": "l",
"frag": "UGU",
"id": "P334819.l00627",
"ref": "P334819.7.2",
"inst": "muhhu[skull]N$muhhi",
"sig": "@saao/saa16%akk-x-neoass:UGU=muhhu[skull//skull]N'N$muhhi",
"f": {"lang": "akk-x-neoass",
"form": "UGU",
"cf": "muhhu",
"gw": "skull",
"sense": "skull",
"norm": "muhhi",
"pos": "N",
"epos": "N"}
}
]}
,
{
"node": "l",
"frag": "{1}ku-na-a.a",
"id": "P334819.l00628",
"ref": "P334819.7.3",
"inst": "Kunaya[1]PN$",
"sig": "@saao/saa16%akk-x-neoass:{1}ku-na-a.a=Kunaya[1//1]PN'PN$Kunaya",
"f": {"lang": "akk-x-neoass",
"form": "{1}ku-na-a.a",
"cf": "Kunaya",
"gw": "1",
"sense": "1",
"norm": "Kunaya",
"pos": "PN",
"epos": "PN"}
}
,
{
"node": "d",
"type": "line-start",
"ref": "P334819.8",
"n": "7",
"label": "o 7"}
,
{
"node": "l",
"frag": "{1}ku-dur₂-ru",
"id": "P334819.l00629",
"ref": "P334819.8.1",
"inst": "Kudurru[1]PN$",
"sig": "@saao/saa16%akk-x-neoass:{1}ku-dur₂-ru=Kudurru[1//1]PN'PN$Kudurru",
"f": {"lang": "akk-x-neoass",
"form": "{1}ku-dur₂-ru",
"cf": "Kudurru",
"gw": "1",
"sense": "1",
"norm": "Kudurru",
"pos": "PN",
"epos": "PN"}
}
,
{
"node": "l",
"frag": "ša₂",
"id": "P334819.l0062a",
"ref": "P334819.8.2",
"inst": "ša[who]REL",
"sig": "@saao/saa16%akk-x-neoass:ša₂=ša[that//who]REL'REL$ša",
"f": {"lang": "akk-x-neoass",
"form": "ša₂",
"cf": "ša",
"gw": "that",
"sense": "who",
"norm": "ša",
"pos": "REL",
"epos": "REL"}
}
,
{
"node": "l",
"frag": "MAN",
"id": "P334819.l0062b",
"ref": "P334819.8.3",
"inst": "šarru[king]N",
"sig": "@saao/saa16%akk-x-neoass:MAN=šarru[king//king]N'N$šarru",
"f": {"lang": "akk-x-neoass",
"form": "MAN",
"cf": "šarru",
"gw": "king",
"sense": "king",
"norm": "šarru",
"pos": "N",
"epos": "N"}
}
,
{
"node": "l",
"frag": "EN",
"id": "P334819.l0062c",
"ref": "P334819.8.4",
"inst": "bēlu[lord]N$bēlīya",
"sig": "@saao/saa16%akk-x-neoass:EN=bēlu[lord//lord]N'N$bēlīya",
"f": {"lang": "akk-x-neoass",
"form": "EN",
"cf": "bēlu",
"gw": "lord",
"sense": "lord",
"norm": "bēlīya",
"pos": "N",
"epos": "N"}
}
,
{
"node": "l",
"frag": "iq-bu-u-ni",
"id": "P334819.l0062d",
"ref": "P334819.8.5",
"inst": "iqbûni[say]V",
"sig": "@saao/saa16%akk-x-neoass:iq-bu-u-ni=qabû[say//say]V'V$iqbûni",
"f": {"lang": "akk-x-neoass",
"form": "iq-bu-u-ni",
"cf": "qabû",
"gw": "say",
"sense": "say",
"norm": "iqbûni",
"pos": "V",
"epos": "V"}
}
,
{
"node": "d",
"type": "line-start",
"ref": "P334819.9",
"n": "8",
"label": "o 8"}
,
{
"node": "l",
"frag": "ma-a",
"id": "P334819.l0062e",
"ref": "P334819.9.1",
"inst": "mā[saying]PRP",
"sig": "@saao/saa16%akk-x-neoass:ma-a=mā[saying//saying]PRP'PRP$mā",
"f": {"lang": "akk-x-neoass",
"form": "ma-a",
"cf": "mā",
"gw": "saying",
"sense": "saying",
"norm": "mā",
"pos": "PRP",
"epos": "PRP"}
}
,
{
"node": "l",
"frag": "šu-pur",
"id": "P334819.l0062f",
"ref": "P334819.9.2",
"inst": "šapāru[send]V$šupur",
"sig": "@saao/saa16%akk-x-neoass:šu-pur=šapāru[send//send]V'V$šupur",
"f": {"lang": "akk-x-neoass",
"form": "šu-pur",
"cf": "šapāru",
"gw": "send",
"sense": "send",
"norm": "šupur",
"pos": "V",
"epos": "V"}
}
,
{
"node": "l",
"frag": "liš-u-lu",
"id": "P334819.l00630",
"ref": "P334819.9.3",
"inst": "šâlu[ask]V$lišʾulu",
"sig": "@saao/saa16%akk-x-neoass:liš-u-lu=šâlu[ask//ask]V'V$lišʾulu",
"f": {"lang": "akk-x-neoass",
"form": "liš-u-lu",
"cf": "šâlu",
"gw": "ask",
"sense": "ask",
"norm": "lišʾulu",
"pos": "V",
"epos": "V"}
}
,
{
"node": "d",
"type": "line-start",
"ref": "P334819.10",
"n": "9",
"label": "o 9"}
,
{
"node": "l",
"frag": "a-na",
"id": "P334819.l00631",
"ref": "P334819.10.1",
"inst": "ana[to]PRP",
"sig": "@saao/saa16%akk-x-neoass:a-na=ana[to//to]PRP'PRP$ana",
"f": {"lang": "akk-x-neoass",
"form": "a-na",
"cf": "ana",
"gw": "to",
"sense": "to",
"norm": "ana",
"pos": "PRP",
"epos": "PRP"}
}
,
{
"node": "l",
"frag": "{1}sa-si-i",
"id": "P334819.l00632",
"ref": "P334819.10.2",
"inst": "Sasi[1]PN$",
"sig": "@saao/saa16%akk-x-neoass:{1}sa-si-i=Sasi[1//1]PN'PN$Sasi",
"f": {"lang": "akk-x-neoass",
"form": "{1}sa-si-i",
"cf": "Sasi",
"gw": "1",
"sense": "1",
"norm": "Sasi",
"pos": "PN",
"epos": "PN"}
}
,
{
"node": "d",
"type": "line-start",
"ref": "P334819.11",
"n": "10",
"label": "o 10"}
,
{
"node": "l",
"frag": "ma-a",
"id": "P334819.l00633",
"ref": "P334819.11.1",
"inst": "mā[saying]PRP",
"sig": "@saao/saa16%akk-x-neoass:ma-a=mā[saying//saying]PRP'PRP$mā",
"f": {"lang": "akk-x-neoass",
"form": "ma-a",
"cf": "mā",
"gw": "saying",
"sense": "saying",
"norm": "mā",
"pos": "PRP",
"epos": "PRP"}
}
,
{
"node": "l",
"frag": "šu-tu₂",
"id": "P334819.l00634",
"ref": "P334819.11.2",
"inst": "šūtu[he]IP",
"sig": "@saao/saa16%akk-x-neoass:šu-tu₂=šūtu[he//he]IP'IP$šūtu",
"f": {"lang": "akk-x-neoass",
"form": "šu-tu₂",
"cf": "šūtu",
"gw": "he",
"sense": "he",
"norm": "šūtu",
"pos": "IP",
"epos": "IP"}
}
,
{
"node": "l",
"frag": "[ṭe₃]-en-šu₂-[nu]",
"id": "P334819.l00635",
"ref": "P334819.11.3",
"inst": "ṭēnšunu[report]N",
"sig": "@saao/saa16%akk-x-neoass:ṭe₃-en-šu₂-nu=ṭēmu[(fore)thought//report]N'N$ṭēnšunu",
"f": {"lang": "akk-x-neoass",
"form": "ṭe₃-en-šu₂-nu",
"cf": "ṭēmu",
"gw": "(fore)thought",
"sense": "report",
"norm": "ṭēnšunu",
"pos": "N",
"epos": "N"}
}
,
{
"node": "d",
"type": "line-start",
"ref": "P334819.12",
"n": "11",
"label": "o 11"}
,
{
"node": "l",
"frag": "u₂-da",
"id": "P334819.l00636",
"ref": "P334819.12.1",
"inst": "ūda[know]V",
"sig": "@saao/saa16%akk-x-neoass:u₂-da=wadû[know//know]V'V$ūda",
"f": {"lang": "akk-x-neoass",
"form": "u₂-da",
"cf": "wadû",
"gw": "know",
"sense": "know",
"norm": "ūda",
"pos": "V",
"epos": "V"}
}
,
{
"node": "l",
"frag": "⸢ki⸣-[i]",
"id": "P334819.l00637",
"ref": "P334819.12.2",
"inst": "kî[like]PRP",
"sig": "@saao/saa16%akk-x-neoass:ki-i=kī[like//like]PRP'PRP$kî",
"f": {"lang": "akk-x-neoass",
"form": "ki-i",
"cf": "kī",
"gw": "like",
"sense": "like",
"norm": "kî",
"pos": "PRP",
"epos": "PRP"}
}
,
{
"node": "l",
"frag": "an-ni-i",
"id": "P334819.l00638",
"ref": "P334819.12.3",
"inst": "annî[this]DP",
"sig": "@saao/saa16%akk-x-neoass:an-ni-i=annû[this//this]DP'DP$annî",
"f": {"lang": "akk-x-neoass",
"form": "an-ni-i",
"cf": "annû",
"gw": "this",
"sense": "this",
"norm": "annî",
"pos": "DP",
"epos": "DP"}
}
,
{
"node": "d",
"type": "line-start",
"ref": "P334819.13",
"n": "12",
"label": "o 12"}
,
{
"node": "l",
"frag": "is-sap-[ra",
"id": "P334819.l00639",
"ref": "P334819.13.1",
"inst": "issapra[write]V",
"sig": "@saao/saa16%akk-x-neoass:is-sap-ra=šapāru[send//write]V'V$issapra",
"f": {"lang": "akk-x-neoass",
"form": "is-sap-ra",
"cf": "šapāru",
"gw": "send",
"sense": "write",
"norm": "issapra",
"pos": "V",
"epos": "V"}
}
,
{
"node": "l",
"frag": "ma-a]",
"id": "P334819.l0063a",
"ref": "P334819.13.2",
"inst": "mā[saying]PRP",
"sig": "@saao/saa16%akk-x-neoass:ma-a=mā[saying//saying]PRP'PRP$mā",
"f": {"lang": "akk-x-neoass",
"form": "ma-a",
"cf": "mā",
"gw": "saying",
"sense": "saying",
"norm": "mā",
"pos": "PRP",
"epos": "PRP"}
}
,
{
"node": "d",
"type": "line-start",
"ref": "P334819.14",
"n": "13",
"label": "o 13"}
,
{
"node": "l",
"frag": "[x",
"id": "P334819.l0063b",
"ref": "P334819.14.1",
"inst": "u",
"f": {"lang": "akk-x-neoass",
"form": "x",
"pos": "u"}
}
,
{
"node": "l",
"frag": "x",
"id": "P334819.l0063c",
"ref": "P334819.14.2",
"inst": "u",
"f": {"lang": "akk-x-neoass",
"form": "x",
"pos": "u"}
}
,
{
"node": "l",
"frag": "x",
"id": "P334819.l0063d",
"ref": "P334819.14.3",
"inst": "u",
"f": {"lang": "akk-x-neoass",
"form": "x",
"pos": "u"}
}
,
{
"node": "l",
"frag": "x",
"id": "P334819.l0063e",
"ref": "P334819.14.4",
"inst": "u",
"f": {"lang": "akk-x-neoass",
"form": "x",
"pos": "u"}
}
,
{
"node": "l",
"frag": "x",
"id": "P334819.l0063f",
"ref": "P334819.14.5",
"inst": "u",
"f": {"lang": "akk-x-neoass",
"form": "x",
"pos": "u"}
}
,
{
"node": "l",
"frag": "x",
"id": "P334819.l00640",
"ref": "P334819.14.6",
"inst": "u",
"f": {"lang": "akk-x-neoass",
"form": "x",
"pos": "u"}
}
,
{
"node": "l",
"frag": "x]",
"id": "P334819.l00641",
"ref": "P334819.14.7",
"inst": "u",
"f": {"lang": "akk-x-neoass",
"form": "x",
"pos": "u"}
}
,
{
"node": "d",
"type": "nonx",
"ref": "P334819.15",
"strict": "0",
"extent": "rest",
"state": "missing"}
,
{
"node": "d",
"subtype": "reverse",
"type": "surface",
"ref": "P334819.r.16",
"type": "reverse",
"label": "r"}
,
{
"node": "d",
"type": "nonx",
"ref": "P334819.17",
"strict": "0",
"extent": "beginning",
"state": "missing"}
,
{
"node": "d",
"type": "line-start",
"ref": "P334819.18",
"n": "1'",
"label": "r 1'"}
,
{
"node": "l",
"frag": "[x",
"id": "P334819.l00642",
"ref": "P334819.18.1",
"inst": "u",
"f": {"lang": "akk-x-neoass",
"form": "x",
"pos": "u"}
}
,
{
"node": "l",
"frag": "x",
"id": "P334819.l00643",
"ref": "P334819.18.2",
"inst": "u",
"f": {"lang": "akk-x-neoass",
"form": "x",
"pos": "u"}
}
,
{
"node": "l",
"frag": "x",
"id": "P334819.l00644",
"ref": "P334819.18.3",
"inst": "u",
"f": {"lang": "akk-x-neoass",
"form": "x",
"pos": "u"}
}
,
{
"node": "l",
"frag": "x",
"id": "P334819.l00645",
"ref": "P334819.18.4",
"inst": "u",
"f": {"lang": "akk-x-neoass",
"form": "x",
"pos": "u"}
}
,
{
"node": "l",
"frag": "x",
"id": "P334819.l00646",
"ref": "P334819.18.5",
"inst": "u",
"f": {"lang": "akk-x-neoass",
"form": "x",
"pos": "u"}
}
,
{
"node": "l",
"frag": "x]-te",
"id": "P334819.l00647",
"ref": "P334819.18.6",
"inst": "u",
"f": {"lang": "akk-x-neoass",
"form": "x-te",
"pos": "u"}
}
,
{
"node": "d",
"type": "line-start",
"ref": "P334819.19",
"n": "2'",
"label": "r 2'"}
,
{
"node": "l",
"frag": "⸢ma⸣-[a",
"id": "P334819.l00648",
"ref": "P334819.19.1",
"inst": "mā[saying]PRP",
"sig": "@saao/saa16%akk-x-neoass:ma-a=mā[saying//saying]PRP'PRP$mā",
"f": {"lang": "akk-x-neoass",
"form": "ma-a",
"cf": "mā",
"gw": "saying",
"sense": "saying",
"norm": "mā",
"pos": "PRP",
"epos": "PRP"}
}
,
{
"node": "l",
"frag": "{1}x",
"id": "P334819.l00649",
"ref": "P334819.19.2",
"inst": "u",
"f": {"lang": "akk-x-neoass",
"form": "{1}x",
"pos": "u"}
}
,
{
"node": "l",
"frag": "x",
"id": "P334819.l0064a",
"ref": "P334819.19.3",
"inst": "u",
"f": {"lang": "akk-x-neoass",
"form": "x",
"pos": "u"}
}
,
{
"node": "l",
"frag": "x",
"id": "P334819.l0064b",
"ref": "P334819.19.4",
"inst": "u",
"f": {"lang": "akk-x-neoass",
"form": "x",
"pos": "u"}
}
,
{
"node": "l",
"frag": "x]-a",
"id": "P334819.l0064c",
"ref": "P334819.19.5",
"inst": "u",
"f": {"lang": "akk-x-neoass",
"form": "x-a",
"pos": "u"}
}
,
{
"node": "d",
"type": "line-start",
"ref": "P334819.20",
"n": "3'",
"label": "r 3'"}
,
{
"node": "l",
"frag": "{lu₂v}kal₃-⸢da⸣-a.a",
"id": "P334819.l0064d",
"ref": "P334819.20.1",
"inst": "Kaldaya[Chaldean]EN$",
"sig": "@saao/saa16%akk-x-neoass:{LU₂}kal₃-da-a.a=Kaldaya[Chaldean//Chaldean]EN'EN$Kaldaya",
"f": {"lang": "akk-x-neoass",
"form": "{LU₂}kal₃-da-a.a",
"cf": "Kaldaya",
"gw": "Chaldean",
"sense": "Chaldean",
"norm": "Kaldaya",
"pos": "EN",
"epos": "EN"}
}
,
{
"node": "d",
"type": "line-start",
"ref": "P334819.21",
"n": "4'",
"label": "r 4'"}
,
{
"node": "l",
"frag": "a-mat",
"id": "P334819.l0064e",
"ref": "P334819.21.1",
"inst": "amat[order]N",
"sig": "@saao/saa16%akk-x-neoass:a-mat=awātu[word//order]N'N$amat",
"f": {"lang": "akk-x-neoass",
"form": "a-mat",
"cf": "awātu",
"gw": "word",
"sense": "order",
"norm": "amat",
"pos": "N",
"epos": "N"}
}
,
{
"node": "l",
"frag": "LUGAL",
"id": "P334819.l0064f",
"ref": "P334819.21.2",
"inst": "!šarri[king]N",
"sig": "@saao/saa16%akk-x-neoass:LUGAL=šarru[king//king]N'N$šarri",
"f": {"lang": "akk-x-neoass",
"form": "LUGAL",
"cf": "šarru",
"gw": "king",
"sense": "king",
"norm": "šarri",
"pos": "N",
"epos": "N"}
}
,
{
"node": "c",
"type": "phrase",
"tag": "phr",
"id": "P334819.U5",
"ref": "P334819.ls00001",
"cdl": [
{
"node": "l",
"frag": "ina",
"id": "P334819.l00650",
"ref": "P334819.21.3",
"inst": "ina[in+=on account of]PRP$",
"sig": "@saao/saa16%akk-x-neoass:ina=ina[in//in]PRP'PRP$ina",
"f": {"lang": "akk-x-neoass",
"form": "ina",
"cf": "ina",
"gw": "in",
"sense": "in",
"norm": "ina",
"pos": "PRP",
"epos": "PRP"}
}
,
{
"node": "l",
"frag": "UGU-šu₂-nu",
"id": "P334819.l00651",
"ref": "P334819.21.4",
"inst": "muhhu[skull]N$muhhišunu",
"sig": "@saao/saa16%akk-x-neoass:UGU-šu₂-nu=muhhu[skull//skull]N'N$muhhišunu",
"f": {"lang": "akk-x-neoass",
"form": "UGU-šu₂-nu",
"cf": "muhhu",
"gw": "skull",
"sense": "skull",
"norm": "muhhišunu",
"pos": "N",
"epos": "N"}
}
]}
,
{
"node": "d",
"type": "line-start",
"ref": "P334819.22",
"n": "5'",
"label": "r 5'"}
,
{
"node": "l",
"frag": "iz-za-kar",
"id": "P334819.l00652",
"ref": "P334819.22.1",
"inst": "izzakar[pronounce]V",
"sig": "@saao/saa16%akk-x-neoass:iz-za-kar=zakāru[speak//pronounce]V'V$izzakar",
"f": {"lang": "akk-x-neoass",
"form": "iz-za-kar",
"cf": "zakāru",
"gw": "speak",
"sense": "pronounce",
"norm": "izzakar",
"pos": "V",
"epos": "V"}
}
,
{
"node": "l",
"frag": "ma-a",
"id": "P334819.l00653",
"ref": "P334819.22.2",
"inst": "mā[saying]PRP",
"sig": "@saao/saa16%akk-x-neoass:ma-a=mā[saying//saying]PRP'PRP$mā",
"f": {"lang": "akk-x-neoass",
"form": "ma-a",
"cf": "mā",
"gw": "saying",
"sense": "saying",
"norm": "mā",
"pos": "PRP",
"epos": "PRP"}
}
,
{
"node": "d",
"frag": ":",
"type": "nonw",
"ref": "P334819.22.3",
"lang": "akk-x-neoass",
"type": "punct",
"gdl_delim": " "}
,
{
"node": "l",
"frag": "iq-ṭi-bi-u",
"id": "P334819.l00654",
"ref": "P334819.22.4",
"inst": "iqṭibiu[say]V",
"sig": "@saao/saa16%akk-x-neoass:iq-ṭi-bi-u=qabû[say//say]V'V$iqṭibiu",
"f": {"lang": "akk-x-neoass",
"form": "iq-ṭi-bi-u",
"cf": "qabû",
"gw": "say",
"sense": "say",
"norm": "iqṭibiu",
"pos": "V",
"epos": "V"}
}
,
{
"node": "d",
"type": "line-start",
"ref": "P334819.23",
"n": "6'",
"label": "r 6'"}
,
{
"node": "l",
"frag": "ma-a",
"id": "P334819.l00655",
"ref": "P334819.23.1",
"inst": "mā[saying]PRP",
"sig": "@saao/saa16%akk-x-neoass:ma-a=mā[saying//saying]PRP'PRP$mā",
"f": {"lang": "akk-x-neoass",
"form": "ma-a",
"cf": "mā",
"gw": "saying",
"sense": "saying",
"norm": "mā",
"pos": "PRP",
"epos": "PRP"}
}
,
{
"node": "l",
"frag": "{mi₂}[ar₂]-me-ti",
"id": "P334819.l00656",
"ref": "P334819.23.2",
"inst": "Armaya[Aramean]EN$Armeti",
"sig": "@saao/saa16%akk-x-neoass:{MI₂}ar₂-me-ti=Armaya[Aramean//Aramean]EN'EN$Armeti",
"f": {"lang": "akk-x-neoass",
"form": "{MI₂}ar₂-me-ti",
"cf": "Armaya",
"gw": "Aramean",
"sense": "Aramean",
"norm": "Armeti",
"pos": "EN",
"epos": "EN"}
}
,
{
"node": "d",
"type": "line-start",
"ref": "P334819.24",
"n": "7'",
"label": "r 7'"}
,
{
"node": "l",
"frag": "01-et",
"id": "P334819.l00657",
"ref": "P334819.24.1",
"inst": "ištēn[one]NU$issēt",
"sig": "@saao/saa16%akk-x-neoass:01-et=ištēn[one//one]NU'NU$issēt",
"f": {"lang": "akk-x-neoass",
"form": "01-et",
"cf": "ištēn",
"gw": "one",
"sense": "one",
"norm": "issēt",
"pos": "NU",
"epos": "NU"}
}
,
{
"node": "l",
"frag": "ma-a",
"id": "P334819.l00658",
"ref": "P334819.24.2",
"inst": "mā[saying]PRP",
"sig": "@saao/saa16%akk-x-neoass:ma-a=mā[saying//saying]PRP'PRP$mā",
"f": {"lang": "akk-x-neoass",
"form": "ma-a",
"cf": "mā",
"gw": "saying",
"sense": "saying",
"norm": "mā",
"pos": "PRP",
"epos": "PRP"}
}
,
{
"node": "l",
"frag": "{tug₂}hu-la-nu",
"id": "P334819.l00659",
"ref": "P334819.24.3",
"inst": "hullānu[(cloth) cover//cloak]N$",
"sig": "@saao/saa16%akk-x-neoass:{TUG₂}hu-la-nu=hullānu[(cloth) cover//cloak]N'N$hullānu",
"f": {"lang": "akk-x-neoass",
"form": "{TUG₂}hu-la-nu",
"cf": "hullānu",
"gw": "(cloth) cover",
"sense": "cloak",
"norm": "hullānu",
"pos": "N",
"epos": "N"}
}
,
{
"node": "d",
"type": "line-start",
"ref": "P334819.25",
"n": "8'",
"label": "r 8'"}
,
{
"node": "l",
"frag": "ina",
"id": "P334819.l0065a",
"ref": "P334819.25.1",
"inst": "ina[in+=on]PRP$",
"sig": "@saao/saa16%akk-x-neoass:ina=ina[in//in]PRP'PRP$ina",
"f": {"lang": "akk-x-neoass",
"form": "ina",
"cf": "ina",
"gw": "in",
"sense": "in",
"norm": "ina",
"pos": "PRP",
"epos": "PRP"}
}
,
{
"node": "l",
"frag": "GU₂-ša₂",
"id": "P334819.l0065b",
"ref": "P334819.25.2",
"inst": "labiānu[neck(-tendons)//neck]N$libānīša",
"sig": "@saao/saa16%akk-x-neoass:GU₂-ša₂=labiānu[neck(‑tendons)//neck]N'N$libānīša",
"f": {"lang": "akk-x-neoass",
"form": "GU₂-ša₂",
"cf": "labiānu",
"gw": "neck(‑tendons)",
"sense": "neck",
"norm": "libānīša",
"pos": "N",
"epos": "N"}
}
,
{
"node": "l",
"frag": "ta-kar-ra-ar₂",
"id": "P334819.l0065c",
"ref": "P334819.25.3",
"inst": "karāru[put (down)]V$takarrar",
"sig": "@saao/saa16%akk-x-neoass:ta-kar-ra-ar₂=karāru[put (down)//put (down)]V'V$takarrar",
"f": {"lang": "akk-x-neoass",
"form": "ta-kar-ra-ar₂",
"cf": "karāru",
"gw": "put (down)",
"sense": "put (down)",
"norm": "takarrar",
"pos": "V",
"epos": "V"}
}
,
{
"node": "d",
"type": "line-start",
"ref": "P334819.26",
"n": "9'",
"label": "r 9'"}
,
{
"node": "l",
"frag": "ma-a",
"id": "P334819.l0065d",
"ref": "P334819.26.1",
"inst": "mā[saying]PRP",
"sig": "@saao/saa16%akk-x-neoass:ma-a=mā[saying//saying]PRP'PRP$mā",
"f": {"lang": "akk-x-neoass",
"form": "ma-a",
"cf": "mā",
"gw": "saying",
"sense": "saying",
"norm": "mā",
"pos": "PRP",
"epos": "PRP"}
}
,
{
"node": "l",
"frag": "TA@v",
"id": "P334819.l0065e",
"ref": "P334819.26.2",
"inst": "issi[with]PRP",
"sig": "@saao/saa16%akk-x-neoass:TA@v=išti[with//with]PRP'PRP$issi",
"f": {"lang": "akk-x-neoass",
"form": "TA@v",
"cf": "išti",
"gw": "with",
"sense": "with",
"norm": "issi",
"pos": "PRP",
"epos": "PRP"}
}
,
{
"node": "l",
"frag": "ARAD-MEŠ",
"id": "P334819.l0065f",
"ref": "P334819.26.3",
"inst": "urdāni[servant]N",
"sig": "@saao/saa16%akk-x-neoass:ARAD-MEŠ=ardu[slave//servant]N'N$urdāni",
"f": {"lang": "akk-x-neoass",
"form": "ARAD-MEŠ",
"cf": "ardu",
"gw": "slave",
"sense": "servant",
"norm": "urdāni",
"pos": "N",
"epos": "N"}
}
,
{
"node": "l",
"frag": "ša",
"id": "P334819.l00660",
"ref": "P334819.26.4",
"inst": "ša[of]DET",
"sig": "@saao/saa16%akk-x-neoass:ša=ša[of//of]DET'DET$ša",
"f": {"lang": "akk-x-neoass",
"form": "ša",
"cf": "ša",
"gw": "of",
"sense": "of",
"norm": "ša",
"pos": "DET",
"epos": "DET"}
}
,
{
"node": "l",
"frag": "MAN",
"id": "P334819.l00661",
"ref": "P334819.26.5",
"inst": "šarri[king]N",
"sig": "@saao/saa16%akk-x-neoass:MAN=šarru[king//king]N'N$šarri",
"f": {"lang": "akk-x-neoass",
"form": "MAN",
"cf": "šarru",
"gw": "king",
"sense": "king",
"norm": "šarri",
"pos": "N",
"epos": "N"}
}
,
{
"node": "d",
"type": "line-start",
"ref": "P334819.27",
"n": "10'",
"label": "r 10'"}
,
{
"node": "l",
"frag": "ta-za-az",
"id": "P334819.l00662",
"ref": "P334819.27.1",
"inst": "izuzzu[stand]V$tazzaz",
"sig": "@saao/saa16%akk-x-neoass:ta-za-az=izuzzu[stand//stand]V'V$tazzaz",
"f": {"lang": "akk-x-neoass",
"form": "ta-za-az",
"cf": "izuzzu",
"gw": "stand",
"sense": "stand",
"norm": "tazzaz",
"pos": "V",
"epos": "V"}
}
,
{
"node": "l",
"frag": "ma",
"id": "P334819.l00663",
"ref": "P334819.27.2",
"inst": "mā[saying]PRP",
"sig": "@saao/saa16%akk-x-neoass:ma=mā[saying//saying]PRP'PRP$mā",
"f": {"lang": "akk-x-neoass",
"form": "ma",
"cf": "mā",
"gw": "saying",
"sense": "saying",
"norm": "mā",
"pos": "PRP",
"epos": "PRP"}
}
,
{
"node": "l",
"frag": "a-na-ku",
"id": "P334819.l00664",
"ref": "P334819.27.3",
"inst": "anāku[I]IP",
"sig": "@saao/saa16%akk-x-neoass:a-na-ku=anāku[I//I]IP'IP$anāku",
"f": {"lang": "akk-x-neoass",
"form": "a-na-ku",
"cf": "anāku",
"gw": "I",
"sense": "I",
"norm": "anāku",
"pos": "IP",
"epos": "IP"}
}
,
{
"node": "d",
"type": "line-start",
"ref": "P334819.28",
"n": "11'",
"label": "r 11'"}
,
{
"node": "l",
"frag": "TA@v",
"id": "P334819.l00665",
"ref": "P334819.28.1",
"inst": "issi[with]PRP",
"sig": "@saao/saa16%akk-x-neoass:TA@v=išti[with//with]PRP'PRP$issi",
"f": {"lang": "akk-x-neoass",
"form": "TA@v",
"cf": "išti",
"gw": "with",
"sense": "with",
"norm": "issi",
"pos": "PRP",
"epos": "PRP"}
}
,
{
"node": "l",
"frag": "{1}ab-di-mil-ki",
"id": "P334819.l00666",
"ref": "P334819.28.2",
"inst": "Abdi-Milki[1]PN$",
"sig": "@saao/saa16%akk-x-neoass:{1}ab-di-mil-ki=Abdi-Milki[1//1]PN'PN$Abdi-Milki",
"f": {"lang": "akk-x-neoass",
"form": "{1}ab-di-mil-ki",
"cf": "Abdi-Milki",
"gw": "1",
"sense": "1",
"norm": "Abdi-Milki",
"pos": "PN",
"epos": "PN"}
}
,
{
"node": "l",
"frag": "ni-sa-al-lam",
"id": "P334819.l00667",
"ref": "P334819.28.3",
"inst": "salāmu[be(come) at peace//make peace]V$nisallam",
"sig": "@saao/saa16%akk-x-neoass:ni-sa-al-lam=salāmu[be(come) at peace//make peace]V'V$nisallam",
"f": {"lang": "akk-x-neoass",
"form": "ni-sa-al-lam",
"cf": "salāmu",
"gw": "be(come) at peace",
"sense": "make peace",
"norm": "nisallam",
"pos": "V",
"epos": "V"}
}
,
{
"node": "d",
"type": "line-start",
"ref": "P334819.29",
"n": "12'",
"label": "r 12'"}
,
{
"node": "l",
"frag": "an-ni-ti",
"id": "P334819.l00668",
"ref": "P334819.29.1",
"inst": "annīti[this]DP",
"sig": "@saao/saa16%akk-x-neoass:an-ni-ti=annû[this//this]DP'DP$annīti",
"f": {"lang": "akk-x-neoass",
"form": "an-ni-ti",
"cf": "annû",
"gw": "this",
"sense": "this",
"norm": "annīti",
"pos": "DP",
"epos": "DP"}
}
,
{
"node": "l",
"frag": "tu₂",
"id": "P334819.l00669",
"ref": "P334819.29.2",
"inst": "u",
"f": {"lang": "akk-x-neoass",
"form": "tu₂",
"pos": "u"}
}
,
{
"node": "l",
"frag": "ša₂",
"id": "P334819.l0066a",
"ref": "P334819.29.3",
"inst": "u",
"f": {"lang": "akk-x-neoass",
"form": "ša₂",
"pos": "u"}
}
,
{
"node": "l",
"frag": "ha",
"id": "P334819.l0066b",
"ref": "P334819.29.4",
"inst": "u",
"f": {"lang": "akk-x-neoass",
"form": "ha",
"pos": "u"}
}
,
{
"node": "l",
"frag": "⸢x⸣+[x]",
"id": "P334819.l0066c",
"ref": "P334819.29.5",
"inst": "u",
"f": {"lang": "akk-x-neoass",
"form": "x+x",
"pos": "u"}
}
,
{
"node": "d",
"subtype": "right",
"type": "surface",
"ref": "P334819.r.e..30",
"type": "right",
"label": "r.e."}
,
{
"node": "d",
"type": "line-start",
"ref": "P334819.31",
"n": "13",
"label": "r.e. 13"}
,
{
"node": "l",
"frag": "ma-a",
"id": "P334819.l0066d",
"ref": "P334819.31.1",
"inst": "mā[saying]PRP",
"sig": "@saao/saa16%akk-x-neoass:ma-a=mā[saying//saying]PRP'PRP$mā",
"f": {"lang": "akk-x-neoass",
"form": "ma-a",
"cf": "mā",
"gw": "saying",
"sense": "saying",
"norm": "mā",
"pos": "PRP",
"epos": "PRP"}
}
,
{
"node": "l",
"frag": "e-gir₂-tu₂",
"id": "P334819.l0066e",
"ref": "P334819.31.2",
"inst": "egertu[letter]N",
"sig": "@saao/saa16%akk-x-neoass:e-gir₂-tu₂=egertu[inscribed tablet//letter]N'N$egertu",
"f": {"lang": "akk-x-neoass",
"form": "e-gir₂-tu₂",
"cf": "egertu",
"gw": "inscribed tablet",
"sense": "letter",
"norm": "egertu",
"pos": "N",
"epos": "N"}
}
,
{
"node": "l",
"frag": "ša₂",
"id": "P334819.l0066f",
"ref": "P334819.31.3",
"inst": "ša[of]DET",
"sig": "@saao/saa16%akk-x-neoass:ša₂=ša[of//of]DET'DET$ša",
"f": {"lang": "akk-x-neoass",
"form": "ša₂",
"cf": "ša",
"gw": "of",
"sense": "of",
"norm": "ša",
"pos": "DET",
"epos": "DET"}
}
,
{
"node": "l",
"frag": "ṭe₃-[me]",
"id": "P334819.l00670",
"ref": "P334819.31.4",
"inst": "ṭēme[report]N",
"sig": "@saao/saa16%akk-x-neoass:ṭe₃-me=ṭēmu[(fore)thought//report]N'N$ṭēme",
"f": {"lang": "akk-x-neoass",
"form": "ṭe₃-me",
"cf": "ṭēmu",
"gw": "(fore)thought",
"sense": "report",
"norm": "ṭēme",
"pos": "N",
"epos": "N"}
}
,
{
"node": "d",
"type": "line-start",
"ref": "P334819.32",
"n": "14",
"label": "r.e. 14"}
,
{
"node": "l",
"frag": "le-mu-ru",
"id": "P334819.l00671",
"ref": "P334819.32.1",
"inst": "lēmuru[see]V",
"sig": "@saao/saa16%akk-x-neoass:le-mu-ru=amāru[see//see]V'V$lēmuru",
"f": {"lang": "akk-x-neoass",
"form": "le-mu-ru",
"cf": "amāru",
"gw": "see",
"sense": "see",
"norm": "lēmuru",
"pos": "V",
"epos": "V"}
}
]}
]}
]}
,
{
"linkbase": [{
"type": "linkset",
"xlink_title": "ina muhhi[on//about]PRP'PRP",
"id": "P334819.ls00000",
"xlink_type": "extended",
"xlink_role": "psu",
"sig": "{ina[in]PRP muhhu[skull]N += ina muhhi[on//about]PRP'PRP}::@saao%akk-x-neoass:ina=ina[in//into]PRP'PRP$ina++@saao%akk-x-neoass:UGU=muhhu[skull//skull]N'N$muhhi",
"links": [
{
"type": "link",
"xlink_title": "ina",
"xlink_type": "locator",
"xlink_href": "#P334819.l00626",
"xlink_role": "elt"}
,
{
"type": "link",
"xlink_title": "muhhu",
"xlink_type": "locator",
"xlink_href": "#P334819.l00627",
"xlink_role": "elt"}
]}
,
{
"type": "linkset",
"xlink_title": "ina muhhi[on//about]PRP'PRP",
"id": "P334819.ls00001",
"xlink_type": "extended",
"xlink_role": "psu",
"sig": "{ina[in]PRP muhhu[skull]N += ina muhhi[on//about]PRP'PRP}::@saao%akk-x-neoass:ina=ina[in//into]PRP'PRP$ina++@saao%akk-x-neoass:UGU-šu₂-nu=muhhu[skull//skull]N'N$muhhišunu",
"links": [
{
"type": "link",
"xlink_title": "ina",
"xlink_type": "locator",
"xlink_href": "#P334819.l00650",
"xlink_role": "elt"}
,
{
"type": "link",
"xlink_title": "muhhu",
"xlink_type": "locator",
"xlink_href": "#P334819.l00651",
"xlink_role": "elt"}
]}
]}
]}
