{
"type": "cdl",
  "source": "http://oracc.org/saao/saa16",
  "license": "This data is released under the CC0 license",
  "license-url": "https://creativecommons.org/publicdomain/zero/1.0/",
  "more-info": "http://oracc.org/doc/opendata/",
  "UTC-timestamp": "2017-05-19T11:56:07",
"project": "saao/saa16",
"textid": "P334265",
"cdl": [
{
"node": "c",
"type": "text",
"id": "P334265.U0",
"cdl": [
{
"node": "d",
"type": "object",
"ref": ""}
,
{
"node": "d",
"subtype": "obverse",
"type": "surface",
"ref": "P334265.o.1",
"type": "obverse",
"label": "o"}
,
{
"node": "c",
"type": "discourse",
"subtype": "body",
"id": "P334265.U1",
"cdl": [
{
"node": "c",
"type": "sentence",
"id": "P334265.U2",
"label": "o 1 - r 6",
"cdl": [
{
"node": "d",
"type": "line-start",
"ref": "P334265.2",
"n": "1",
"label": "o 1"}
,
{
"node": "l",
"frag": "a-na",
"id": "P334265.l032e7",
"ref": "P334265.2.1",
"inst": "ana[to]PRP",
"sig": "@saao/saa16%akk-x-neoass:a-na=ana[to//to]PRP'PRP$ana",
"f": {"lang": "akk-x-neoass",
"form": "a-na",
"cf": "ana",
"gw": "to",
"sense": "to",
"norm": "ana",
"pos": "PRP",
"epos": "PRP"}
}
,
{
"node": "l",
"frag": "LUGAL",
"id": "P334265.l032e8",
"ref": "P334265.2.2",
"inst": "šarri[king]N",
"sig": "@saao/saa16%akk-x-neoass:LUGAL=šarru[king//king]N'N$šarri",
"f": {"lang": "akk-x-neoass",
"form": "LUGAL",
"cf": "šarru",
"gw": "king",
"sense": "king",
"norm": "šarri",
"pos": "N",
"epos": "N"}
}
,
{
"node": "l",
"frag": "be-li₂-ia",
"id": "P334265.l032e9",
"ref": "P334265.2.3",
"inst": "bēlīya[lord]N",
"sig": "@saao/saa16%akk-x-neoass:be-li₂-ia=bēlu[lord//lord]N'N$bēlīya",
"f": {"lang": "akk-x-neoass",
"form": "be-li₂-ia",
"cf": "bēlu",
"gw": "lord",
"sense": "lord",
"norm": "bēlīya",
"pos": "N",
"epos": "N"}
}
,
{
"node": "d",
"type": "line-start",
"ref": "P334265.3",
"n": "2",
"label": "o 2"}
,
{
"node": "l",
"frag": "ARAD-ka",
"id": "P334265.l032ea",
"ref": "P334265.3.1",
"inst": "urdaka[servant]N",
"sig": "@saao/saa16%akk-x-neoass:ARAD-ka=ardu[slave//servant]N'N$urdaka",
"f": {"lang": "akk-x-neoass",
"form": "ARAD-ka",
"cf": "ardu",
"gw": "slave",
"sense": "servant",
"norm": "urdaka",
"pos": "N",
"epos": "N"}
}
,
{
"node": "l",
"frag": "{1}EN-BA-ša₂",
"id": "P334265.l032eb",
"ref": "P334265.3.2",
"inst": "Bel-iqiša[1]PN$",
"sig": "@saao/saa16%akk-x-neoass:{1}EN-BA-ša₂=Bel-iqiša[1//1]PN'PN$Bel-iqiša",
"f": {"lang": "akk-x-neoass",
"form": "{1}EN-BA-ša₂",
"cf": "Bel-iqiša",
"gw": "1",
"sense": "1",
"norm": "Bel-iqiša",
"pos": "PN",
"epos": "PN"}
}
,
{
"node": "d",
"type": "line-start",
"ref": "P334265.4",
"n": "3",
"label": "o 3"}
,
{
"node": "l",
"frag": "lu",
"id": "P334265.l032ec",
"ref": "P334265.4.1",
"inst": "lū[may]MOD",
"sig": "@saao/saa16%akk-x-neoass:lu=lū[may//may]MOD'MOD$lū",
"f": {"lang": "akk-x-neoass",
"form": "lu",
"cf": "lū",
"gw": "may",
"sense": "may",
"norm": "lū",
"pos": "MOD",
"epos": "MOD"}
}
,
{
"node": "l",
"frag": "DI-mu",
"id": "P334265.l032ed",
"ref": "P334265.4.2",
"inst": "šulmu[health]N",
"sig": "@saao/saa16%akk-x-neoass:DI-mu=šulmu[completeness//health]N'N$šulmu",
"f": {"lang": "akk-x-neoass",
"form": "DI-mu",
"cf": "šulmu",
"gw": "completeness",
"sense": "health",
"norm": "šulmu",
"pos": "N",
"epos": "N"}
}
,
{
"node": "l",
"frag": "a-na",
"id": "P334265.l032ee",
"ref": "P334265.4.3",
"inst": "ana[to]PRP",
"sig": "@saao/saa16%akk-x-neoass:a-na=ana[to//to]PRP'PRP$ana",
"f": {"lang": "akk-x-neoass",
"form": "a-na",
"cf": "ana",
"gw": "to",
"sense": "to",
"norm": "ana",
"pos": "PRP",
"epos": "PRP"}
}
,
{
"node": "l",
"frag": "LUGAL",
"id": "P334265.l032ef",
"ref": "P334265.4.4",
"inst": "šarri[king]N",
"sig": "@saao/saa16%akk-x-neoass:LUGAL=šarru[king//king]N'N$šarri",
"f": {"lang": "akk-x-neoass",
"form": "LUGAL",
"cf": "šarru",
"gw": "king",
"sense": "king",
"norm": "šarri",
"pos": "N",
"epos": "N"}
}
,
{
"node": "l",
"frag": "EN-ia₂",
"id": "P334265.l032f0",
"ref": "P334265.4.5",
"inst": "bēlīya[lord]N",
"sig": "@saao/saa16%akk-x-neoass:EN-ia₂=bēlu[lord//lord]N'N$bēlīya",
"f": {"lang": "akk-x-neoass",
"form": "EN-ia₂",
"cf": "bēlu",
"gw": "lord",
"sense": "lord",
"norm": "bēlīya",
"pos": "N",
"epos": "N"}
}
,
{
"node": "d",
"type": "line-start",
"ref": "P334265.5",
"n": "4",
"label": "o 4"}
,
{
"node": "l",
"frag": "{d}AG",
"id": "P334265.l032f1",
"ref": "P334265.5.1",
"inst": "Nabu[1]DN",
"sig": "@saao/saa16%akk-x-neoass:{d}AG=Nabu[1//1]DN'DN$Nabu",
"f": {"lang": "akk-x-neoass",
"form": "{d}AG",
"cf": "Nabu",
"gw": "1",
"sense": "1",
"norm": "Nabu",
"pos": "DN",
"epos": "DN"}
}
,
{
"node": "l",
"frag": "u₃",
"id": "P334265.l032f2",
"ref": "P334265.5.2",
"inst": "u[and]CNJ",
"sig": "@saao/saa16%akk-x-neoass:u₃=u[and//and]CNJ'CNJ$u",
"f": {"lang": "akk-x-neoass",
"form": "u₃",
"cf": "u",
"gw": "and",
"sense": "and",
"norm": "u",
"pos": "CNJ",
"epos": "CNJ"}
}
,
{
"node": "l",
"frag": "{d}AMAR.UTU",
"id": "P334265.l032f3",
"ref": "P334265.5.3",
"inst": "Marduk[1]DN",
"sig": "@saao/saa16%akk-x-neoass:{d}AMAR.UTU=Marduk[1//1]DN'DN$Marduk",
"f": {"lang": "akk-x-neoass",
"form": "{d}AMAR.UTU",
"cf": "Marduk",
"gw": "1",
"sense": "1",
"norm": "Marduk",
"pos": "DN",
"epos": "DN"}
}
,
{
"node": "d",
"type": "line-start",
"ref": "P334265.6",
"n": "5",
"label": "o 5"}
,
{
"node": "l",
"frag": "a-na",
"id": "P334265.l032f4",
"ref": "P334265.6.1",
"inst": "ana[to]PRP",
"sig": "@saao/saa16%akk-x-neoass:a-na=ana[to//to]PRP'PRP$ana",
"f": {"lang": "akk-x-neoass",
"form": "a-na",
"cf": "ana",
"gw": "to",
"sense": "to",
"norm": "ana",
"pos": "PRP",
"epos": "PRP"}
}
,
{
"node": "l",
"frag": "LUGAL",
"id": "P334265.l032f5",
"ref": "P334265.6.2",
"inst": "šarri[king]N",
"sig": "@saao/saa16%akk-x-neoass:LUGAL=šarru[king//king]N'N$šarri",
"f": {"lang": "akk-x-neoass",
"form": "LUGAL",
"cf": "šarru",
"gw": "king",
"sense": "king",
"norm": "šarri",
"pos": "N",
"epos": "N"}
}
,
{
"node": "l",
"frag": "EN-ia",
"id": "P334265.l032f6",
"ref": "P334265.6.3",
"inst": "bēlīya[lord]N",
"sig": "@saao/saa16%akk-x-neoass:EN-ia=bēlu[lord//lord]N'N$bēlīya",
"f": {"lang": "akk-x-neoass",
"form": "EN-ia",
"cf": "bēlu",
"gw": "lord",
"sense": "lord",
"norm": "bēlīya",
"pos": "N",
"epos": "N"}
}
,
{
"node": "l",
"frag": "a-dan-niš",
"id": "P334265.l032f7",
"ref": "P334265.6.4",
"inst": "adanniš[very much]AV",
"sig": "@saao/saa16%akk-x-neoass:a-dan-niš=adanniš[very much//very much]AV'AV$adanniš",
"f": {"lang": "akk-x-neoass",
"form": "a-dan-niš",
"cf": "adanniš",
"gw": "very much",
"sense": "very much",
"norm": "adanniš",
"pos": "AV",
"epos": "AV"}
}
,
{
"node": "d",
"type": "line-start",
"ref": "P334265.7",
"n": "6",
"label": "o 6"}
,
{
"node": "l",
"frag": "a-dan-niš",
"id": "P334265.l032f8",
"ref": "P334265.7.1",
"inst": "adanniš[very much]AV",
"sig": "@saao/saa16%akk-x-neoass:a-dan-niš=adanniš[very much//very much]AV'AV$adanniš",
"f": {"lang": "akk-x-neoass",
"form": "a-dan-niš",
"cf": "adanniš",
"gw": "very much",
"sense": "very much",
"norm": "adanniš",
"pos": "AV",
"epos": "AV"}
}
,
{
"node": "l",
"frag": "lik-ru-bu",
"id": "P334265.l032f9",
"ref": "P334265.7.2",
"inst": "likrubu[bless]V",
"sig": "@saao/saa16%akk-x-neoass:lik-ru-bu=karābu[pray//bless]V'V$likrubu",
"f": {"lang": "akk-x-neoass",
"form": "lik-ru-bu",
"cf": "karābu",
"gw": "pray",
"sense": "bless",
"norm": "likrubu",
"pos": "V",
"epos": "V"}
}
,
{
"node": "d",
"type": "line-start",
"ref": "P334265.8",
"n": "7",
"label": "o 7"}
,
{
"node": "c",
"type": "phrase",
"tag": "phr",
"id": "P334265.U4",
"ref": "P334265.ls00000",
"cdl": [
{
"node": "l",
"frag": "ina",
"id": "P334265.l032fa",
"ref": "P334265.8.1",
"inst": "ina[in+=concerning]PRP$",
"sig": "@saao/saa16%akk-x-neoass:ina=ina[in//in]PRP'PRP$ina",
"f": {"lang": "akk-x-neoass",
"form": "ina",
"cf": "ina",
"gw": "in",
"sense": "in",
"norm": "ina",
"pos": "PRP",
"epos": "PRP"}
}
,
{
"node": "l",
"frag": "UGU-hi",
"id": "P334265.l032fb",
"ref": "P334265.8.2",
"inst": "muhhi[skull]N",
"sig": "@saao/saa16%akk-x-neoass:UGU-hi=muhhu[skull//skull]N'N$muhhi",
"f": {"lang": "akk-x-neoass",
"form": "UGU-hi",
"cf": "muhhu",
"gw": "skull",
"sense": "skull",
"norm": "muhhi",
"pos": "N",
"epos": "N"}
}
]}
,
{
"node": "l",
"frag": "E₂",
"id": "P334265.l032fc",
"ref": "P334265.8.3",
"inst": "bēt[house]N",
"sig": "@saao/saa16%akk-x-neoass:E₂=bītu[house//house]N'N$bēt",
"f": {"lang": "akk-x-neoass",
"form": "E₂",
"cf": "bītu",
"gw": "house",
"sense": "house",
"norm": "bēt",
"pos": "N",
"epos": "N"}
}
,
{
"node": "c",
"type": "phrase",
"tag": "phr",
"id": "P334265.U5",
"ref": "P334265.ls00001",
"cdl": [
{
"node": "l",
"frag": "MI₂-E₂.GAL",
"id": "P334265.l032fd",
"ref": "P334265.8.4",
"cof-tails": "P334265.l032fe",
"inst": "!sinništu[woman]N$issi&ēkallu[palace]N$ēkalli",
"sig": "@saao/saa16%akk-x-neoass:MI₂-E₂.GAL=sinništu[woman//woman]N'N$issi&&@saao%akk-x-neoass:=ēkallu[palace//palace]N'N$ēkalli",
"f": {"lang": "akk-x-neoass",
"form": "MI₂-E₂.GAL",
"cf": "sinništu",
"gw": "woman",
"sense": "woman",
"norm": "issi",
"pos": "N",
"epos": "N"}
}
,
{
"node": "l",
"frag": "MI₂-E₂.GAL",
"id": "P334265.l032fe",
"ref": "P334265.8.4",
"cof-head": "P334265.l032fd",
"inst": "!sinništu[woman]N$issi&ēkallu[palace]N$ēkalli",
"tail-sig": "@saao%akk-x-neoass:=ēkallu[palace//palace]N'N$ēkalli",
"f": {"lang": "akk-x-neoass",
"form": "MI₂-E₂.GAL",
"cf": "ēkallu",
"gw": "palace",
"sense": "palace",
"norm": "ēkalli",
"pos": "N",
"epos": "N"}
}
]}
,
{
"node": "d",
"type": "line-start",
"ref": "P334265.9",
"n": "8",
"label": "o 8"}
,
{
"node": "l",
"frag": "ša",
"id": "P334265.l032ff",
"ref": "P334265.9.1",
"inst": "ša[which]REL",
"sig": "@saao/saa16%akk-x-neoass:ša=ša[that//which]REL'REL$ša",
"f": {"lang": "akk-x-neoass",
"form": "ša",
"cf": "ša",
"gw": "that",
"sense": "which",
"norm": "ša",
"pos": "REL",
"epos": "REL"}
}
,
{
"node": "l",
"frag": "ina",
"id": "P334265.l03300",
"ref": "P334265.9.2",
"inst": "ina[in]PRP",
"sig": "@saao/saa16%akk-x-neoass:ina=ina[in//in]PRP'PRP$ina",
"f": {"lang": "akk-x-neoass",
"form": "ina",
"cf": "ina",
"gw": "in",
"sense": "in",
"norm": "ina",
"pos": "PRP",
"epos": "PRP"}
}
,
{
"node": "l",
"frag": "{uru}kal₃-zi",
"id": "P334265.l03301",
"ref": "P334265.9.3",
"inst": "Kalzi[1]GN",
"sig": "@saao/saa16%akk-x-neoass:{URU}kal₃-zi=Kilizi[1//1]GN'GN$Kalzi",
"f": {"lang": "akk-x-neoass",
"form": "{URU}kal₃-zi",
"cf": "Kilizi",
"gw": "1",
"sense": "1",
"norm": "Kalzi",
"pos": "GN",
"epos": "GN"}
}
,
{
"node": "d",
"type": "line-start",
"ref": "P334265.10",
"n": "9",
"label": "o 9"}
,
{
"node": "l",
"frag": "ša",
"id": "P334265.l03302",
"ref": "P334265.10.1",
"inst": "ša[which]REL",
"sig": "@saao/saa16%akk-x-neoass:ša=ša[that//which]REL'REL$ša",
"f": {"lang": "akk-x-neoass",
"form": "ša",
"cf": "ša",
"gw": "that",
"sense": "which",
"norm": "ša",
"pos": "REL",
"epos": "REL"}
}
,
{
"node": "l",
"frag": "LUGAL",
"id": "P334265.l03303",
"ref": "P334265.10.2",
"inst": "šarru[king]N",
"sig": "@saao/saa16%akk-x-neoass:LUGAL=šarru[king//king]N'N$šarru",
"f": {"lang": "akk-x-neoass",
"form": "LUGAL",
"cf": "šarru",
"gw": "king",
"sense": "king",
"norm": "šarru",
"pos": "N",
"epos": "N"}
}
,
{
"node": "l",
"frag": "be-li₂",
"id": "P334265.l03304",
"ref": "P334265.10.3",
"inst": "bēlī[lord]N",
"sig": "@saao/saa16%akk-x-neoass:be-li₂=bēlu[lord//lord]N'N$bēlī",
"f": {"lang": "akk-x-neoass",
"form": "be-li₂",
"cf": "bēlu",
"gw": "lord",
"sense": "lord",
"norm": "bēlī",
"pos": "N",
"epos": "N"}
}
,
{
"node": "l",
"frag": "ip-qi-da-ni-ni",
"id": "P334265.l03305",
"ref": "P334265.10.4",
"inst": "paqādu[entrust]V$ipqidannīni",
"sig": "@saao/saa16%akk-x-neoass:ip-qi-da-ni-ni=paqādu[entrust//entrust]V'V$ipqidannīni",
"f": {"lang": "akk-x-neoass",
"form": "ip-qi-da-ni-ni",
"cf": "paqādu",
"gw": "entrust",
"sense": "entrust",
"norm": "ipqidannīni",
"pos": "V",
"epos": "V"}
}
,
{
"node": "d",
"type": "line-start",
"ref": "P334265.11",
"n": "10",
"label": "o 10"}
,
{
"node": "l",
"frag": "E₂",
"id": "P334265.l03306",
"ref": "P334265.11.1",
"inst": "bētu[house]N",
"sig": "@saao/saa16%akk-x-neoass:E₂=bītu[house//house]N'N$bētu",
"f": {"lang": "akk-x-neoass",
"form": "E₂",
"cf": "bītu",
"gw": "house",
"sense": "house",
"norm": "bētu",
"pos": "N",
"epos": "N"}
}
,
{
"node": "l",
"frag": "up-ta-ṭi-ir",
"id": "P334265.l03307",
"ref": "P334265.11.2",
"inst": "uptaṭṭir[demolish]V",
"sig": "@saao/saa16%akk-x-neoass:up-ta-ṭi-ir=paṭāru[loosen//demolish]V'V$uptaṭṭir",
"f": {"lang": "akk-x-neoass",
"form": "up-ta-ṭi-ir",
"cf": "paṭāru",
"gw": "loosen",
"sense": "demolish",
"norm": "uptaṭṭir",
"pos": "V",
"epos": "V"}
}
,
{
"node": "d",
"type": "line-start",
"ref": "P334265.12",
"n": "11",
"label": "o 11"}
,
{
"node": "l",
"frag": "E₂",
"id": "P334265.l03308",
"ref": "P334265.12.1",
"inst": "bētu[plot of land]N",
"sig": "@saao/saa16%akk-x-neoass:E₂=bītu[house//plot of land]N'N$bētu",
"f": {"lang": "akk-x-neoass",
"form": "E₂",
"cf": "bītu",
"gw": "house",
"sense": "plot of land",
"norm": "bētu",
"pos": "N",
"epos": "N"}
}
,
{
"node": "l",
"frag": "uš-še",
"id": "P334265.l03309",
"ref": "P334265.12.2",
"inst": "uššē[foundation(s)]N",
"sig": "@saao/saa16%akk-x-neoass:uš-še=uššu[foundation(s)//foundation(s)]N'N$uššē",
"f": {"lang": "akk-x-neoass",
"form": "uš-še",
"cf": "uššu",
"gw": "foundation(s)",
"sense": "foundation(s)",
"norm": "uššē",
"pos": "N",
"epos": "N"}
}
,
{
"node": "l",
"frag": "pa-te",
"id": "P334265.l0330a",
"ref": "P334265.12.3",
"inst": "pate[open]AJ",
"sig": "@saao/saa16%akk-x-neoass:pa-te=petû[open//open]AJ'AJ$pate",
"f": {"lang": "akk-x-neoass",
"form": "pa-te",
"cf": "petû",
"gw": "open",
"sense": "open",
"norm": "pate",
"pos": "AJ",
"epos": "AJ"}
}
,
{
"node": "d",
"type": "line-start",
"ref": "P334265.13",
"n": "12",
"label": "o 12"}
,
{
"node": "l",
"frag": "uš-še",
"id": "P334265.l0330b",
"ref": "P334265.13.1",
"inst": "uššē[foundation(s)]N",
"sig": "@saao/saa16%akk-x-neoass:uš-še=uššu[foundation(s)//foundation(s)]N'N$uššē",
"f": {"lang": "akk-x-neoass",
"form": "uš-še",
"cf": "uššu",
"gw": "foundation(s)",
"sense": "foundation(s)",
"norm": "uššē",
"pos": "N",
"epos": "N"}
}
,
{
"node": "l",
"frag": "a-na",
"id": "P334265.l0330c",
"ref": "P334265.13.2",
"inst": "ana[to]PRP",
"sig": "@saao/saa16%akk-x-neoass:a-na=ana[to//to]PRP'PRP$ana",
"f": {"lang": "akk-x-neoass",
"form": "a-na",
"cf": "ana",
"gw": "to",
"sense": "to",
"norm": "ana",
"pos": "PRP",
"epos": "PRP"}
}
,
{
"node": "l",
"frag": "ka-ra-ri",
"id": "P334265.l0330d",
"ref": "P334265.13.3",
"inst": "karāru[put (down)//throwing down]V'N$karāri",
"sig": "@saao/saa16%akk-x-neoass:ka-ra-ri=karāru[put (down)//throwing down]V'N$karāri",
"f": {"lang": "akk-x-neoass",
"form": "ka-ra-ri",
"cf": "karāru",
"gw": "put (down)",
"sense": "throwing down",
"norm": "karāri",
"pos": "V",
"epos": "N"}
}
,
{
"node": "d",
"subtype": "reverse",
"type": "surface",
"ref": "P334265.r.14",
"type": "reverse",
"label": "r"}
,
{
"node": "d",
"type": "line-start",
"ref": "P334265.15",
"n": "1",
"label": "r 1"}
,
{
"node": "l",
"frag": "SIG₄-MEŠ",
"id": "P334265.l0330e",
"ref": "P334265.15.1",
"inst": "libittāti[mudbrick]N",
"sig": "@saao/saa16%akk-x-neoass:SIG₄-MEŠ=libittu[mudbrick//mudbrick]N'N$libittāti",
"f": {"lang": "akk-x-neoass",
"form": "SIG₄-MEŠ",
"cf": "libittu",
"gw": "mudbrick",
"sense": "mudbrick",
"norm": "libittāti",
"pos": "N",
"epos": "N"}
}
,
{
"node": "l",
"frag": "kar-mat",
"id": "P334265.l0330f",
"ref": "P334265.15.2",
"inst": "karmu[stored//stocked up]AJ$karmat",
"sig": "@saao/saa16%akk-x-neoass:kar-mat=karmu[stored//stocked up]AJ'AJ$karmat",
"f": {"lang": "akk-x-neoass",
"form": "kar-mat",
"cf": "karmu",
"gw": "stored",
"sense": "stocked up",
"norm": "karmat",
"pos": "AJ",
"epos": "AJ"}
}
,
{
"node": "d",
"type": "line-start",
"ref": "P334265.16",
"n": "2",
"label": "r 2"}
,
{
"node": "l",
"frag": "šum-ma",
"id": "P334265.l03310",
"ref": "P334265.16.1",
"inst": "šumma[if]MOD",
"sig": "@saao/saa16%akk-x-neoass:šum-ma=šumma[if//if]MOD'MOD$šumma",
"f": {"lang": "akk-x-neoass",
"form": "šum-ma",
"cf": "šumma",
"gw": "if",
"sense": "if",
"norm": "šumma",
"pos": "MOD",
"epos": "MOD"}
}
,
{
"node": "l",
"frag": "LUGAL",
"id": "P334265.l03311",
"ref": "P334265.16.2",
"inst": "šarru[king]N",
"sig": "@saao/saa16%akk-x-neoass:LUGAL=šarru[king//king]N'N$šarru",
"f": {"lang": "akk-x-neoass",
"form": "LUGAL",
"cf": "šarru",
"gw": "king",
"sense": "king",
"norm": "šarru",
"pos": "N",
"epos": "N"}
}
,
{
"node": "l",
"frag": "be-li₂",
"id": "P334265.l03312",
"ref": "P334265.16.3",
"inst": "bēlī[lord]N",
"sig": "@saao/saa16%akk-x-neoass:be-li₂=bēlu[lord//lord]N'N$bēlī",
"f": {"lang": "akk-x-neoass",
"form": "be-li₂",
"cf": "bēlu",
"gw": "lord",
"sense": "lord",
"norm": "bēlī",
"pos": "N",
"epos": "N"}
}
,
{
"node": "l",
"frag": "i-qab-bi",
"id": "P334265.l03313",
"ref": "P334265.16.4",
"inst": "iqabbi[say]V",
"sig": "@saao/saa16%akk-x-neoass:i-qab-bi=qabû[say//say]V'V$iqabbi",
"f": {"lang": "akk-x-neoass",
"form": "i-qab-bi",
"cf": "qabû",
"gw": "say",
"sense": "say",
"norm": "iqabbi",
"pos": "V",
"epos": "V"}
}
,
{
"node": "d",
"type": "line-start",
"ref": "P334265.17",
"n": "3",
"label": "r 3"}
,
{
"node": "l",
"frag": "a-na",
"id": "P334265.l03314",
"ref": "P334265.17.1",
"inst": "ana[to]PRP",
"sig": "@saao/saa16%akk-x-neoass:a-na=ana[to//to]PRP'PRP$ana",
"f": {"lang": "akk-x-neoass",
"form": "a-na",
"cf": "ana",
"gw": "to",
"sense": "to",
"norm": "ana",
"pos": "PRP",
"epos": "PRP"}
}
,
{
"node": "c",
"type": "phrase",
"tag": "phr",
"id": "P334265.U6",
"ref": "P334265.ls00002",
"cdl": [
{
"node": "l",
"frag": "{lu₂v}GAL-TIN-MEŠ",
"id": "P334265.l03315",
"ref": "P334265.17.2",
"cof-tails": "P334265.l03316",
"inst": "rabû[big one]N$rab&itinnu[builder]N$etinnāni",
"sig": "@saao/saa16%akk-x-neoass:{LU₂}GAL-TIN-MEŠ=rabû[big one//big one]N'N$rab&&@saao%akk-x-neoass:=itinnu[builder//master builder]N'N$etinnāni",
"f": {"lang": "akk-x-neoass",
"form": "{LU₂}GAL-TIN-MEŠ",
"cf": "rabû",
"gw": "big one",
"sense": "big one",
"norm": "rab",
"pos": "N",
"epos": "N"}
}
,
{
"node": "l",
"frag": "{lu₂v}GAL-TIN-MEŠ",
"id": "P334265.l03316",
"ref": "P334265.17.2",
"cof-head": "P334265.l03315",
"inst": "rabû[big one]N$rab&itinnu[builder]N$etinnāni",
"tail-sig": "@saao%akk-x-neoass:=itinnu[builder//master builder]N'N$etinnāni",
"f": {"lang": "akk-x-neoass",
"form": "{LU₂}GAL-TIN-MEŠ",
"cf": "itinnu",
"gw": "builder",
"sense": "master builder",
"norm": "etinnāni",
"pos": "N",
"epos": "N"}
}
]}
,
{
"node": "d",
"type": "line-start",
"ref": "P334265.18",
"n": "4",
"label": "r 4"}
,
{
"node": "l",
"frag": "ṭe₃-e-mu",
"id": "P334265.l03317",
"ref": "P334265.18.1",
"inst": "ṭēmu[order]N",
"sig": "@saao/saa16%akk-x-neoass:ṭe₃-e-mu=ṭēmu[(fore)thought//order]N'N$ṭēmu",
"f": {"lang": "akk-x-neoass",
"form": "ṭe₃-e-mu",
"cf": "ṭēmu",
"gw": "(fore)thought",
"sense": "order",
"norm": "ṭēmu",
"pos": "N",
"epos": "N"}
}
,
{
"node": "l",
"frag": "liš-ku-nu",
"id": "P334265.l03318",
"ref": "P334265.18.2",
"inst": "liškunu[place]V",
"sig": "@saao/saa16%akk-x-neoass:liš-ku-nu=šakānu[put//place]V'V$liškunu",
"f": {"lang": "akk-x-neoass",
"form": "liš-ku-nu",
"cf": "šakānu",
"gw": "put",
"sense": "place",
"norm": "liškunu",
"pos": "V",
"epos": "V"}
}
,
{
"node": "d",
"type": "line-start",
"ref": "P334265.19",
"n": "5",
"label": "r 5"}
,
{
"node": "l",
"frag": "lil-li-ka",
"id": "P334265.l03319",
"ref": "P334265.19.1",
"inst": "lillika[come]V",
"sig": "@saao/saa16%akk-x-neoass:lil-li-ka=alāku[go//come]V'V$lillika",
"f": {"lang": "akk-x-neoass",
"form": "lil-li-ka",
"cf": "alāku",
"gw": "go",
"sense": "come",
"norm": "lillika",
"pos": "V",
"epos": "V"}
}
,
{
"node": "l",
"frag": "uš-še",
"id": "P334265.l0331a",
"ref": "P334265.19.2",
"inst": "uššē[foundation(s)]N",
"sig": "@saao/saa16%akk-x-neoass:uš-še=uššu[foundation(s)//foundation(s)]N'N$uššē",
"f": {"lang": "akk-x-neoass",
"form": "uš-še",
"cf": "uššu",
"gw": "foundation(s)",
"sense": "foundation(s)",
"norm": "uššē",
"pos": "N",
"epos": "N"}
}
,
{
"node": "d",
"type": "line-start",
"ref": "P334265.20",
"n": "6",
"label": "r 6"}
,
{
"node": "l",
"frag": "li-ik-ru-ra",
"id": "P334265.l0331b",
"ref": "P334265.20.1",
"inst": "karāru[put (down)//throw down]V$likrura",
"sig": "@saao/saa16%akk-x-neoass:li-ik-ru-ra=karāru[put (down)//throw down]V'V$likrura",
"f": {"lang": "akk-x-neoass",
"form": "li-ik-ru-ra",
"cf": "karāru",
"gw": "put (down)",
"sense": "throw down",
"norm": "likrura",
"pos": "V",
"epos": "V"}
}
,
{
"node": "d",
"type": "nonx",
"ref": "P334265.21",
"strict": "0",
"extent": "rest",
"state": "other"}
]}
]}
]}
,
{
"linkbase": [{
"type": "linkset",
"xlink_title": "ina muhhi[on//about]PRP'PRP",
"id": "P334265.ls00000",
"xlink_type": "extended",
"xlink_role": "psu",
"sig": "{ina[in]PRP muhhu[skull]N += ina muhhi[on//about]PRP'PRP}::@saao%akk-x-neoass:ina=ina[in//into]PRP'PRP$ina++@saao%akk-x-neoass:UGU-hi=muhhu[skull//skull]N'N$muhhi",
"links": [
{
"type": "link",
"xlink_title": "ina",
"xlink_type": "locator",
"xlink_href": "#P334265.l032fa",
"xlink_role": "elt"}
,
{
"type": "link",
"xlink_title": "muhhi",
"xlink_type": "locator",
"xlink_href": "#P334265.l032fb",
"xlink_role": "elt"}
]}
,
{
"type": "linkset",
"xlink_title": "issi ēkalli[queen//queen]N'N",
"id": "P334265.ls00001",
"xlink_type": "extended",
"xlink_role": "psu",
"sig": "{sinništu[woman]N ēkallu[palace]N += issi ēkalli[queen//queen]N'N}::@saao%akk-x-neoass:MI₂-E₂.GAL=sinništu[woman//woman]N'N$issi++@saao%akk-x-neoass:MI₂-E₂.GAL=ēkallu[palace//palace]N'N$ēkalli",
"links": [
{
"type": "link",
"xlink_title": "sinništu",
"xlink_type": "locator",
"xlink_href": "#P334265.l032fd",
"xlink_role": "elt"}
,
{
"type": "link",
"xlink_title": "ēkallu",
"xlink_type": "locator",
"xlink_href": "#P334265.l032fe",
"xlink_role": "elt"}
]}
,
{
"type": "linkset",
"xlink_title": "rab itinni[master builder//master builder]N'N",
"id": "P334265.ls00002",
"xlink_type": "extended",
"xlink_role": "psu",
"sig": "{rabû[big one]N itinnu[builder]N += rab itinni[master builder//master builder]N'N}::@saao%akk-x-neoass:{LU₂}GAL-TIN-MEŠ=rabû[big one//big one]N'N$rab++@saao%akk-x-neoass:{LU₂}GAL-TIN-MEŠ=itinnu[builder//master builder]N'N$etinnāni",
"links": [
{
"type": "link",
"xlink_title": "rabû",
"xlink_type": "locator",
"xlink_href": "#P334265.l03315",
"xlink_role": "elt"}
,
{
"type": "link",
"xlink_title": "itinnu",
"xlink_type": "locator",
"xlink_href": "#P334265.l03316",
"xlink_role": "elt"}
]}
]}
]}
