{
"type": "cdl",
  "source": "http://oracc.org/saao/saa16",
  "license": "This data is released under the CC0 license",
  "license-url": "https://creativecommons.org/publicdomain/zero/1.0/",
  "more-info": "http://oracc.org/doc/opendata/",
  "UTC-timestamp": "2017-05-19T11:56:10",
"project": "saao/saa16",
"textid": "P334433",
"cdl": [
{
"node": "c",
"type": "text",
"id": "P334433.U0",
"cdl": [
{
"node": "d",
"type": "object",
"ref": ""}
,
{
"node": "d",
"subtype": "obverse",
"type": "surface",
"ref": "P334433.o.1",
"type": "obverse",
"label": "o"}
,
{
"node": "c",
"type": "discourse",
"subtype": "body",
"id": "P334433.U1",
"cdl": [
{
"node": "c",
"type": "sentence",
"id": "P334433.U2",
"label": "o 1 - r 15'",
"cdl": [
{
"node": "d",
"type": "line-start",
"ref": "P334433.2",
"n": "1",
"label": "o 1"}
,
{
"node": "l",
"frag": "[a-na",
"id": "P334433.l0412a",
"ref": "P334433.2.1",
"inst": "ana[to]PRP",
"sig": "@saao/saa16%akk-x-neoass:a-na=ana[to//to]PRP'PRP$ana",
"f": {"lang": "akk-x-neoass",
"form": "a-na",
"cf": "ana",
"gw": "to",
"sense": "to",
"norm": "ana",
"pos": "PRP",
"epos": "PRP"}
}
,
{
"node": "l",
"frag": "LUGAL",
"id": "P334433.l0412b",
"ref": "P334433.2.2",
"inst": "šarri[king]N",
"sig": "@saao/saa16%akk-x-neoass:LUGAL=šarru[king//king]N'N$šarri",
"f": {"lang": "akk-x-neoass",
"form": "LUGAL",
"cf": "šarru",
"gw": "king",
"sense": "king",
"norm": "šarri",
"pos": "N",
"epos": "N"}
}
,
{
"node": "l",
"frag": "EN-ia]",
"id": "P334433.l0412c",
"ref": "P334433.2.3",
"inst": "bēlīya[lord]N",
"sig": "@saao/saa16%akk-x-neoass:EN-ia=bēlu[lord//lord]N'N$bēlīya",
"f": {"lang": "akk-x-neoass",
"form": "EN-ia",
"cf": "bēlu",
"gw": "lord",
"sense": "lord",
"norm": "bēlīya",
"pos": "N",
"epos": "N"}
}
,
{
"node": "d",
"type": "line-start",
"ref": "P334433.3",
"n": "2",
"label": "o 2"}
,
{
"node": "l",
"frag": "[ARAD-ka",
"id": "P334433.l0412d",
"ref": "P334433.3.1",
"inst": "urdaka[servant]N",
"sig": "@saao/saa16%akk-x-neoass:ARAD-ka=ardu[slave//servant]N'N$urdaka",
"f": {"lang": "akk-x-neoass",
"form": "ARAD-ka",
"cf": "ardu",
"gw": "slave",
"sense": "servant",
"norm": "urdaka",
"pos": "N",
"epos": "N"}
}
,
{
"node": "l",
"frag": "{1}{d}PA-AG₂]-UN-MEŠ-šu₂",
"id": "P334433.l0412e",
"ref": "P334433.3.2",
"inst": "Nabu-raʾim-nišešu[1]PN$",
"sig": "@saao/saa16%akk-x-neoass:{1}{d}PA-AG₂-UN-MEŠ-šu₂=Nabu-raʾim-nišešu[1//1]PN'PN$Nabu-raʾim-nišešu",
"f": {"lang": "akk-x-neoass",
"form": "{1}{d}PA-AG₂-UN-MEŠ-šu₂",
"cf": "Nabu-raʾim-nišešu",
"gw": "1",
"sense": "1",
"norm": "Nabu-raʾim-nišešu",
"pos": "PN",
"epos": "PN"}
}
,
{
"node": "d",
"type": "line-start",
"ref": "P334433.4",
"n": "3",
"label": "o 3"}
,
{
"node": "l",
"frag": "[lu-u",
"id": "P334433.l0412f",
"ref": "P334433.4.1",
"inst": "lū[may]MOD",
"sig": "@saao/saa16%akk-x-neoass:lu-u=lū[may//may]MOD'MOD$lū",
"f": {"lang": "akk-x-neoass",
"form": "lu-u",
"cf": "lū",
"gw": "may",
"sense": "may",
"norm": "lū",
"pos": "MOD",
"epos": "MOD"}
}
,
{
"node": "l",
"frag": "DI-mu",
"id": "P334433.l04130",
"ref": "P334433.4.2",
"inst": "šulmu[health]N",
"sig": "@saao/saa16%akk-x-neoass:DI-mu=šulmu[completeness//health]N'N$šulmu",
"f": {"lang": "akk-x-neoass",
"form": "DI-mu",
"cf": "šulmu",
"gw": "completeness",
"sense": "health",
"norm": "šulmu",
"pos": "N",
"epos": "N"}
}
,
{
"node": "l",
"frag": "a]-⸢na⸣",
"id": "P334433.l04131",
"ref": "P334433.4.3",
"inst": "ana[to]PRP",
"sig": "@saao/saa16%akk-x-neoass:a-na=ana[to//to]PRP'PRP$ana",
"f": {"lang": "akk-x-neoass",
"form": "a-na",
"cf": "ana",
"gw": "to",
"sense": "to",
"norm": "ana",
"pos": "PRP",
"epos": "PRP"}
}
,
{
"node": "l",
"frag": "LUGAL",
"id": "P334433.l04132",
"ref": "P334433.4.4",
"inst": "šarri[king]N",
"sig": "@saao/saa16%akk-x-neoass:LUGAL=šarru[king//king]N'N$šarri",
"f": {"lang": "akk-x-neoass",
"form": "LUGAL",
"cf": "šarru",
"gw": "king",
"sense": "king",
"norm": "šarri",
"pos": "N",
"epos": "N"}
}
,
{
"node": "l",
"frag": "EN-ia",
"id": "P334433.l04133",
"ref": "P334433.4.5",
"inst": "bēlīya[lord]N",
"sig": "@saao/saa16%akk-x-neoass:EN-ia=bēlu[lord//lord]N'N$bēlīya",
"f": {"lang": "akk-x-neoass",
"form": "EN-ia",
"cf": "bēlu",
"gw": "lord",
"sense": "lord",
"norm": "bēlīya",
"pos": "N",
"epos": "N"}
}
,
{
"node": "d",
"type": "line-start",
"ref": "P334433.5",
"n": "4",
"label": "o 4"}
,
{
"node": "l",
"frag": "{[d}PA",
"id": "P334433.l04134",
"ref": "P334433.5.1",
"inst": "Nabu[1]DN",
"sig": "@saao/saa16%akk-x-neoass:{d}PA=Nabu[1//1]DN'DN$Nabu",
"f": {"lang": "akk-x-neoass",
"form": "{d}PA",
"cf": "Nabu",
"gw": "1",
"sense": "1",
"norm": "Nabu",
"pos": "DN",
"epos": "DN"}
}
,
{
"node": "l",
"frag": "u₃]",
"id": "P334433.l04135",
"ref": "P334433.5.2",
"inst": "u[and]CNJ",
"sig": "@saao/saa16%akk-x-neoass:u₃=u[and//and]CNJ'CNJ$u",
"f": {"lang": "akk-x-neoass",
"form": "u₃",
"cf": "u",
"gw": "and",
"sense": "and",
"norm": "u",
"pos": "CNJ",
"epos": "CNJ"}
}
,
{
"node": "l",
"frag": "{d}AMAR.UTU",
"id": "P334433.l04136",
"ref": "P334433.5.3",
"inst": "Marduk[1]DN",
"sig": "@saao/saa16%akk-x-neoass:{d}AMAR.UTU=Marduk[1//1]DN'DN$Marduk",
"f": {"lang": "akk-x-neoass",
"form": "{d}AMAR.UTU",
"cf": "Marduk",
"gw": "1",
"sense": "1",
"norm": "Marduk",
"pos": "DN",
"epos": "DN"}
}
,
{
"node": "d",
"type": "line-start",
"ref": "P334433.6",
"n": "5",
"label": "o 5"}
,
{
"node": "l",
"frag": "[a-na]",
"id": "P334433.l04137",
"ref": "P334433.6.1",
"inst": "ana[to]PRP",
"sig": "@saao/saa16%akk-x-neoass:a-na=ana[to//to]PRP'PRP$ana",
"f": {"lang": "akk-x-neoass",
"form": "a-na",
"cf": "ana",
"gw": "to",
"sense": "to",
"norm": "ana",
"pos": "PRP",
"epos": "PRP"}
}
,
{
"node": "l",
"frag": "⸢LUGAL⸣",
"id": "P334433.l04138",
"ref": "P334433.6.2",
"inst": "šarri[king]N",
"sig": "@saao/saa16%akk-x-neoass:LUGAL=šarru[king//king]N'N$šarri",
"f": {"lang": "akk-x-neoass",
"form": "LUGAL",
"cf": "šarru",
"gw": "king",
"sense": "king",
"norm": "šarri",
"pos": "N",
"epos": "N"}
}
,
{
"node": "l",
"frag": "be-li₂-ia",
"id": "P334433.l04139",
"ref": "P334433.6.3",
"inst": "bēlīya[lord]N",
"sig": "@saao/saa16%akk-x-neoass:be-li₂-ia=bēlu[lord//lord]N'N$bēlīya",
"f": {"lang": "akk-x-neoass",
"form": "be-li₂-ia",
"cf": "bēlu",
"gw": "lord",
"sense": "lord",
"norm": "bēlīya",
"pos": "N",
"epos": "N"}
}
,
{
"node": "l",
"frag": "lik-ru-bu",
"id": "P334433.l0413a",
"ref": "P334433.6.4",
"inst": "likrubu[bless]V",
"sig": "@saao/saa16%akk-x-neoass:lik-ru-bu=karābu[pray//bless]V'V$likrubu",
"f": {"lang": "akk-x-neoass",
"form": "lik-ru-bu",
"cf": "karābu",
"gw": "pray",
"sense": "bless",
"norm": "likrubu",
"pos": "V",
"epos": "V"}
}
,
{
"node": "d",
"type": "line-start",
"ref": "P334433.7",
"n": "6",
"label": "o 6"}
,
{
"node": "l",
"frag": "{na₄}pu-u-lu",
"id": "P334433.l0413b",
"ref": "P334433.7.1",
"inst": "pūlu[stone block]N",
"sig": "@saao/saa16%akk-x-neoass:{NA₄}pu-u-lu=pīlu[limestone//stone block]N'N$pūlu",
"f": {"lang": "akk-x-neoass",
"form": "{NA₄}pu-u-lu",
"cf": "pīlu",
"gw": "limestone",
"sense": "stone block",
"norm": "pūlu",
"pos": "N",
"epos": "N"}
}
,
{
"node": "l",
"frag": "ša",
"id": "P334433.l0413c",
"ref": "P334433.7.2",
"inst": "ša[which]REL",
"sig": "@saao/saa16%akk-x-neoass:ša=ša[that//which]REL'REL$ša",
"f": {"lang": "akk-x-neoass",
"form": "ša",
"cf": "ša",
"gw": "that",
"sense": "which",
"norm": "ša",
"pos": "REL",
"epos": "REL"}
}
,
{
"node": "c",
"type": "phrase",
"tag": "phr",
"id": "P334433.U4",
"ref": "P334433.ls00000",
"cdl": [
{
"node": "l",
"frag": "ina",
"id": "P334433.l0413d",
"ref": "P334433.7.3",
"inst": "ina[in+=in]PRP$",
"sig": "@saao/saa16%akk-x-neoass:ina=ina[in//in]PRP'PRP$ina",
"f": {"lang": "akk-x-neoass",
"form": "ina",
"cf": "ina",
"gw": "in",
"sense": "in",
"norm": "ina",
"pos": "PRP",
"epos": "PRP"}
}
,
{
"node": "l",
"frag": "ŠA₃",
"id": "P334433.l0413e",
"ref": "P334433.7.4",
"inst": "libbi[interior]N",
"sig": "@saao/saa16%akk-x-neoass:ŠA₃=libbu[interior//interior]N'N$libbi",
"f": {"lang": "akk-x-neoass",
"form": "ŠA₃",
"cf": "libbu",
"gw": "interior",
"sense": "interior",
"norm": "libbi",
"pos": "N",
"epos": "N"}
}
]}
,
{
"node": "l",
"frag": "uš-še",
"id": "P334433.l0413f",
"ref": "P334433.7.5",
"inst": "uššē[foundation(s)]N",
"sig": "@saao/saa16%akk-x-neoass:uš-še=uššu[foundation(s)//foundation(s)]N'N$uššē",
"f": {"lang": "akk-x-neoass",
"form": "uš-še",
"cf": "uššu",
"gw": "foundation(s)",
"sense": "foundation(s)",
"norm": "uššē",
"pos": "N",
"epos": "N"}
}
,
{
"node": "l",
"frag": "ša",
"id": "P334433.l04140",
"ref": "P334433.7.6",
"inst": "ša[of]DET",
"sig": "@saao/saa16%akk-x-neoass:ša=ša[of//of]DET'DET$ša",
"f": {"lang": "akk-x-neoass",
"form": "ša",
"cf": "ša",
"gw": "of",
"sense": "of",
"norm": "ša",
"pos": "DET",
"epos": "DET"}
}
,
{
"node": "l",
"frag": "BAD₃",
"id": "P334433.l04141",
"ref": "P334433.7.7",
"inst": "dūri[fortification wall]N",
"sig": "@saao/saa16%akk-x-neoass:BAD₃=dūru[(city) wall//fortification wall]N'N$dūri",
"f": {"lang": "akk-x-neoass",
"form": "BAD₃",
"cf": "dūru",
"gw": "(city) wall",
"sense": "fortification wall",
"norm": "dūri",
"pos": "N",
"epos": "N"}
}
,
{
"node": "d",
"type": "line-start",
"ref": "P334433.8",
"n": "7",
"label": "o 7"}
,
{
"node": "l",
"frag": "ša",
"id": "P334433.l04142",
"ref": "P334433.8.1",
"inst": "ša[of]DET",
"sig": "@saao/saa16%akk-x-neoass:ša=ša[of//of]DET'DET$ša",
"f": {"lang": "akk-x-neoass",
"form": "ša",
"cf": "ša",
"gw": "of",
"sense": "of",
"norm": "ša",
"pos": "DET",
"epos": "DET"}
}
,
{
"node": "l",
"frag": "{uru}tar-bi-ṣi",
"id": "P334433.l04143",
"ref": "P334433.8.2",
"inst": "Tarbiṣu[1]GN$Tarbiṣi",
"sig": "@saao/saa16%akk-x-neoass:{URU}tar-bi-ṣi=Tarbiṣu[1//1]GN'GN$Tarbiṣi",
"f": {"lang": "akk-x-neoass",
"form": "{URU}tar-bi-ṣi",
"cf": "Tarbiṣu",
"gw": "1",
"sense": "1",
"norm": "Tarbiṣi",
"pos": "GN",
"epos": "GN"}
}
,
{
"node": "l",
"frag": "ni-ik-ru-ru-u-ni",
"id": "P334433.l04144",
"ref": "P334433.8.3",
"inst": "karāru[put (down)]V$nikrurūni",
"sig": "@saao/saa16%akk-x-neoass:ni-ik-ru-ru-u-ni=karāru[put (down)//put (down)]V'V$nikrurūni",
"f": {"lang": "akk-x-neoass",
"form": "ni-ik-ru-ru-u-ni",
"cf": "karāru",
"gw": "put (down)",
"sense": "put (down)",
"norm": "nikrurūni",
"pos": "V",
"epos": "V"}
}
,
{
"node": "d",
"type": "line-start",
"ref": "P334433.9",
"n": "8",
"label": "o 8"}
,
{
"node": "l",
"frag": "šu-mu",
"id": "P334433.l04145",
"ref": "P334433.9.1",
"inst": "šumu[name]N",
"sig": "@saao/saa16%akk-x-neoass:šu-mu=šumu[name//name]N'N$šumu",
"f": {"lang": "akk-x-neoass",
"form": "šu-mu",
"cf": "šumu",
"gw": "name",
"sense": "name",
"norm": "šumu",
"pos": "N",
"epos": "N"}
}
,
{
"node": "l",
"frag": "ša",
"id": "P334433.l04146",
"ref": "P334433.9.2",
"inst": "ša[of]DET",
"sig": "@saao/saa16%akk-x-neoass:ša=ša[of//of]DET'DET$ša",
"f": {"lang": "akk-x-neoass",
"form": "ša",
"cf": "ša",
"gw": "of",
"sense": "of",
"norm": "ša",
"pos": "DET",
"epos": "DET"}
}
,
{
"node": "l",
"frag": "LUGAL",
"id": "P334433.l04147",
"ref": "P334433.9.3",
"inst": "šarri[king]N",
"sig": "@saao/saa16%akk-x-neoass:LUGAL=šarru[king//king]N'N$šarri",
"f": {"lang": "akk-x-neoass",
"form": "LUGAL",
"cf": "šarru",
"gw": "king",
"sense": "king",
"norm": "šarri",
"pos": "N",
"epos": "N"}
}
,
{
"node": "l",
"frag": "be-li₂-ia",
"id": "P334433.l04148",
"ref": "P334433.9.4",
"inst": "bēlīya[lord]N",
"sig": "@saao/saa16%akk-x-neoass:be-li₂-ia=bēlu[lord//lord]N'N$bēlīya",
"f": {"lang": "akk-x-neoass",
"form": "be-li₂-ia",
"cf": "bēlu",
"gw": "lord",
"sense": "lord",
"norm": "bēlīya",
"pos": "N",
"epos": "N"}
}
,
{
"node": "c",
"type": "phrase",
"tag": "phr",
"id": "P334433.U5",
"ref": "P334433.ls00001",
"cdl": [
{
"node": "l",
"frag": "ina",
"id": "P334433.l04149",
"ref": "P334433.9.5",
"inst": "ina[in+=on]PRP$",
"sig": "@saao/saa16%akk-x-neoass:ina=ina[in//in]PRP'PRP$ina",
"f": {"lang": "akk-x-neoass",
"form": "ina",
"cf": "ina",
"gw": "in",
"sense": "in",
"norm": "ina",
"pos": "PRP",
"epos": "PRP"}
}
,
{
"node": "l",
"frag": "UGU-hi",
"id": "P334433.l0414a",
"ref": "P334433.9.6",
"inst": "muhhi[skull]N",
"sig": "@saao/saa16%akk-x-neoass:UGU-hi=muhhu[skull//skull]N'N$muhhi",
"f": {"lang": "akk-x-neoass",
"form": "UGU-hi",
"cf": "muhhu",
"gw": "skull",
"sense": "skull",
"norm": "muhhi",
"pos": "N",
"epos": "N"}
}
]}
,
{
"node": "l",
"frag": "ni-iš-ṭur",
"id": "P334433.l0414b",
"ref": "P334433.9.7",
"inst": "šaṭāru[write]V$nišṭur",
"sig": "@saao/saa16%akk-x-neoass:ni-iš-ṭur=šaṭāru[write//write]V'V$nišṭur",
"f": {"lang": "akk-x-neoass",
"form": "ni-iš-ṭur",
"cf": "šaṭāru",
"gw": "write",
"sense": "write",
"norm": "nišṭur",
"pos": "V",
"epos": "V"}
}
,
{
"node": "d",
"type": "line-start",
"ref": "P334433.10",
"n": "9",
"label": "o 9"}
,
{
"node": "l",
"frag": "ki-i",
"id": "P334433.l0414c",
"ref": "P334433.10.1",
"inst": "kî[like//in accordance with]PRP",
"sig": "@saao/saa16%akk-x-neoass:ki-i=kī[like//in accordance with]PRP'PRP$kî",
"f": {"lang": "akk-x-neoass",
"form": "ki-i",
"cf": "kī",
"gw": "like",
"sense": "in accordance with",
"norm": "kî",
"pos": "PRP",
"epos": "PRP"}
}
,
{
"node": "l",
"frag": "ša",
"id": "P334433.l0414d",
"ref": "P334433.10.2",
"inst": "ša[that]REL",
"sig": "@saao/saa16%akk-x-neoass:ša=ša[that//that]REL'REL$ša",
"f": {"lang": "akk-x-neoass",
"form": "ša",
"cf": "ša",
"gw": "that",
"sense": "that",
"norm": "ša",
"pos": "REL",
"epos": "REL"}
}
,
{
"node": "l",
"frag": "ni-šaṭ-ṭa-ru-u-ni",
"id": "P334433.l0414e",
"ref": "P334433.10.3",
"inst": "šaṭāru[write]V$nišaṭṭarūni",
"sig": "@saao/saa16%akk-x-neoass:ni-šaṭ-ṭa-ru-u-ni=šaṭāru[write//write]V'V$nišaṭṭarūni",
"f": {"lang": "akk-x-neoass",
"form": "ni-šaṭ-ṭa-ru-u-ni",
"cf": "šaṭāru",
"gw": "write",
"sense": "write",
"norm": "nišaṭṭarūni",
"pos": "V",
"epos": "V"}
}
,
{
"node": "d",
"type": "line-start",
"ref": "P334433.11",
"n": "10",
"label": "o 10"}
,
{
"node": "l",
"frag": "LUGAL",
"id": "P334433.l0414f",
"ref": "P334433.11.1",
"inst": "šarru[king]N",
"sig": "@saao/saa16%akk-x-neoass:LUGAL=šarru[king//king]N'N$šarru",
"f": {"lang": "akk-x-neoass",
"form": "LUGAL",
"cf": "šarru",
"gw": "king",
"sense": "king",
"norm": "šarru",
"pos": "N",
"epos": "N"}
}
,
{
"node": "l",
"frag": "be-li₂",
"id": "P334433.l04150",
"ref": "P334433.11.2",
"inst": "bēlī[lord]N",
"sig": "@saao/saa16%akk-x-neoass:be-li₂=bēlu[lord//lord]N'N$bēlī",
"f": {"lang": "akk-x-neoass",
"form": "be-li₂",
"cf": "bēlu",
"gw": "lord",
"sense": "lord",
"norm": "bēlī",
"pos": "N",
"epos": "N"}
}
,
{
"node": "l",
"frag": "liš-pu-ra",
"id": "P334433.l04151",
"ref": "P334433.11.3",
"inst": "lišpura[write]V",
"sig": "@saao/saa16%akk-x-neoass:liš-pu-ra=šapāru[send//write]V'V$lišpura",
"f": {"lang": "akk-x-neoass",
"form": "liš-pu-ra",
"cf": "šapāru",
"gw": "send",
"sense": "write",
"norm": "lišpura",
"pos": "V",
"epos": "V"}
}
,
{
"node": "d",
"type": "line-start",
"ref": "P334433.12",
"n": "11",
"label": "o 11"}
,
{
"node": "l",
"frag": "i-na",
"id": "P334433.l04152",
"ref": "P334433.12.1",
"inst": "ina[in]PRP",
"sig": "@saao/saa16%akk-x-neoass:i-na=ina[in//in]PRP'PRP$ina",
"f": {"lang": "akk-x-neoass",
"form": "i-na",
"cf": "ina",
"gw": "in",
"sense": "in",
"norm": "ina",
"pos": "PRP",
"epos": "PRP"}
}
,
{
"node": "l",
"frag": "pi-it-te",
"id": "P334433.l04153",
"ref": "P334433.12.2",
"inst": "pitte[accordingly]AV",
"sig": "@saao/saa16%akk-x-neoass:pi-it-te=pitti[just as//accordingly]AV'AV$pitte",
"f": {"lang": "akk-x-neoass",
"form": "pi-it-te",
"cf": "pitti",
"gw": "just as",
"sense": "accordingly",
"norm": "pitte",
"pos": "AV",
"epos": "AV"}
}
,
{
"node": "l",
"frag": "ni-iš-ṭur",
"id": "P334433.l04154",
"ref": "P334433.12.3",
"inst": "nišṭur[write]V",
"sig": "@saao/saa16%akk-x-neoass:ni-iš-ṭur=šaṭāru[write//write]V'V$nišṭur",
"f": {"lang": "akk-x-neoass",
"form": "ni-iš-ṭur",
"cf": "šaṭāru",
"gw": "write",
"sense": "write",
"norm": "nišṭur",
"pos": "V",
"epos": "V"}
}
,
{
"node": "d",
"type": "line-start",
"ref": "P334433.13",
"n": "12",
"label": "o 12"}
,
{
"node": "l",
"frag": "u₃",
"id": "P334433.l04155",
"ref": "P334433.13.1",
"inst": "u[and]CNJ",
"sig": "@saao/saa16%akk-x-neoass:u₃=u[and//and]CNJ'CNJ$u",
"f": {"lang": "akk-x-neoass",
"form": "u₃",
"cf": "u",
"gw": "and",
"sense": "and",
"norm": "u",
"pos": "CNJ",
"epos": "CNJ"}
}
,
{
"node": "l",
"frag": "ša",
"id": "P334433.l04156",
"ref": "P334433.13.2",
"inst": "ša[what]REL",
"sig": "@saao/saa16%akk-x-neoass:ša=ša[that//what]REL'REL$ša",
"f": {"lang": "akk-x-neoass",
"form": "ša",
"cf": "ša",
"gw": "that",
"sense": "what",
"norm": "ša",
"pos": "REL",
"epos": "REL"}
}
,
{
"node": "l",
"frag": "LUGAL",
"id": "P334433.l04157",
"ref": "P334433.13.3",
"inst": "šarru[king]N",
"sig": "@saao/saa16%akk-x-neoass:LUGAL=šarru[king//king]N'N$šarru",
"f": {"lang": "akk-x-neoass",
"form": "LUGAL",
"cf": "šarru",
"gw": "king",
"sense": "king",
"norm": "šarru",
"pos": "N",
"epos": "N"}
}
,
{
"node": "l",
"frag": "be-li₂",
"id": "P334433.l04158",
"ref": "P334433.13.4",
"inst": "bēlī[lord]N",
"sig": "@saao/saa16%akk-x-neoass:be-li₂=bēlu[lord//lord]N'N$bēlī",
"f": {"lang": "akk-x-neoass",
"form": "be-li₂",
"cf": "bēlu",
"gw": "lord",
"sense": "lord",
"norm": "bēlī",
"pos": "N",
"epos": "N"}
}
,
{
"node": "d",
"type": "line-start",
"ref": "P334433.14",
"n": "13",
"label": "o 13"}
,
{
"node": "l",
"frag": "i-na",
"id": "P334433.l04159",
"ref": "P334433.14.1",
"inst": "ina[in]PRP",
"sig": "@saao/saa16%akk-x-neoass:i-na=ina[in//in]PRP'PRP$ina",
"f": {"lang": "akk-x-neoass",
"form": "i-na",
"cf": "ina",
"gw": "in",
"sense": "in",
"norm": "ina",
"pos": "PRP",
"epos": "PRP"}
}
,
{
"node": "l",
"frag": "ŠU.2",
"id": "P334433.l0415a",
"ref": "P334433.14.2",
"inst": "qātē[hand]N",
"sig": "@saao/saa16%akk-x-neoass:ŠU.2=qātu[hand//hand]N'N$qātē",
"f": {"lang": "akk-x-neoass",
"form": "ŠU.2",
"cf": "qātu",
"gw": "hand",
"sense": "hand",
"norm": "qātē",
"pos": "N",
"epos": "N"}
}
,
{
"node": "l",
"frag": "{1}za-bi-ni",
"id": "P334433.l0415b",
"ref": "P334433.14.3",
"inst": "Zabinu[1]PN$Zabini",
"sig": "@saao/saa16%akk-x-neoass:{1}za-bi-ni=Zabinu[1//1]PN'PN$Zabini",
"f": {"lang": "akk-x-neoass",
"form": "{1}za-bi-ni",
"cf": "Zabinu",
"gw": "1",
"sense": "1",
"norm": "Zabini",
"pos": "PN",
"epos": "PN"}
}
,
{
"node": "l",
"frag": "iš-pur-an-ni",
"id": "P334433.l0415c",
"ref": "P334433.14.4",
"inst": "išpuranni[write]V",
"sig": "@saao/saa16%akk-x-neoass:iš-pur-an-ni=šapāru[send//write]V'V$išpuranni",
"f": {"lang": "akk-x-neoass",
"form": "iš-pur-an-ni",
"cf": "šapāru",
"gw": "send",
"sense": "write",
"norm": "išpuranni",
"pos": "V",
"epos": "V"}
}
,
{
"node": "d",
"type": "line-start",
"ref": "P334433.15",
"n": "14",
"label": "o 14"}
,
{
"node": "l",
"frag": "ma-a",
"id": "P334433.l0415d",
"ref": "P334433.15.1",
"inst": "mā[saying]PRP",
"sig": "@saao/saa16%akk-x-neoass:ma-a=mā[saying//saying]PRP'PRP$mā",
"f": {"lang": "akk-x-neoass",
"form": "ma-a",
"cf": "mā",
"gw": "saying",
"sense": "saying",
"norm": "mā",
"pos": "PRP",
"epos": "PRP"}
}
,
{
"node": "l",
"frag": "a-ta-a",
"id": "P334433.l0415e",
"ref": "P334433.15.2",
"inst": "atâ[why?]QP",
"sig": "@saao/saa16%akk-x-neoass:a-ta-a=atā[why?//why?]QP'QP$atâ",
"f": {"lang": "akk-x-neoass",
"form": "a-ta-a",
"cf": "atā",
"gw": "why?",
"sense": "why?",
"norm": "atâ",
"pos": "QP",
"epos": "QP"}
}
,
{
"node": "l",
"frag": "ti-ik-pi",
"id": "P334433.l0415f",
"ref": "P334433.15.3",
"inst": "tikpī[brick course]N",
"sig": "@saao/saa16%akk-x-neoass:ti-ik-pi=tibku[layer//brick course]N'N$tikpī",
"f": {"lang": "akk-x-neoass",
"form": "ti-ik-pi",
"cf": "tibku",
"gw": "layer",
"sense": "brick course",
"norm": "tikpī",
"pos": "N",
"epos": "N"}
}
,
{
"node": "l",
"frag": "ša",
"id": "P334433.l04160",
"ref": "P334433.15.4",
"inst": "ša[of]DET",
"sig": "@saao/saa16%akk-x-neoass:ša=ša[of//of]DET'DET$ša",
"f": {"lang": "akk-x-neoass",
"form": "ša",
"cf": "ša",
"gw": "of",
"sense": "of",
"norm": "ša",
"pos": "DET",
"epos": "DET"}
}
,
{
"node": "l",
"frag": "{na₄}pu-u-li",
"id": "P334433.l04161",
"ref": "P334433.15.5",
"inst": "pīlu[limestone//stone block]N$pūli",
"sig": "@saao/saa16%akk-x-neoass:{NA₄}pu-u-li=pīlu[limestone//stone block]N'N$pūli",
"f": {"lang": "akk-x-neoass",
"form": "{NA₄}pu-u-li",
"cf": "pīlu",
"gw": "limestone",
"sense": "stone block",
"norm": "pūli",
"pos": "N",
"epos": "N"}
}
,
{
"node": "d",
"type": "line-start",
"ref": "P334433.16",
"n": "15",
"label": "o 15"}
,
{
"node": "l",
"frag": "01-en",
"id": "P334433.l04162",
"ref": "P334433.16.1",
"inst": "issēn[one]NU",
"sig": "@saao/saa16%akk-x-neoass:01-en=ištēn[one//one]NU'NU$issēn",
"f": {"lang": "akk-x-neoass",
"form": "01-en",
"cf": "ištēn",
"gw": "one",
"sense": "one",
"norm": "issēn",
"pos": "NU",
"epos": "NU"}
}
,
{
"node": "l",
"frag": "id-da-at",
"id": "P334433.l04163",
"ref": "P334433.16.2",
"cof-tails": "P334433.l04164",
"inst": "ina[in+=after]PRP$ina&dāt[behind]PRP$dāt",
"sig": "@saao/saa16%akk-x-neoass:id-da-at=ina[in//in]PRP'PRP$ina&&@saao%akk-x-neoass:=dāt[behind//behind]PRP'PRP$dāt",
"f": {"lang": "akk-x-neoass",
"form": "id-da-at",
"cf": "ina",
"gw": "in",
"sense": "in",
"norm": "ina",
"pos": "PRP",
"epos": "PRP"}
}
,
{
"node": "l",
"frag": "id-da-at",
"id": "P334433.l04164",
"ref": "P334433.16.2",
"cof-head": "P334433.l04163",
"inst": "ina[in+=after]PRP$ina&dāt[behind]PRP$dāt",
"tail-sig": "@saao%akk-x-neoass:=dāt[behind//behind]PRP'PRP$dāt",
"f": {"lang": "akk-x-neoass",
"form": "id-da-at",
"cf": "dāt",
"gw": "behind",
"sense": "behind",
"norm": "dāt",
"pos": "PRP",
"epos": "PRP"}
}
,
{
"node": "l",
"frag": "ša₂-ni-e",
"id": "P334433.l04165",
"ref": "P334433.16.3",
"inst": "šanie[(an)other]AJ",
"sig": "@saao/saa16%akk-x-neoass:ša₂-ni-e=šanû[(an)other//(an)other]AJ'AJ$šanie",
"f": {"lang": "akk-x-neoass",
"form": "ša₂-ni-e",
"cf": "šanû",
"gw": "(an)other",
"sense": "(an)other",
"norm": "šanie",
"pos": "AJ",
"epos": "AJ"}
}
,
{
"node": "d",
"type": "line-start",
"ref": "P334433.17",
"n": "16",
"label": "o 16"}
,
{
"node": "l",
"frag": "la",
"id": "P334433.l04166",
"ref": "P334433.17.1",
"inst": "lā[not]MOD",
"sig": "@saao/saa16%akk-x-neoass:la=lā[not//not]MOD'MOD$lā",
"f": {"lang": "akk-x-neoass",
"form": "la",
"cf": "lā",
"gw": "not",
"sense": "not",
"norm": "lā",
"pos": "MOD",
"epos": "MOD"}
}
,
{
"node": "l",
"frag": "il-lak",
"id": "P334433.l04167",
"ref": "P334433.17.2",
"inst": "illak[go]V",
"sig": "@saao/saa16%akk-x-neoass:il-lak=alāku[go//go]V'V$illak",
"f": {"lang": "akk-x-neoass",
"form": "il-lak",
"cf": "alāku",
"gw": "go",
"sense": "go",
"norm": "illak",
"pos": "V",
"epos": "V"}
}
,
{
"node": "d",
"type": "line-start",
"ref": "P334433.18",
"n": "17",
"label": "o 17"}
,
{
"node": "l",
"frag": "ma-a",
"id": "P334433.l04168",
"ref": "P334433.18.1",
"inst": "mā[saying]PRP",
"sig": "@saao/saa16%akk-x-neoass:ma-a=mā[saying//saying]PRP'PRP$mā",
"f": {"lang": "akk-x-neoass",
"form": "ma-a",
"cf": "mā",
"gw": "saying",
"sense": "saying",
"norm": "mā",
"pos": "PRP",
"epos": "PRP"}
}
,
{
"node": "l",
"frag": "⸢ša⸣",
"id": "P334433.l04169",
"ref": "P334433.18.2",
"inst": "ša[of]DET",
"sig": "@saao/saa16%akk-x-neoass:ša=ša[of//of]DET'DET$ša",
"f": {"lang": "akk-x-neoass",
"form": "ša",
"cf": "ša",
"gw": "of",
"sense": "of",
"norm": "ša",
"pos": "DET",
"epos": "DET"}
}
,
{
"node": "l",
"frag": "ra-⸢mi₃⸣-ni-ka",
"id": "P334433.l0416a",
"ref": "P334433.18.3",
"inst": "raminīka[self]N",
"sig": "@saao/saa16%akk-x-neoass:ra-mi₃-ni-ka=ramānu[self//self]N'N$raminīka",
"f": {"lang": "akk-x-neoass",
"form": "ra-mi₃-ni-ka",
"cf": "ramānu",
"gw": "self",
"sense": "self",
"norm": "raminīka",
"pos": "N",
"epos": "N"}
}
,
{
"node": "l",
"frag": "šu-u",
"id": "P334433.l0416b",
"ref": "P334433.18.4",
"inst": "šû[he]IP",
"sig": "@saao/saa16%akk-x-neoass:šu-u=šū[he//he]IP'IP$šû",
"f": {"lang": "akk-x-neoass",
"form": "šu-u",
"cf": "šū",
"gw": "he",
"sense": "he",
"norm": "šû",
"pos": "IP",
"epos": "IP"}
}
,
{
"node": "d",
"type": "nonx",
"ref": "P334433.19",
"strict": "0",
"extent": "rest",
"state": "missing"}
,
{
"node": "d",
"subtype": "reverse",
"type": "surface",
"ref": "P334433.r.20",
"type": "reverse",
"label": "r"}
,
{
"node": "d",
"type": "nonx",
"ref": "P334433.21",
"strict": "0",
"extent": "beginning",
"state": "missing"}
,
{
"node": "d",
"type": "line-start",
"ref": "P334433.22",
"n": "1'",
"label": "r 1'"}
,
{
"node": "l",
"frag": "⸢ma⸣-[a",
"id": "P334433.l0416c",
"ref": "P334433.22.1",
"inst": "mā[saying]PRP",
"sig": "@saao/saa16%akk-x-neoass:ma-a=mā[saying//saying]PRP'PRP$mā",
"f": {"lang": "akk-x-neoass",
"form": "ma-a",
"cf": "mā",
"gw": "saying",
"sense": "saying",
"norm": "mā",
"pos": "PRP",
"epos": "PRP"}
}
,
{
"node": "l",
"frag": "x",
"id": "P334433.l0416d",
"ref": "P334433.22.2",
"inst": "u",
"f": {"lang": "akk-x-neoass",
"form": "x",
"pos": "u"}
}
,
{
"node": "l",
"frag": "x",
"id": "P334433.l0416e",
"ref": "P334433.22.3",
"inst": "u",
"f": {"lang": "akk-x-neoass",
"form": "x",
"pos": "u"}
}
,
{
"node": "l",
"frag": "x",
"id": "P334433.l0416f",
"ref": "P334433.22.4",
"inst": "u",
"f": {"lang": "akk-x-neoass",
"form": "x",
"pos": "u"}
}
,
{
"node": "l",
"frag": "x",
"id": "P334433.l04170",
"ref": "P334433.22.5",
"inst": "u",
"f": {"lang": "akk-x-neoass",
"form": "x",
"pos": "u"}
}
,
{
"node": "l",
"frag": "x",
"id": "P334433.l04171",
"ref": "P334433.22.6",
"inst": "u",
"f": {"lang": "akk-x-neoass",
"form": "x",
"pos": "u"}
}
,
{
"node": "l",
"frag": "x",
"id": "P334433.l04172",
"ref": "P334433.22.7",
"inst": "u",
"f": {"lang": "akk-x-neoass",
"form": "x",
"pos": "u"}
}
,
{
"node": "l",
"frag": "x]",
"id": "P334433.l04173",
"ref": "P334433.22.8",
"inst": "u",
"f": {"lang": "akk-x-neoass",
"form": "x",
"pos": "u"}
}
,
{
"node": "d",
"type": "line-start",
"ref": "P334433.23",
"n": "2'",
"label": "r 2'"}
,
{
"node": "l",
"frag": "ma-[a",
"id": "P334433.l04174",
"ref": "P334433.23.1",
"inst": "mā[saying]PRP",
"sig": "@saao/saa16%akk-x-neoass:ma-a=mā[saying//saying]PRP'PRP$mā",
"f": {"lang": "akk-x-neoass",
"form": "ma-a",
"cf": "mā",
"gw": "saying",
"sense": "saying",
"norm": "mā",
"pos": "PRP",
"epos": "PRP"}
}
,
{
"node": "l",
"frag": "x",
"id": "P334433.l04175",
"ref": "P334433.23.2",
"inst": "u",
"f": {"lang": "akk-x-neoass",
"form": "x",
"pos": "u"}
}
,
{
"node": "l",
"frag": "x",
"id": "P334433.l04176",
"ref": "P334433.23.3",
"inst": "u",
"f": {"lang": "akk-x-neoass",
"form": "x",
"pos": "u"}
}
,
{
"node": "l",
"frag": "x",
"id": "P334433.l04177",
"ref": "P334433.23.4",
"inst": "u",
"f": {"lang": "akk-x-neoass",
"form": "x",
"pos": "u"}
}
,
{
"node": "l",
"frag": "x",
"id": "P334433.l04178",
"ref": "P334433.23.5",
"inst": "u",
"f": {"lang": "akk-x-neoass",
"form": "x",
"pos": "u"}
}
,
{
"node": "l",
"frag": "x",
"id": "P334433.l04179",
"ref": "P334433.23.6",
"inst": "u",
"f": {"lang": "akk-x-neoass",
"form": "x",
"pos": "u"}
}
,
{
"node": "l",
"frag": "x",
"id": "P334433.l0417a",
"ref": "P334433.23.7",
"inst": "u",
"f": {"lang": "akk-x-neoass",
"form": "x",
"pos": "u"}
}
,
{
"node": "l",
"frag": "x",
"id": "P334433.l0417b",
"ref": "P334433.23.8",
"inst": "u",
"f": {"lang": "akk-x-neoass",
"form": "x",
"pos": "u"}
}
,
{
"node": "l",
"frag": "x]",
"id": "P334433.l0417c",
"ref": "P334433.23.9",
"inst": "u",
"f": {"lang": "akk-x-neoass",
"form": "x",
"pos": "u"}
}
,
{
"node": "d",
"type": "line-start",
"ref": "P334433.24",
"n": "3'",
"label": "r 3'"}
,
{
"node": "l",
"frag": "ma-a",
"id": "P334433.l0417d",
"ref": "P334433.24.1",
"inst": "mā[saying]PRP",
"sig": "@saao/saa16%akk-x-neoass:ma-a=mā[saying//saying]PRP'PRP$mā",
"f": {"lang": "akk-x-neoass",
"form": "ma-a",
"cf": "mā",
"gw": "saying",
"sense": "saying",
"norm": "mā",
"pos": "PRP",
"epos": "PRP"}
}
,
{
"node": "l",
"frag": "[x",
"id": "P334433.l0417e",
"ref": "P334433.24.2",
"inst": "u",
"f": {"lang": "akk-x-neoass",
"form": "x",
"pos": "u"}
}
,
{
"node": "l",
"frag": "x",
"id": "P334433.l0417f",
"ref": "P334433.24.3",
"inst": "u",
"f": {"lang": "akk-x-neoass",
"form": "x",
"pos": "u"}
}
,
{
"node": "l",
"frag": "x",
"id": "P334433.l04180",
"ref": "P334433.24.4",
"inst": "u",
"f": {"lang": "akk-x-neoass",
"form": "x",
"pos": "u"}
}
,
{
"node": "l",
"frag": "x",
"id": "P334433.l04181",
"ref": "P334433.24.5",
"inst": "u",
"f": {"lang": "akk-x-neoass",
"form": "x",
"pos": "u"}
}
,
{
"node": "l",
"frag": "x",
"id": "P334433.l04182",
"ref": "P334433.24.6",
"inst": "u",
"f": {"lang": "akk-x-neoass",
"form": "x",
"pos": "u"}
}
,
{
"node": "l",
"frag": "x",
"id": "P334433.l04183",
"ref": "P334433.24.7",
"inst": "u",
"f": {"lang": "akk-x-neoass",
"form": "x",
"pos": "u"}
}
,
{
"node": "l",
"frag": "x",
"id": "P334433.l04184",
"ref": "P334433.24.8",
"inst": "u",
"f": {"lang": "akk-x-neoass",
"form": "x",
"pos": "u"}
}
,
{
"node": "l",
"frag": "x]",
"id": "P334433.l04185",
"ref": "P334433.24.9",
"inst": "u",
"f": {"lang": "akk-x-neoass",
"form": "x",
"pos": "u"}
}
,
{
"node": "d",
"type": "line-start",
"ref": "P334433.25",
"n": "4'",
"label": "r 4'"}
,
{
"node": "l",
"frag": "iš-kun-šu₂-nu",
"id": "P334433.l04186",
"ref": "P334433.25.1",
"inst": "šakānu[put//place]V$iškunšunu",
"sig": "@saao/saa16%akk-x-neoass:iš-kun-šu₂-nu=šakānu[put//place]V'V$iškunšunu",
"f": {"lang": "akk-x-neoass",
"form": "iš-kun-šu₂-nu",
"cf": "šakānu",
"gw": "put",
"sense": "place",
"norm": "iškunšunu",
"pos": "V",
"epos": "V"}
}
,
{
"node": "c",
"type": "phrase",
"tag": "phr",
"id": "P334433.U6",
"ref": "P334433.ls00002",
"cdl": [
{
"node": "l",
"frag": "ina",
"id": "P334433.l04187",
"ref": "P334433.25.2",
"inst": "ina[in+=in]PRP$",
"sig": "@saao/saa16%akk-x-neoass:ina=ina[in//in]PRP'PRP$ina",
"f": {"lang": "akk-x-neoass",
"form": "ina",
"cf": "ina",
"gw": "in",
"sense": "in",
"norm": "ina",
"pos": "PRP",
"epos": "PRP"}
}
,
{
"node": "l",
"frag": "[ŠA₃",
"id": "P334433.l04188",
"ref": "P334433.25.3",
"inst": "libbi[interior]N",
"sig": "@saao/saa16%akk-x-neoass:ŠA₃=libbu[interior//interior]N'N$libbi",
"f": {"lang": "akk-x-neoass",
"form": "ŠA₃",
"cf": "libbu",
"gw": "interior",
"sense": "interior",
"norm": "libbi",
"pos": "N",
"epos": "N"}
}
]}
,
{
"node": "l",
"frag": "UD-me]",
"id": "P334433.l04189",
"ref": "P334433.25.4",
"inst": "ūme[day]N",
"sig": "@saao/saa16%akk-x-neoass:UD-me=ūmu[day//day]N'N$ūme",
"f": {"lang": "akk-x-neoass",
"form": "UD-me",
"cf": "ūmu",
"gw": "day",
"sense": "day",
"norm": "ūme",
"pos": "N",
"epos": "N"}
}
,
{
"node": "l",
"frag": "⸢ša⸣",
"id": "P334433.l0418a",
"ref": "P334433.25.5",
"inst": "ša[of]DET",
"sig": "@saao/saa16%akk-x-neoass:ša=ša[of//of]DET'DET$ša",
"f": {"lang": "akk-x-neoass",
"form": "ša",
"cf": "ša",
"gw": "of",
"sense": "of",
"norm": "ša",
"pos": "DET",
"epos": "DET"}
}
,
{
"node": "d",
"type": "line-start",
"ref": "P334433.26",
"n": "5'",
"label": "r 5'"}
,
{
"node": "l",
"frag": "DUMU-LUGAL",
"id": "P334433.l0418b",
"ref": "P334433.26.1",
"cof-tails": "P334433.l0418c",
"inst": "māru[son]N$mār&šarru[king]N$šarri",
"sig": "@saao/saa16%akk-x-neoass:DUMU-LUGAL=māru[son//son]N'N$mār&&@saao%akk-x-neoass:=šarru[king//king]N'N$šarri",
"f": {"lang": "akk-x-neoass",
"form": "DUMU-LUGAL",
"cf": "māru",
"gw": "son",
"sense": "son",
"norm": "mār",
"pos": "N",
"epos": "N"}
}
,
{
"node": "l",
"frag": "DUMU-LUGAL",
"id": "P334433.l0418c",
"ref": "P334433.26.1",
"cof-head": "P334433.l0418b",
"inst": "māru[son]N$mār&šarru[king]N$šarri",
"tail-sig": "@saao%akk-x-neoass:=šarru[king//king]N'N$šarri",
"f": {"lang": "akk-x-neoass",
"form": "DUMU-LUGAL",
"cf": "šarru",
"gw": "king",
"sense": "king",
"norm": "šarri",
"pos": "N",
"epos": "N"}
}
,
{
"node": "l",
"frag": "šu-⸢tu⸣-u-ni",
"id": "P334433.l0418d",
"ref": "P334433.26.2",
"inst": "šūtūni[he]IP",
"sig": "@saao/saa16%akk-x-neoass:šu-tu-u-ni=šūtu[he//he]IP'IP$šūtūni",
"f": {"lang": "akk-x-neoass",
"form": "šu-tu-u-ni",
"cf": "šūtu",
"gw": "he",
"sense": "he",
"norm": "šūtūni",
"pos": "IP",
"epos": "IP"}
}
,
{
"node": "l",
"frag": "{1}{d}PA-MAN-a-ni",
"id": "P334433.l0418e",
"ref": "P334433.26.3",
"inst": "Nabu-šarrani[1]PN$",
"sig": "@saao/saa16%akk-x-neoass:{1}{d}PA-MAN-a-ni=Nabu-šarrani[1//1]PN'PN$Nabu-šarrani",
"f": {"lang": "akk-x-neoass",
"form": "{1}{d}PA-MAN-a-ni",
"cf": "Nabu-šarrani",
"gw": "1",
"sense": "1",
"norm": "Nabu-šarrani",
"pos": "PN",
"epos": "PN"}
}
,
{
"node": "d",
"type": "line-start",
"ref": "P334433.27",
"n": "6'",
"label": "r 6'"}
,
{
"node": "l",
"frag": "ina",
"id": "P334433.l0418f",
"ref": "P334433.27.1",
"inst": "ina[in//into]PRP$",
"sig": "@saao/saa16%akk-x-neoass:ina=ina[in//into]PRP'PRP$ina",
"f": {"lang": "akk-x-neoass",
"form": "ina",
"cf": "ina",
"gw": "in",
"sense": "into",
"norm": "ina",
"pos": "PRP",
"epos": "PRP"}
}
,
{
"node": "c",
"type": "phrase",
"tag": "phr",
"id": "P334433.U7",
"ref": "P334433.ls00003",
"cdl": [
{
"node": "l",
"frag": "E₂-ku-tal-li",
"id": "P334433.l04190",
"ref": "P334433.27.2",
"cof-tails": "P334433.l04191",
"inst": "bītu[house]N$bēt&kutallu[back]N$kutalli",
"sig": "@saao/saa16%akk-x-neoass:E₂-ku-tal-li=bītu[house//house]N'N$bēt&&@saao%akk-x-neoass:=kutallu[back//back]N'N$kutalli",
"f": {"lang": "akk-x-neoass",
"form": "E₂-ku-tal-li",
"cf": "bītu",
"gw": "house",
"sense": "house",
"norm": "bēt",
"pos": "N",
"epos": "N"}
}
,
{
"node": "l",
"frag": "E₂-ku-tal-li",
"id": "P334433.l04191",
"ref": "P334433.27.2",
"cof-head": "P334433.l04190",
"inst": "bītu[house]N$bēt&kutallu[back]N$kutalli",
"tail-sig": "@saao%akk-x-neoass:=kutallu[back//back]N'N$kutalli",
"f": {"lang": "akk-x-neoass",
"form": "E₂-ku-tal-li",
"cf": "kutallu",
"gw": "back",
"sense": "back",
"norm": "kutalli",
"pos": "N",
"epos": "N"}
}
]}
,
{
"node": "c",
"type": "phrase",
"tag": "phr",
"id": "P334433.U8",
"ref": "P334433.ls00004",
"cdl": [
{
"node": "l",
"frag": "ina",
"id": "P334433.l04192",
"ref": "P334433.27.3",
"inst": "ina[in+=to]PRP$",
"sig": "@saao/saa16%akk-x-neoass:ina=ina[in//in]PRP'PRP$ina",
"f": {"lang": "akk-x-neoass",
"form": "ina",
"cf": "ina",
"gw": "in",
"sense": "in",
"norm": "ina",
"pos": "PRP",
"epos": "PRP"}
}
,
{
"node": "l",
"frag": "pa-an",
"id": "P334433.l04193",
"ref": "P334433.27.4",
"inst": "pān[front]N",
"sig": "@saao/saa16%akk-x-neoass:pa-an=pānu[front//front]N'N$pān",
"f": {"lang": "akk-x-neoass",
"form": "pa-an",
"cf": "pānu",
"gw": "front",
"sense": "front",
"norm": "pān",
"pos": "N",
"epos": "N"}
}
]}
,
{
"node": "l",
"frag": "LUGAL",
"id": "P334433.l04194",
"ref": "P334433.27.5",
"inst": "šarri[king]N",
"sig": "@saao/saa16%akk-x-neoass:LUGAL=šarru[king//king]N'N$šarri",
"f": {"lang": "akk-x-neoass",
"form": "LUGAL",
"cf": "šarru",
"gw": "king",
"sense": "king",
"norm": "šarri",
"pos": "N",
"epos": "N"}
}
,
{
"node": "d",
"type": "line-start",
"ref": "P334433.28",
"n": "7'",
"label": "r 7'"}
,
{
"node": "l",
"frag": "us-se-rib-šu₂-nu",
"id": "P334433.l04195",
"ref": "P334433.28.1",
"inst": "erēbu[enter//bring in]V$ussēribšunu",
"sig": "@saao/saa16%akk-x-neoass:us-se-rib-šu₂-nu=erēbu[enter//bring in]V'V$ussēribšunu",
"f": {"lang": "akk-x-neoass",
"form": "us-se-rib-šu₂-nu",
"cf": "erēbu",
"gw": "enter",
"sense": "bring in",
"norm": "ussēribšunu",
"pos": "V",
"epos": "V"}
}
,
{
"node": "l",
"frag": "is-pi-lu-rat",
"id": "P334433.l04196",
"ref": "P334433.28.2",
"inst": "išpallurtu[cross//cross]N$ispillurāt",
"sig": "@saao/saa16%akk-x-neoass:is-pi-lu-rat=išpallurtu[cross//cross]N'N$ispillurāt",
"f": {"lang": "akk-x-neoass",
"form": "is-pi-lu-rat",
"cf": "išpallurtu",
"gw": "cross",
"sense": "cross",
"norm": "ispillurāt",
"pos": "N",
"epos": "N"}
}
,
{
"node": "d",
"type": "line-start",
"ref": "P334433.29",
"n": "8'",
"label": "r 8'"}
,
{
"node": "l",
"frag": "is-sak-nu-šu-nu",
"id": "P334433.l04197",
"ref": "P334433.29.1",
"inst": "šakānu[put//place]V$issaknušunu",
"sig": "@saao/saa16%akk-x-neoass:is-sak-nu-šu-nu=šakānu[put//place]V'V$issaknušunu",
"f": {"lang": "akk-x-neoass",
"form": "is-sak-nu-šu-nu",
"cf": "šakānu",
"gw": "put",
"sense": "place",
"norm": "issaknušunu",
"pos": "V",
"epos": "V"}
}
,
{
"node": "d",
"type": "line-start",
"ref": "P334433.30",
"n": "9'",
"label": "r 9'"}
,
{
"node": "l",
"frag": "u₂-ma-a",
"id": "P334433.l04198",
"ref": "P334433.30.1",
"inst": "ūmâ[now]AV",
"sig": "@saao/saa16%akk-x-neoass:u₂-ma-a=ūma[today//now]AV'AV$ūmâ",
"f": {"lang": "akk-x-neoass",
"form": "u₂-ma-a",
"cf": "ūma",
"gw": "today",
"sense": "now",
"norm": "ūmâ",
"pos": "AV",
"epos": "AV"}
}
,
{
"node": "l",
"frag": "{1}DI-mu-KUR",
"id": "P334433.l04199",
"ref": "P334433.30.2",
"inst": "Šulmu-mati[1]PN$",
"sig": "@saao/saa16%akk-x-neoass:{1}DI-mu-KUR=Šulmu-mati[1//1]PN'PN$Šulmu-mati",
"f": {"lang": "akk-x-neoass",
"form": "{1}DI-mu-KUR",
"cf": "Šulmu-mati",
"gw": "1",
"sense": "1",
"norm": "Šulmu-mati",
"pos": "PN",
"epos": "PN"}
}
,
{
"node": "l",
"frag": "it-ta-lak",
"id": "P334433.l0419a",
"ref": "P334433.30.3",
"inst": "ittalak[go]V",
"sig": "@saao/saa16%akk-x-neoass:it-ta-lak=alāku[go//go]V'V$ittalak",
"f": {"lang": "akk-x-neoass",
"form": "it-ta-lak",
"cf": "alāku",
"gw": "go",
"sense": "go",
"norm": "ittalak",
"pos": "V",
"epos": "V"}
}
,
{
"node": "d",
"type": "line-start",
"ref": "P334433.31",
"n": "10'",
"label": "r 10'"}
,
{
"node": "l",
"frag": "A₂.2-šu₂",
"id": "P334433.l0419b",
"ref": "P334433.31.1",
"inst": "ahīšu[arm]N",
"sig": "@saao/saa16%akk-x-neoass:A₂.2-šu₂=ahu[arm//arm]N'N$ahīšu",
"f": {"lang": "akk-x-neoass",
"form": "A₂.2-šu₂",
"cf": "ahu",
"gw": "arm",
"sense": "arm",
"norm": "ahīšu",
"pos": "N",
"epos": "N"}
}
,
{
"node": "c",
"type": "phrase",
"tag": "phr",
"id": "P334433.U9",
"ref": "P334433.ls00005",
"cdl": [
{
"node": "l",
"frag": "ina",
"id": "P334433.l0419c",
"ref": "P334433.31.2",
"inst": "ina[in+=on]PRP$",
"sig": "@saao/saa16%akk-x-neoass:ina=ina[in//in]PRP'PRP$ina",
"f": {"lang": "akk-x-neoass",
"form": "ina",
"cf": "ina",
"gw": "in",
"sense": "in",
"norm": "ina",
"pos": "PRP",
"epos": "PRP"}
}
,
{
"node": "l",
"frag": "UGU",
"id": "P334433.l0419d",
"ref": "P334433.31.3",
"inst": "muhhi[skull]N",
"sig": "@saao/saa16%akk-x-neoass:UGU=muhhu[skull//skull]N'N$muhhi",
"f": {"lang": "akk-x-neoass",
"form": "UGU",
"cf": "muhhu",
"gw": "skull",
"sense": "skull",
"norm": "muhhi",
"pos": "N",
"epos": "N"}
}
]}
,
{
"node": "l",
"frag": "E₂",
"id": "P334433.l0419e",
"ref": "P334433.31.4",
"inst": "bēti[house]N",
"sig": "@saao/saa16%akk-x-neoass:E₂=bītu[house//house]N'N$bēti",
"f": {"lang": "akk-x-neoass",
"form": "E₂",
"cf": "bītu",
"gw": "house",
"sense": "house",
"norm": "bēti",
"pos": "N",
"epos": "N"}
}
,
{
"node": "l",
"frag": "is-sa-kan",
"id": "P334433.l0419f",
"ref": "P334433.31.5",
"inst": "issakan[place]V",
"sig": "@saao/saa16%akk-x-neoass:is-sa-kan=šakānu[put//place]V'V$issakan",
"f": {"lang": "akk-x-neoass",
"form": "is-sa-kan",
"cf": "šakānu",
"gw": "put",
"sense": "place",
"norm": "issakan",
"pos": "V",
"epos": "V"}
}
,
{
"node": "d",
"type": "line-start",
"ref": "P334433.32",
"n": "11'",
"label": "r 11'"}
,
{
"node": "l",
"frag": "a-na",
"id": "P334433.l041a0",
"ref": "P334433.32.1",
"inst": "ana[to]PRP",
"sig": "@saao/saa16%akk-x-neoass:a-na=ana[to//to]PRP'PRP$ana",
"f": {"lang": "akk-x-neoass",
"form": "a-na",
"cf": "ana",
"gw": "to",
"sense": "to",
"norm": "ana",
"pos": "PRP",
"epos": "PRP"}
}
,
{
"node": "l",
"frag": "ša-ah-su-si",
"id": "P334433.l041a1",
"ref": "P334433.32.2",
"inst": "hasāsu[be(come) conscious//reminder]V'N$šahsusi",
"sig": "@saao/saa16%akk-x-neoass:ša-ah-su-si=hasāsu[be(come) conscious//reminder]V'N$šahsusi",
"f": {"lang": "akk-x-neoass",
"form": "ša-ah-su-si",
"cf": "hasāsu",
"gw": "be(come) conscious",
"sense": "reminder",
"norm": "šahsusi",
"pos": "V",
"epos": "N"}
}
,
{
"node": "l",
"frag": "šu-u",
"id": "P334433.l041a2",
"ref": "P334433.32.3",
"inst": "šû[it]IP",
"sig": "@saao/saa16%akk-x-neoass:šu-u=šū[he//it]IP'IP$šû",
"f": {"lang": "akk-x-neoass",
"form": "šu-u",
"cf": "šū",
"gw": "he",
"sense": "it",
"norm": "šû",
"pos": "IP",
"epos": "IP"}
}
,
{
"node": "d",
"type": "line-start",
"ref": "P334433.33",
"n": "12'",
"label": "r 12'"}
,
{
"node": "l",
"frag": "a-na",
"id": "P334433.l041a3",
"ref": "P334433.33.1",
"inst": "ana[to]PRP",
"sig": "@saao/saa16%akk-x-neoass:a-na=ana[to//to]PRP'PRP$ana",
"f": {"lang": "akk-x-neoass",
"form": "a-na",
"cf": "ana",
"gw": "to",
"sense": "to",
"norm": "ana",
"pos": "PRP",
"epos": "PRP"}
}
,
{
"node": "l",
"frag": "LUGAL",
"id": "P334433.l041a4",
"ref": "P334433.33.2",
"inst": "šarri[king]N",
"sig": "@saao/saa16%akk-x-neoass:LUGAL=šarru[king//king]N'N$šarri",
"f": {"lang": "akk-x-neoass",
"form": "LUGAL",
"cf": "šarru",
"gw": "king",
"sense": "king",
"norm": "šarri",
"pos": "N",
"epos": "N"}
}
,
{
"node": "l",
"frag": "be-li₂-ia",
"id": "P334433.l041a5",
"ref": "P334433.33.3",
"inst": "bēlīya[lord]N",
"sig": "@saao/saa16%akk-x-neoass:be-li₂-ia=bēlu[lord//lord]N'N$bēlīya",
"f": {"lang": "akk-x-neoass",
"form": "be-li₂-ia",
"cf": "bēlu",
"gw": "lord",
"sense": "lord",
"norm": "bēlīya",
"pos": "N",
"epos": "N"}
}
,
{
"node": "d",
"type": "line-start",
"ref": "P334433.34",
"n": "13'",
"label": "r 13'"}
,
{
"node": "l",
"frag": "as-sap-ra",
"id": "P334433.l041a6",
"ref": "P334433.34.1",
"inst": "assapra[write]V",
"sig": "@saao/saa16%akk-x-neoass:as-sap-ra=šapāru[send//write]V'V$assapra",
"f": {"lang": "akk-x-neoass",
"form": "as-sap-ra",
"cf": "šapāru",
"gw": "send",
"sense": "write",
"norm": "assapra",
"pos": "V",
"epos": "V"}
}
,
{
"node": "d",
"type": "line-start",
"ref": "P334433.35",
"n": "14'",
"label": "r 14'"}
,
{
"node": "l",
"frag": "⸢LUGAL⸣",
"id": "P334433.l041a7",
"ref": "P334433.35.1",
"inst": "šarru[king]N",
"sig": "@saao/saa16%akk-x-neoass:LUGAL=šarru[king//king]N'N$šarru",
"f": {"lang": "akk-x-neoass",
"form": "LUGAL",
"cf": "šarru",
"gw": "king",
"sense": "king",
"norm": "šarru",
"pos": "N",
"epos": "N"}
}
,
{
"node": "l",
"frag": "be-li₂",
"id": "P334433.l041a8",
"ref": "P334433.35.2",
"inst": "bēlī[lord]N",
"sig": "@saao/saa16%akk-x-neoass:be-li₂=bēlu[lord//lord]N'N$bēlī",
"f": {"lang": "akk-x-neoass",
"form": "be-li₂",
"cf": "bēlu",
"gw": "lord",
"sense": "lord",
"norm": "bēlī",
"pos": "N",
"epos": "N"}
}
,
{
"node": "l",
"frag": "ki-i",
"id": "P334433.l041a9",
"ref": "P334433.35.3",
"inst": "kî[like//in accordance with]PRP",
"sig": "@saao/saa16%akk-x-neoass:ki-i=kī[like//in accordance with]PRP'PRP$kî",
"f": {"lang": "akk-x-neoass",
"form": "ki-i",
"cf": "kī",
"gw": "like",
"sense": "in accordance with",
"norm": "kî",
"pos": "PRP",
"epos": "PRP"}
}
,
{
"node": "l",
"frag": "ša",
"id": "P334433.l041aa",
"ref": "P334433.35.4",
"inst": "ša[what]REL",
"sig": "@saao/saa16%akk-x-neoass:ša=ša[that//what]REL'REL$ša",
"f": {"lang": "akk-x-neoass",
"form": "ša",
"cf": "ša",
"gw": "that",
"sense": "what",
"norm": "ša",
"pos": "REL",
"epos": "REL"}
}
,
{
"node": "l",
"frag": "i-la-u₂-ni",
"id": "P334433.l041ab",
"ref": "P334433.35.5",
"inst": "leʾû[be able//deem]V$ilaʾʾûni",
"sig": "@saao/saa16%akk-x-neoass:i-la-u₂-ni=leʾû[be able//deem]V'V$ilaʾʾûni",
"f": {"lang": "akk-x-neoass",
"form": "i-la-u₂-ni",
"cf": "leʾû",
"gw": "be able",
"sense": "deem",
"norm": "ilaʾʾûni",
"pos": "V",
"epos": "V"}
}
,
{
"node": "d",
"type": "line-start",
"ref": "P334433.36",
"n": "15'",
"label": "r 15'"}
,
{
"node": "l",
"frag": "[le]-pu-uš",
"id": "P334433.l041ac",
"ref": "P334433.36.1",
"inst": "lēpuš[do]V",
"sig": "@saao/saa16%akk-x-neoass:le-pu-uš=epēšu[do//do]V'V$lēpuš",
"f": {"lang": "akk-x-neoass",
"form": "le-pu-uš",
"cf": "epēšu",
"gw": "do",
"sense": "do",
"norm": "lēpuš",
"pos": "V",
"epos": "V"}
}
]}
]}
]}
,
{
"linkbase": [{
"type": "linkset",
"xlink_title": "ina libbi[in//(in exchange) for]PRP'PRP",
"id": "P334433.ls00000",
"xlink_type": "extended",
"xlink_role": "psu",
"sig": "{ina[in]PRP libbu[interior]N += ina libbi[in//(in exchange) for]PRP'PRP}::@saao%akk-x-neoass:ina=ina[in//into]PRP'PRP$ina++@saao%akk-x-neoass:ŠA₃=libbu[interior//interior]N'N$libbi",
"links": [
{
"type": "link",
"xlink_title": "ina",
"xlink_type": "locator",
"xlink_href": "#P334433.l0413d",
"xlink_role": "elt"}
,
{
"type": "link",
"xlink_title": "libbi",
"xlink_type": "locator",
"xlink_href": "#P334433.l0413e",
"xlink_role": "elt"}
]}
,
{
"type": "linkset",
"xlink_title": "ina muhhi[on//about]PRP'PRP",
"id": "P334433.ls00001",
"xlink_type": "extended",
"xlink_role": "psu",
"sig": "{ina[in]PRP muhhu[skull]N += ina muhhi[on//about]PRP'PRP}::@saao%akk-x-neoass:ina=ina[in//into]PRP'PRP$ina++@saao%akk-x-neoass:UGU-hi=muhhu[skull//skull]N'N$muhhi",
"links": [
{
"type": "link",
"xlink_title": "ina",
"xlink_type": "locator",
"xlink_href": "#P334433.l04149",
"xlink_role": "elt"}
,
{
"type": "link",
"xlink_title": "muhhi",
"xlink_type": "locator",
"xlink_href": "#P334433.l0414a",
"xlink_role": "elt"}
]}
,
{
"type": "linkset",
"xlink_title": "ina libbi[in//(in exchange) for]PRP'PRP",
"id": "P334433.ls00002",
"xlink_type": "extended",
"xlink_role": "psu",
"sig": "{ina[in]PRP libbu[interior]N += ina libbi[in//(in exchange) for]PRP'PRP}::@saao%akk-x-neoass:ina=ina[in//into]PRP'PRP$ina++@saao%akk-x-neoass:ŠA₃=libbu[interior//interior]N'N$libbi",
"links": [
{
"type": "link",
"xlink_title": "ina",
"xlink_type": "locator",
"xlink_href": "#P334433.l04187",
"xlink_role": "elt"}
,
{
"type": "link",
"xlink_title": "libbi",
"xlink_type": "locator",
"xlink_href": "#P334433.l04188",
"xlink_role": "elt"}
]}
,
{
"type": "linkset",
"xlink_title": "bīt kutalli[Rear Palace//Rear Palace]N'N",
"id": "P334433.ls00003",
"xlink_type": "extended",
"xlink_role": "psu",
"sig": "{bītu[house]N kutallu[back]N += bīt kutalli[Rear Palace//Rear Palace]N'N}::@saao%akk-x-neoass:E₂-ku-tal-li=bītu[house//house]N'N$bēt++@saao%akk-x-neoass:E₂-ku-tal-li=kutallu[back//back]N'N$kutalli",
"links": [
{
"type": "link",
"xlink_title": "bītu",
"xlink_type": "locator",
"xlink_href": "#P334433.l04190",
"xlink_role": "elt"}
,
{
"type": "link",
"xlink_title": "kutallu",
"xlink_type": "locator",
"xlink_href": "#P334433.l04191",
"xlink_role": "elt"}
]}
,
{
"type": "linkset",
"xlink_title": "ina pān[in the presence of//at the disposal of]PRP'PRP",
"id": "P334433.ls00004",
"xlink_type": "extended",
"xlink_role": "psu",
"sig": "{ina[in]PRP pānu[front]N += ina pān[in the presence of//at the disposal of]PRP'PRP}::@saao%akk-x-neoass:ina=ina[in//into]PRP'PRP$ina++@saao%akk-x-neoass:pa-an=pānu[front//front]N'N$pān",
"links": [
{
"type": "link",
"xlink_title": "ina",
"xlink_type": "locator",
"xlink_href": "#P334433.l04192",
"xlink_role": "elt"}
,
{
"type": "link",
"xlink_title": "pān",
"xlink_type": "locator",
"xlink_href": "#P334433.l04193",
"xlink_role": "elt"}
]}
,
{
"type": "linkset",
"xlink_title": "ina muhhi[on//about]PRP'PRP",
"id": "P334433.ls00005",
"xlink_type": "extended",
"xlink_role": "psu",
"sig": "{ina[in]PRP muhhu[skull]N += ina muhhi[on//about]PRP'PRP}::@saao%akk-x-neoass:ina=ina[in//into]PRP'PRP$ina++@saao%akk-x-neoass:UGU=muhhu[skull//skull]N'N$muhhi",
"links": [
{
"type": "link",
"xlink_title": "ina",
"xlink_type": "locator",
"xlink_href": "#P334433.l0419c",
"xlink_role": "elt"}
,
{
"type": "link",
"xlink_title": "muhhi",
"xlink_type": "locator",
"xlink_href": "#P334433.l0419d",
"xlink_role": "elt"}
]}
]}
]}
