{
"type": "cdl",
  "source": "http://oracc.org/saao/saa16",
  "license": "This data is released under the CC0 license",
  "license-url": "https://creativecommons.org/publicdomain/zero/1.0/",
  "more-info": "http://oracc.org/doc/opendata/",
  "UTC-timestamp": "2017-05-19T11:56:17",
"project": "saao/saa16",
"textid": "P334818",
"cdl": [
{
"node": "c",
"type": "text",
"id": "P334818.U0",
"cdl": [
{
"node": "d",
"type": "object",
"ref": ""}
,
{
"node": "d",
"subtype": "obverse",
"type": "surface",
"ref": "P334818.o.1",
"type": "obverse",
"label": "o"}
,
{
"node": "c",
"type": "discourse",
"subtype": "body",
"id": "P334818.U1",
"cdl": [
{
"node": "c",
"type": "sentence",
"id": "P334818.U2",
"label": "o 1 - r 22",
"cdl": [
{
"node": "d",
"type": "line-start",
"ref": "P334818.2",
"n": "1",
"label": "o 1"}
,
{
"node": "l",
"frag": "a-na",
"id": "P334818.l00b57",
"ref": "P334818.2.1",
"inst": "ana[to]PRP",
"sig": "@saao/saa16%akk-x-neoass:a-na=ana[to//to]PRP'PRP$ana",
"f": {"lang": "akk-x-neoass",
"form": "a-na",
"cf": "ana",
"gw": "to",
"sense": "to",
"norm": "ana",
"pos": "PRP",
"epos": "PRP"}
}
,
{
"node": "l",
"frag": "LUGAL",
"id": "P334818.l00b58",
"ref": "P334818.2.2",
"inst": "šarri[king]N",
"sig": "@saao/saa16%akk-x-neoass:LUGAL=šarru[king//king]N'N$šarri",
"f": {"lang": "akk-x-neoass",
"form": "LUGAL",
"cf": "šarru",
"gw": "king",
"sense": "king",
"norm": "šarri",
"pos": "N",
"epos": "N"}
}
,
{
"node": "l",
"frag": "be-li-ia",
"id": "P334818.l00b59",
"ref": "P334818.2.3",
"inst": "bēlīya[lord]N",
"sig": "@saao/saa16%akk-x-neoass:be-li-ia=bēlu[lord//lord]N'N$bēlīya",
"f": {"lang": "akk-x-neoass",
"form": "be-li-ia",
"cf": "bēlu",
"gw": "lord",
"sense": "lord",
"norm": "bēlīya",
"pos": "N",
"epos": "N"}
}
,
{
"node": "d",
"type": "line-start",
"ref": "P334818.3",
"n": "2",
"label": "o 2"}
,
{
"node": "l",
"frag": "ARAD-ka",
"id": "P334818.l00b5a",
"ref": "P334818.3.1",
"inst": "urdaka[servant]N",
"sig": "@saao/saa16%akk-x-neoass:ARAD-ka=ardu[slave//servant]N'N$urdaka",
"f": {"lang": "akk-x-neoass",
"form": "ARAD-ka",
"cf": "ardu",
"gw": "slave",
"sense": "servant",
"norm": "urdaka",
"pos": "N",
"epos": "N"}
}
,
{
"node": "l",
"frag": "{1}{⸢d}PA-NUMUN-GIN-GIŠ⸣",
"id": "P334818.l00b5b",
"ref": "P334818.3.2",
"inst": "Nabu-zer-ketti-lešir[1]PN$",
"sig": "@saao/saa16%akk-x-neoass:{1}{d}PA-NUMUN-GIN-GIŠ=Nabu-zer-ketti-lešir[1//1]PN'PN$Nabu-zer-ketti-lešir",
"f": {"lang": "akk-x-neoass",
"form": "{1}{d}PA-NUMUN-GIN-GIŠ",
"cf": "Nabu-zer-ketti-lešir",
"gw": "1",
"sense": "1",
"norm": "Nabu-zer-ketti-lešir",
"pos": "PN",
"epos": "PN"}
}
,
{
"node": "d",
"type": "line-start",
"ref": "P334818.4",
"n": "3",
"label": "o 3"}
,
{
"node": "l",
"frag": "{lu₂}[ša₂-UGU-hu-luh-hi]",
"id": "P334818.l00b5c",
"ref": "P334818.4.1",
"inst": "ša-muhhi-huluhhi[overseer of white frit]N$",
"sig": "@saao/saa16%akk-x-neoass:{LU₂}ša₂-UGU-hu-luh-hi=ša-muhhi-huluhhi[overseer of white frit//overseer of white frit]N'N$ša-muhhi-huluhhi",
"f": {"lang": "akk-x-neoass",
"form": "{LU₂}ša₂-UGU-hu-luh-hi",
"cf": "ša-muhhi-huluhhi",
"gw": "overseer of white frit",
"sense": "overseer of white frit",
"norm": "ša-muhhi-huluhhi",
"pos": "N",
"epos": "N"}
}
,
{
"node": "d",
"type": "line-start",
"ref": "P334818.5",
"n": "4",
"label": "o 4"}
,
{
"node": "l",
"frag": "⸢lu⸣-u",
"id": "P334818.l00b5d",
"ref": "P334818.5.1",
"inst": "lū[may]MOD",
"sig": "@saao/saa16%akk-x-neoass:lu-u=lū[may//may]MOD'MOD$lū",
"f": {"lang": "akk-x-neoass",
"form": "lu-u",
"cf": "lū",
"gw": "may",
"sense": "may",
"norm": "lū",
"pos": "MOD",
"epos": "MOD"}
}
,
{
"node": "l",
"frag": "DI-⸢mu⸣",
"id": "P334818.l00b5e",
"ref": "P334818.5.2",
"inst": "šulmu[health]N",
"sig": "@saao/saa16%akk-x-neoass:DI-mu=šulmu[completeness//health]N'N$šulmu",
"f": {"lang": "akk-x-neoass",
"form": "DI-mu",
"cf": "šulmu",
"gw": "completeness",
"sense": "health",
"norm": "šulmu",
"pos": "N",
"epos": "N"}
}
,
{
"node": "l",
"frag": "a-na",
"id": "P334818.l00b5f",
"ref": "P334818.5.3",
"inst": "ana[to]PRP",
"sig": "@saao/saa16%akk-x-neoass:a-na=ana[to//to]PRP'PRP$ana",
"f": {"lang": "akk-x-neoass",
"form": "a-na",
"cf": "ana",
"gw": "to",
"sense": "to",
"norm": "ana",
"pos": "PRP",
"epos": "PRP"}
}
,
{
"node": "l",
"frag": "⸢LUGAL",
"id": "P334818.l00b60",
"ref": "P334818.5.4",
"inst": "šarri[king]N",
"sig": "@saao/saa16%akk-x-neoass:LUGAL=šarru[king//king]N'N$šarri",
"f": {"lang": "akk-x-neoass",
"form": "LUGAL",
"cf": "šarru",
"gw": "king",
"sense": "king",
"norm": "šarri",
"pos": "N",
"epos": "N"}
}
,
{
"node": "l",
"frag": "EN⸣-ia₂",
"id": "P334818.l00b61",
"ref": "P334818.5.5",
"inst": "bēlīya[lord]N",
"sig": "@saao/saa16%akk-x-neoass:EN-ia₂=bēlu[lord//lord]N'N$bēlīya",
"f": {"lang": "akk-x-neoass",
"form": "EN-ia₂",
"cf": "bēlu",
"gw": "lord",
"sense": "lord",
"norm": "bēlīya",
"pos": "N",
"epos": "N"}
}
,
{
"node": "d",
"type": "line-start",
"ref": "P334818.6",
"n": "5",
"label": "o 5"}
,
{
"node": "l",
"frag": "aš-šur",
"id": "P334818.l00b62",
"ref": "P334818.6.1",
"inst": "Aššur[1]DN",
"sig": "@saao/saa16%akk-x-neoass:aš-šur=Aššur[1//1]DN'DN$Aššur",
"f": {"lang": "akk-x-neoass",
"form": "aš-šur",
"cf": "Aššur",
"gw": "1",
"sense": "1",
"norm": "Aššur",
"pos": "DN",
"epos": "DN"}
}
,
{
"node": "l",
"frag": "{d}EN",
"id": "P334818.l00b63",
"ref": "P334818.6.2",
"inst": "Bel[1]DN",
"sig": "@saao/saa16%akk-x-neoass:{d}EN=Bel[1//1]DN'DN$Bel",
"f": {"lang": "akk-x-neoass",
"form": "{d}EN",
"cf": "Bel",
"gw": "1",
"sense": "1",
"norm": "Bel",
"pos": "DN",
"epos": "DN"}
}
,
{
"node": "l",
"frag": "u",
"id": "P334818.l00b64",
"ref": "P334818.6.3",
"inst": "u[and]CNJ",
"sig": "@saao/saa16%akk-x-neoass:u=u[and//and]CNJ'CNJ$u",
"f": {"lang": "akk-x-neoass",
"form": "u",
"cf": "u",
"gw": "and",
"sense": "and",
"norm": "u",
"pos": "CNJ",
"epos": "CNJ"}
}
,
{
"node": "l",
"frag": "{d}[UTU]",
"id": "P334818.l00b65",
"ref": "P334818.6.4",
"inst": "Šamaš[1]DN",
"sig": "@saao/saa16%akk-x-neoass:{d}UTU=Šamaš[1//1]DN'DN$Šamaš",
"f": {"lang": "akk-x-neoass",
"form": "{d}UTU",
"cf": "Šamaš",
"gw": "1",
"sense": "1",
"norm": "Šamaš",
"pos": "DN",
"epos": "DN"}
}
,
{
"node": "l",
"frag": "u",
"id": "P334818.l00b66",
"ref": "P334818.6.5",
"inst": "u[and]CNJ",
"sig": "@saao/saa16%akk-x-neoass:u=u[and//and]CNJ'CNJ$u",
"f": {"lang": "akk-x-neoass",
"form": "u",
"cf": "u",
"gw": "and",
"sense": "and",
"norm": "u",
"pos": "CNJ",
"epos": "CNJ"}
}
,
{
"node": "l",
"frag": "{d}⸢PA⸣",
"id": "P334818.l00b67",
"ref": "P334818.6.6",
"inst": "Nabu[1]DN",
"sig": "@saao/saa16%akk-x-neoass:{d}PA=Nabu[1//1]DN'DN$Nabu",
"f": {"lang": "akk-x-neoass",
"form": "{d}PA",
"cf": "Nabu",
"gw": "1",
"sense": "1",
"norm": "Nabu",
"pos": "DN",
"epos": "DN"}
}
,
{
"node": "d",
"type": "line-start",
"ref": "P334818.7",
"n": "6",
"label": "o 6"}
,
{
"node": "l",
"frag": "[x",
"id": "P334818.l00b68",
"ref": "P334818.7.1",
"inst": "u",
"f": {"lang": "akk-x-neoass",
"form": "x",
"pos": "u"}
}
,
{
"node": "l",
"frag": "x",
"id": "P334818.l00b69",
"ref": "P334818.7.2",
"inst": "u",
"f": {"lang": "akk-x-neoass",
"form": "x",
"pos": "u"}
}
,
{
"node": "l",
"frag": "x",
"id": "P334818.l00b6a",
"ref": "P334818.7.3",
"inst": "u",
"f": {"lang": "akk-x-neoass",
"form": "x",
"pos": "u"}
}
,
{
"node": "l",
"frag": "x",
"id": "P334818.l00b6b",
"ref": "P334818.7.4",
"inst": "u",
"f": {"lang": "akk-x-neoass",
"form": "x",
"pos": "u"}
}
,
{
"node": "l",
"frag": "x",
"id": "P334818.l00b6c",
"ref": "P334818.7.5",
"inst": "u",
"f": {"lang": "akk-x-neoass",
"form": "x",
"pos": "u"}
}
,
{
"node": "l",
"frag": "x",
"id": "P334818.l00b6d",
"ref": "P334818.7.6",
"inst": "u",
"f": {"lang": "akk-x-neoass",
"form": "x",
"pos": "u"}
}
,
{
"node": "l",
"frag": "x",
"id": "P334818.l00b6e",
"ref": "P334818.7.7",
"inst": "u",
"f": {"lang": "akk-x-neoass",
"form": "x",
"pos": "u"}
}
,
{
"node": "l",
"frag": "x",
"id": "P334818.l00b6f",
"ref": "P334818.7.8",
"inst": "u",
"f": {"lang": "akk-x-neoass",
"form": "x",
"pos": "u"}
}
,
{
"node": "l",
"frag": "x]",
"id": "P334818.l00b70",
"ref": "P334818.7.9",
"inst": "u",
"f": {"lang": "akk-x-neoass",
"form": "x",
"pos": "u"}
}
,
{
"node": "d",
"type": "nonx",
"ref": "P334818.8",
"strict": "0",
"state": "other"}
,
{
"node": "d",
"type": "line-start",
"ref": "P334818.9",
"n": "7",
"label": "o 7"}
,
{
"node": "l",
"frag": "[x",
"id": "P334818.l00b71",
"ref": "P334818.9.1",
"inst": "u",
"f": {"lang": "akk-x-neoass",
"form": "x",
"pos": "u"}
}
,
{
"node": "l",
"frag": "x",
"id": "P334818.l00b72",
"ref": "P334818.9.2",
"inst": "u",
"f": {"lang": "akk-x-neoass",
"form": "x",
"pos": "u"}
}
,
{
"node": "l",
"frag": "x",
"id": "P334818.l00b73",
"ref": "P334818.9.3",
"inst": "u",
"f": {"lang": "akk-x-neoass",
"form": "x",
"pos": "u"}
}
,
{
"node": "l",
"frag": "x",
"id": "P334818.l00b74",
"ref": "P334818.9.4",
"inst": "u",
"f": {"lang": "akk-x-neoass",
"form": "x",
"pos": "u"}
}
,
{
"node": "l",
"frag": "x",
"id": "P334818.l00b75",
"ref": "P334818.9.5",
"inst": "u",
"f": {"lang": "akk-x-neoass",
"form": "x",
"pos": "u"}
}
,
{
"node": "l",
"frag": "x",
"id": "P334818.l00b76",
"ref": "P334818.9.6",
"inst": "u",
"f": {"lang": "akk-x-neoass",
"form": "x",
"pos": "u"}
}
,
{
"node": "l",
"frag": "x",
"id": "P334818.l00b77",
"ref": "P334818.9.7",
"inst": "u",
"f": {"lang": "akk-x-neoass",
"form": "x",
"pos": "u"}
}
,
{
"node": "l",
"frag": "x]-ti",
"id": "P334818.l00b78",
"ref": "P334818.9.8",
"inst": "u",
"f": {"lang": "akk-x-neoass",
"form": "x-ti",
"pos": "u"}
}
,
{
"node": "d",
"type": "line-start",
"ref": "P334818.10",
"n": "8",
"label": "o 8"}
,
{
"node": "l",
"frag": "[x",
"id": "P334818.l00b79",
"ref": "P334818.10.1",
"inst": "u",
"f": {"lang": "akk-x-neoass",
"form": "x",
"pos": "u"}
}
,
{
"node": "l",
"frag": "x",
"id": "P334818.l00b7a",
"ref": "P334818.10.2",
"inst": "u",
"f": {"lang": "akk-x-neoass",
"form": "x",
"pos": "u"}
}
,
{
"node": "l",
"frag": "x",
"id": "P334818.l00b7b",
"ref": "P334818.10.3",
"inst": "u",
"f": {"lang": "akk-x-neoass",
"form": "x",
"pos": "u"}
}
,
{
"node": "l",
"frag": "x",
"id": "P334818.l00b7c",
"ref": "P334818.10.4",
"inst": "u",
"f": {"lang": "akk-x-neoass",
"form": "x",
"pos": "u"}
}
,
{
"node": "l",
"frag": "x",
"id": "P334818.l00b7d",
"ref": "P334818.10.5",
"inst": "u",
"f": {"lang": "akk-x-neoass",
"form": "x",
"pos": "u"}
}
,
{
"node": "l",
"frag": "x",
"id": "P334818.l00b7e",
"ref": "P334818.10.6",
"inst": "u",
"f": {"lang": "akk-x-neoass",
"form": "x",
"pos": "u"}
}
,
{
"node": "l",
"frag": "x",
"id": "P334818.l00b7f",
"ref": "P334818.10.7",
"inst": "u",
"f": {"lang": "akk-x-neoass",
"form": "x",
"pos": "u"}
}
,
{
"node": "l",
"frag": "x",
"id": "P334818.l00b80",
"ref": "P334818.10.8",
"inst": "u",
"f": {"lang": "akk-x-neoass",
"form": "x",
"pos": "u"}
}
,
{
"node": "l",
"frag": "x]",
"id": "P334818.l00b81",
"ref": "P334818.10.9",
"inst": "u",
"f": {"lang": "akk-x-neoass",
"form": "x",
"pos": "u"}
}
,
{
"node": "d",
"type": "line-start",
"ref": "P334818.11",
"n": "9",
"label": "o 9"}
,
{
"node": "l",
"frag": "[x",
"id": "P334818.l00b82",
"ref": "P334818.11.1",
"inst": "u",
"f": {"lang": "akk-x-neoass",
"form": "x",
"pos": "u"}
}
,
{
"node": "l",
"frag": "x",
"id": "P334818.l00b83",
"ref": "P334818.11.2",
"inst": "u",
"f": {"lang": "akk-x-neoass",
"form": "x",
"pos": "u"}
}
,
{
"node": "l",
"frag": "x",
"id": "P334818.l00b84",
"ref": "P334818.11.3",
"inst": "u",
"f": {"lang": "akk-x-neoass",
"form": "x",
"pos": "u"}
}
,
{
"node": "l",
"frag": "x",
"id": "P334818.l00b85",
"ref": "P334818.11.4",
"inst": "u",
"f": {"lang": "akk-x-neoass",
"form": "x",
"pos": "u"}
}
,
{
"node": "l",
"frag": "x",
"id": "P334818.l00b86",
"ref": "P334818.11.5",
"inst": "u",
"f": {"lang": "akk-x-neoass",
"form": "x",
"pos": "u"}
}
,
{
"node": "l",
"frag": "x",
"id": "P334818.l00b87",
"ref": "P334818.11.6",
"inst": "u",
"f": {"lang": "akk-x-neoass",
"form": "x",
"pos": "u"}
}
,
{
"node": "l",
"frag": "x",
"id": "P334818.l00b88",
"ref": "P334818.11.7",
"inst": "u",
"f": {"lang": "akk-x-neoass",
"form": "x",
"pos": "u"}
}
,
{
"node": "l",
"frag": "x",
"id": "P334818.l00b89",
"ref": "P334818.11.8",
"inst": "u",
"f": {"lang": "akk-x-neoass",
"form": "x",
"pos": "u"}
}
,
{
"node": "l",
"frag": "x]",
"id": "P334818.l00b8a",
"ref": "P334818.11.9",
"inst": "u",
"f": {"lang": "akk-x-neoass",
"form": "x",
"pos": "u"}
}
,
{
"node": "d",
"type": "line-start",
"ref": "P334818.12",
"n": "10",
"label": "o 10"}
,
{
"node": "l",
"frag": "[x",
"id": "P334818.l00b8b",
"ref": "P334818.12.1",
"inst": "u",
"f": {"lang": "akk-x-neoass",
"form": "x",
"pos": "u"}
}
,
{
"node": "l",
"frag": "x",
"id": "P334818.l00b8c",
"ref": "P334818.12.2",
"inst": "u",
"f": {"lang": "akk-x-neoass",
"form": "x",
"pos": "u"}
}
,
{
"node": "l",
"frag": "x",
"id": "P334818.l00b8d",
"ref": "P334818.12.3",
"inst": "u",
"f": {"lang": "akk-x-neoass",
"form": "x",
"pos": "u"}
}
,
{
"node": "l",
"frag": "x",
"id": "P334818.l00b8e",
"ref": "P334818.12.4",
"inst": "u",
"f": {"lang": "akk-x-neoass",
"form": "x",
"pos": "u"}
}
,
{
"node": "l",
"frag": "x",
"id": "P334818.l00b8f",
"ref": "P334818.12.5",
"inst": "u",
"f": {"lang": "akk-x-neoass",
"form": "x",
"pos": "u"}
}
,
{
"node": "l",
"frag": "x",
"id": "P334818.l00b90",
"ref": "P334818.12.6",
"inst": "u",
"f": {"lang": "akk-x-neoass",
"form": "x",
"pos": "u"}
}
,
{
"node": "l",
"frag": "x",
"id": "P334818.l00b91",
"ref": "P334818.12.7",
"inst": "u",
"f": {"lang": "akk-x-neoass",
"form": "x",
"pos": "u"}
}
,
{
"node": "l",
"frag": "x",
"id": "P334818.l00b92",
"ref": "P334818.12.8",
"inst": "u",
"f": {"lang": "akk-x-neoass",
"form": "x",
"pos": "u"}
}
,
{
"node": "l",
"frag": "x]",
"id": "P334818.l00b93",
"ref": "P334818.12.9",
"inst": "u",
"f": {"lang": "akk-x-neoass",
"form": "x",
"pos": "u"}
}
,
{
"node": "d",
"type": "line-start",
"ref": "P334818.13",
"n": "11",
"label": "o 11"}
,
{
"node": "l",
"frag": "[x",
"id": "P334818.l00b94",
"ref": "P334818.13.1",
"inst": "u",
"f": {"lang": "akk-x-neoass",
"form": "x",
"pos": "u"}
}
,
{
"node": "l",
"frag": "x",
"id": "P334818.l00b95",
"ref": "P334818.13.2",
"inst": "u",
"f": {"lang": "akk-x-neoass",
"form": "x",
"pos": "u"}
}
,
{
"node": "l",
"frag": "x",
"id": "P334818.l00b96",
"ref": "P334818.13.3",
"inst": "u",
"f": {"lang": "akk-x-neoass",
"form": "x",
"pos": "u"}
}
,
{
"node": "l",
"frag": "x",
"id": "P334818.l00b97",
"ref": "P334818.13.4",
"inst": "u",
"f": {"lang": "akk-x-neoass",
"form": "x",
"pos": "u"}
}
,
{
"node": "l",
"frag": "x",
"id": "P334818.l00b98",
"ref": "P334818.13.5",
"inst": "u",
"f": {"lang": "akk-x-neoass",
"form": "x",
"pos": "u"}
}
,
{
"node": "l",
"frag": "x",
"id": "P334818.l00b99",
"ref": "P334818.13.6",
"inst": "u",
"f": {"lang": "akk-x-neoass",
"form": "x",
"pos": "u"}
}
,
{
"node": "l",
"frag": "x",
"id": "P334818.l00b9a",
"ref": "P334818.13.7",
"inst": "u",
"f": {"lang": "akk-x-neoass",
"form": "x",
"pos": "u"}
}
,
{
"node": "l",
"frag": "x]",
"id": "P334818.l00b9b",
"ref": "P334818.13.8",
"inst": "u",
"f": {"lang": "akk-x-neoass",
"form": "x",
"pos": "u"}
}
,
{
"node": "l",
"frag": "aš-šur",
"id": "P334818.l00b9c",
"ref": "P334818.13.9",
"inst": "Aššur[1]DN",
"sig": "@saao/saa16%akk-x-neoass:aš-šur=Aššur[1//1]DN'DN$Aššur",
"f": {"lang": "akk-x-neoass",
"form": "aš-šur",
"cf": "Aššur",
"gw": "1",
"sense": "1",
"norm": "Aššur",
"pos": "DN",
"epos": "DN"}
}
,
{
"node": "d",
"type": "line-start",
"ref": "P334818.14",
"n": "12",
"label": "o 12"}
,
{
"node": "l",
"frag": "[x",
"id": "P334818.l00b9d",
"ref": "P334818.14.1",
"inst": "u",
"f": {"lang": "akk-x-neoass",
"form": "x",
"pos": "u"}
}
,
{
"node": "l",
"frag": "x",
"id": "P334818.l00b9e",
"ref": "P334818.14.2",
"inst": "u",
"f": {"lang": "akk-x-neoass",
"form": "x",
"pos": "u"}
}
,
{
"node": "l",
"frag": "x",
"id": "P334818.l00b9f",
"ref": "P334818.14.3",
"inst": "u",
"f": {"lang": "akk-x-neoass",
"form": "x",
"pos": "u"}
}
,
{
"node": "l",
"frag": "x",
"id": "P334818.l00ba0",
"ref": "P334818.14.4",
"inst": "u",
"f": {"lang": "akk-x-neoass",
"form": "x",
"pos": "u"}
}
,
{
"node": "l",
"frag": "x",
"id": "P334818.l00ba1",
"ref": "P334818.14.5",
"inst": "u",
"f": {"lang": "akk-x-neoass",
"form": "x",
"pos": "u"}
}
,
{
"node": "l",
"frag": "x",
"id": "P334818.l00ba2",
"ref": "P334818.14.6",
"inst": "u",
"f": {"lang": "akk-x-neoass",
"form": "x",
"pos": "u"}
}
,
{
"node": "l",
"frag": "x",
"id": "P334818.l00ba3",
"ref": "P334818.14.7",
"inst": "u",
"f": {"lang": "akk-x-neoass",
"form": "x",
"pos": "u"}
}
,
{
"node": "l",
"frag": "x]-ši",
"id": "P334818.l00ba4",
"ref": "P334818.14.8",
"inst": "u",
"f": {"lang": "akk-x-neoass",
"form": "x-ši",
"pos": "u"}
}
,
{
"node": "d",
"type": "line-start",
"ref": "P334818.15",
"n": "13",
"label": "o 13"}
,
{
"node": "l",
"frag": "a-na",
"id": "P334818.l00ba5",
"ref": "P334818.15.1",
"inst": "ana[to]PRP",
"sig": "@saao/saa16%akk-x-neoass:a-na=ana[to//to]PRP'PRP$ana",
"f": {"lang": "akk-x-neoass",
"form": "a-na",
"cf": "ana",
"gw": "to",
"sense": "to",
"norm": "ana",
"pos": "PRP",
"epos": "PRP"}
}
,
{
"node": "l",
"frag": "[x",
"id": "P334818.l00ba6",
"ref": "P334818.15.2",
"inst": "u",
"f": {"lang": "akk-x-neoass",
"form": "x",
"pos": "u"}
}
,
{
"node": "l",
"frag": "x",
"id": "P334818.l00ba7",
"ref": "P334818.15.3",
"inst": "u",
"f": {"lang": "akk-x-neoass",
"form": "x",
"pos": "u"}
}
,
{
"node": "l",
"frag": "x",
"id": "P334818.l00ba8",
"ref": "P334818.15.4",
"inst": "u",
"f": {"lang": "akk-x-neoass",
"form": "x",
"pos": "u"}
}
,
{
"node": "l",
"frag": "x",
"id": "P334818.l00ba9",
"ref": "P334818.15.5",
"inst": "u",
"f": {"lang": "akk-x-neoass",
"form": "x",
"pos": "u"}
}
,
{
"node": "l",
"frag": "x",
"id": "P334818.l00baa",
"ref": "P334818.15.6",
"inst": "u",
"f": {"lang": "akk-x-neoass",
"form": "x",
"pos": "u"}
}
,
{
"node": "l",
"frag": "x]-din",
"id": "P334818.l00bab",
"ref": "P334818.15.7",
"inst": "u",
"f": {"lang": "akk-x-neoass",
"form": "x-din",
"pos": "u"}
}
,
{
"node": "d",
"type": "line-start",
"ref": "P334818.16",
"n": "14",
"label": "o 14"}
,
{
"node": "l",
"frag": "[x",
"id": "P334818.l00bac",
"ref": "P334818.16.1",
"inst": "u",
"f": {"lang": "akk-x-neoass",
"form": "x",
"pos": "u"}
}
,
{
"node": "l",
"frag": "x",
"id": "P334818.l00bad",
"ref": "P334818.16.2",
"inst": "u",
"f": {"lang": "akk-x-neoass",
"form": "x",
"pos": "u"}
}
,
{
"node": "l",
"frag": "x",
"id": "P334818.l00bae",
"ref": "P334818.16.3",
"inst": "u",
"f": {"lang": "akk-x-neoass",
"form": "x",
"pos": "u"}
}
,
{
"node": "l",
"frag": "x",
"id": "P334818.l00baf",
"ref": "P334818.16.4",
"inst": "u",
"f": {"lang": "akk-x-neoass",
"form": "x",
"pos": "u"}
}
,
{
"node": "l",
"frag": "x",
"id": "P334818.l00bb0",
"ref": "P334818.16.5",
"inst": "u",
"f": {"lang": "akk-x-neoass",
"form": "x",
"pos": "u"}
}
,
{
"node": "l",
"frag": "x",
"id": "P334818.l00bb1",
"ref": "P334818.16.6",
"inst": "u",
"f": {"lang": "akk-x-neoass",
"form": "x",
"pos": "u"}
}
,
{
"node": "l",
"frag": "x]",
"id": "P334818.l00bb2",
"ref": "P334818.16.7",
"inst": "u",
"f": {"lang": "akk-x-neoass",
"form": "x",
"pos": "u"}
}
,
{
"node": "l",
"frag": "MA.NA",
"id": "P334818.l00bb3",
"ref": "P334818.16.8",
"inst": "manê[a unit of weight]N",
"sig": "@saao/saa16%akk-x-neoass:MA.NA=manû[unit//a unit of weight]N'N$manê",
"f": {"lang": "akk-x-neoass",
"form": "MA.NA",
"cf": "manû",
"gw": "unit",
"sense": "a unit of weight",
"norm": "manê",
"pos": "N",
"epos": "N"}
}
,
{
"node": "d",
"type": "line-start",
"ref": "P334818.17",
"n": "15",
"label": "o 15"}
,
{
"node": "l",
"frag": "[x",
"id": "P334818.l00bb4",
"ref": "P334818.17.1",
"inst": "u",
"f": {"lang": "akk-x-neoass",
"form": "x",
"pos": "u"}
}
,
{
"node": "l",
"frag": "x",
"id": "P334818.l00bb5",
"ref": "P334818.17.2",
"inst": "u",
"f": {"lang": "akk-x-neoass",
"form": "x",
"pos": "u"}
}
,
{
"node": "l",
"frag": "x",
"id": "P334818.l00bb6",
"ref": "P334818.17.3",
"inst": "u",
"f": {"lang": "akk-x-neoass",
"form": "x",
"pos": "u"}
}
,
{
"node": "l",
"frag": "x",
"id": "P334818.l00bb7",
"ref": "P334818.17.4",
"inst": "u",
"f": {"lang": "akk-x-neoass",
"form": "x",
"pos": "u"}
}
,
{
"node": "l",
"frag": "x",
"id": "P334818.l00bb8",
"ref": "P334818.17.5",
"inst": "u",
"f": {"lang": "akk-x-neoass",
"form": "x",
"pos": "u"}
}
,
{
"node": "l",
"frag": "x",
"id": "P334818.l00bb9",
"ref": "P334818.17.6",
"inst": "u",
"f": {"lang": "akk-x-neoass",
"form": "x",
"pos": "u"}
}
,
{
"node": "l",
"frag": "x]-di",
"id": "P334818.l00bba",
"ref": "P334818.17.7",
"inst": "u",
"f": {"lang": "akk-x-neoass",
"form": "x-di",
"pos": "u"}
}
,
{
"node": "d",
"type": "line-start",
"ref": "P334818.18",
"n": "16",
"label": "o 16"}
,
{
"node": "l",
"frag": "[x",
"id": "P334818.l00bbb",
"ref": "P334818.18.1",
"inst": "u",
"f": {"lang": "akk-x-neoass",
"form": "x",
"pos": "u"}
}
,
{
"node": "l",
"frag": "x",
"id": "P334818.l00bbc",
"ref": "P334818.18.2",
"inst": "u",
"f": {"lang": "akk-x-neoass",
"form": "x",
"pos": "u"}
}
,
{
"node": "l",
"frag": "x]",
"id": "P334818.l00bbd",
"ref": "P334818.18.3",
"inst": "u",
"f": {"lang": "akk-x-neoass",
"form": "x",
"pos": "u"}
}
,
{
"node": "l",
"frag": "⸢dul⸣-li-ia",
"id": "P334818.l00bbe",
"ref": "P334818.18.4",
"inst": "dullīya[work]N",
"sig": "@saao/saa16%akk-x-neoass:dul-li-ia=dullu[trouble//work]N'N$dullīya",
"f": {"lang": "akk-x-neoass",
"form": "dul-li-ia",
"cf": "dullu",
"gw": "trouble",
"sense": "work",
"norm": "dullīya",
"pos": "N",
"epos": "N"}
}
,
{
"node": "d",
"type": "nonx",
"ref": "P334818.19",
"strict": "0",
"state": "other"}
,
{
"node": "d",
"type": "line-start",
"ref": "P334818.20",
"n": "17",
"label": "o 17"}
,
{
"node": "l",
"frag": "[x",
"id": "P334818.l00bbf",
"ref": "P334818.20.1",
"inst": "u",
"f": {"lang": "akk-x-neoass",
"form": "x",
"pos": "u"}
}
,
{
"node": "l",
"frag": "x",
"id": "P334818.l00bc0",
"ref": "P334818.20.2",
"inst": "u",
"f": {"lang": "akk-x-neoass",
"form": "x",
"pos": "u"}
}
,
{
"node": "l",
"frag": "x",
"id": "P334818.l00bc1",
"ref": "P334818.20.3",
"inst": "u",
"f": {"lang": "akk-x-neoass",
"form": "x",
"pos": "u"}
}
,
{
"node": "l",
"frag": "x",
"id": "P334818.l00bc2",
"ref": "P334818.20.4",
"inst": "u",
"f": {"lang": "akk-x-neoass",
"form": "x",
"pos": "u"}
}
,
{
"node": "l",
"frag": "x",
"id": "P334818.l00bc3",
"ref": "P334818.20.5",
"inst": "u",
"f": {"lang": "akk-x-neoass",
"form": "x",
"pos": "u"}
}
,
{
"node": "l",
"frag": "x",
"id": "P334818.l00bc4",
"ref": "P334818.20.6",
"inst": "u",
"f": {"lang": "akk-x-neoass",
"form": "x",
"pos": "u"}
}
,
{
"node": "l",
"frag": "x",
"id": "P334818.l00bc5",
"ref": "P334818.20.7",
"inst": "u",
"f": {"lang": "akk-x-neoass",
"form": "x",
"pos": "u"}
}
,
{
"node": "l",
"frag": "x",
"id": "P334818.l00bc6",
"ref": "P334818.20.8",
"inst": "u",
"f": {"lang": "akk-x-neoass",
"form": "x",
"pos": "u"}
}
,
{
"node": "l",
"frag": "x]",
"id": "P334818.l00bc7",
"ref": "P334818.20.9",
"inst": "u",
"f": {"lang": "akk-x-neoass",
"form": "x",
"pos": "u"}
}
,
{
"node": "d",
"type": "line-start",
"ref": "P334818.21",
"n": "18",
"label": "o 18"}
,
{
"node": "l",
"frag": "[x",
"id": "P334818.l00bc8",
"ref": "P334818.21.1",
"inst": "u",
"f": {"lang": "akk-x-neoass",
"form": "x",
"pos": "u"}
}
,
{
"node": "l",
"frag": "x",
"id": "P334818.l00bc9",
"ref": "P334818.21.2",
"inst": "u",
"f": {"lang": "akk-x-neoass",
"form": "x",
"pos": "u"}
}
,
{
"node": "l",
"frag": "x",
"id": "P334818.l00bca",
"ref": "P334818.21.3",
"inst": "u",
"f": {"lang": "akk-x-neoass",
"form": "x",
"pos": "u"}
}
,
{
"node": "l",
"frag": "x",
"id": "P334818.l00bcb",
"ref": "P334818.21.4",
"inst": "u",
"f": {"lang": "akk-x-neoass",
"form": "x",
"pos": "u"}
}
,
{
"node": "l",
"frag": "x",
"id": "P334818.l00bcc",
"ref": "P334818.21.5",
"inst": "u",
"f": {"lang": "akk-x-neoass",
"form": "x",
"pos": "u"}
}
,
{
"node": "l",
"frag": "x",
"id": "P334818.l00bcd",
"ref": "P334818.21.6",
"inst": "u",
"f": {"lang": "akk-x-neoass",
"form": "x",
"pos": "u"}
}
,
{
"node": "l",
"frag": "x",
"id": "P334818.l00bce",
"ref": "P334818.21.7",
"inst": "u",
"f": {"lang": "akk-x-neoass",
"form": "x",
"pos": "u"}
}
,
{
"node": "l",
"frag": "x",
"id": "P334818.l00bcf",
"ref": "P334818.21.8",
"inst": "u",
"f": {"lang": "akk-x-neoass",
"form": "x",
"pos": "u"}
}
,
{
"node": "l",
"frag": "x]",
"id": "P334818.l00bd0",
"ref": "P334818.21.9",
"inst": "u",
"f": {"lang": "akk-x-neoass",
"form": "x",
"pos": "u"}
}
,
{
"node": "d",
"type": "line-start",
"ref": "P334818.22",
"n": "19",
"label": "o 19"}
,
{
"node": "l",
"frag": "[x",
"id": "P334818.l00bd1",
"ref": "P334818.22.1",
"inst": "u",
"f": {"lang": "akk-x-neoass",
"form": "x",
"pos": "u"}
}
,
{
"node": "l",
"frag": "x",
"id": "P334818.l00bd2",
"ref": "P334818.22.2",
"inst": "u",
"f": {"lang": "akk-x-neoass",
"form": "x",
"pos": "u"}
}
,
{
"node": "l",
"frag": "x",
"id": "P334818.l00bd3",
"ref": "P334818.22.3",
"inst": "u",
"f": {"lang": "akk-x-neoass",
"form": "x",
"pos": "u"}
}
,
{
"node": "l",
"frag": "x",
"id": "P334818.l00bd4",
"ref": "P334818.22.4",
"inst": "u",
"f": {"lang": "akk-x-neoass",
"form": "x",
"pos": "u"}
}
,
{
"node": "l",
"frag": "x",
"id": "P334818.l00bd5",
"ref": "P334818.22.5",
"inst": "u",
"f": {"lang": "akk-x-neoass",
"form": "x",
"pos": "u"}
}
,
{
"node": "l",
"frag": "x",
"id": "P334818.l00bd6",
"ref": "P334818.22.6",
"inst": "u",
"f": {"lang": "akk-x-neoass",
"form": "x",
"pos": "u"}
}
,
{
"node": "l",
"frag": "x",
"id": "P334818.l00bd7",
"ref": "P334818.22.7",
"inst": "u",
"f": {"lang": "akk-x-neoass",
"form": "x",
"pos": "u"}
}
,
{
"node": "l",
"frag": "x]-ši",
"id": "P334818.l00bd8",
"ref": "P334818.22.8",
"inst": "u",
"f": {"lang": "akk-x-neoass",
"form": "x-ši",
"pos": "u"}
}
,
{
"node": "d",
"type": "line-start",
"ref": "P334818.23",
"n": "20",
"label": "o 20"}
,
{
"node": "l",
"frag": "[x",
"id": "P334818.l00bd9",
"ref": "P334818.23.1",
"inst": "u",
"f": {"lang": "akk-x-neoass",
"form": "x",
"pos": "u"}
}
,
{
"node": "l",
"frag": "x",
"id": "P334818.l00bda",
"ref": "P334818.23.2",
"inst": "u",
"f": {"lang": "akk-x-neoass",
"form": "x",
"pos": "u"}
}
,
{
"node": "l",
"frag": "x",
"id": "P334818.l00bdb",
"ref": "P334818.23.3",
"inst": "u",
"f": {"lang": "akk-x-neoass",
"form": "x",
"pos": "u"}
}
,
{
"node": "l",
"frag": "x",
"id": "P334818.l00bdc",
"ref": "P334818.23.4",
"inst": "u",
"f": {"lang": "akk-x-neoass",
"form": "x",
"pos": "u"}
}
,
{
"node": "l",
"frag": "x",
"id": "P334818.l00bdd",
"ref": "P334818.23.5",
"inst": "u",
"f": {"lang": "akk-x-neoass",
"form": "x",
"pos": "u"}
}
,
{
"node": "l",
"frag": "x",
"id": "P334818.l00bde",
"ref": "P334818.23.6",
"inst": "u",
"f": {"lang": "akk-x-neoass",
"form": "x",
"pos": "u"}
}
,
{
"node": "l",
"frag": "x",
"id": "P334818.l00bdf",
"ref": "P334818.23.7",
"inst": "u",
"f": {"lang": "akk-x-neoass",
"form": "x",
"pos": "u"}
}
,
{
"node": "l",
"frag": "x",
"id": "P334818.l00be0",
"ref": "P334818.23.8",
"inst": "u",
"f": {"lang": "akk-x-neoass",
"form": "x",
"pos": "u"}
}
,
{
"node": "l",
"frag": "x]",
"id": "P334818.l00be1",
"ref": "P334818.23.9",
"inst": "u",
"f": {"lang": "akk-x-neoass",
"form": "x",
"pos": "u"}
}
,
{
"node": "d",
"type": "line-start",
"ref": "P334818.24",
"n": "21",
"label": "o 21"}
,
{
"node": "l",
"frag": "[x",
"id": "P334818.l00be2",
"ref": "P334818.24.1",
"inst": "u",
"f": {"lang": "akk-x-neoass",
"form": "x",
"pos": "u"}
}
,
{
"node": "l",
"frag": "x",
"id": "P334818.l00be3",
"ref": "P334818.24.2",
"inst": "u",
"f": {"lang": "akk-x-neoass",
"form": "x",
"pos": "u"}
}
,
{
"node": "l",
"frag": "x",
"id": "P334818.l00be4",
"ref": "P334818.24.3",
"inst": "u",
"f": {"lang": "akk-x-neoass",
"form": "x",
"pos": "u"}
}
,
{
"node": "l",
"frag": "x",
"id": "P334818.l00be5",
"ref": "P334818.24.4",
"inst": "u",
"f": {"lang": "akk-x-neoass",
"form": "x",
"pos": "u"}
}
,
{
"node": "l",
"frag": "x",
"id": "P334818.l00be6",
"ref": "P334818.24.5",
"inst": "u",
"f": {"lang": "akk-x-neoass",
"form": "x",
"pos": "u"}
}
,
{
"node": "l",
"frag": "x",
"id": "P334818.l00be7",
"ref": "P334818.24.6",
"inst": "u",
"f": {"lang": "akk-x-neoass",
"form": "x",
"pos": "u"}
}
,
{
"node": "l",
"frag": "x",
"id": "P334818.l00be8",
"ref": "P334818.24.7",
"inst": "u",
"f": {"lang": "akk-x-neoass",
"form": "x",
"pos": "u"}
}
,
{
"node": "l",
"frag": "x",
"id": "P334818.l00be9",
"ref": "P334818.24.8",
"inst": "u",
"f": {"lang": "akk-x-neoass",
"form": "x",
"pos": "u"}
}
,
{
"node": "l",
"frag": "x]",
"id": "P334818.l00bea",
"ref": "P334818.24.9",
"inst": "u",
"f": {"lang": "akk-x-neoass",
"form": "x",
"pos": "u"}
}
,
{
"node": "d",
"type": "line-start",
"ref": "P334818.25",
"n": "22",
"label": "o 22"}
,
{
"node": "l",
"frag": "[x",
"id": "P334818.l00beb",
"ref": "P334818.25.1",
"inst": "u",
"f": {"lang": "akk-x-neoass",
"form": "x",
"pos": "u"}
}
,
{
"node": "l",
"frag": "x",
"id": "P334818.l00bec",
"ref": "P334818.25.2",
"inst": "u",
"f": {"lang": "akk-x-neoass",
"form": "x",
"pos": "u"}
}
,
{
"node": "l",
"frag": "x",
"id": "P334818.l00bed",
"ref": "P334818.25.3",
"inst": "u",
"f": {"lang": "akk-x-neoass",
"form": "x",
"pos": "u"}
}
,
{
"node": "l",
"frag": "x",
"id": "P334818.l00bee",
"ref": "P334818.25.4",
"inst": "u",
"f": {"lang": "akk-x-neoass",
"form": "x",
"pos": "u"}
}
,
{
"node": "l",
"frag": "x",
"id": "P334818.l00bef",
"ref": "P334818.25.5",
"inst": "u",
"f": {"lang": "akk-x-neoass",
"form": "x",
"pos": "u"}
}
,
{
"node": "l",
"frag": "x",
"id": "P334818.l00bf0",
"ref": "P334818.25.6",
"inst": "u",
"f": {"lang": "akk-x-neoass",
"form": "x",
"pos": "u"}
}
,
{
"node": "l",
"frag": "x",
"id": "P334818.l00bf1",
"ref": "P334818.25.7",
"inst": "u",
"f": {"lang": "akk-x-neoass",
"form": "x",
"pos": "u"}
}
,
{
"node": "l",
"frag": "x",
"id": "P334818.l00bf2",
"ref": "P334818.25.8",
"inst": "u",
"f": {"lang": "akk-x-neoass",
"form": "x",
"pos": "u"}
}
,
{
"node": "l",
"frag": "x]",
"id": "P334818.l00bf3",
"ref": "P334818.25.9",
"inst": "u",
"f": {"lang": "akk-x-neoass",
"form": "x",
"pos": "u"}
}
,
{
"node": "d",
"subtype": "bottom",
"type": "surface",
"ref": "P334818.b.e..26",
"type": "bottom",
"label": "b.e."}
,
{
"node": "d",
"type": "line-start",
"ref": "P334818.27",
"n": "23",
"label": "b.e. 23"}
,
{
"node": "l",
"frag": "[x]",
"id": "P334818.l00bf4",
"ref": "P334818.27.1",
"inst": "u",
"f": {"lang": "akk-x-neoass",
"form": "x",
"pos": "u"}
}
,
{
"node": "l",
"frag": "iš",
"id": "P334818.l00bf5",
"ref": "P334818.27.2",
"inst": "u",
"f": {"lang": "akk-x-neoass",
"form": "iš",
"pos": "u"}
}
,
{
"node": "l",
"frag": "⸢la⸣",
"id": "P334818.l00bf6",
"ref": "P334818.27.3",
"inst": "u",
"f": {"lang": "akk-x-neoass",
"form": "la",
"pos": "u"}
}
,
{
"node": "l",
"frag": "[x",
"id": "P334818.l00bf7",
"ref": "P334818.27.4",
"inst": "u",
"f": {"lang": "akk-x-neoass",
"form": "x",
"pos": "u"}
}
,
{
"node": "l",
"frag": "x",
"id": "P334818.l00bf8",
"ref": "P334818.27.5",
"inst": "u",
"f": {"lang": "akk-x-neoass",
"form": "x",
"pos": "u"}
}
,
{
"node": "l",
"frag": "x",
"id": "P334818.l00bf9",
"ref": "P334818.27.6",
"inst": "u",
"f": {"lang": "akk-x-neoass",
"form": "x",
"pos": "u"}
}
,
{
"node": "l",
"frag": "x",
"id": "P334818.l00bfa",
"ref": "P334818.27.7",
"inst": "u",
"f": {"lang": "akk-x-neoass",
"form": "x",
"pos": "u"}
}
,
{
"node": "l",
"frag": "x",
"id": "P334818.l00bfb",
"ref": "P334818.27.8",
"inst": "u",
"f": {"lang": "akk-x-neoass",
"form": "x",
"pos": "u"}
}
,
{
"node": "l",
"frag": "x]",
"id": "P334818.l00bfc",
"ref": "P334818.27.9",
"inst": "u",
"f": {"lang": "akk-x-neoass",
"form": "x",
"pos": "u"}
}
,
{
"node": "d",
"type": "line-start",
"ref": "P334818.28",
"n": "24",
"label": "b.e. 24"}
,
{
"node": "l",
"frag": "[x]",
"id": "P334818.l00bfd",
"ref": "P334818.28.1",
"inst": "u",
"f": {"lang": "akk-x-neoass",
"form": "x",
"pos": "u"}
}
,
{
"node": "l",
"frag": "e",
"id": "P334818.l00bfe",
"ref": "P334818.28.2",
"inst": "u",
"f": {"lang": "akk-x-neoass",
"form": "e",
"pos": "u"}
}
,
{
"node": "l",
"frag": "[x",
"id": "P334818.l00bff",
"ref": "P334818.28.3",
"inst": "u",
"f": {"lang": "akk-x-neoass",
"form": "x",
"pos": "u"}
}
,
{
"node": "l",
"frag": "x",
"id": "P334818.l00c00",
"ref": "P334818.28.4",
"inst": "u",
"f": {"lang": "akk-x-neoass",
"form": "x",
"pos": "u"}
}
,
{
"node": "l",
"frag": "x",
"id": "P334818.l00c01",
"ref": "P334818.28.5",
"inst": "u",
"f": {"lang": "akk-x-neoass",
"form": "x",
"pos": "u"}
}
,
{
"node": "l",
"frag": "x",
"id": "P334818.l00c02",
"ref": "P334818.28.6",
"inst": "u",
"f": {"lang": "akk-x-neoass",
"form": "x",
"pos": "u"}
}
,
{
"node": "l",
"frag": "x",
"id": "P334818.l00c03",
"ref": "P334818.28.7",
"inst": "u",
"f": {"lang": "akk-x-neoass",
"form": "x",
"pos": "u"}
}
,
{
"node": "l",
"frag": "x",
"id": "P334818.l00c04",
"ref": "P334818.28.8",
"inst": "u",
"f": {"lang": "akk-x-neoass",
"form": "x",
"pos": "u"}
}
,
{
"node": "l",
"frag": "x]",
"id": "P334818.l00c05",
"ref": "P334818.28.9",
"inst": "u",
"f": {"lang": "akk-x-neoass",
"form": "x",
"pos": "u"}
}
,
{
"node": "d",
"subtype": "reverse",
"type": "surface",
"ref": "P334818.r.29",
"type": "reverse",
"label": "r"}
,
{
"node": "d",
"type": "line-start",
"ref": "P334818.30",
"n": "1",
"label": "r 1"}
,
{
"node": "l",
"frag": "{1}{d}AMAR.UTU-MAN-PAB",
"id": "P334818.l00c06",
"ref": "P334818.30.1",
"inst": "Marduk-šarru-uṣur[1]PN$",
"sig": "@saao/saa16%akk-x-neoass:{1}{d}AMAR.UTU-MAN-PAB=Marduk-šarru-uṣur[1//1]PN'PN$Marduk-šarru-uṣur",
"f": {"lang": "akk-x-neoass",
"form": "{1}{d}AMAR.UTU-MAN-PAB",
"cf": "Marduk-šarru-uṣur",
"gw": "1",
"sense": "1",
"norm": "Marduk-šarru-uṣur",
"pos": "PN",
"epos": "PN"}
}
,
{
"node": "l",
"frag": "[x",
"id": "P334818.l00c07",
"ref": "P334818.30.2",
"inst": "u",
"f": {"lang": "akk-x-neoass",
"form": "x",
"pos": "u"}
}
,
{
"node": "l",
"frag": "x",
"id": "P334818.l00c08",
"ref": "P334818.30.3",
"inst": "u",
"f": {"lang": "akk-x-neoass",
"form": "x",
"pos": "u"}
}
,
{
"node": "l",
"frag": "x",
"id": "P334818.l00c09",
"ref": "P334818.30.4",
"inst": "u",
"f": {"lang": "akk-x-neoass",
"form": "x",
"pos": "u"}
}
,
{
"node": "l",
"frag": "x]",
"id": "P334818.l00c0a",
"ref": "P334818.30.5",
"inst": "u",
"f": {"lang": "akk-x-neoass",
"form": "x",
"pos": "u"}
}
,
{
"node": "d",
"type": "line-start",
"ref": "P334818.31",
"n": "2",
"label": "r 2"}
,
{
"node": "l",
"frag": "⸢lip⸣-qi-id",
"id": "P334818.l00c0b",
"ref": "P334818.31.1",
"inst": "paqādu[entrust//appoint]V$lipqid",
"sig": "@saao/saa16%akk-x-neoass:lip-qi-id=paqādu[entrust//appoint]V'V$lipqid",
"f": {"lang": "akk-x-neoass",
"form": "lip-qi-id",
"cf": "paqādu",
"gw": "entrust",
"sense": "appoint",
"norm": "lipqid",
"pos": "V",
"epos": "V"}
}
,
{
"node": "l",
"frag": "is-si-⸢ia⸣",
"id": "P334818.l00c0c",
"ref": "P334818.31.2",
"inst": "issīya[with]PRP",
"sig": "@saao/saa16%akk-x-neoass:is-si-ia=išti[with//with]PRP'PRP$issīya",
"f": {"lang": "akk-x-neoass",
"form": "is-si-ia",
"cf": "išti",
"gw": "with",
"sense": "with",
"norm": "issīya",
"pos": "PRP",
"epos": "PRP"}
}
,
{
"node": "l",
"frag": "[x",
"id": "P334818.l00c0d",
"ref": "P334818.31.3",
"inst": "u",
"f": {"lang": "akk-x-neoass",
"form": "x",
"pos": "u"}
}
,
{
"node": "l",
"frag": "x",
"id": "P334818.l00c0e",
"ref": "P334818.31.4",
"inst": "u",
"f": {"lang": "akk-x-neoass",
"form": "x",
"pos": "u"}
}
,
{
"node": "l",
"frag": "x]",
"id": "P334818.l00c0f",
"ref": "P334818.31.5",
"inst": "u",
"f": {"lang": "akk-x-neoass",
"form": "x",
"pos": "u"}
}
,
{
"node": "d",
"type": "line-start",
"ref": "P334818.32",
"n": "3",
"label": "r 3"}
,
{
"node": "l",
"frag": "⸢le⸣-pu-uš",
"id": "P334818.l00c10",
"ref": "P334818.32.1",
"inst": "lēpuš[do]V",
"sig": "@saao/saa16%akk-x-neoass:le-pu-uš=epēšu[do//do]V'V$lēpuš",
"f": {"lang": "akk-x-neoass",
"form": "le-pu-uš",
"cf": "epēšu",
"gw": "do",
"sense": "do",
"norm": "lēpuš",
"pos": "V",
"epos": "V"}
}
,
{
"node": "l",
"frag": "u₂-ma-a",
"id": "P334818.l00c11",
"ref": "P334818.32.2",
"inst": "ūmâ[now]AV",
"sig": "@saao/saa16%akk-x-neoass:u₂-ma-a=ūma[today//now]AV'AV$ūmâ",
"f": {"lang": "akk-x-neoass",
"form": "u₂-ma-a",
"cf": "ūma",
"gw": "today",
"sense": "now",
"norm": "ūmâ",
"pos": "AV",
"epos": "AV"}
}
,
{
"node": "l",
"frag": "⸢x⸣+[x",
"id": "P334818.l00c12",
"ref": "P334818.32.3",
"inst": "u",
"f": {"lang": "akk-x-neoass",
"form": "x+x",
"pos": "u"}
}
,
{
"node": "l",
"frag": "x",
"id": "P334818.l00c13",
"ref": "P334818.32.4",
"inst": "u",
"f": {"lang": "akk-x-neoass",
"form": "x",
"pos": "u"}
}
,
{
"node": "l",
"frag": "x",
"id": "P334818.l00c14",
"ref": "P334818.32.5",
"inst": "u",
"f": {"lang": "akk-x-neoass",
"form": "x",
"pos": "u"}
}
,
{
"node": "l",
"frag": "x]",
"id": "P334818.l00c15",
"ref": "P334818.32.6",
"inst": "u",
"f": {"lang": "akk-x-neoass",
"form": "x",
"pos": "u"}
}
,
{
"node": "d",
"type": "line-start",
"ref": "P334818.33",
"n": "4",
"label": "r 4"}
,
{
"node": "l",
"frag": "de-e-ni",
"id": "P334818.l00c16",
"ref": "P334818.33.1",
"inst": "dīnu[legal decision//case]N$dēni",
"sig": "@saao/saa16%akk-x-neoass:de-e-ni=dīnu[legal decision//case]N'N$dēni",
"f": {"lang": "akk-x-neoass",
"form": "de-e-ni",
"cf": "dīnu",
"gw": "legal decision",
"sense": "case",
"norm": "dēni",
"pos": "N",
"epos": "N"}
}
,
{
"node": "l",
"frag": "la-a",
"id": "P334818.l00c17",
"ref": "P334818.33.2",
"inst": "lā[not]MOD",
"sig": "@saao/saa16%akk-x-neoass:la-a=lā[not//not]MOD'MOD$lā",
"f": {"lang": "akk-x-neoass",
"form": "la-a",
"cf": "lā",
"gw": "not",
"sense": "not",
"norm": "lā",
"pos": "MOD",
"epos": "MOD"}
}
,
{
"node": "l",
"frag": "e-pa-aš₂",
"id": "P334818.l00c18",
"ref": "P334818.33.3",
"inst": "eppaš[do]V",
"sig": "@saao/saa16%akk-x-neoass:e-pa-aš₂=epēšu[do//do]V'V$eppaš",
"f": {"lang": "akk-x-neoass",
"form": "e-pa-aš₂",
"cf": "epēšu",
"gw": "do",
"sense": "do",
"norm": "eppaš",
"pos": "V",
"epos": "V"}
}
,
{
"node": "l",
"frag": "[o]",
"id": "P334818.l00c19",
"ref": "P334818.33.4",
"inst": "u",
"f": {"lang": "akk-x-neoass",
"form": "o",
"pos": "u"}
}
,
{
"node": "d",
"type": "line-start",
"ref": "P334818.34",
"n": "5",
"label": "r 5"}
,
{
"node": "l",
"frag": "da-ba-bu",
"id": "P334818.l00c1a",
"ref": "P334818.34.1",
"inst": "dabābu[litigation]'N",
"sig": "@saao/saa16%akk-x-neoass:da-ba-bu=dabābu[speak//litigation]V'N$dabābu",
"f": {"lang": "akk-x-neoass",
"form": "da-ba-bu",
"cf": "dabābu",
"gw": "speak",
"sense": "litigation",
"norm": "dabābu",
"pos": "V",
"epos": "N"}
}
,
{
"node": "l",
"frag": "ša",
"id": "P334818.l00c1b",
"ref": "P334818.34.2",
"inst": "ša[of]DET",
"sig": "@saao/saa16%akk-x-neoass:ša=ša[of//of]DET'DET$ša",
"f": {"lang": "akk-x-neoass",
"form": "ša",
"cf": "ša",
"gw": "of",
"sense": "of",
"norm": "ša",
"pos": "DET",
"epos": "DET"}
}
,
{
"node": "l",
"frag": "LUGAL",
"id": "P334818.l00c1c",
"ref": "P334818.34.3",
"inst": "šarri[king]N",
"sig": "@saao/saa16%akk-x-neoass:LUGAL=šarru[king//king]N'N$šarri",
"f": {"lang": "akk-x-neoass",
"form": "LUGAL",
"cf": "šarru",
"gw": "king",
"sense": "king",
"norm": "šarri",
"pos": "N",
"epos": "N"}
}
,
{
"node": "l",
"frag": "la",
"id": "P334818.l00c1d",
"ref": "P334818.34.4",
"inst": "lā[not]MOD",
"sig": "@saao/saa16%akk-x-neoass:la=lā[not//not]MOD'MOD$lā",
"f": {"lang": "akk-x-neoass",
"form": "la",
"cf": "lā",
"gw": "not",
"sense": "not",
"norm": "lā",
"pos": "MOD",
"epos": "MOD"}
}
,
{
"node": "l",
"frag": "iš-me",
"id": "P334818.l00c1e",
"ref": "P334818.34.5",
"inst": "išme[hear]V",
"sig": "@saao/saa16%akk-x-neoass:iš-me=šemû[hear//hear]V'V$išme",
"f": {"lang": "akk-x-neoass",
"form": "iš-me",
"cf": "šemû",
"gw": "hear",
"sense": "hear",
"norm": "išme",
"pos": "V",
"epos": "V"}
}
,
{
"node": "d",
"type": "line-start",
"ref": "P334818.35",
"n": "6",
"label": "r 6"}
,
{
"node": "l",
"frag": "e-ni",
"id": "P334818.l00c1f",
"ref": "P334818.35.1",
"inst": "ēnī[eye]N",
"sig": "@saao/saa16%akk-x-neoass:e-ni=īnu[eye//eye]N'N$ēnī",
"f": {"lang": "akk-x-neoass",
"form": "e-ni",
"cf": "īnu",
"gw": "eye",
"sense": "eye",
"norm": "ēnī",
"pos": "N",
"epos": "N"}
}
,
{
"node": "l",
"frag": "ša",
"id": "P334818.l00c20",
"ref": "P334818.35.2",
"inst": "ša[that]REL",
"sig": "@saao/saa16%akk-x-neoass:ša=ša[that//that]REL'REL$ša",
"f": {"lang": "akk-x-neoass",
"form": "ša",
"cf": "ša",
"gw": "that",
"sense": "that",
"norm": "ša",
"pos": "REL",
"epos": "REL"}
}
,
{
"node": "l",
"frag": "{lu₂}NAM-MEŠ",
"id": "P334818.l00c21",
"ref": "P334818.35.3",
"inst": "pāhāti[governor]N",
"sig": "@saao/saa16%akk-x-neoass:{LU₂}NAM-MEŠ=pīhātu[responsibility//governor]N'N$pāhāti",
"f": {"lang": "akk-x-neoass",
"form": "{LU₂}NAM-MEŠ",
"cf": "pīhātu",
"gw": "responsibility",
"sense": "governor",
"norm": "pāhāti",
"pos": "N",
"epos": "N"}
}
,
{
"node": "l",
"frag": "i-da-gal",
"id": "P334818.l00c22",
"ref": "P334818.35.4",
"inst": "idaggal[see]V",
"sig": "@saao/saa16%akk-x-neoass:i-da-gal=dagālu[see//see]V'V$idaggal",
"f": {"lang": "akk-x-neoass",
"form": "i-da-gal",
"cf": "dagālu",
"gw": "see",
"sense": "see",
"norm": "idaggal",
"pos": "V",
"epos": "V"}
}
,
{
"node": "d",
"type": "line-start",
"ref": "P334818.36",
"n": "7",
"label": "r 7"}
,
{
"node": "l",
"frag": "a-ni-na",
"id": "P334818.l00c23",
"ref": "P334818.36.1",
"inst": "anīna[hear me!]J$",
"sig": "@saao/saa16%akk-x-neoass:a-ni-na=anīna[hear me!//hear me!]J'J$anīna",
"f": {"lang": "akk-x-neoass",
"form": "a-ni-na",
"cf": "anīna",
"gw": "hear me!",
"sense": "hear me!",
"norm": "anīna",
"pos": "J",
"epos": "J"}
}
,
{
"node": "l",
"frag": "LUGAL",
"id": "P334818.l00c24",
"ref": "P334818.36.2",
"inst": "šarru[king]N",
"sig": "@saao/saa16%akk-x-neoass:LUGAL=šarru[king//king]N'N$šarru",
"f": {"lang": "akk-x-neoass",
"form": "LUGAL",
"cf": "šarru",
"gw": "king",
"sense": "king",
"norm": "šarru",
"pos": "N",
"epos": "N"}
}
,
{
"node": "c",
"type": "phrase",
"tag": "phr",
"id": "P334818.U4",
"ref": "P334818.ls00000",
"cdl": [
{
"node": "l",
"frag": "be-li",
"id": "P334818.l00c25",
"ref": "P334818.36.3",
"inst": "bēlī[lord]N",
"sig": "@saao/saa16%akk-x-neoass:be-li=bēlu[lord//lord]N'N$bēlī",
"f": {"lang": "akk-x-neoass",
"form": "be-li",
"cf": "bēlu",
"gw": "lord",
"sense": "lord",
"norm": "bēlī",
"pos": "N",
"epos": "N"}
}
,
{
"node": "l",
"frag": "de-e-nu",
"id": "P334818.l00c26",
"ref": "P334818.36.4",
"inst": "dēnu[lawsuit]N",
"sig": "@saao/saa16%akk-x-neoass:de-e-nu=dīnu[legal decision//lawsuit]N'N$dēnu",
"f": {"lang": "akk-x-neoass",
"form": "de-e-nu",
"cf": "dīnu",
"gw": "legal decision",
"sense": "lawsuit",
"norm": "dēnu",
"pos": "N",
"epos": "N"}
}
]}
,
{
"node": "d",
"type": "line-start",
"ref": "P334818.37",
"n": "8",
"label": "r 8"}
,
{
"node": "l",
"frag": "ša",
"id": "P334818.l00c27",
"ref": "P334818.37.1",
"inst": "ša[that//which]REL$",
"sig": "@saao/saa16%akk-x-neoass:ša=ša[that//which]REL'REL$ša",
"f": {"lang": "akk-x-neoass",
"form": "ša",
"cf": "ša",
"gw": "that",
"sense": "which",
"norm": "ša",
"pos": "REL",
"epos": "REL"}
}
,
{
"node": "l",
"frag": "AD-ka",
"id": "P334818.l00c28",
"ref": "P334818.37.2",
"inst": "abīka[father]N",
"sig": "@saao/saa16%akk-x-neoass:AD-ka=abu[father//father]N'N$abīka",
"f": {"lang": "akk-x-neoass",
"form": "AD-ka",
"cf": "abu",
"gw": "father",
"sense": "father",
"norm": "abīka",
"pos": "N",
"epos": "N"}
}
,
{
"node": "l",
"frag": "e-pu-šu₂-u-ni",
"id": "P334818.l00c29",
"ref": "P334818.37.3",
"inst": "epēšu[do]V$ēpušūni",
"sig": "@saao/saa16%akk-x-neoass:e-pu-šu₂-u-ni=epēšu[do//do]V'V$ēpušūni",
"f": {"lang": "akk-x-neoass",
"form": "e-pu-šu₂-u-ni",
"cf": "epēšu",
"gw": "do",
"sense": "do",
"norm": "ēpušūni",
"pos": "V",
"epos": "V"}
}
,
{
"node": "d",
"type": "line-start",
"ref": "P334818.38",
"n": "9",
"label": "r 9"}
,
{
"node": "l",
"frag": "ṭe₃-e-mu",
"id": "P334818.l00c2a",
"ref": "P334818.38.1",
"inst": "ṭēmu[order]N",
"sig": "@saao/saa16%akk-x-neoass:ṭe₃-e-mu=ṭēmu[(fore)thought//order]N'N$ṭēmu",
"f": {"lang": "akk-x-neoass",
"form": "ṭe₃-e-mu",
"cf": "ṭēmu",
"gw": "(fore)thought",
"sense": "order",
"norm": "ṭēmu",
"pos": "N",
"epos": "N"}
}
,
{
"node": "l",
"frag": "iš-ku-nu-u-ni",
"id": "P334818.l00c2b",
"ref": "P334818.38.2",
"inst": "iškunūni[place]V",
"sig": "@saao/saa16%akk-x-neoass:iš-ku-nu-u-ni=šakānu[put//place]V'V$iškunūni",
"f": {"lang": "akk-x-neoass",
"form": "iš-ku-nu-u-ni",
"cf": "šakānu",
"gw": "put",
"sense": "place",
"norm": "iškunūni",
"pos": "V",
"epos": "V"}
}
,
{
"node": "d",
"type": "line-start",
"ref": "P334818.39",
"n": "10",
"label": "r 10"}
,
{
"node": "l",
"frag": "u₂-ma-a",
"id": "P334818.l00c2c",
"ref": "P334818.39.1",
"inst": "ūmâ[now]AV",
"sig": "@saao/saa16%akk-x-neoass:u₂-ma-a=ūma[today//now]AV'AV$ūmâ",
"f": {"lang": "akk-x-neoass",
"form": "u₂-ma-a",
"cf": "ūma",
"gw": "today",
"sense": "now",
"norm": "ūmâ",
"pos": "AV",
"epos": "AV"}
}
,
{
"node": "l",
"frag": "an-nu-<rig>",
"id": "P334818.l00c2d",
"ref": "P334818.39.2",
"inst": "annurig[now]AV",
"sig": "@saao/saa16%akk-x-neoass:an-nu-rig=annûri[now//now]AV'AV$annurig",
"f": {"lang": "akk-x-neoass",
"form": "an-nu-rig",
"cf": "annûri",
"gw": "now",
"sense": "now",
"norm": "annurig",
"pos": "AV",
"epos": "AV"}
}
,
{
"node": "l",
"frag": "u₂-sa-bal-ki-tu₂",
"id": "P334818.l00c2e",
"ref": "P334818.39.3",
"inst": "nabalkutu[cross over//overturn]V$ussabalkitu",
"sig": "@saao/saa16%akk-x-neoass:u₂-sa-bal-ki-tu₂=nabalkutu[cross over//overturn]V'V$ussabalkitu",
"f": {"lang": "akk-x-neoass",
"form": "u₂-sa-bal-ki-tu₂",
"cf": "nabalkutu",
"gw": "cross over",
"sense": "overturn",
"norm": "ussabalkitu",
"pos": "V",
"epos": "V"}
}
,
{
"node": "d",
"type": "line-start",
"ref": "P334818.40",
"n": "11",
"label": "r 11"}
,
{
"node": "l",
"frag": "u₃",
"id": "P334818.l00c2f",
"ref": "P334818.40.1",
"inst": "u[and]CNJ",
"sig": "@saao/saa16%akk-x-neoass:u₃=u[and//and]CNJ'CNJ$u",
"f": {"lang": "akk-x-neoass",
"form": "u₃",
"cf": "u",
"gw": "and",
"sense": "and",
"norm": "u",
"pos": "CNJ",
"epos": "CNJ"}
}
,
{
"node": "l",
"frag": "a-na-ku",
"id": "P334818.l00c30",
"ref": "P334818.40.2",
"inst": "anāku[I]IP",
"sig": "@saao/saa16%akk-x-neoass:a-na-ku=anāku[I//I]IP'IP$anāku",
"f": {"lang": "akk-x-neoass",
"form": "a-na-ku",
"cf": "anāku",
"gw": "I",
"sense": "I",
"norm": "anāku",
"pos": "IP",
"epos": "IP"}
}
,
{
"node": "c",
"type": "phrase",
"tag": "phr",
"id": "P334818.U5",
"ref": "P334818.ls00001",
"cdl": [
{
"node": "l",
"frag": "TA@v",
"id": "P334818.l00c31",
"ref": "P334818.40.3",
"inst": "ištu[from+=out of]PRP$issu",
"sig": "@saao/saa16%akk-x-neoass:TA@v=ištu[from//from]PRP'PRP$issu",
"f": {"lang": "akk-x-neoass",
"form": "TA@v",
"cf": "ištu",
"gw": "from",
"sense": "from",
"norm": "issu",
"pos": "PRP",
"epos": "PRP"}
}
,
{
"node": "l",
"frag": "ŠA₃",
"id": "P334818.l00c32",
"ref": "P334818.40.4",
"inst": "libbu[interior]N$libbi",
"sig": "@saao/saa16%akk-x-neoass:ŠA₃=libbu[interior//interior]N'N$libbi",
"f": {"lang": "akk-x-neoass",
"form": "ŠA₃",
"cf": "libbu",
"gw": "interior",
"sense": "interior",
"norm": "libbi",
"pos": "N",
"epos": "N"}
}
]}
,
{
"node": "c",
"type": "phrase",
"tag": "phr",
"id": "P334818.U6",
"ref": "P334818.ls00002",
"cdl": [
{
"node": "l",
"frag": "E₂-AD-ia",
"id": "P334818.l00c33",
"ref": "P334818.40.5",
"cof-tails": "P334818.l00c34",
"inst": "bītu[house]N$bēt&abu[father]N$abīya",
"sig": "@saao/saa16%akk-x-neoass:E₂-AD-ia=bītu[house//house]N'N$bēt&&@saao%akk-x-neoass:=abu[father//father]N'N$abīya",
"f": {"lang": "akk-x-neoass",
"form": "E₂-AD-ia",
"cf": "bītu",
"gw": "house",
"sense": "house",
"norm": "bēt",
"pos": "N",
"epos": "N"}
}
,
{
"node": "l",
"frag": "E₂-AD-ia",
"id": "P334818.l00c34",
"ref": "P334818.40.5",
"cof-head": "P334818.l00c33",
"inst": "bītu[house]N$bēt&abu[father]N$abīya",
"tail-sig": "@saao%akk-x-neoass:=abu[father//father]N'N$abīya",
"f": {"lang": "akk-x-neoass",
"form": "E₂-AD-ia",
"cf": "abu",
"gw": "father",
"sense": "father",
"norm": "abīya",
"pos": "N",
"epos": "N"}
}
]}
,
{
"node": "l",
"frag": "gab-bu",
"id": "P334818.l00c35",
"ref": "P334818.40.6",
"inst": "gabbu[totality//whole]N'AJ$",
"sig": "@saao/saa16%akk-x-neoass:gab-bu=gabbu[totality//whole]N'AJ$gabbu",
"f": {"lang": "akk-x-neoass",
"form": "gab-bu",
"cf": "gabbu",
"gw": "totality",
"sense": "whole",
"norm": "gabbu",
"pos": "N",
"epos": "AJ"}
}
,
{
"node": "d",
"type": "line-start",
"ref": "P334818.41",
"n": "12",
"label": "r 12"}
,
{
"node": "l",
"frag": "ki-i",
"id": "P334818.l00c36",
"ref": "P334818.41.1",
"inst": "kî[like]PRP",
"sig": "@saao/saa16%akk-x-neoass:ki-i=kī[like//like]PRP'PRP$kî",
"f": {"lang": "akk-x-neoass",
"form": "ki-i",
"cf": "kī",
"gw": "like",
"sense": "like",
"norm": "kî",
"pos": "PRP",
"epos": "PRP"}
}
,
{
"node": "l",
"frag": "kal-bi",
"id": "P334818.l00c37",
"ref": "P334818.41.2",
"inst": "kalbi[dog]N",
"sig": "@saao/saa16%akk-x-neoass:kal-bi=kalbu[dog//dog]N'N$kalbi",
"f": {"lang": "akk-x-neoass",
"form": "kal-bi",
"cf": "kalbu",
"gw": "dog",
"sense": "dog",
"norm": "kalbi",
"pos": "N",
"epos": "N"}
}
,
{
"node": "l",
"frag": "a-sa-ab-bu-uʾ",
"id": "P334818.l00c38",
"ref": "P334818.41.3",
"inst": "+sabāʾu[rock//wag one's tail]V'V$asabbuʾ",
"newsig": "@saao/saa16%akk-x-neoass:a-sa-ab-bu-uʾ=sabāʾu[rock//wag one's tail]V'V$asabbuʾ",
"f": {"lang": "akk-x-neoass",
"form": "a-sa-ab-bu-uʾ",
"cf": "sabāʾu",
"gw": "rock",
"sense": "wag one's tail",
"norm": "asabbuʾ",
"pos": "V",
"epos": "V"}
}
,
{
"node": "d",
"type": "line-start",
"ref": "P334818.42",
"n": "13",
"label": "r 13"}
,
{
"node": "l",
"frag": "ra-mi₃-ni-ia",
"id": "P334818.l00c39",
"ref": "P334818.42.1",
"inst": "ramānu[self]N$raminīya",
"sig": "@saao/saa16%akk-x-neoass:ra-mi₃-ni-ia=ramānu[self//self]N'N$raminīya",
"f": {"lang": "akk-x-neoass",
"form": "ra-mi₃-ni-ia",
"cf": "ramānu",
"gw": "self",
"sense": "self",
"norm": "raminīya",
"pos": "N",
"epos": "N"}
}
,
{
"node": "l",
"frag": "la-ah-ri-id",
"id": "P334818.l00c3a",
"ref": "P334818.42.2",
"inst": "harādu[be(come) awake//be attentive]V$lahrid",
"sig": "@saao/saa16%akk-x-neoass:la-ah-ri-id=harādu[be(come) awake//be(come) attentive]V'V$lahrid",
"f": {"lang": "akk-x-neoass",
"form": "la-ah-ri-id",
"cf": "harādu",
"gw": "be(come) awake",
"sense": "be(come) attentive",
"norm": "lahrid",
"pos": "V",
"epos": "V"}
}
,
{
"node": "d",
"type": "line-start",
"ref": "P334818.43",
"n": "14",
"label": "r 14"}
,
{
"node": "l",
"frag": "ma-ṣar-tu",
"id": "P334818.l00c3b",
"ref": "P334818.43.1",
"inst": "maṣṣartu[guard]N",
"sig": "@saao/saa16%akk-x-neoass:ma-ṣar-tu=maṣṣartu[observation//guard]N'N$maṣṣartu",
"f": {"lang": "akk-x-neoass",
"form": "ma-ṣar-tu",
"cf": "maṣṣartu",
"gw": "observation",
"sense": "guard",
"norm": "maṣṣartu",
"pos": "N",
"epos": "N"}
}
,
{
"node": "l",
"frag": "ša",
"id": "P334818.l00c3c",
"ref": "P334818.43.2",
"inst": "ša[of]DET",
"sig": "@saao/saa16%akk-x-neoass:ša=ša[of//of]DET'DET$ša",
"f": {"lang": "akk-x-neoass",
"form": "ša",
"cf": "ša",
"gw": "of",
"sense": "of",
"norm": "ša",
"pos": "DET",
"epos": "DET"}
}
,
{
"node": "l",
"frag": "LUGAL",
"id": "P334818.l00c3d",
"ref": "P334818.43.3",
"inst": "šarri[king]N",
"sig": "@saao/saa16%akk-x-neoass:LUGAL=šarru[king//king]N'N$šarri",
"f": {"lang": "akk-x-neoass",
"form": "LUGAL",
"cf": "šarru",
"gw": "king",
"sense": "king",
"norm": "šarri",
"pos": "N",
"epos": "N"}
}
,
{
"node": "l",
"frag": "EN-ia",
"id": "P334818.l00c3e",
"ref": "P334818.43.4",
"inst": "bēlīya[lord]N",
"sig": "@saao/saa16%akk-x-neoass:EN-ia=bēlu[lord//lord]N'N$bēlīya",
"f": {"lang": "akk-x-neoass",
"form": "EN-ia",
"cf": "bēlu",
"gw": "lord",
"sense": "lord",
"norm": "bēlīya",
"pos": "N",
"epos": "N"}
}
,
{
"node": "l",
"frag": "la-ṣur",
"id": "P334818.l00c3f",
"ref": "P334818.43.5",
"inst": "laṣṣur[keep guard]V",
"sig": "@saao/saa16%akk-x-neoass:la-ṣur=naṣāru[guard//keep guard]V'V$laṣṣur",
"f": {"lang": "akk-x-neoass",
"form": "la-ṣur",
"cf": "naṣāru",
"gw": "guard",
"sense": "keep guard",
"norm": "laṣṣur",
"pos": "V",
"epos": "V"}
}
,
{
"node": "d",
"type": "line-start",
"ref": "P334818.44",
"n": "15",
"label": "r 15"}
,
{
"node": "l",
"frag": "BAD₃",
"id": "P334818.l00c40",
"ref": "P334818.44.1",
"inst": "dūr[fortification wall]N",
"sig": "@saao/saa16%akk-x-neoass:BAD₃=dūru[(city) wall//fortification wall]N'N$dūr",
"f": {"lang": "akk-x-neoass",
"form": "BAD₃",
"cf": "dūru",
"gw": "(city) wall",
"sense": "fortification wall",
"norm": "dūr",
"pos": "N",
"epos": "N"}
}
,
{
"node": "l",
"frag": "ma-ki-i",
"id": "P334818.l00c41",
"ref": "P334818.44.2",
"inst": "makî[weak one]'N",
"sig": "@saao/saa16%akk-x-neoass:ma-ki-i=makû[destitute//weak one]AJ'N$makî",
"f": {"lang": "akk-x-neoass",
"form": "ma-ki-i",
"cf": "makû",
"gw": "destitute",
"sense": "weak one",
"norm": "makî",
"pos": "AJ",
"epos": "N"}
}
,
{
"node": "l",
"frag": "LUGAL",
"id": "P334818.l00c42",
"ref": "P334818.44.3",
"inst": "šarru[king]N",
"sig": "@saao/saa16%akk-x-neoass:LUGAL=šarru[king//king]N'N$šarru",
"f": {"lang": "akk-x-neoass",
"form": "LUGAL",
"cf": "šarru",
"gw": "king",
"sense": "king",
"norm": "šarru",
"pos": "N",
"epos": "N"}
}
,
{
"node": "l",
"frag": "LUGAL",
"id": "P334818.l00c43",
"ref": "P334818.44.4",
"inst": "šarru[king]N",
"sig": "@saao/saa16%akk-x-neoass:LUGAL=šarru[king//king]N'N$šarru",
"f": {"lang": "akk-x-neoass",
"form": "LUGAL",
"cf": "šarru",
"gw": "king",
"sense": "king",
"norm": "šarru",
"pos": "N",
"epos": "N"}
}
,
{
"node": "l",
"frag": "be-li",
"id": "P334818.l00c44",
"ref": "P334818.44.5",
"inst": "bēlī[lord]N",
"sig": "@saao/saa16%akk-x-neoass:be-li=bēlu[lord//lord]N'N$bēlī",
"f": {"lang": "akk-x-neoass",
"form": "be-li",
"cf": "bēlu",
"gw": "lord",
"sense": "lord",
"norm": "bēlī",
"pos": "N",
"epos": "N"}
}
,
{
"node": "d",
"type": "line-start",
"ref": "P334818.45",
"n": "16",
"label": "r 16"}
,
{
"node": "l",
"frag": "ki-i",
"id": "P334818.l00c45",
"ref": "P334818.45.1",
"inst": "kî[in accordance with]PRP",
"sig": "@saao/saa16%akk-x-neoass:ki-i=kī[like//in accordance with]PRP'PRP$kî",
"f": {"lang": "akk-x-neoass",
"form": "ki-i",
"cf": "kī",
"gw": "like",
"sense": "in accordance with",
"norm": "kî",
"pos": "PRP",
"epos": "PRP"}
}
,
{
"node": "l",
"frag": "ša",
"id": "P334818.l00c46",
"ref": "P334818.45.2",
"inst": "ša[what]REL",
"sig": "@saao/saa16%akk-x-neoass:ša=ša[that//what]REL'REL$ša",
"f": {"lang": "akk-x-neoass",
"form": "ša",
"cf": "ša",
"gw": "that",
"sense": "what",
"norm": "ša",
"pos": "REL",
"epos": "REL"}
}
,
{
"node": "l",
"frag": "i-la-u-ni",
"id": "P334818.l00c47",
"ref": "P334818.45.3",
"inst": "ilaʾʾûni[deem]V",
"sig": "@saao/saa16%akk-x-neoass:i-la-u-ni=leʾû[be able//deem]V'V$ilaʾʾûni",
"f": {"lang": "akk-x-neoass",
"form": "i-la-u-ni",
"cf": "leʾû",
"gw": "be able",
"sense": "deem",
"norm": "ilaʾʾûni",
"pos": "V",
"epos": "V"}
}
,
{
"node": "l",
"frag": "le-pu-uš",
"id": "P334818.l00c48",
"ref": "P334818.45.4",
"inst": "lēpuš[do]V",
"sig": "@saao/saa16%akk-x-neoass:le-pu-uš=epēšu[do//do]V'V$lēpuš",
"f": {"lang": "akk-x-neoass",
"form": "le-pu-uš",
"cf": "epēšu",
"gw": "do",
"sense": "do",
"norm": "lēpuš",
"pos": "V",
"epos": "V"}
}
,
{
"node": "d",
"type": "line-start",
"ref": "P334818.46",
"n": "17",
"label": "r 17"}
,
{
"node": "l",
"frag": "man-nu",
"id": "P334818.l00c49",
"ref": "P334818.46.1",
"inst": "mannu[whoever]'XP",
"sig": "@saao/saa16%akk-x-neoass:man-nu=mannu[who?//whoever]QP'XP$mannu",
"f": {"lang": "akk-x-neoass",
"form": "man-nu",
"cf": "mannu",
"gw": "who?",
"sense": "whoever",
"norm": "mannu",
"pos": "QP",
"epos": "XP"}
}
,
{
"node": "l",
"frag": "at-ta",
"id": "P334818.l00c4a",
"ref": "P334818.46.2",
"inst": "atta[you]IP",
"sig": "@saao/saa16%akk-x-neoass:at-ta=atta[you//you]IP'IP$atta",
"f": {"lang": "akk-x-neoass",
"form": "at-ta",
"cf": "atta",
"gw": "you",
"sense": "you",
"norm": "atta",
"pos": "IP",
"epos": "IP"}
}
,
{
"node": "l",
"frag": "{lu₂}A.BA",
"id": "P334818.l00c4b",
"ref": "P334818.46.3",
"inst": "ṭupšarru[scribe]N",
"sig": "@saao/saa16%akk-x-neoass:{LU₂}A.BA=ṭupšarru[scribe//scribe]N'N$ṭupšarru",
"f": {"lang": "akk-x-neoass",
"form": "{LU₂}A.BA",
"cf": "ṭupšarru",
"gw": "scribe",
"sense": "scribe",
"norm": "ṭupšarru",
"pos": "N",
"epos": "N"}
}
,
{
"node": "d",
"type": "line-start",
"ref": "P334818.47",
"n": "18",
"label": "r 18"}
,
{
"node": "l",
"frag": "ša",
"id": "P334818.l00c4c",
"ref": "P334818.47.1",
"inst": "ša[who]REL",
"sig": "@saao/saa16%akk-x-neoass:ša=ša[that//who]REL'REL$ša",
"f": {"lang": "akk-x-neoass",
"form": "ša",
"cf": "ša",
"gw": "that",
"sense": "who",
"norm": "ša",
"pos": "REL",
"epos": "REL"}
}
,
{
"node": "l",
"frag": "ta-sa-su-u-ni",
"id": "P334818.l00c4d",
"ref": "P334818.47.2",
"inst": "šasû[shout//read out]V$tasassûni",
"sig": "@saao/saa16%akk-x-neoass:ta-sa-su-u-ni=šasû[shout//read out]V'V$tasassûni",
"f": {"lang": "akk-x-neoass",
"form": "ta-sa-su-u-ni",
"cf": "šasû",
"gw": "shout",
"sense": "read out",
"norm": "tasassûni",
"pos": "V",
"epos": "V"}
}
,
{
"node": "d",
"type": "line-start",
"ref": "P334818.48",
"n": "19",
"label": "r 19"}
,
{
"node": "c",
"type": "phrase",
"tag": "phr",
"id": "P334818.U7",
"ref": "P334818.ls00003",
"cdl": [
{
"node": "l",
"frag": "TA@v",
"id": "P334818.l00c4e",
"ref": "P334818.48.1",
"inst": "ištu[from+=from]PRP$issu",
"sig": "@saao/saa16%akk-x-neoass:TA@v=ištu[from//from]PRP'PRP$issu",
"f": {"lang": "akk-x-neoass",
"form": "TA@v",
"cf": "ištu",
"gw": "from",
"sense": "from",
"norm": "issu",
"pos": "PRP",
"epos": "PRP"}
}
,
{
"node": "l",
"frag": "IGI",
"id": "P334818.l00c4f",
"ref": "P334818.48.2",
"inst": "pānu[front]N$pān",
"sig": "@saao/saa16%akk-x-neoass:IGI=pānu[front//front]N'N$pān",
"f": {"lang": "akk-x-neoass",
"form": "IGI",
"cf": "pānu",
"gw": "front",
"sense": "front",
"norm": "pān",
"pos": "N",
"epos": "N"}
}
]}
,
{
"node": "l",
"frag": "LUGAL",
"id": "P334818.l00c50",
"ref": "P334818.48.3",
"inst": "šarri[king]N",
"sig": "@saao/saa16%akk-x-neoass:LUGAL=šarru[king//king]N'N$šarri",
"f": {"lang": "akk-x-neoass",
"form": "LUGAL",
"cf": "šarru",
"gw": "king",
"sense": "king",
"norm": "šarri",
"pos": "N",
"epos": "N"}
}
,
{
"node": "l",
"frag": "EN-ka",
"id": "P334818.l00c51",
"ref": "P334818.48.4",
"inst": "bēlu[lord]N$bēlīka",
"sig": "@saao/saa16%akk-x-neoass:EN-ka=bēlu[lord//lord]N'N$bēlīka",
"f": {"lang": "akk-x-neoass",
"form": "EN-ka",
"cf": "bēlu",
"gw": "lord",
"sense": "lord",
"norm": "bēlīka",
"pos": "N",
"epos": "N"}
}
,
{
"node": "l",
"frag": "la",
"id": "P334818.l00c52",
"ref": "P334818.48.5",
"inst": "lā[not]MOD",
"sig": "@saao/saa16%akk-x-neoass:la=lā[not//not]MOD'MOD$lā",
"f": {"lang": "akk-x-neoass",
"form": "la",
"cf": "lā",
"gw": "not",
"sense": "not",
"norm": "lā",
"pos": "MOD",
"epos": "MOD"}
}
,
{
"node": "l",
"frag": "tu-pa-⸢zar⸣",
"id": "P334818.l00c53",
"ref": "P334818.48.6",
"inst": "pazāru[hide o.s.//hide]V$tupazzar",
"sig": "@saao/saa16%akk-x-neoass:tu-pa-zar=pazāru[hide o.s.//hide]V'V$tupazzar",
"f": {"lang": "akk-x-neoass",
"form": "tu-pa-zar",
"cf": "pazāru",
"gw": "hide o.s.",
"sense": "hide",
"norm": "tupazzar",
"pos": "V",
"epos": "V"}
}
,
{
"node": "d",
"type": "line-start",
"ref": "P334818.49",
"n": "20",
"label": "r 20"}
,
{
"node": "l",
"frag": "ṭa-ab-ti",
"id": "P334818.l00c54",
"ref": "P334818.49.1",
"inst": "ṭābtu[goodness//favour]N$ṭābtī",
"sig": "@saao/saa16%akk-x-neoass:ṭa-ab-ti=ṭābtu[goodness//favour]N'N$ṭābtī",
"f": {"lang": "akk-x-neoass",
"form": "ṭa-ab-ti",
"cf": "ṭābtu",
"gw": "goodness",
"sense": "favour",
"norm": "ṭābtī",
"pos": "N",
"epos": "N"}
}
,
{
"node": "c",
"type": "phrase",
"tag": "phr",
"id": "P334818.U8",
"ref": "P334818.ls00004",
"cdl": [
{
"node": "l",
"frag": "ina",
"id": "P334818.l00c55",
"ref": "P334818.49.2",
"inst": "ina[in+=in the presence of]PRP$",
"sig": "@saao/saa16%akk-x-neoass:ina=ina[in//in]PRP'PRP$ina",
"f": {"lang": "akk-x-neoass",
"form": "ina",
"cf": "ina",
"gw": "in",
"sense": "in",
"norm": "ina",
"pos": "PRP",
"epos": "PRP"}
}
,
{
"node": "l",
"frag": "IGI",
"id": "P334818.l00c56",
"ref": "P334818.49.3",
"inst": "pānu[front]N$pān",
"sig": "@saao/saa16%akk-x-neoass:IGI=pānu[front//front]N'N$pān",
"f": {"lang": "akk-x-neoass",
"form": "IGI",
"cf": "pānu",
"gw": "front",
"sense": "front",
"norm": "pān",
"pos": "N",
"epos": "N"}
}
]}
,
{
"node": "l",
"frag": "LUGAL",
"id": "P334818.l00c57",
"ref": "P334818.49.4",
"inst": "šarri[king]N",
"sig": "@saao/saa16%akk-x-neoass:LUGAL=šarru[king//king]N'N$šarri",
"f": {"lang": "akk-x-neoass",
"form": "LUGAL",
"cf": "šarru",
"gw": "king",
"sense": "king",
"norm": "šarri",
"pos": "N",
"epos": "N"}
}
,
{
"node": "l",
"frag": "qi-bi",
"id": "P334818.l00c58",
"ref": "P334818.49.5",
"inst": "qibi[say]V",
"sig": "@saao/saa16%akk-x-neoass:qi-bi=qabû[say//say]V'V$qibi",
"f": {"lang": "akk-x-neoass",
"form": "qi-bi",
"cf": "qabû",
"gw": "say",
"sense": "say",
"norm": "qibi",
"pos": "V",
"epos": "V"}
}
,
{
"node": "d",
"type": "line-start",
"ref": "P334818.50",
"n": "21",
"label": "r 21"}
,
{
"node": "l",
"frag": "EN",
"id": "P334818.l00c59",
"ref": "P334818.50.1",
"inst": "Bel[1]DN$",
"sig": "@saao/saa16%akk-x-neoass:EN=Bel[1//1]DN'DN$Bel",
"f": {"lang": "akk-x-neoass",
"form": "EN",
"cf": "Bel",
"gw": "1",
"sense": "1",
"norm": "Bel",
"pos": "DN",
"epos": "DN"}
}
,
{
"node": "l",
"frag": "{d}AG",
"id": "P334818.l00c5a",
"ref": "P334818.50.2",
"inst": "Nabu[1]DN",
"sig": "@saao/saa16%akk-x-neoass:{d}AG=Nabu[1//1]DN'DN$Nabu",
"f": {"lang": "akk-x-neoass",
"form": "{d}AG",
"cf": "Nabu",
"gw": "1",
"sense": "1",
"norm": "Nabu",
"pos": "DN",
"epos": "DN"}
}
,
{
"node": "l",
"frag": "ṭa-ab-ta-ka",
"id": "P334818.l00c5b",
"ref": "P334818.50.3",
"inst": "ṭābtu[goodness//favour]N$ṭābtaka",
"sig": "@saao/saa16%akk-x-neoass:ṭa-ab-ta-ka=ṭābtu[goodness//favour]N'N$ṭābtaka",
"f": {"lang": "akk-x-neoass",
"form": "ṭa-ab-ta-ka",
"cf": "ṭābtu",
"gw": "goodness",
"sense": "favour",
"norm": "ṭābtaka",
"pos": "N",
"epos": "N"}
}
,
{
"node": "d",
"type": "line-start",
"ref": "P334818.51",
"n": "22",
"label": "r 22"}
,
{
"node": "c",
"type": "phrase",
"tag": "phr",
"id": "P334818.U9",
"ref": "P334818.ls00005",
"cdl": [
{
"node": "l",
"frag": "ina",
"id": "P334818.l00c5c",
"ref": "P334818.51.1",
"inst": "ina[in+=in the presence of]PRP$",
"sig": "@saao/saa16%akk-x-neoass:ina=ina[in//in]PRP'PRP$ina",
"f": {"lang": "akk-x-neoass",
"form": "ina",
"cf": "ina",
"gw": "in",
"sense": "in",
"norm": "ina",
"pos": "PRP",
"epos": "PRP"}
}
,
{
"node": "l",
"frag": "IGI",
"id": "P334818.l00c5d",
"ref": "P334818.51.2",
"inst": "pānu[front]N$pān",
"sig": "@saao/saa16%akk-x-neoass:IGI=pānu[front//front]N'N$pān",
"f": {"lang": "akk-x-neoass",
"form": "IGI",
"cf": "pānu",
"gw": "front",
"sense": "front",
"norm": "pān",
"pos": "N",
"epos": "N"}
}
]}
,
{
"node": "l",
"frag": "LUGAL",
"id": "P334818.l00c5e",
"ref": "P334818.51.3",
"inst": "šarri[king]N",
"sig": "@saao/saa16%akk-x-neoass:LUGAL=šarru[king//king]N'N$šarri",
"f": {"lang": "akk-x-neoass",
"form": "LUGAL",
"cf": "šarru",
"gw": "king",
"sense": "king",
"norm": "šarri",
"pos": "N",
"epos": "N"}
}
,
{
"node": "l",
"frag": "liq-bi-u₂",
"id": "P334818.l00c5f",
"ref": "P334818.51.4",
"inst": "liqbiu[say]V",
"sig": "@saao/saa16%akk-x-neoass:liq-bi-u₂=qabû[say//say]V'V$liqbiu",
"f": {"lang": "akk-x-neoass",
"form": "liq-bi-u₂",
"cf": "qabû",
"gw": "say",
"sense": "say",
"norm": "liqbiu",
"pos": "V",
"epos": "V"}
}
]}
]}
]}
,
{
"linkbase": [{
"type": "linkset",
"xlink_title": "bēl dīni[legal adversary//legal adversary]N'N",
"id": "P334818.ls00000",
"xlink_type": "extended",
"xlink_role": "psu",
"sig": "{bēlu[lord]N dīnu[legal decision]N += bēl dīni[legal adversary//legal adversary]N'N}::@saao%akk-x-neoass:be-li=bēlu[lord//lord]N'N$bēlī++@saao%akk-x-neoass:de-e-nu=dīnu[legal decision//legal decision]N'N$dēnu",
"links": [
{
"type": "link",
"xlink_title": "bēlī",
"xlink_type": "locator",
"xlink_href": "#P334818.l00c25",
"xlink_role": "elt"}
,
{
"type": "link",
"xlink_title": "dēnu",
"xlink_type": "locator",
"xlink_href": "#P334818.l00c26",
"xlink_role": "elt"}
]}
,
{
"type": "linkset",
"xlink_title": "ištu libbi[from//from out of]PRP'PRP",
"id": "P334818.ls00001",
"xlink_type": "extended",
"xlink_role": "psu",
"sig": "{ištu[from]PRP libbu[interior]N += ištu libbi[from//from out of]PRP'PRP}::@saao%akk-x-neoass:TA@v=ištu[from//from]PRP'PRP$issu++@saao%akk-x-neoass:ŠA₃=libbu[interior//interior]N'N$libbi",
"links": [
{
"type": "link",
"xlink_title": "ištu",
"xlink_type": "locator",
"xlink_href": "#P334818.l00c31",
"xlink_role": "elt"}
,
{
"type": "link",
"xlink_title": "libbu",
"xlink_type": "locator",
"xlink_href": "#P334818.l00c32",
"xlink_role": "elt"}
]}
,
{
"type": "linkset",
"xlink_title": "bīt abi[paternal house//paternal house(hold)]N'N",
"id": "P334818.ls00002",
"xlink_type": "extended",
"xlink_role": "psu",
"sig": "{bītu[house]N abu[father]N += bīt abi[paternal house//paternal house(hold)]N'N}::@saao%akk-x-neoass:E₂-AD-ia=bītu[house//house]N'N$bēt++@saao%akk-x-neoass:E₂-AD-ia=abu[father//father]N'N$abīya",
"links": [
{
"type": "link",
"xlink_title": "bītu",
"xlink_type": "locator",
"xlink_href": "#P334818.l00c33",
"xlink_role": "elt"}
,
{
"type": "link",
"xlink_title": "abu",
"xlink_type": "locator",
"xlink_href": "#P334818.l00c34",
"xlink_role": "elt"}
]}
,
{
"type": "linkset",
"xlink_title": "ištu pān[from//because of]PRP'PRP",
"id": "P334818.ls00003",
"xlink_type": "extended",
"xlink_role": "psu",
"sig": "{ištu[from]PRP pānu[front]N += ištu pān[from//because of]PRP'PRP}::@saao%akk-x-neoass:TA@v=ištu[from//from]PRP'PRP$issu++@saao%akk-x-neoass:IGI=pānu[front//front]N'N$pān",
"links": [
{
"type": "link",
"xlink_title": "ištu",
"xlink_type": "locator",
"xlink_href": "#P334818.l00c4e",
"xlink_role": "elt"}
,
{
"type": "link",
"xlink_title": "pānu",
"xlink_type": "locator",
"xlink_href": "#P334818.l00c4f",
"xlink_role": "elt"}
]}
,
{
"type": "linkset",
"xlink_title": "ina pān[in the presence of//at the disposal of]PRP'PRP",
"id": "P334818.ls00004",
"xlink_type": "extended",
"xlink_role": "psu",
"sig": "{ina[in]PRP pānu[front]N += ina pān[in the presence of//at the disposal of]PRP'PRP}::@saao%akk-x-neoass:ina=ina[in//into]PRP'PRP$ina++@saao%akk-x-neoass:IGI=pānu[front//front]N'N$pān",
"links": [
{
"type": "link",
"xlink_title": "ina",
"xlink_type": "locator",
"xlink_href": "#P334818.l00c55",
"xlink_role": "elt"}
,
{
"type": "link",
"xlink_title": "pānu",
"xlink_type": "locator",
"xlink_href": "#P334818.l00c56",
"xlink_role": "elt"}
]}
,
{
"type": "linkset",
"xlink_title": "ina pān[in the presence of//at the disposal of]PRP'PRP",
"id": "P334818.ls00005",
"xlink_type": "extended",
"xlink_role": "psu",
"sig": "{ina[in]PRP pānu[front]N += ina pān[in the presence of//at the disposal of]PRP'PRP}::@saao%akk-x-neoass:ina=ina[in//into]PRP'PRP$ina++@saao%akk-x-neoass:IGI=pānu[front//front]N'N$pān",
"links": [
{
"type": "link",
"xlink_title": "ina",
"xlink_type": "locator",
"xlink_href": "#P334818.l00c5c",
"xlink_role": "elt"}
,
{
"type": "link",
"xlink_title": "pānu",
"xlink_type": "locator",
"xlink_href": "#P334818.l00c5d",
"xlink_role": "elt"}
]}
]}
]}
