{
"type": "cdl",
  "source": "http://oracc.org/saao/saa16",
  "license": "This data is released under the CC0 license",
  "license-url": "https://creativecommons.org/publicdomain/zero/1.0/",
  "more-info": "http://oracc.org/doc/opendata/",
  "UTC-timestamp": "2017-05-19T11:56:06",
"project": "saao/saa16",
"textid": "P334225",
"cdl": [
{
"node": "c",
"type": "text",
"id": "P334225.U0",
"cdl": [
{
"node": "d",
"type": "object",
"ref": ""}
,
{
"node": "d",
"subtype": "obverse",
"type": "surface",
"ref": "P334225.o.1",
"type": "obverse",
"label": "o"}
,
{
"node": "c",
"type": "discourse",
"subtype": "body",
"id": "P334225.U1",
"cdl": [
{
"node": "c",
"type": "sentence",
"id": "P334225.U2",
"label": "o 1 - r 14",
"cdl": [
{
"node": "d",
"type": "line-start",
"ref": "P334225.2",
"n": "1",
"label": "o 1"}
,
{
"node": "l",
"frag": "a-na",
"id": "P334225.l028cc",
"ref": "P334225.2.1",
"inst": "ana[to]PRP",
"sig": "@saao/saa16%akk-x-neoass:a-na=ana[to//to]PRP'PRP$ana",
"f": {"lang": "akk-x-neoass",
"form": "a-na",
"cf": "ana",
"gw": "to",
"sense": "to",
"norm": "ana",
"pos": "PRP",
"epos": "PRP"}
}
,
{
"node": "l",
"frag": "LUGAL",
"id": "P334225.l028cd",
"ref": "P334225.2.2",
"inst": "šarri[king]N",
"sig": "@saao/saa16%akk-x-neoass:LUGAL=šarru[king//king]N'N$šarri",
"f": {"lang": "akk-x-neoass",
"form": "LUGAL",
"cf": "šarru",
"gw": "king",
"sense": "king",
"norm": "šarri",
"pos": "N",
"epos": "N"}
}
,
{
"node": "l",
"frag": "be-li₂-ia",
"id": "P334225.l028ce",
"ref": "P334225.2.3",
"inst": "bēlīya[lord]N",
"sig": "@saao/saa16%akk-x-neoass:be-li₂-ia=bēlu[lord//lord]N'N$bēlīya",
"f": {"lang": "akk-x-neoass",
"form": "be-li₂-ia",
"cf": "bēlu",
"gw": "lord",
"sense": "lord",
"norm": "bēlīya",
"pos": "N",
"epos": "N"}
}
,
{
"node": "d",
"type": "line-start",
"ref": "P334225.3",
"n": "2",
"label": "o 2"}
,
{
"node": "l",
"frag": "ARAD-ka",
"id": "P334225.l028cf",
"ref": "P334225.3.1",
"inst": "urdaka[servant]N",
"sig": "@saao/saa16%akk-x-neoass:ARAD-ka=ardu[slave//servant]N'N$urdaka",
"f": {"lang": "akk-x-neoass",
"form": "ARAD-ka",
"cf": "ardu",
"gw": "slave",
"sense": "servant",
"norm": "urdaka",
"pos": "N",
"epos": "N"}
}
,
{
"node": "l",
"frag": "{1}{d}AMAR.UTU-MAN-PAB",
"id": "P334225.l028d0",
"ref": "P334225.3.2",
"inst": "Marduk-šarru-uṣur[1]PN$",
"sig": "@saao/saa16%akk-x-neoass:{1}{d}AMAR.UTU-MAN-PAB=Marduk-šarru-uṣur[1//1]PN'PN$Marduk-šarru-uṣur",
"f": {"lang": "akk-x-neoass",
"form": "{1}{d}AMAR.UTU-MAN-PAB",
"cf": "Marduk-šarru-uṣur",
"gw": "1",
"sense": "1",
"norm": "Marduk-šarru-uṣur",
"pos": "PN",
"epos": "PN"}
}
,
{
"node": "d",
"type": "line-start",
"ref": "P334225.4",
"n": "3",
"label": "o 3"}
,
{
"node": "l",
"frag": "lu",
"id": "P334225.l028d1",
"ref": "P334225.4.1",
"inst": "lū[may]MOD",
"sig": "@saao/saa16%akk-x-neoass:lu=lū[may//may]MOD'MOD$lū",
"f": {"lang": "akk-x-neoass",
"form": "lu",
"cf": "lū",
"gw": "may",
"sense": "may",
"norm": "lū",
"pos": "MOD",
"epos": "MOD"}
}
,
{
"node": "l",
"frag": "DI-mu",
"id": "P334225.l028d2",
"ref": "P334225.4.2",
"inst": "šulmu[health]N",
"sig": "@saao/saa16%akk-x-neoass:DI-mu=šulmu[completeness//health]N'N$šulmu",
"f": {"lang": "akk-x-neoass",
"form": "DI-mu",
"cf": "šulmu",
"gw": "completeness",
"sense": "health",
"norm": "šulmu",
"pos": "N",
"epos": "N"}
}
,
{
"node": "l",
"frag": "a-na",
"id": "P334225.l028d3",
"ref": "P334225.4.3",
"inst": "ana[to]PRP",
"sig": "@saao/saa16%akk-x-neoass:a-na=ana[to//to]PRP'PRP$ana",
"f": {"lang": "akk-x-neoass",
"form": "a-na",
"cf": "ana",
"gw": "to",
"sense": "to",
"norm": "ana",
"pos": "PRP",
"epos": "PRP"}
}
,
{
"node": "l",
"frag": "LUGAL",
"id": "P334225.l028d4",
"ref": "P334225.4.4",
"inst": "šarri[king]N",
"sig": "@saao/saa16%akk-x-neoass:LUGAL=šarru[king//king]N'N$šarri",
"f": {"lang": "akk-x-neoass",
"form": "LUGAL",
"cf": "šarru",
"gw": "king",
"sense": "king",
"norm": "šarri",
"pos": "N",
"epos": "N"}
}
,
{
"node": "l",
"frag": "be-li₂-ia",
"id": "P334225.l028d5",
"ref": "P334225.4.5",
"inst": "bēlīya[lord]N",
"sig": "@saao/saa16%akk-x-neoass:be-li₂-ia=bēlu[lord//lord]N'N$bēlīya",
"f": {"lang": "akk-x-neoass",
"form": "be-li₂-ia",
"cf": "bēlu",
"gw": "lord",
"sense": "lord",
"norm": "bēlīya",
"pos": "N",
"epos": "N"}
}
,
{
"node": "d",
"type": "line-start",
"ref": "P334225.5",
"n": "4",
"label": "o 4"}
,
{
"node": "l",
"frag": "{d}AG",
"id": "P334225.l028d6",
"ref": "P334225.5.1",
"inst": "Nabu[1]DN",
"sig": "@saao/saa16%akk-x-neoass:{d}AG=Nabu[1//1]DN'DN$Nabu",
"f": {"lang": "akk-x-neoass",
"form": "{d}AG",
"cf": "Nabu",
"gw": "1",
"sense": "1",
"norm": "Nabu",
"pos": "DN",
"epos": "DN"}
}
,
{
"node": "l",
"frag": "u₃",
"id": "P334225.l028d7",
"ref": "P334225.5.2",
"inst": "u[and]CNJ",
"sig": "@saao/saa16%akk-x-neoass:u₃=u[and//and]CNJ'CNJ$u",
"f": {"lang": "akk-x-neoass",
"form": "u₃",
"cf": "u",
"gw": "and",
"sense": "and",
"norm": "u",
"pos": "CNJ",
"epos": "CNJ"}
}
,
{
"node": "l",
"frag": "{d}AMAR.UTU",
"id": "P334225.l028d8",
"ref": "P334225.5.3",
"inst": "Marduk[1]DN",
"sig": "@saao/saa16%akk-x-neoass:{d}AMAR.UTU=Marduk[1//1]DN'DN$Marduk",
"f": {"lang": "akk-x-neoass",
"form": "{d}AMAR.UTU",
"cf": "Marduk",
"gw": "1",
"sense": "1",
"norm": "Marduk",
"pos": "DN",
"epos": "DN"}
}
,
{
"node": "d",
"type": "line-start",
"ref": "P334225.6",
"n": "5",
"label": "o 5"}
,
{
"node": "l",
"frag": "a-na",
"id": "P334225.l028d9",
"ref": "P334225.6.1",
"inst": "ana[to]PRP",
"sig": "@saao/saa16%akk-x-neoass:a-na=ana[to//to]PRP'PRP$ana",
"f": {"lang": "akk-x-neoass",
"form": "a-na",
"cf": "ana",
"gw": "to",
"sense": "to",
"norm": "ana",
"pos": "PRP",
"epos": "PRP"}
}
,
{
"node": "l",
"frag": "LUGAL",
"id": "P334225.l028da",
"ref": "P334225.6.2",
"inst": "šarri[king]N",
"sig": "@saao/saa16%akk-x-neoass:LUGAL=šarru[king//king]N'N$šarri",
"f": {"lang": "akk-x-neoass",
"form": "LUGAL",
"cf": "šarru",
"gw": "king",
"sense": "king",
"norm": "šarri",
"pos": "N",
"epos": "N"}
}
,
{
"node": "l",
"frag": "be-li₂-ia",
"id": "P334225.l028db",
"ref": "P334225.6.3",
"inst": "bēlīya[lord]N",
"sig": "@saao/saa16%akk-x-neoass:be-li₂-ia=bēlu[lord//lord]N'N$bēlīya",
"f": {"lang": "akk-x-neoass",
"form": "be-li₂-ia",
"cf": "bēlu",
"gw": "lord",
"sense": "lord",
"norm": "bēlīya",
"pos": "N",
"epos": "N"}
}
,
{
"node": "l",
"frag": "lik-ru-bu",
"id": "P334225.l028dc",
"ref": "P334225.6.4",
"inst": "likrubu[bless]V",
"sig": "@saao/saa16%akk-x-neoass:lik-ru-bu=karābu[pray//bless]V'V$likrubu",
"f": {"lang": "akk-x-neoass",
"form": "lik-ru-bu",
"cf": "karābu",
"gw": "pray",
"sense": "bless",
"norm": "likrubu",
"pos": "V",
"epos": "V"}
}
,
{
"node": "d",
"type": "line-start",
"ref": "P334225.7",
"n": "6",
"label": "o 6"}
,
{
"node": "l",
"frag": "{lu₂}ARAD",
"id": "P334225.l028dd",
"ref": "P334225.7.1",
"inst": "urdu[servant]N",
"sig": "@saao/saa16%akk-x-neoass:{LU₂}ARAD=ardu[slave//servant]N'N$urdu",
"f": {"lang": "akk-x-neoass",
"form": "{LU₂}ARAD",
"cf": "ardu",
"gw": "slave",
"sense": "servant",
"norm": "urdu",
"pos": "N",
"epos": "N"}
}
,
{
"node": "l",
"frag": "ša",
"id": "P334225.l028de",
"ref": "P334225.7.2",
"inst": "ša[who]REL",
"sig": "@saao/saa16%akk-x-neoass:ša=ša[that//who]REL'REL$ša",
"f": {"lang": "akk-x-neoass",
"form": "ša",
"cf": "ša",
"gw": "that",
"sense": "who",
"norm": "ša",
"pos": "REL",
"epos": "REL"}
}
,
{
"node": "l",
"frag": "mar-ṣa-šu-un-ni",
"id": "P334225.l028df",
"ref": "P334225.7.3",
"inst": "marṣu[sick//troubled]AJ$marṣašunni",
"sig": "@saao/saa16%akk-x-neoass:mar-ṣa-šu-un-ni=marṣu[sick//troubled]AJ'AJ$marṣašunni",
"f": {"lang": "akk-x-neoass",
"form": "mar-ṣa-šu-un-ni",
"cf": "marṣu",
"gw": "sick",
"sense": "troubled",
"norm": "marṣašunni",
"pos": "AJ",
"epos": "AJ"}
}
,
{
"node": "d",
"type": "line-start",
"ref": "P334225.8",
"n": "7",
"label": "o 7"}
,
{
"node": "l",
"frag": "EN-MEŠ-šu₂",
"id": "P334225.l028e0",
"ref": "P334225.8.1",
"inst": "bēlēšu[owner]N",
"sig": "@saao/saa16%akk-x-neoass:EN-MEŠ-šu₂=bēlu[lord//owner]N'N$bēlēšu",
"f": {"lang": "akk-x-neoass",
"form": "EN-MEŠ-šu₂",
"cf": "bēlu",
"gw": "lord",
"sense": "owner",
"norm": "bēlēšu",
"pos": "N",
"epos": "N"}
}
,
{
"node": "l",
"frag": "i-mah-har",
"id": "P334225.l028e1",
"ref": "P334225.8.2",
"inst": "imahhar[appeal]V",
"sig": "@saao/saa16%akk-x-neoass:i-mah-har=mahāru[face//appeal]V'V$imahhar",
"f": {"lang": "akk-x-neoass",
"form": "i-mah-har",
"cf": "mahāru",
"gw": "face",
"sense": "appeal",
"norm": "imahhar",
"pos": "V",
"epos": "V"}
}
,
{
"node": "d",
"type": "line-start",
"ref": "P334225.9",
"n": "8",
"label": "o 8"}
,
{
"node": "l",
"frag": "a-na-ku",
"id": "P334225.l028e2",
"ref": "P334225.9.1",
"inst": "anāku[I]IP",
"sig": "@saao/saa16%akk-x-neoass:a-na-ku=anāku[I//I]IP'IP$anāku",
"f": {"lang": "akk-x-neoass",
"form": "a-na-ku",
"cf": "anāku",
"gw": "I",
"sense": "I",
"norm": "anāku",
"pos": "IP",
"epos": "IP"}
}
,
{
"node": "l",
"frag": "mar-ṣa",
"id": "P334225.l028e3",
"ref": "P334225.9.2",
"inst": "marṣu[sick//troubled]AJ$marṣa",
"sig": "@saao/saa16%akk-x-neoass:mar-ṣa=marṣu[sick//troubled]AJ'AJ$marṣa",
"f": {"lang": "akk-x-neoass",
"form": "mar-ṣa",
"cf": "marṣu",
"gw": "sick",
"sense": "troubled",
"norm": "marṣa",
"pos": "AJ",
"epos": "AJ"}
}
,
{
"node": "l",
"frag": "LUGAL",
"id": "P334225.l028e4",
"ref": "P334225.9.3",
"inst": "šarru[king]N",
"sig": "@saao/saa16%akk-x-neoass:LUGAL=šarru[king//king]N'N$šarru",
"f": {"lang": "akk-x-neoass",
"form": "LUGAL",
"cf": "šarru",
"gw": "king",
"sense": "king",
"norm": "šarru",
"pos": "N",
"epos": "N"}
}
,
{
"node": "l",
"frag": "be-li₂",
"id": "P334225.l028e5",
"ref": "P334225.9.4",
"inst": "bēlī[lord]N",
"sig": "@saao/saa16%akk-x-neoass:be-li₂=bēlu[lord//lord]N'N$bēlī",
"f": {"lang": "akk-x-neoass",
"form": "be-li₂",
"cf": "bēlu",
"gw": "lord",
"sense": "lord",
"norm": "bēlī",
"pos": "N",
"epos": "N"}
}
,
{
"node": "l",
"frag": "a-ta-har",
"id": "P334225.l028e6",
"ref": "P334225.9.5",
"inst": "mahāru[face//appeal]V$attahar",
"sig": "@saao/saa16%akk-x-neoass:a-ta-har=mahāru[face//appeal]V'V$attahar",
"f": {"lang": "akk-x-neoass",
"form": "a-ta-har",
"cf": "mahāru",
"gw": "face",
"sense": "appeal",
"norm": "attahar",
"pos": "V",
"epos": "V"}
}
,
{
"node": "d",
"type": "line-start",
"ref": "P334225.10",
"n": "9",
"label": "o 9"}
,
{
"node": "l",
"frag": "LUGAL",
"id": "P334225.l028e7",
"ref": "P334225.10.1",
"inst": "šarru[king]N",
"sig": "@saao/saa16%akk-x-neoass:LUGAL=šarru[king//king]N'N$šarru",
"f": {"lang": "akk-x-neoass",
"form": "LUGAL",
"cf": "šarru",
"gw": "king",
"sense": "king",
"norm": "šarru",
"pos": "N",
"epos": "N"}
}
,
{
"node": "l",
"frag": "be-li₂",
"id": "P334225.l028e8",
"ref": "P334225.10.2",
"inst": "bēlī[lord]N",
"sig": "@saao/saa16%akk-x-neoass:be-li₂=bēlu[lord//lord]N'N$bēlī",
"f": {"lang": "akk-x-neoass",
"form": "be-li₂",
"cf": "bēlu",
"gw": "lord",
"sense": "lord",
"norm": "bēlī",
"pos": "N",
"epos": "N"}
}
,
{
"node": "l",
"frag": "lip-qi-dan-ni",
"id": "P334225.l028e9",
"ref": "P334225.10.3",
"inst": "paqādu[entrust//appoint]V$lipqidanni",
"sig": "@saao/saa16%akk-x-neoass:lip-qi-dan-ni=paqādu[entrust//appoint]V'V$lipqidanni",
"f": {"lang": "akk-x-neoass",
"form": "lip-qi-dan-ni",
"cf": "paqādu",
"gw": "entrust",
"sense": "appoint",
"norm": "lipqidanni",
"pos": "V",
"epos": "V"}
}
,
{
"node": "d",
"type": "line-start",
"ref": "P334225.11",
"n": "10",
"label": "o 10"}
,
{
"node": "l",
"frag": "NIG₂.ŠID-ia",
"id": "P334225.l028ea",
"ref": "P334225.11.1",
"inst": "nikkassīya[account(s)]N",
"sig": "@saao/saa16%akk-x-neoass:NIG₂.ŠID-ia=nikkassu[account(s)//account(s)]N'N$nikkassīya",
"f": {"lang": "akk-x-neoass",
"form": "NIG₂.ŠID-ia",
"cf": "nikkassu",
"gw": "account(s)",
"sense": "account(s)",
"norm": "nikkassīya",
"pos": "N",
"epos": "N"}
}
,
{
"node": "l",
"frag": "TA@v",
"id": "P334225.l028eb",
"ref": "P334225.11.2",
"inst": "issi[with]PRP",
"sig": "@saao/saa16%akk-x-neoass:TA@v=išti[with//with]PRP'PRP$issi",
"f": {"lang": "akk-x-neoass",
"form": "TA@v",
"cf": "išti",
"gw": "with",
"sense": "with",
"norm": "issi",
"pos": "PRP",
"epos": "PRP"}
}
,
{
"node": "l",
"frag": "{lu₂}A.BA-MEŠ",
"id": "P334225.l028ec",
"ref": "P334225.11.3",
"inst": "ṭupšarrī[scribe]N",
"sig": "@saao/saa16%akk-x-neoass:{LU₂}A.BA-MEŠ=ṭupšarru[scribe//scribe]N'N$ṭupšarrī",
"f": {"lang": "akk-x-neoass",
"form": "{LU₂}A.BA-MEŠ",
"cf": "ṭupšarru",
"gw": "scribe",
"sense": "scribe",
"norm": "ṭupšarrī",
"pos": "N",
"epos": "N"}
}
,
{
"node": "l",
"frag": "lu-pi-šu₂",
"id": "P334225.l028ed",
"ref": "P334225.11.4",
"inst": "epēšu[do]V$luppišu",
"sig": "@saao/saa16%akk-x-neoass:lu-pi-šu₂=epēšu[do//do]V'V$luppišu",
"f": {"lang": "akk-x-neoass",
"form": "lu-pi-šu₂",
"cf": "epēšu",
"gw": "do",
"sense": "do",
"norm": "luppišu",
"pos": "V",
"epos": "V"}
}
,
{
"node": "d",
"type": "line-start",
"ref": "P334225.12",
"n": "11",
"label": "o 11"}
,
{
"node": "l",
"frag": "{lu₂}A.BA-MEŠ",
"id": "P334225.l028ee",
"ref": "P334225.12.1",
"inst": "ṭupšarrī[scribe]N",
"sig": "@saao/saa16%akk-x-neoass:{LU₂}A.BA-MEŠ=ṭupšarru[scribe//scribe]N'N$ṭupšarrī",
"f": {"lang": "akk-x-neoass",
"form": "{LU₂}A.BA-MEŠ",
"cf": "ṭupšarru",
"gw": "scribe",
"sense": "scribe",
"norm": "ṭupšarrī",
"pos": "N",
"epos": "N"}
}
,
{
"node": "l",
"frag": "TA@v",
"id": "P334225.l028ef",
"ref": "P334225.12.2",
"inst": "issu[from]PRP",
"sig": "@saao/saa16%akk-x-neoass:TA@v=ištu[from//from]PRP'PRP$issu",
"f": {"lang": "akk-x-neoass",
"form": "TA@v",
"cf": "ištu",
"gw": "from",
"sense": "from",
"norm": "issu",
"pos": "PRP",
"epos": "PRP"}
}
,
{
"node": "l",
"frag": "ŠU.2",
"id": "P334225.l028f0",
"ref": "P334225.12.3",
"inst": "qātē[hand]N",
"sig": "@saao/saa16%akk-x-neoass:ŠU.2=qātu[hand//hand]N'N$qātē",
"f": {"lang": "akk-x-neoass",
"form": "ŠU.2",
"cf": "qātu",
"gw": "hand",
"sense": "hand",
"norm": "qātē",
"pos": "N",
"epos": "N"}
}
,
{
"node": "l",
"frag": "LUGAL",
"id": "P334225.l028f1",
"ref": "P334225.12.4",
"inst": "šarri[king]N",
"sig": "@saao/saa16%akk-x-neoass:LUGAL=šarru[king//king]N'N$šarri",
"f": {"lang": "akk-x-neoass",
"form": "LUGAL",
"cf": "šarru",
"gw": "king",
"sense": "king",
"norm": "šarri",
"pos": "N",
"epos": "N"}
}
,
{
"node": "d",
"type": "line-start",
"ref": "P334225.13",
"n": "12",
"label": "o 12"}
,
{
"node": "l",
"frag": "uh-ta-li-qu-u-ni",
"id": "P334225.l028f2",
"ref": "P334225.13.1",
"inst": "halāqu[be(come) lost//lose]V$uhtalliqūni",
"sig": "@saao/saa16%akk-x-neoass:uh-ta-li-qu-u-ni=halāqu[be(come) lost//lose]V'V$uhtalliqūni",
"f": {"lang": "akk-x-neoass",
"form": "uh-ta-li-qu-u-ni",
"cf": "halāqu",
"gw": "be(come) lost",
"sense": "lose",
"norm": "uhtalliqūni",
"pos": "V",
"epos": "V"}
}
,
{
"node": "d",
"type": "line-start",
"ref": "P334225.14",
"n": "13",
"label": "o 13"}
,
{
"node": "l",
"frag": "an-nu-rig",
"id": "P334225.l028f3",
"ref": "P334225.14.1",
"inst": "annurig[now]AV",
"sig": "@saao/saa16%akk-x-neoass:an-nu-rig=annûri[now//now]AV'AV$annurig",
"f": {"lang": "akk-x-neoass",
"form": "an-nu-rig",
"cf": "annûri",
"gw": "now",
"sense": "now",
"norm": "annurig",
"pos": "AV",
"epos": "AV"}
}
,
{
"node": "c",
"type": "phrase",
"tag": "phr",
"id": "P334225.U4",
"ref": "P334225.ls00000",
"cdl": [
{
"node": "l",
"frag": "TA@v",
"id": "P334225.l028f4",
"ref": "P334225.14.2",
"inst": "ištu[from+=ever since]PRP$",
"sig": "@saao/saa16%akk-x-neoass:TA@v=ištu[from//from]PRP'PRP$ištu",
"f": {"lang": "akk-x-neoass",
"form": "TA@v",
"cf": "ištu",
"gw": "from",
"sense": "from",
"norm": "ištu",
"pos": "PRP",
"epos": "PRP"}
}
,
{
"node": "l",
"frag": "E₂",
"id": "P334225.l028f5",
"ref": "P334225.14.3",
"inst": "bītu[house]N$bēt",
"sig": "@saao/saa16%akk-x-neoass:E₂=bītu[house//house]N'N$bēt",
"f": {"lang": "akk-x-neoass",
"form": "E₂",
"cf": "bītu",
"gw": "house",
"sense": "house",
"norm": "bēt",
"pos": "N",
"epos": "N"}
}
]}
,
{
"node": "l",
"frag": "LUGAL",
"id": "P334225.l028f6",
"ref": "P334225.14.4",
"inst": "šarru[king]N",
"sig": "@saao/saa16%akk-x-neoass:LUGAL=šarru[king//king]N'N$šarru",
"f": {"lang": "akk-x-neoass",
"form": "LUGAL",
"cf": "šarru",
"gw": "king",
"sense": "king",
"norm": "šarru",
"pos": "N",
"epos": "N"}
}
,
{
"node": "l",
"frag": "be-li₂",
"id": "P334225.l028f7",
"ref": "P334225.14.5",
"inst": "bēlī[lord]N",
"sig": "@saao/saa16%akk-x-neoass:be-li₂=bēlu[lord//lord]N'N$bēlī",
"f": {"lang": "akk-x-neoass",
"form": "be-li₂",
"cf": "bēlu",
"gw": "lord",
"sense": "lord",
"norm": "bēlī",
"pos": "N",
"epos": "N"}
}
,
{
"node": "d",
"type": "line-start",
"ref": "P334225.15",
"n": "14",
"label": "o 14"}
,
{
"node": "l",
"frag": "ip-qi-da-ni-ni",
"id": "P334225.l028f8",
"ref": "P334225.15.1",
"inst": "ipqidannīni[appoint]V",
"sig": "@saao/saa16%akk-x-neoass:ip-qi-da-ni-ni=paqādu[entrust//appoint]V'V$ipqidannīni",
"f": {"lang": "akk-x-neoass",
"form": "ip-qi-da-ni-ni",
"cf": "paqādu",
"gw": "entrust",
"sense": "appoint",
"norm": "ipqidannīni",
"pos": "V",
"epos": "V"}
}
,
{
"node": "d",
"type": "line-start",
"ref": "P334225.16",
"n": "15",
"label": "o 15"}
,
{
"node": "l",
"frag": "TA@v",
"id": "P334225.l028f9",
"ref": "P334225.16.1",
"inst": "issi[with]PRP",
"sig": "@saao/saa16%akk-x-neoass:TA@v=išti[with//with]PRP'PRP$issi",
"f": {"lang": "akk-x-neoass",
"form": "TA@v",
"cf": "išti",
"gw": "with",
"sense": "with",
"norm": "issi",
"pos": "PRP",
"epos": "PRP"}
}
,
{
"node": "l",
"frag": "E₂-ia",
"id": "P334225.l028fa",
"ref": "P334225.16.2",
"inst": "bītu[house//household]N$bētīya",
"sig": "@saao/saa16%akk-x-neoass:E₂-ia=bītu[house//household]N'N$bētīya",
"f": {"lang": "akk-x-neoass",
"form": "E₂-ia",
"cf": "bītu",
"gw": "house",
"sense": "household",
"norm": "bētīya",
"pos": "N",
"epos": "N"}
}
,
{
"node": "l",
"frag": "E₂.GAL",
"id": "P334225.l028fb",
"ref": "P334225.16.3",
"inst": "ēkallu[palace]N",
"sig": "@saao/saa16%akk-x-neoass:E₂.GAL=ēkallu[palace//palace]N'N$ēkallu",
"f": {"lang": "akk-x-neoass",
"form": "E₂.GAL",
"cf": "ēkallu",
"gw": "palace",
"sense": "palace",
"norm": "ēkallu",
"pos": "N",
"epos": "N"}
}
,
{
"node": "l",
"frag": "a-pa-lah₃",
"id": "P334225.l028fc",
"ref": "P334225.16.4",
"inst": "palāhu[fear]V$apallah",
"sig": "@saao/saa16%akk-x-neoass:a-pa-lah₃=palāhu[fear//fear]V'V$apallah",
"f": {"lang": "akk-x-neoass",
"form": "a-pa-lah₃",
"cf": "palāhu",
"gw": "fear",
"sense": "fear",
"norm": "apallah",
"pos": "V",
"epos": "V"}
}
,
{
"node": "d",
"type": "line-start",
"ref": "P334225.17",
"n": "16",
"label": "o 16"}
,
{
"node": "c",
"type": "phrase",
"tag": "phr",
"id": "P334225.U5",
"ref": "P334225.ls00001",
"cdl": [
{
"node": "l",
"frag": "a-na",
"id": "P334225.l028fd",
"ref": "P334225.17.1",
"inst": "ana[to]PRP",
"sig": "@saao/saa16%akk-x-neoass:a-na=ana[to//to]PRP'PRP$ana",
"f": {"lang": "akk-x-neoass",
"form": "a-na",
"cf": "ana",
"gw": "to",
"sense": "to",
"norm": "ana",
"pos": "PRP",
"epos": "PRP"}
}
,
{
"node": "l",
"frag": "la",
"id": "P334225.l028fe",
"ref": "P334225.17.2",
"inst": "lā[not]MOD$",
"sig": "@saao/saa16%akk-x-neoass:la=lā[not//not]MOD'MOD$lā",
"f": {"lang": "akk-x-neoass",
"form": "la",
"cf": "lā",
"gw": "not",
"sense": "not",
"norm": "lā",
"pos": "MOD",
"epos": "MOD"}
}
]}
,
{
"node": "l",
"frag": "e-pi-še",
"id": "P334225.l028ff",
"ref": "P334225.17.3",
"inst": "ēpišu[doer]N$ēpiše",
"sig": "@saao/saa16%akk-x-neoass:e-pi-še=ēpišu[doer//doer]N'N$ēpiše",
"f": {"lang": "akk-x-neoass",
"form": "e-pi-še",
"cf": "ēpišu",
"gw": "doer",
"sense": "doer",
"norm": "ēpiše",
"pos": "N",
"epos": "N"}
}
,
{
"node": "d",
"type": "line-start",
"ref": "P334225.18",
"n": "17",
"label": "o 17"}
,
{
"node": "c",
"type": "phrase",
"tag": "phr",
"id": "P334225.U6",
"ref": "P334225.ls00002",
"cdl": [
{
"node": "l",
"frag": "ina",
"id": "P334225.l02900",
"ref": "P334225.18.1",
"inst": "ina[in+=in front of]PRP$",
"sig": "@saao/saa16%akk-x-neoass:ina=ina[in//in]PRP'PRP$ina",
"f": {"lang": "akk-x-neoass",
"form": "ina",
"cf": "ina",
"gw": "in",
"sense": "in",
"norm": "ina",
"pos": "PRP",
"epos": "PRP"}
}
,
{
"node": "l",
"frag": "IGI",
"id": "P334225.l02901",
"ref": "P334225.18.2",
"inst": "pānu[front]N$pān",
"sig": "@saao/saa16%akk-x-neoass:IGI=pānu[front//front]N'N$pān",
"f": {"lang": "akk-x-neoass",
"form": "IGI",
"cf": "pānu",
"gw": "front",
"sense": "front",
"norm": "pān",
"pos": "N",
"epos": "N"}
}
]}
,
{
"node": "l",
"frag": "LUGAL",
"id": "P334225.l02902",
"ref": "P334225.18.3",
"inst": "šarri[king]N",
"sig": "@saao/saa16%akk-x-neoass:LUGAL=šarru[king//king]N'N$šarri",
"f": {"lang": "akk-x-neoass",
"form": "LUGAL",
"cf": "šarru",
"gw": "king",
"sense": "king",
"norm": "šarri",
"pos": "N",
"epos": "N"}
}
,
{
"node": "l",
"frag": "⸢EN-ia⸣",
"id": "P334225.l02903",
"ref": "P334225.18.4",
"inst": "bēlīya[lord]N",
"sig": "@saao/saa16%akk-x-neoass:EN-ia=bēlu[lord//lord]N'N$bēlīya",
"f": {"lang": "akk-x-neoass",
"form": "EN-ia",
"cf": "bēlu",
"gw": "lord",
"sense": "lord",
"norm": "bēlīya",
"pos": "N",
"epos": "N"}
}
,
{
"node": "l",
"frag": "[la",
"id": "P334225.l02904",
"ref": "P334225.18.5",
"inst": "lā[not]MOD",
"sig": "@saao/saa16%akk-x-neoass:la=lā[not//not]MOD'MOD$lā",
"f": {"lang": "akk-x-neoass",
"form": "la",
"cf": "lā",
"gw": "not",
"sense": "not",
"norm": "lā",
"pos": "MOD",
"epos": "MOD"}
}
,
{
"node": "l",
"frag": "a-tu-ur]",
"id": "P334225.l02905",
"ref": "P334225.18.6",
"inst": "târu[turn]V$atūr",
"sig": "@saao/saa16%akk-x-neoass:a-tu-ur=târu[turn//turn]V'V$atūr",
"f": {"lang": "akk-x-neoass",
"form": "a-tu-ur",
"cf": "târu",
"gw": "turn",
"sense": "turn",
"norm": "atūr",
"pos": "V",
"epos": "V"}
}
,
{
"node": "d",
"subtype": "reverse",
"type": "surface",
"ref": "P334225.r.19",
"type": "reverse",
"label": "r"}
,
{
"node": "d",
"type": "line-start",
"ref": "P334225.20",
"n": "1",
"label": "r 1"}
,
{
"node": "l",
"frag": "LUGAL",
"id": "P334225.l02906",
"ref": "P334225.20.1",
"inst": "šarru[king]N",
"sig": "@saao/saa16%akk-x-neoass:LUGAL=šarru[king//king]N'N$šarru",
"f": {"lang": "akk-x-neoass",
"form": "LUGAL",
"cf": "šarru",
"gw": "king",
"sense": "king",
"norm": "šarru",
"pos": "N",
"epos": "N"}
}
,
{
"node": "l",
"frag": "be-li₂",
"id": "P334225.l02907",
"ref": "P334225.20.2",
"inst": "bēlī[lord]N",
"sig": "@saao/saa16%akk-x-neoass:be-li₂=bēlu[lord//lord]N'N$bēlī",
"f": {"lang": "akk-x-neoass",
"form": "be-li₂",
"cf": "bēlu",
"gw": "lord",
"sense": "lord",
"norm": "bēlī",
"pos": "N",
"epos": "N"}
}
,
{
"node": "l",
"frag": "⸢u₂⸣-[di",
"id": "P334225.l02908",
"ref": "P334225.20.3",
"inst": "ūdi[know]V",
"sig": "@saao/saa16%akk-x-neoass:u₂-di=wadû[know//know]V'V$ūdi",
"f": {"lang": "akk-x-neoass",
"form": "u₂-di",
"cf": "wadû",
"gw": "know",
"sense": "know",
"norm": "ūdi",
"pos": "V",
"epos": "V"}
}
,
{
"node": "l",
"frag": "x]",
"id": "P334225.l02909",
"ref": "P334225.20.4",
"inst": "u",
"f": {"lang": "akk-x-neoass",
"form": "x",
"pos": "u"}
}
,
{
"node": "d",
"type": "line-start",
"ref": "P334225.21",
"n": "2",
"label": "r 2"}
,
{
"node": "l",
"frag": "an-nu-rig",
"id": "P334225.l0290a",
"ref": "P334225.21.1",
"inst": "annurig[now]AV",
"sig": "@saao/saa16%akk-x-neoass:an-nu-rig=annûri[now//now]AV'AV$annurig",
"f": {"lang": "akk-x-neoass",
"form": "an-nu-rig",
"cf": "annûri",
"gw": "now",
"sense": "now",
"norm": "annurig",
"pos": "AV",
"epos": "AV"}
}
,
{
"node": "l",
"frag": "⸢la",
"id": "P334225.l0290b",
"ref": "P334225.21.2",
"inst": "lā[not]MOD",
"sig": "@saao/saa16%akk-x-neoass:la=lā[not//not]MOD'MOD$lā",
"f": {"lang": "akk-x-neoass",
"form": "la",
"cf": "lā",
"gw": "not",
"sense": "not",
"norm": "lā",
"pos": "MOD",
"epos": "MOD"}
}
,
{
"node": "l",
"frag": "x",
"id": "P334225.l0290c",
"ref": "P334225.21.3",
"inst": "u",
"f": {"lang": "akk-x-neoass",
"form": "x",
"pos": "u"}
}
,
{
"node": "l",
"frag": "x",
"id": "P334225.l0290d",
"ref": "P334225.21.4",
"inst": "u",
"f": {"lang": "akk-x-neoass",
"form": "x",
"pos": "u"}
}
,
{
"node": "l",
"frag": "x⸣",
"id": "P334225.l0290e",
"ref": "P334225.21.5",
"inst": "u",
"f": {"lang": "akk-x-neoass",
"form": "x",
"pos": "u"}
}
,
{
"node": "l",
"frag": "[x]",
"id": "P334225.l0290f",
"ref": "P334225.21.6",
"inst": "u",
"f": {"lang": "akk-x-neoass",
"form": "x",
"pos": "u"}
}
,
{
"node": "d",
"type": "line-start",
"ref": "P334225.22",
"n": "3",
"label": "r 3"}
,
{
"node": "l",
"frag": "LUGAL",
"id": "P334225.l02910",
"ref": "P334225.22.1",
"inst": "šarru[king]N",
"sig": "@saao/saa16%akk-x-neoass:LUGAL=šarru[king//king]N'N$šarru",
"f": {"lang": "akk-x-neoass",
"form": "LUGAL",
"cf": "šarru",
"gw": "king",
"sense": "king",
"norm": "šarru",
"pos": "N",
"epos": "N"}
}
,
{
"node": "l",
"frag": "be-li₂",
"id": "P334225.l02911",
"ref": "P334225.22.2",
"inst": "bēlī[lord]N",
"sig": "@saao/saa16%akk-x-neoass:be-li₂=bēlu[lord//lord]N'N$bēlī",
"f": {"lang": "akk-x-neoass",
"form": "be-li₂",
"cf": "bēlu",
"gw": "lord",
"sense": "lord",
"norm": "bēlī",
"pos": "N",
"epos": "N"}
}
,
{
"node": "l",
"frag": "a-ki",
"id": "P334225.l02912",
"ref": "P334225.22.3",
"inst": "akī[as, like//in accordance with]PRP",
"sig": "@saao/saa16%akk-x-neoass:a-ki=akī[as//in accordance with]PRP'PRP$akī",
"f": {"lang": "akk-x-neoass",
"form": "a-ki",
"cf": "akī",
"gw": "as",
"sense": "in accordance with",
"norm": "akī",
"pos": "PRP",
"epos": "PRP"}
}
,
{
"node": "l",
"frag": "ša",
"id": "P334225.l02913",
"ref": "P334225.22.4",
"inst": "ša[what]REL",
"sig": "@saao/saa16%akk-x-neoass:ša=ša[that//what]REL'REL$ša",
"f": {"lang": "akk-x-neoass",
"form": "ša",
"cf": "ša",
"gw": "that",
"sense": "what",
"norm": "ša",
"pos": "REL",
"epos": "REL"}
}
,
{
"node": "l",
"frag": "i-la-u-ni",
"id": "P334225.l02914",
"ref": "P334225.22.5",
"inst": "ilaʾʾûni[deem]V",
"sig": "@saao/saa16%akk-x-neoass:i-la-u-ni=leʾû[be able//deem]V'V$ilaʾʾûni",
"f": {"lang": "akk-x-neoass",
"form": "i-la-u-ni",
"cf": "leʾû",
"gw": "be able",
"sense": "deem",
"norm": "ilaʾʾûni",
"pos": "V",
"epos": "V"}
}
,
{
"node": "d",
"type": "line-start",
"ref": "P334225.23",
"n": "4",
"label": "r 4"}
,
{
"node": "l",
"frag": "le-pu-uš",
"id": "P334225.l02915",
"ref": "P334225.23.1",
"inst": "lēpuš[do]V",
"sig": "@saao/saa16%akk-x-neoass:le-pu-uš=epēšu[do//do]V'V$lēpuš",
"f": {"lang": "akk-x-neoass",
"form": "le-pu-uš",
"cf": "epēšu",
"gw": "do",
"sense": "do",
"norm": "lēpuš",
"pos": "V",
"epos": "V"}
}
,
{
"node": "d",
"type": "line-start",
"ref": "P334225.24",
"n": "5",
"label": "r 5"}
,
{
"node": "l",
"frag": "31",
"id": "P334225.l02916",
"ref": "P334225.24.1",
"inst": "n",
"f": {"lang": "akk-x-neoass",
"form": "31",
"pos": "n"}
}
,
{
"node": "l",
"frag": "GU₂.UN",
"id": "P334225.l02917",
"ref": "P334225.24.2",
"inst": "bilāt[a unit of weight]N",
"sig": "@saao/saa16%akk-x-neoass:GU₂.UN=biltu[load//a unit of weight]N'N$bilāt",
"f": {"lang": "akk-x-neoass",
"form": "GU₂.UN",
"cf": "biltu",
"gw": "load",
"sense": "a unit of weight",
"norm": "bilāt",
"pos": "N",
"epos": "N"}
}
,
{
"node": "l",
"frag": "ṭi-bu",
"id": "P334225.l02918",
"ref": "P334225.24.3",
"inst": "ṭīmu[yarn//twine]N$ṭību",
"sig": "@saao/saa16%akk-x-neoass:ṭi-bu=ṭīmu[yarn//twine]N'N$ṭību",
"f": {"lang": "akk-x-neoass",
"form": "ṭi-bu",
"cf": "ṭīmu",
"gw": "yarn",
"sense": "twine",
"norm": "ṭību",
"pos": "N",
"epos": "N"}
}
,
{
"node": "l",
"frag": "GADA",
"id": "P334225.l02919",
"ref": "P334225.24.4",
"inst": "kitû[flax//linen]N$kitê",
"sig": "@saao/saa16%akk-x-neoass:GADA=kitû[flax//linen]N'N$kitê",
"f": {"lang": "akk-x-neoass",
"form": "GADA",
"cf": "kitû",
"gw": "flax",
"sense": "linen",
"norm": "kitê",
"pos": "N",
"epos": "N"}
}
,
{
"node": "d",
"type": "line-start",
"ref": "P334225.25",
"n": "6",
"label": "r 6"}
,
{
"node": "l",
"frag": "80",
"id": "P334225.l0291a",
"ref": "P334225.25.1",
"inst": "n",
"f": {"lang": "akk-x-neoass",
"form": "80",
"pos": "n"}
}
,
{
"node": "l",
"frag": "GU₂.UN",
"id": "P334225.l0291b",
"ref": "P334225.25.2",
"inst": "bilāt[a unit of weight]N",
"sig": "@saao/saa16%akk-x-neoass:GU₂.UN=biltu[load//a unit of weight]N'N$bilāt",
"f": {"lang": "akk-x-neoass",
"form": "GU₂.UN",
"cf": "biltu",
"gw": "load",
"sense": "a unit of weight",
"norm": "bilāt",
"pos": "N",
"epos": "N"}
}
,
{
"node": "l",
"frag": "SIG₂.SA₅",
"id": "P334225.l0291c",
"ref": "P334225.25.3",
"cof-tails": "P334225.l0291d",
"inst": "šīpātu[wool]N$šāptu&sāmtu[redness]N$sāntu",
"sig": "@saao/saa16%akk-x-neoass:SIG₂.SA₅=šīpātu[wool//wool]N'N$šāptu&&@saao/saa16%akk-x-neoass:SIG₂.SA₅=sāmtu[redness//redness]N'N$sāntu",
"f": {"lang": "akk-x-neoass",
"form": "SIG₂.SA₅",
"cf": "šīpātu",
"gw": "wool",
"sense": "wool",
"norm": "šāptu",
"pos": "N",
"epos": "N"}
}
,
{
"node": "l",
"frag": "SIG₂.SA₅",
"id": "P334225.l0291d",
"ref": "P334225.25.3",
"cof-head": "P334225.l0291c",
"inst": "šīpātu[wool]N$šāptu&sāmtu[redness]N$sāntu",
"f": {"lang": "akk-x-neoass",
"form": "SIG₂.SA₅",
"cf": "sāmtu",
"gw": "redness",
"sense": "redness",
"norm": "sāntu",
"pos": "N",
"epos": "N"}
}
,
{
"node": "l",
"frag": "KUR",
"id": "P334225.l0291e",
"ref": "P334225.25.4",
"inst": "māti[land]N",
"sig": "@saao/saa16%akk-x-neoass:KUR=mātu[land//land]N'N$māti",
"f": {"lang": "akk-x-neoass",
"form": "KUR",
"cf": "mātu",
"gw": "land",
"sense": "land",
"norm": "māti",
"pos": "N",
"epos": "N"}
}
,
{
"node": "d",
"type": "line-start",
"ref": "P334225.26",
"n": "7",
"label": "r 7"}
,
{
"node": "l",
"frag": "07",
"id": "P334225.l0291f",
"ref": "P334225.26.1",
"inst": "n",
"f": {"lang": "akk-x-neoass",
"form": "07",
"pos": "n"}
}
,
{
"node": "l",
"frag": "GU₂.UN",
"id": "P334225.l02920",
"ref": "P334225.26.2",
"inst": "bilāt[a unit of weight]N",
"sig": "@saao/saa16%akk-x-neoass:GU₂.UN=biltu[load//a unit of weight]N'N$bilāt",
"f": {"lang": "akk-x-neoass",
"form": "GU₂.UN",
"cf": "biltu",
"gw": "load",
"sense": "a unit of weight",
"norm": "bilāt",
"pos": "N",
"epos": "N"}
}
,
{
"node": "c",
"type": "phrase",
"tag": "phr",
"id": "P334225.U7",
"ref": "P334225.ls00003",
"cdl": [
{
"node": "l",
"frag": "<SIG₂>.MI",
"id": "P334225.l02921",
"ref": "P334225.26.3",
"cof-tails": "P334225.l02922",
"inst": "šīpātu[wool]N$šāptu&ṣalimtu[black]N$",
"sig": "@saao/saa16%akk-x-neoass:SIG₂.MI=šīpātu[wool//wool]N'N$šāptu&&@saao%akk-x-neoass:=ṣalimtu[black//black]N'N$ṣalimtu",
"f": {"lang": "akk-x-neoass",
"form": "SIG₂.MI",
"cf": "šīpātu",
"gw": "wool",
"sense": "wool",
"norm": "šāptu",
"pos": "N",
"epos": "N"}
}
,
{
"node": "l",
"frag": "<SIG₂>.MI",
"id": "P334225.l02922",
"ref": "P334225.26.3",
"cof-head": "P334225.l02921",
"inst": "šīpātu[wool]N$šāptu&ṣalimtu[black]N$",
"tail-sig": "@saao%akk-x-neoass:=ṣalimtu[black//black]N'N$ṣalimtu",
"f": {"lang": "akk-x-neoass",
"form": "SIG₂.MI",
"cf": "ṣalimtu",
"gw": "black",
"sense": "black",
"norm": "ṣalimtu",
"pos": "N",
"epos": "N"}
}
]}
,
{
"node": "l",
"frag": "KUR",
"id": "P334225.l02923",
"ref": "P334225.26.4",
"inst": "māti[land]N",
"sig": "@saao/saa16%akk-x-neoass:KUR=mātu[land//land]N'N$māti",
"f": {"lang": "akk-x-neoass",
"form": "KUR",
"cf": "mātu",
"gw": "land",
"sense": "land",
"norm": "māti",
"pos": "N",
"epos": "N"}
}
,
{
"node": "d",
"type": "line-start",
"ref": "P334225.27",
"n": "8",
"label": "r 8"}
,
{
"node": "l",
"frag": "30",
"id": "P334225.l02924",
"ref": "P334225.27.1",
"inst": "n",
"f": {"lang": "akk-x-neoass",
"form": "30",
"pos": "n"}
}
,
{
"node": "l",
"frag": "GU₂.UN",
"id": "P334225.l02925",
"ref": "P334225.27.2",
"inst": "bilāt[a unit of weight]N",
"sig": "@saao/saa16%akk-x-neoass:GU₂.UN=biltu[load//a unit of weight]N'N$bilāt",
"f": {"lang": "akk-x-neoass",
"form": "GU₂.UN",
"cf": "biltu",
"gw": "load",
"sense": "a unit of weight",
"norm": "bilāt",
"pos": "N",
"epos": "N"}
}
,
{
"node": "l",
"frag": "{na₄}ga-bu-u",
"id": "P334225.l02926",
"ref": "P334225.27.3",
"inst": "gabû[alum]N$",
"sig": "@saao/saa16%akk-x-neoass:{NA₄}ga-bu-u=gabû[alum//alum]N'N$gabû",
"f": {"lang": "akk-x-neoass",
"form": "{NA₄}ga-bu-u",
"cf": "gabû",
"gw": "alum",
"sense": "alum",
"norm": "gabû",
"pos": "N",
"epos": "N"}
}
,
{
"node": "d",
"type": "line-start",
"ref": "P334225.28",
"n": "9",
"label": "r 9"}
,
{
"node": "l",
"frag": "10",
"id": "P334225.l02927",
"ref": "P334225.28.1",
"inst": "n",
"f": {"lang": "akk-x-neoass",
"form": "10",
"pos": "n"}
}
,
{
"node": "l",
"frag": "GU₂.UN",
"id": "P334225.l02928",
"ref": "P334225.28.2",
"inst": "bilāt[a unit of weight]N",
"sig": "@saao/saa16%akk-x-neoass:GU₂.UN=biltu[load//a unit of weight]N'N$bilāt",
"f": {"lang": "akk-x-neoass",
"form": "GU₂.UN",
"cf": "biltu",
"gw": "load",
"sense": "a unit of weight",
"norm": "bilāt",
"pos": "N",
"epos": "N"}
}
,
{
"node": "l",
"frag": "{na₄}ni-ti-ru",
"id": "P334225.l02929",
"ref": "P334225.28.3",
"inst": "nitiru[nitre//natron]N$",
"sig": "@saao/saa16%akk-x-neoass:{NA₄}ni-ti-ru=nitiru[nitre//natron]N'N$nitiru",
"f": {"lang": "akk-x-neoass",
"form": "{NA₄}ni-ti-ru",
"cf": "nitiru",
"gw": "nitre",
"sense": "natron",
"norm": "nitiru",
"pos": "N",
"epos": "N"}
}
,
{
"node": "d",
"type": "nonx",
"ref": "P334225.29",
"strict": "0",
"extent": "n",
"scope": "line",
"state": "blank"}
,
{
"node": "d",
"type": "line-start",
"ref": "P334225.30",
"n": "10",
"label": "r 10"}
,
{
"node": "l",
"frag": "PAB",
"id": "P334225.l0292a",
"ref": "P334225.30.1",
"inst": "gimru[total]N",
"sig": "@saao/saa16%akk-x-neoass:PAB=gimru[totality//total]N'N$gimru",
"f": {"lang": "akk-x-neoass",
"form": "PAB",
"cf": "gimru",
"gw": "totality",
"sense": "total",
"norm": "gimru",
"pos": "N",
"epos": "N"}
}
,
{
"node": "l",
"frag": "01",
"id": "P334225.l0292b",
"ref": "P334225.30.2",
"inst": "n",
"f": {"lang": "akk-x-neoass",
"form": "01",
"pos": "n"}
}
,
{
"node": "l",
"frag": "me",
"id": "P334225.l0292c",
"ref": "P334225.30.3",
"inst": "mē[hundred]NU",
"sig": "@saao/saa16%akk-x-neoass:me=meʾatu[(one) hundred//(one) hundred]NU'NU$mē",
"f": {"lang": "akk-x-neoass",
"form": "me",
"cf": "meʾatu",
"gw": "(one) hundred",
"sense": "(one) hundred",
"norm": "mē",
"pos": "NU",
"epos": "NU"}
}
,
{
"node": "l",
"frag": "58",
"id": "P334225.l0292d",
"ref": "P334225.30.4",
"inst": "n",
"f": {"lang": "akk-x-neoass",
"form": "58",
"pos": "n"}
}
,
{
"node": "l",
"frag": "GU₂.UN",
"id": "P334225.l0292e",
"ref": "P334225.30.5",
"inst": "bilāt[a unit of weight]N",
"sig": "@saao/saa16%akk-x-neoass:GU₂.UN=biltu[load//a unit of weight]N'N$bilāt",
"f": {"lang": "akk-x-neoass",
"form": "GU₂.UN",
"cf": "biltu",
"gw": "load",
"sense": "a unit of weight",
"norm": "bilāt",
"pos": "N",
"epos": "N"}
}
,
{
"node": "d",
"type": "line-start",
"ref": "P334225.31",
"n": "11",
"label": "r 11"}
,
{
"node": "l",
"frag": "LUGAL",
"id": "P334225.l0292f",
"ref": "P334225.31.1",
"inst": "šarru[king]N",
"sig": "@saao/saa16%akk-x-neoass:LUGAL=šarru[king//king]N'N$šarru",
"f": {"lang": "akk-x-neoass",
"form": "LUGAL",
"cf": "šarru",
"gw": "king",
"sense": "king",
"norm": "šarru",
"pos": "N",
"epos": "N"}
}
,
{
"node": "l",
"frag": "be-li₂",
"id": "P334225.l02930",
"ref": "P334225.31.2",
"inst": "bēlī[lord]N",
"sig": "@saao/saa16%akk-x-neoass:be-li₂=bēlu[lord//lord]N'N$bēlī",
"f": {"lang": "akk-x-neoass",
"form": "be-li₂",
"cf": "bēlu",
"gw": "lord",
"sense": "lord",
"norm": "bēlī",
"pos": "N",
"epos": "N"}
}
,
{
"node": "l",
"frag": "liš-al",
"id": "P334225.l02931",
"ref": "P334225.31.3",
"inst": "lišʾal[ask]V",
"sig": "@saao/saa16%akk-x-neoass:liš-al=šâlu[ask//ask]V'V$lišʾal",
"f": {"lang": "akk-x-neoass",
"form": "liš-al",
"cf": "šâlu",
"gw": "ask",
"sense": "ask",
"norm": "lišʾal",
"pos": "V",
"epos": "V"}
}
,
{
"node": "d",
"type": "line-start",
"ref": "P334225.32",
"n": "12",
"label": "r 12"}
,
{
"node": "l",
"frag": "01",
"id": "P334225.l02932",
"ref": "P334225.32.1",
"inst": "n",
"f": {"lang": "akk-x-neoass",
"form": "01",
"pos": "n"}
}
,
{
"node": "l",
"frag": "MA.NA",
"id": "P334225.l02933",
"ref": "P334225.32.2",
"inst": "manû[a unit of weight]N",
"sig": "@saao/saa16%akk-x-neoass:MA.NA=manû[unit//a unit of weight]N'N$manû",
"f": {"lang": "akk-x-neoass",
"form": "MA.NA",
"cf": "manû",
"gw": "unit",
"sense": "a unit of weight",
"norm": "manû",
"pos": "N",
"epos": "N"}
}
,
{
"node": "l",
"frag": "1/2",
"id": "P334225.l02934",
"ref": "P334225.32.3",
"inst": "n",
"f": {"lang": "akk-x-neoass",
"form": "1/2",
"pos": "n"}
}
,
{
"node": "l",
"frag": "MA.NA",
"id": "P334225.l02935",
"ref": "P334225.32.4",
"inst": "manû[a unit of weight]N",
"sig": "@saao/saa16%akk-x-neoass:MA.NA=manû[unit//a unit of weight]N'N$manû",
"f": {"lang": "akk-x-neoass",
"form": "MA.NA",
"cf": "manû",
"gw": "unit",
"sense": "a unit of weight",
"norm": "manû",
"pos": "N",
"epos": "N"}
}
,
{
"node": "d",
"type": "line-start",
"ref": "P334225.33",
"n": "13",
"label": "r 13"}
,
{
"node": "c",
"type": "phrase",
"tag": "phr",
"id": "P334225.U8",
"ref": "P334225.ls00004",
"cdl": [
{
"node": "l",
"frag": "TA@v",
"id": "P334225.l02936",
"ref": "P334225.33.1",
"inst": "ištu[from+=from]PRP$issu",
"sig": "@saao/saa16%akk-x-neoass:TA@v=ištu[from//from]PRP'PRP$issu",
"f": {"lang": "akk-x-neoass",
"form": "TA@v",
"cf": "ištu",
"gw": "from",
"sense": "from",
"norm": "issu",
"pos": "PRP",
"epos": "PRP"}
}
,
{
"node": "l",
"frag": "ŠA₃-bi",
"id": "P334225.l02937",
"ref": "P334225.33.2",
"inst": "libbi[interior]N",
"sig": "@saao/saa16%akk-x-neoass:ŠA₃-bi=libbu[interior//heart]N'N$libbi",
"f": {"lang": "akk-x-neoass",
"form": "ŠA₃-bi",
"cf": "libbu",
"gw": "interior",
"sense": "heart",
"norm": "libbi",
"pos": "N",
"epos": "N"}
}
]}
,
{
"node": "l",
"frag": "me-me-ni",
"id": "P334225.l02938",
"ref": "P334225.33.3",
"inst": "memmēni[anybody]XP",
"sig": "@saao/saa16%akk-x-neoass:me-me-ni=memēni[somebody//anybody]XP'XP$memmēni",
"f": {"lang": "akk-x-neoass",
"form": "me-me-ni",
"cf": "memēni",
"gw": "somebody",
"sense": "anybody",
"norm": "memmēni",
"pos": "XP",
"epos": "XP"}
}
,
{
"node": "d",
"type": "line-start",
"ref": "P334225.34",
"n": "14",
"label": "r 14"}
,
{
"node": "l",
"frag": "la",
"id": "P334225.l02939",
"ref": "P334225.34.1",
"inst": "lā[not]MOD",
"sig": "@saao/saa16%akk-x-neoass:la=lā[not//not]MOD'MOD$lā",
"f": {"lang": "akk-x-neoass",
"form": "la",
"cf": "lā",
"gw": "not",
"sense": "not",
"norm": "lā",
"pos": "MOD",
"epos": "MOD"}
}
,
{
"node": "l",
"frag": "i-di-na",
"id": "P334225.l0293a",
"ref": "P334225.34.2",
"inst": "iddina[give]V",
"sig": "@saao/saa16%akk-x-neoass:i-di-na=tadānu[give//give]V'V$iddina",
"f": {"lang": "akk-x-neoass",
"form": "i-di-na",
"cf": "tadānu",
"gw": "give",
"sense": "give",
"norm": "iddina",
"pos": "V",
"epos": "V"}
}
]}
]}
]}
,
{
"linkbase": [{
"type": "linkset",
"xlink_title": "ištu bīt[ever since//ever since]SBJ'SBJ",
"id": "P334225.ls00000",
"xlink_type": "extended",
"xlink_role": "psu",
"sig": "{ištu[from]PRP bītu[house]N += ištu bīt[ever since//ever since]SBJ'SBJ}::@saao%akk-x-neoass:TA@v=ištu[from//from]PRP'PRP$issu++@saao%akk-x-neoass:E₂=bītu[house//house]N'N$bēt",
"links": [
{
"type": "link",
"xlink_title": "ištu",
"xlink_type": "locator",
"xlink_href": "#P334225.l028f4",
"xlink_role": "elt"}
,
{
"type": "link",
"xlink_title": "bītu",
"xlink_type": "locator",
"xlink_href": "#P334225.l028f5",
"xlink_role": "elt"}
]}
,
{
"type": "linkset",
"xlink_title": "ana lā[apart from//apart from]PRP'PRP",
"id": "P334225.ls00001",
"xlink_type": "extended",
"xlink_role": "psu",
"sig": "{ana[to]PRP lā[not]MOD += ana lā[apart from//apart from]PRP'PRP}::@saao%akk-x-neoass:a-na=ana[to//to]PRP'PRP$ana++@saao%akk-x-neoass:la=lā[not//not]MOD'MOD$lā",
"links": [
{
"type": "link",
"xlink_title": "ana",
"xlink_type": "locator",
"xlink_href": "#P334225.l028fd",
"xlink_role": "elt"}
,
{
"type": "link",
"xlink_title": "lā",
"xlink_type": "locator",
"xlink_href": "#P334225.l028fe",
"xlink_role": "elt"}
]}
,
{
"type": "linkset",
"xlink_title": "ina pān[in the presence of//at the disposal of]PRP'PRP",
"id": "P334225.ls00002",
"xlink_type": "extended",
"xlink_role": "psu",
"sig": "{ina[in]PRP pānu[front]N += ina pān[in the presence of//at the disposal of]PRP'PRP}::@saao%akk-x-neoass:ina=ina[in//into]PRP'PRP$ina++@saao%akk-x-neoass:IGI=pānu[front//front]N'N$pān",
"links": [
{
"type": "link",
"xlink_title": "ina",
"xlink_type": "locator",
"xlink_href": "#P334225.l02900",
"xlink_role": "elt"}
,
{
"type": "link",
"xlink_title": "pānu",
"xlink_type": "locator",
"xlink_href": "#P334225.l02901",
"xlink_role": "elt"}
]}
,
{
"type": "linkset",
"xlink_title": "šīpātu ṣalimtu[black wool//black wool]N'N",
"id": "P334225.ls00003",
"xlink_type": "extended",
"xlink_role": "psu",
"sig": "{šīpātu[wool]N ṣalimtu[black]N += šīpātu ṣalimtu[black wool//black wool]N'N}::@saao%akk-x-neoass:SIG₂.MI=šīpātu[wool//wool]N'N$šāptu++@saao%akk-x-neoass:SIG₂.MI=ṣalimtu[black//black]N'N$ṣalimtu",
"links": [
{
"type": "link",
"xlink_title": "šīpātu",
"xlink_type": "locator",
"xlink_href": "#P334225.l02921",
"xlink_role": "elt"}
,
{
"type": "link",
"xlink_title": "ṣalimtu",
"xlink_type": "locator",
"xlink_href": "#P334225.l02922",
"xlink_role": "elt"}
]}
,
{
"type": "linkset",
"xlink_title": "ištu libbi[from//from out of]PRP'PRP",
"id": "P334225.ls00004",
"xlink_type": "extended",
"xlink_role": "psu",
"sig": "{ištu[from]PRP libbu[interior]N += ištu libbi[from//from out of]PRP'PRP}::@saao%akk-x-neoass:TA@v=ištu[from//from]PRP'PRP$issu++@saao%akk-x-neoass:ŠA₃-bi=libbu[interior//interior]N'N$libbi",
"links": [
{
"type": "link",
"xlink_title": "ištu",
"xlink_type": "locator",
"xlink_href": "#P334225.l02936",
"xlink_role": "elt"}
,
{
"type": "link",
"xlink_title": "libbu",
"xlink_type": "locator",
"xlink_href": "#P334225.l02937",
"xlink_role": "elt"}
]}
]}
]}
