{
"type": "cdl",
  "source": "http://oracc.org/saao/saa16",
  "license": "This data is released under the CC0 license",
  "license-url": "https://creativecommons.org/publicdomain/zero/1.0/",
  "more-info": "http://oracc.org/doc/opendata/",
  "UTC-timestamp": "2017-05-19T11:56:11",
"project": "saao/saa16",
"textid": "P334541",
"cdl": [
{
"node": "c",
"type": "text",
"id": "P334541.U0",
"cdl": [
{
"node": "d",
"type": "object",
"ref": ""}
,
{
"node": "d",
"subtype": "obverse",
"type": "surface",
"ref": "P334541.o.1",
"type": "obverse",
"label": "o"}
,
{
"node": "c",
"type": "discourse",
"subtype": "body",
"id": "P334541.U1",
"cdl": [
{
"node": "c",
"type": "sentence",
"id": "P334541.U2",
"label": "o 1 - r 3",
"cdl": [
{
"node": "d",
"type": "line-start",
"ref": "P334541.2",
"n": "1",
"label": "o 1"}
,
{
"node": "l",
"frag": "[a-na]",
"id": "P334541.l00807",
"ref": "P334541.2.1",
"inst": "ana[to]PRP",
"sig": "@saao/saa16%akk-x-neoass:a-na=ana[to//to]PRP'PRP$ana",
"f": {"lang": "akk-x-neoass",
"form": "a-na",
"cf": "ana",
"gw": "to",
"sense": "to",
"norm": "ana",
"pos": "PRP",
"epos": "PRP"}
}
,
{
"node": "l",
"frag": "⸢LUGAL⸣",
"id": "P334541.l00808",
"ref": "P334541.2.2",
"inst": "šarri[king]N",
"sig": "@saao/saa16%akk-x-neoass:LUGAL=šarru[king//king]N'N$šarri",
"f": {"lang": "akk-x-neoass",
"form": "LUGAL",
"cf": "šarru",
"gw": "king",
"sense": "king",
"norm": "šarri",
"pos": "N",
"epos": "N"}
}
,
{
"node": "l",
"frag": "EN-ia₂",
"id": "P334541.l00809",
"ref": "P334541.2.3",
"inst": "bēlīya[lord]N",
"sig": "@saao/saa16%akk-x-neoass:EN-ia₂=bēlu[lord//lord]N'N$bēlīya",
"f": {"lang": "akk-x-neoass",
"form": "EN-ia₂",
"cf": "bēlu",
"gw": "lord",
"sense": "lord",
"norm": "bēlīya",
"pos": "N",
"epos": "N"}
}
,
{
"node": "d",
"type": "line-start",
"ref": "P334541.3",
"n": "2",
"label": "o 2"}
,
{
"node": "l",
"frag": "ARAD-ka",
"id": "P334541.l0080a",
"ref": "P334541.3.1",
"inst": "urdaka[servant]N",
"sig": "@saao/saa16%akk-x-neoass:ARAD-ka=ardu[slave//servant]N'N$urdaka",
"f": {"lang": "akk-x-neoass",
"form": "ARAD-ka",
"cf": "ardu",
"gw": "slave",
"sense": "servant",
"norm": "urdaka",
"pos": "N",
"epos": "N"}
}
,
{
"node": "l",
"frag": "{1}{d}GIŠ.NU₁₁-UG₅.GA-TI.LA",
"id": "P334541.l0080b",
"ref": "P334541.3.2",
"inst": "Šamaš-metu-uballiṭ[1]PN$",
"sig": "@saao/saa16%akk-x-neoass:{1}{d}GIŠ.NU₁₁-UG₅.GA-TI.LA=Šamaš-metu-uballiṭ[1//1]PN'PN$Šamaš-metu-uballiṭ",
"f": {"lang": "akk-x-neoass",
"form": "{1}{d}GIŠ.NU₁₁-UG₅.GA-TI.LA",
"cf": "Šamaš-metu-uballiṭ",
"gw": "1",
"sense": "1",
"norm": "Šamaš-metu-uballiṭ",
"pos": "PN",
"epos": "PN"}
}
,
{
"node": "d",
"type": "line-start",
"ref": "P334541.4",
"n": "3",
"label": "o 3"}
,
{
"node": "l",
"frag": "lu",
"id": "P334541.l0080c",
"ref": "P334541.4.1",
"inst": "lū[may]MOD",
"sig": "@saao/saa16%akk-x-neoass:lu=lū[may//may]MOD'MOD$lū",
"f": {"lang": "akk-x-neoass",
"form": "lu",
"cf": "lū",
"gw": "may",
"sense": "may",
"norm": "lū",
"pos": "MOD",
"epos": "MOD"}
}
,
{
"node": "l",
"frag": "DI-mu",
"id": "P334541.l0080d",
"ref": "P334541.4.2",
"inst": "šulmu[health]N",
"sig": "@saao/saa16%akk-x-neoass:DI-mu=šulmu[completeness//health]N'N$šulmu",
"f": {"lang": "akk-x-neoass",
"form": "DI-mu",
"cf": "šulmu",
"gw": "completeness",
"sense": "health",
"norm": "šulmu",
"pos": "N",
"epos": "N"}
}
,
{
"node": "l",
"frag": "a-na",
"id": "P334541.l0080e",
"ref": "P334541.4.3",
"inst": "ana[to]PRP",
"sig": "@saao/saa16%akk-x-neoass:a-na=ana[to//to]PRP'PRP$ana",
"f": {"lang": "akk-x-neoass",
"form": "a-na",
"cf": "ana",
"gw": "to",
"sense": "to",
"norm": "ana",
"pos": "PRP",
"epos": "PRP"}
}
,
{
"node": "l",
"frag": "LUGAL",
"id": "P334541.l0080f",
"ref": "P334541.4.4",
"inst": "šarri[king]N",
"sig": "@saao/saa16%akk-x-neoass:LUGAL=šarru[king//king]N'N$šarri",
"f": {"lang": "akk-x-neoass",
"form": "LUGAL",
"cf": "šarru",
"gw": "king",
"sense": "king",
"norm": "šarri",
"pos": "N",
"epos": "N"}
}
,
{
"node": "d",
"type": "line-start",
"ref": "P334541.5",
"n": "4",
"label": "o 4"}
,
{
"node": "l",
"frag": "be-li₂-ia₂",
"id": "P334541.l00810",
"ref": "P334541.5.1",
"inst": "bēlīya[lord]N",
"sig": "@saao/saa16%akk-x-neoass:be-li₂-ia₂=bēlu[lord//lord]N'N$bēlīya",
"f": {"lang": "akk-x-neoass",
"form": "be-li₂-ia₂",
"cf": "bēlu",
"gw": "lord",
"sense": "lord",
"norm": "bēlīya",
"pos": "N",
"epos": "N"}
}
,
{
"node": "l",
"frag": "{d}PA",
"id": "P334541.l00811",
"ref": "P334541.5.2",
"inst": "Nabu[1]DN",
"sig": "@saao/saa16%akk-x-neoass:{d}PA=Nabu[1//1]DN'DN$Nabu",
"f": {"lang": "akk-x-neoass",
"form": "{d}PA",
"cf": "Nabu",
"gw": "1",
"sense": "1",
"norm": "Nabu",
"pos": "DN",
"epos": "DN"}
}
,
{
"node": "l",
"frag": "u",
"id": "P334541.l00812",
"ref": "P334541.5.3",
"inst": "u[and]CNJ",
"sig": "@saao/saa16%akk-x-neoass:u=u[and//and]CNJ'CNJ$u",
"f": {"lang": "akk-x-neoass",
"form": "u",
"cf": "u",
"gw": "and",
"sense": "and",
"norm": "u",
"pos": "CNJ",
"epos": "CNJ"}
}
,
{
"node": "l",
"frag": "{d}AMAR.UTU",
"id": "P334541.l00813",
"ref": "P334541.5.4",
"inst": "Marduk[1]DN",
"sig": "@saao/saa16%akk-x-neoass:{d}AMAR.UTU=Marduk[1//1]DN'DN$Marduk",
"f": {"lang": "akk-x-neoass",
"form": "{d}AMAR.UTU",
"cf": "Marduk",
"gw": "1",
"sense": "1",
"norm": "Marduk",
"pos": "DN",
"epos": "DN"}
}
,
{
"node": "d",
"type": "line-start",
"ref": "P334541.6",
"n": "5",
"label": "o 5"}
,
{
"node": "l",
"frag": "a-na",
"id": "P334541.l00814",
"ref": "P334541.6.1",
"inst": "ana[to]PRP",
"sig": "@saao/saa16%akk-x-neoass:a-na=ana[to//to]PRP'PRP$ana",
"f": {"lang": "akk-x-neoass",
"form": "a-na",
"cf": "ana",
"gw": "to",
"sense": "to",
"norm": "ana",
"pos": "PRP",
"epos": "PRP"}
}
,
{
"node": "l",
"frag": "LUGAL",
"id": "P334541.l00815",
"ref": "P334541.6.2",
"inst": "šarri[king]N",
"sig": "@saao/saa16%akk-x-neoass:LUGAL=šarru[king//king]N'N$šarri",
"f": {"lang": "akk-x-neoass",
"form": "LUGAL",
"cf": "šarru",
"gw": "king",
"sense": "king",
"norm": "šarri",
"pos": "N",
"epos": "N"}
}
,
{
"node": "l",
"frag": "EN-ia₂",
"id": "P334541.l00816",
"ref": "P334541.6.3",
"inst": "bēlīya[lord]N",
"sig": "@saao/saa16%akk-x-neoass:EN-ia₂=bēlu[lord//lord]N'N$bēlīya",
"f": {"lang": "akk-x-neoass",
"form": "EN-ia₂",
"cf": "bēlu",
"gw": "lord",
"sense": "lord",
"norm": "bēlīya",
"pos": "N",
"epos": "N"}
}
,
{
"node": "l",
"frag": "lik-ru-bu",
"id": "P334541.l00817",
"ref": "P334541.6.4",
"inst": "likrubu[bless]V",
"sig": "@saao/saa16%akk-x-neoass:lik-ru-bu=karābu[pray//bless]V'V$likrubu",
"f": {"lang": "akk-x-neoass",
"form": "lik-ru-bu",
"cf": "karābu",
"gw": "pray",
"sense": "bless",
"norm": "likrubu",
"pos": "V",
"epos": "V"}
}
,
{
"node": "d",
"type": "line-start",
"ref": "P334541.7",
"n": "6",
"label": "o 6"}
,
{
"node": "l",
"frag": "it-ti-ma-li",
"id": "P334541.l00818",
"ref": "P334541.7.1",
"cof-tails": "P334541.l00819",
"inst": "ina[in+=yesterday]PRP$&timāli[yesterday]AV$",
"sig": "@saao/saa16%akk-x-neoass:it-ti-ma-li=ina[in//in]PRP'PRP$ina&&@saao%akk-x-neoass:=timāli[yesterday//yesterday]AV'AV$timāli",
"f": {"lang": "akk-x-neoass",
"form": "it-ti-ma-li",
"cf": "ina",
"gw": "in",
"sense": "in",
"norm": "ina",
"pos": "PRP",
"epos": "PRP"}
}
,
{
"node": "l",
"frag": "it-ti-ma-li",
"id": "P334541.l00819",
"ref": "P334541.7.1",
"cof-head": "P334541.l00818",
"inst": "ina[in+=yesterday]PRP$&timāli[yesterday]AV$",
"tail-sig": "@saao%akk-x-neoass:=timāli[yesterday//yesterday]AV'AV$timāli",
"f": {"lang": "akk-x-neoass",
"form": "it-ti-ma-li",
"cf": "timāli",
"gw": "yesterday",
"sense": "yesterday",
"norm": "timāli",
"pos": "AV",
"epos": "AV"}
}
,
{
"node": "l",
"frag": "ina",
"id": "P334541.l0081a",
"ref": "P334541.7.2",
"inst": "ina[in]PRP",
"sig": "@saao/saa16%akk-x-neoass:ina=ina[in//in]PRP'PRP$ina",
"f": {"lang": "akk-x-neoass",
"form": "ina",
"cf": "ina",
"gw": "in",
"sense": "in",
"norm": "ina",
"pos": "PRP",
"epos": "PRP"}
}
,
{
"node": "l",
"frag": "be₂-et",
"id": "P334541.l0081b",
"ref": "P334541.7.3",
"inst": "bēt[when]SBJ",
"sig": "@saao/saa16%akk-x-neoass:be₂-et=bīt[where//when]SBJ'SBJ$bēt",
"f": {"lang": "akk-x-neoass",
"form": "be₂-et",
"cf": "bīt",
"gw": "where",
"sense": "when",
"norm": "bēt",
"pos": "SBJ",
"epos": "SBJ"}
}
,
{
"node": "d",
"type": "line-start",
"ref": "P334541.8",
"n": "7",
"label": "o 7"}
,
{
"node": "l",
"frag": "i-da-at",
"id": "P334541.l0081c",
"ref": "P334541.8.1",
"cof-tails": "P334541.l0081d",
"inst": "ina[in+=after]PRP$&dāt[behind]PRP$",
"sig": "@saao/saa16%akk-x-neoass:i-da-at=ina[in//in]PRP'PRP$ina&&@saao%akk-x-neoass:=dāt[behind//behind]PRP'PRP$dāt",
"f": {"lang": "akk-x-neoass",
"form": "i-da-at",
"cf": "ina",
"gw": "in",
"sense": "in",
"norm": "ina",
"pos": "PRP",
"epos": "PRP"}
}
,
{
"node": "l",
"frag": "i-da-at",
"id": "P334541.l0081d",
"ref": "P334541.8.1",
"cof-head": "P334541.l0081c",
"inst": "ina[in+=after]PRP$&dāt[behind]PRP$",
"tail-sig": "@saao%akk-x-neoass:=dāt[behind//behind]PRP'PRP$dāt",
"f": {"lang": "akk-x-neoass",
"form": "i-da-at",
"cf": "dāt",
"gw": "behind",
"sense": "behind",
"norm": "dāt",
"pos": "PRP",
"epos": "PRP"}
}
,
{
"node": "l",
"frag": "LUGAL",
"id": "P334541.l0081e",
"ref": "P334541.8.2",
"inst": "šarri[king]N",
"sig": "@saao/saa16%akk-x-neoass:LUGAL=šarru[king//king]N'N$šarri",
"f": {"lang": "akk-x-neoass",
"form": "LUGAL",
"cf": "šarru",
"gw": "king",
"sense": "king",
"norm": "šarri",
"pos": "N",
"epos": "N"}
}
,
{
"node": "l",
"frag": "al-la-kan-ni",
"id": "P334541.l0081f",
"ref": "P334541.8.3",
"inst": "alāku[go//come]V$allakanni",
"sig": "@saao/saa16%akk-x-neoass:al-la-kan-ni=alāku[go//come]V'V$allakanni",
"f": {"lang": "akk-x-neoass",
"form": "al-la-kan-ni",
"cf": "alāku",
"gw": "go",
"sense": "come",
"norm": "allakanni",
"pos": "V",
"epos": "V"}
}
,
{
"node": "d",
"type": "line-start",
"ref": "P334541.9",
"n": "8",
"label": "o 8"}
,
{
"node": "l",
"frag": "ina",
"id": "P334541.l00820",
"ref": "P334541.9.1",
"inst": "ina[in]PRP",
"sig": "@saao/saa16%akk-x-neoass:ina=ina[in//in]PRP'PRP$ina",
"f": {"lang": "akk-x-neoass",
"form": "ina",
"cf": "ina",
"gw": "in",
"sense": "in",
"norm": "ina",
"pos": "PRP",
"epos": "PRP"}
}
,
{
"node": "l",
"frag": "qab-si",
"id": "P334541.l00821",
"ref": "P334541.9.2",
"inst": "qabsi[middle]N",
"sig": "@saao/saa16%akk-x-neoass:qab-si=qabaltu[middle//middle]N'N$qabsi",
"f": {"lang": "akk-x-neoass",
"form": "qab-si",
"cf": "qabaltu",
"gw": "middle",
"sense": "middle",
"norm": "qabsi",
"pos": "N",
"epos": "N"}
}
,
{
"node": "l",
"frag": "NINA{ki}",
"id": "P334541.l00822",
"ref": "P334541.9.3",
"inst": "Ninua[Nineveh]GN",
"sig": "@saao/saa16%akk-x-neoass:NINA{KI}=Ninua[Nineveh//Nineveh]GN'GN$Ninua",
"f": {"lang": "akk-x-neoass",
"form": "NINA{KI}",
"cf": "Ninua",
"gw": "Nineveh",
"sense": "Nineveh",
"norm": "Ninua",
"pos": "GN",
"epos": "GN"}
}
,
{
"node": "l",
"frag": "e-tar-ba",
"id": "P334541.l00823",
"ref": "P334541.9.4",
"inst": "ētarba[enter]V",
"sig": "@saao/saa16%akk-x-neoass:e-tar-ba=erēbu[enter//enter]V'V$ētarba",
"f": {"lang": "akk-x-neoass",
"form": "e-tar-ba",
"cf": "erēbu",
"gw": "enter",
"sense": "enter",
"norm": "ētarba",
"pos": "V",
"epos": "V"}
}
,
{
"node": "d",
"type": "line-start",
"ref": "P334541.10",
"n": "9",
"label": "o 9"}
,
{
"node": "l",
"frag": "ina",
"id": "P334541.l00824",
"ref": "P334541.10.1",
"inst": "ina[in]PRP",
"sig": "@saao/saa16%akk-x-neoass:ina=ina[in//in]PRP'PRP$ina",
"f": {"lang": "akk-x-neoass",
"form": "ina",
"cf": "ina",
"gw": "in",
"sense": "in",
"norm": "ina",
"pos": "PRP",
"epos": "PRP"}
}
,
{
"node": "l",
"frag": "EN.NUN",
"id": "P334541.l00825",
"ref": "P334541.10.2",
"inst": "maṣṣartu[observation//guard]N$maṣṣarat",
"sig": "@saao/saa16%akk-x-neoass:EN.NUN=maṣṣartu[observation//guard]N'N$maṣṣarat",
"f": {"lang": "akk-x-neoass",
"form": "EN.NUN",
"cf": "maṣṣartu",
"gw": "observation",
"sense": "guard",
"norm": "maṣṣarat",
"pos": "N",
"epos": "N"}
}
,
{
"node": "l",
"frag": "LUGAL",
"id": "P334541.l00826",
"ref": "P334541.10.3",
"inst": "šarri[king]N",
"sig": "@saao/saa16%akk-x-neoass:LUGAL=šarru[king//king]N'N$šarri",
"f": {"lang": "akk-x-neoass",
"form": "LUGAL",
"cf": "šarru",
"gw": "king",
"sense": "king",
"norm": "šarri",
"pos": "N",
"epos": "N"}
}
,
{
"node": "l",
"frag": "SIG₄-MEŠ",
"id": "P334541.l00827",
"ref": "P334541.10.4",
"inst": "libittāti[mudbrick]N",
"sig": "@saao/saa16%akk-x-neoass:SIG₄-MEŠ=libittu[mudbrick//mudbrick]N'N$libittāti",
"f": {"lang": "akk-x-neoass",
"form": "SIG₄-MEŠ",
"cf": "libittu",
"gw": "mudbrick",
"sense": "mudbrick",
"norm": "libittāti",
"pos": "N",
"epos": "N"}
}
,
{
"node": "l",
"frag": "šak-na",
"id": "P334541.l00828",
"ref": "P334541.10.5",
"inst": "šakna[placed]AJ",
"sig": "@saao/saa16%akk-x-neoass:šak-na=šaknu[placed//placed]AJ'AJ$šakna",
"f": {"lang": "akk-x-neoass",
"form": "šak-na",
"cf": "šaknu",
"gw": "placed",
"sense": "placed",
"norm": "šakna",
"pos": "AJ",
"epos": "AJ"}
}
,
{
"node": "d",
"type": "line-start",
"ref": "P334541.11",
"n": "10",
"label": "o 10"}
,
{
"node": "l",
"frag": "⸢UMBIN⸣",
"id": "P334541.l00829",
"ref": "P334541.11.1",
"inst": "magarru[wheel]N$",
"sig": "@saao/saa16%akk-x-neoass:UMBIN=magarru[wheel//wheel]N'N$magarru",
"f": {"lang": "akk-x-neoass",
"form": "UMBIN",
"cf": "magarru",
"gw": "wheel",
"sense": "wheel",
"norm": "magarru",
"pos": "N",
"epos": "N"}
}
,
{
"node": "l",
"frag": "ša",
"id": "P334541.l0082a",
"ref": "P334541.11.2",
"inst": "ša[of]DET",
"sig": "@saao/saa16%akk-x-neoass:ša=ša[of//of]DET'DET$ša",
"f": {"lang": "akk-x-neoass",
"form": "ša",
"cf": "ša",
"gw": "of",
"sense": "of",
"norm": "ša",
"pos": "DET",
"epos": "DET"}
}
,
{
"node": "l",
"frag": "{giš}GIGIR",
"id": "P334541.l0082b",
"ref": "P334541.11.3",
"inst": "mugerru[chariot]N$mugirri",
"sig": "@saao/saa16%akk-x-neoass:{GIŠ}GIGIR=mugerru[chariot//chariot]N'N$mugirri",
"f": {"lang": "akk-x-neoass",
"form": "{GIŠ}GIGIR",
"cf": "mugerru",
"gw": "chariot",
"sense": "chariot",
"norm": "mugirri",
"pos": "N",
"epos": "N"}
}
,
{
"node": "l",
"frag": "is-se-niš",
"id": "P334541.l0082c",
"ref": "P334541.11.4",
"inst": "ištēniš[together]AV$issēniš",
"sig": "@saao/saa16%akk-x-neoass:is-se-niš=ištēniš[together//together]AV'AV$issēniš",
"f": {"lang": "akk-x-neoass",
"form": "is-se-niš",
"cf": "ištēniš",
"gw": "together",
"sense": "together",
"norm": "issēniš",
"pos": "AV",
"epos": "AV"}
}
,
{
"node": "d",
"type": "line-start",
"ref": "P334541.12",
"n": "11",
"label": "o 11"}
,
{
"node": "l",
"frag": "[it]-⸢ta-ha⸣-aṣ",
"id": "P334541.l0082d",
"ref": "P334541.12.1",
"inst": "mahāṣu[beat//hit]V$ittahaṣ",
"sig": "@saao/saa16%akk-x-neoass:it-ta-ha-aṣ=mahāṣu[beat//hit]V'V$ittahaṣ",
"f": {"lang": "akk-x-neoass",
"form": "it-ta-ha-aṣ",
"cf": "mahāṣu",
"gw": "beat",
"sense": "hit",
"norm": "ittahaṣ",
"pos": "V",
"epos": "V"}
}
,
{
"node": "l",
"frag": "⸢it-tak⸣-sap",
"id": "P334541.l0082e",
"ref": "P334541.12.2",
"inst": "kasāpu[break (into bits)]V$ittaksap",
"sig": "@saao/saa16%akk-x-neoass:it-tak-sap=kasāpu[break (into bits)//break (into bits)]V'V$ittaksap",
"f": {"lang": "akk-x-neoass",
"form": "it-tak-sap",
"cf": "kasāpu",
"gw": "break (into bits)",
"sense": "break (into bits)",
"norm": "ittaksap",
"pos": "V",
"epos": "V"}
}
,
{
"node": "d",
"type": "line-start",
"ref": "P334541.13",
"n": "12",
"label": "o 12"}
,
{
"node": "l",
"frag": "[u₂]-ma-a",
"id": "P334541.l0082f",
"ref": "P334541.13.1",
"inst": "ūmâ[now]AV",
"sig": "@saao/saa16%akk-x-neoass:u₂-ma-a=ūma[today//now]AV'AV$ūmâ",
"f": {"lang": "akk-x-neoass",
"form": "u₂-ma-a",
"cf": "ūma",
"gw": "today",
"sense": "now",
"norm": "ūmâ",
"pos": "AV",
"epos": "AV"}
}
,
{
"node": "l",
"frag": "LUGAL",
"id": "P334541.l00830",
"ref": "P334541.13.2",
"inst": "šarru[king]N",
"sig": "@saao/saa16%akk-x-neoass:LUGAL=šarru[king//king]N'N$šarru",
"f": {"lang": "akk-x-neoass",
"form": "LUGAL",
"cf": "šarru",
"gw": "king",
"sense": "king",
"norm": "šarru",
"pos": "N",
"epos": "N"}
}
,
{
"node": "l",
"frag": "be-li₂-ia",
"id": "P334541.l00831",
"ref": "P334541.13.3",
"inst": "bēlīya[lord]N",
"sig": "@saao/saa16%akk-x-neoass:be-li₂-ia=bēlu[lord//lord]N'N$bēlīya",
"f": {"lang": "akk-x-neoass",
"form": "be-li₂-ia",
"cf": "bēlu",
"gw": "lord",
"sense": "lord",
"norm": "bēlīya",
"pos": "N",
"epos": "N"}
}
,
{
"node": "d",
"subtype": "reverse",
"type": "surface",
"ref": "P334541.r.14",
"type": "reverse",
"label": "r"}
,
{
"node": "d",
"type": "line-start",
"ref": "P334541.15",
"n": "1",
"label": "r 1"}
,
{
"node": "l",
"frag": "ṭe₃-e-mu",
"id": "P334541.l00832",
"ref": "P334541.15.1",
"inst": "!ṭēmu[order]N",
"sig": "@saao/saa16%akk-x-neoass:ṭe₃-e-mu=ṭēmu[(fore)thought//order]N'N$ṭēmu",
"f": {"lang": "akk-x-neoass",
"form": "ṭe₃-e-mu",
"cf": "ṭēmu",
"gw": "(fore)thought",
"sense": "order",
"norm": "ṭēmu",
"pos": "N",
"epos": "N"}
}
,
{
"node": "d",
"type": "line-start",
"ref": "P334541.16",
"n": "2",
"label": "r 2"}
,
{
"node": "l",
"frag": "⸢liš⸣-kun",
"id": "P334541.l00833",
"ref": "P334541.16.1",
"inst": "liškun[place]V",
"sig": "@saao/saa16%akk-x-neoass:liš-kun=šakānu[put//place]V'V$liškun",
"f": {"lang": "akk-x-neoass",
"form": "liš-kun",
"cf": "šakānu",
"gw": "put",
"sense": "place",
"norm": "liškun",
"pos": "V",
"epos": "V"}
}
,
{
"node": "l",
"frag": "dul-lu",
"id": "P334541.l00834",
"ref": "P334541.16.2",
"inst": "dullu[work]N",
"sig": "@saao/saa16%akk-x-neoass:dul-lu=dullu[trouble//work]N'N$dullu",
"f": {"lang": "akk-x-neoass",
"form": "dul-lu",
"cf": "dullu",
"gw": "trouble",
"sense": "work",
"norm": "dullu",
"pos": "N",
"epos": "N"}
}
,
{
"node": "d",
"type": "line-start",
"ref": "P334541.17",
"n": "3",
"label": "r 3"}
,
{
"node": "c",
"type": "phrase",
"tag": "phr",
"id": "P334541.U4",
"ref": "P334541.ls00000",
"cdl": [
{
"node": "l",
"frag": "[ina]",
"id": "P334541.l00835",
"ref": "P334541.17.1",
"inst": "ina[in+=on]PRP$",
"sig": "@saao/saa16%akk-x-neoass:ina=ina[in//in]PRP'PRP$ina",
"f": {"lang": "akk-x-neoass",
"form": "ina",
"cf": "ina",
"gw": "in",
"sense": "in",
"norm": "ina",
"pos": "PRP",
"epos": "PRP"}
}
,
{
"node": "l",
"frag": "UGU",
"id": "P334541.l00836",
"ref": "P334541.17.2",
"inst": "muhhu[skull]N$muhhi",
"sig": "@saao/saa16%akk-x-neoass:UGU=muhhu[skull//skull]N'N$muhhi",
"f": {"lang": "akk-x-neoass",
"form": "UGU",
"cf": "muhhu",
"gw": "skull",
"sense": "skull",
"norm": "muhhi",
"pos": "N",
"epos": "N"}
}
]}
,
{
"node": "l",
"frag": "le-pu-šu₂",
"id": "P334541.l00837",
"ref": "P334541.17.3",
"inst": "lēpušu[do]V",
"sig": "@saao/saa16%akk-x-neoass:le-pu-šu₂=epēšu[do//do]V'V$lēpušu",
"f": {"lang": "akk-x-neoass",
"form": "le-pu-šu₂",
"cf": "epēšu",
"gw": "do",
"sense": "do",
"norm": "lēpušu",
"pos": "V",
"epos": "V"}
}
,
{
"node": "d",
"type": "nonx",
"ref": "P334541.18",
"strict": "0",
"extent": "rest",
"state": "other"}
]}
]}
]}
,
{
"linkbase": [{
"type": "linkset",
"xlink_title": "ina muhhi[on//about]PRP'PRP",
"id": "P334541.ls00000",
"xlink_type": "extended",
"xlink_role": "psu",
"sig": "{ina[in]PRP muhhu[skull]N += ina muhhi[on//about]PRP'PRP}::@saao%akk-x-neoass:ina=ina[in//into]PRP'PRP$ina++@saao%akk-x-neoass:UGU=muhhu[skull//skull]N'N$muhhi",
"links": [
{
"type": "link",
"xlink_title": "ina",
"xlink_type": "locator",
"xlink_href": "#P334541.l00835",
"xlink_role": "elt"}
,
{
"type": "link",
"xlink_title": "muhhu",
"xlink_type": "locator",
"xlink_href": "#P334541.l00836",
"xlink_role": "elt"}
]}
]}
]}
