{
"type": "cdl",
  "source": "http://oracc.org/saao/saa16",
  "license": "This data is released under the CC0 license",
  "license-url": "https://creativecommons.org/publicdomain/zero/1.0/",
  "more-info": "http://oracc.org/doc/opendata/",
  "UTC-timestamp": "2017-05-19T11:56:21",
"project": "saao/saa16",
"textid": "P336786",
"cdl": [
{
"node": "c",
"type": "text",
"id": "P336786.U0",
"cdl": [
{
"node": "d",
"type": "object",
"ref": ""}
,
{
"node": "d",
"subtype": "obverse",
"type": "surface",
"ref": "P336786.o.1",
"type": "obverse",
"label": "o"}
,
{
"node": "d",
"type": "nonx",
"ref": "P336786.2",
"strict": "0",
"extent": "beginning",
"state": "missing"}
,
{
"node": "c",
"type": "discourse",
"subtype": "body",
"id": "P336786.U1",
"cdl": [
{
"node": "c",
"type": "sentence",
"id": "P336786.U2",
"label": "o 1' - o 4'",
"cdl": [
{
"node": "d",
"type": "line-start",
"ref": "P336786.3",
"n": "1'",
"label": "o 1'"}
,
{
"node": "l",
"frag": "[x",
"id": "P336786.l05c5d",
"ref": "P336786.3.1",
"inst": "u",
"f": {"lang": "akk-x-neoass",
"form": "x",
"pos": "u"}
}
,
{
"node": "l",
"frag": "x",
"id": "P336786.l05c5e",
"ref": "P336786.3.2",
"inst": "u",
"f": {"lang": "akk-x-neoass",
"form": "x",
"pos": "u"}
}
,
{
"node": "l",
"frag": "ša₂]-ni-⸢u₂-te⸣",
"id": "P336786.l05c5f",
"ref": "P336786.3.3",
"inst": "šanû[(an)other]AJ$šaniūte",
"sig": "@saao/saa16%akk-x-neoass:ša₂-ni-u₂-te=šanû[(an)other//(an)other]AJ'AJ$šaniūte",
"f": {"lang": "akk-x-neoass",
"form": "ša₂-ni-u₂-te",
"cf": "šanû",
"gw": "(an)other",
"sense": "(an)other",
"norm": "šaniūte",
"pos": "AJ",
"epos": "AJ"}
}
,
{
"node": "l",
"frag": "[x",
"id": "P336786.l05c60",
"ref": "P336786.3.4",
"inst": "u",
"f": {"lang": "akk-x-neoass",
"form": "x",
"pos": "u"}
}
,
{
"node": "l",
"frag": "x",
"id": "P336786.l05c61",
"ref": "P336786.3.5",
"inst": "u",
"f": {"lang": "akk-x-neoass",
"form": "x",
"pos": "u"}
}
,
{
"node": "l",
"frag": "x]",
"id": "P336786.l05c62",
"ref": "P336786.3.6",
"inst": "u",
"f": {"lang": "akk-x-neoass",
"form": "x",
"pos": "u"}
}
,
{
"node": "d",
"type": "line-start",
"ref": "P336786.4",
"n": "2'",
"label": "o 2'"}
,
{
"node": "l",
"frag": "[x",
"id": "P336786.l05c63",
"ref": "P336786.4.1",
"inst": "u",
"f": {"lang": "akk-x-neoass",
"form": "x",
"pos": "u"}
}
,
{
"node": "l",
"frag": "x]",
"id": "P336786.l05c64",
"ref": "P336786.4.2",
"inst": "u",
"f": {"lang": "akk-x-neoass",
"form": "x",
"pos": "u"}
}
,
{
"node": "l",
"frag": "⸢la⸣",
"id": "P336786.l05c65",
"ref": "P336786.4.3",
"inst": "lā[not]MOD",
"sig": "@saao/saa16%akk-x-neoass:la=lā[not//not]MOD'MOD$lā",
"f": {"lang": "akk-x-neoass",
"form": "la",
"cf": "lā",
"gw": "not",
"sense": "not",
"norm": "lā",
"pos": "MOD",
"epos": "MOD"}
}
,
{
"node": "l",
"frag": "nu-da\\d",
"id": "P336786.l05c66",
"ref": "P336786.4.4",
"inst": "wadû[know]V$nūda",
"sig": "@saao/saa16%akk-x-neoass:nu-da=wadû[know//know]V'V$nūda",
"f": {"lang": "akk-x-neoass",
"form": "nu-da",
"cf": "wadû",
"gw": "know",
"sense": "know",
"norm": "nūda",
"pos": "V",
"epos": "V"}
}
,
{
"node": "l",
"frag": "⸢u₂⸣-[ma-a]",
"id": "P336786.l05c67",
"ref": "P336786.4.5",
"inst": "ūmâ[now]AV",
"sig": "@saao/saa16%akk-x-neoass:u₂-ma-a=ūma[today//now]AV'AV$ūmâ",
"f": {"lang": "akk-x-neoass",
"form": "u₂-ma-a",
"cf": "ūma",
"gw": "today",
"sense": "now",
"norm": "ūmâ",
"pos": "AV",
"epos": "AV"}
}
,
{
"node": "d",
"type": "line-start",
"ref": "P336786.5",
"n": "3'",
"label": "o 3'"}
,
{
"node": "l",
"frag": "[an-nu]-⸢rig⸣",
"id": "P336786.l05c68",
"ref": "P336786.5.1",
"inst": "annurig[now]AV",
"sig": "@saao/saa16%akk-x-neoass:an-nu-rig=annûri[now//now]AV'AV$annurig",
"f": {"lang": "akk-x-neoass",
"form": "an-nu-rig",
"cf": "annûri",
"gw": "now",
"sense": "now",
"norm": "annurig",
"pos": "AV",
"epos": "AV"}
}
,
{
"node": "l",
"frag": "LUGAL",
"id": "P336786.l05c69",
"ref": "P336786.5.2",
"inst": "šarru[king]N",
"sig": "@saao/saa16%akk-x-neoass:LUGAL=šarru[king//king]N'N$šarru",
"f": {"lang": "akk-x-neoass",
"form": "LUGAL",
"cf": "šarru",
"gw": "king",
"sense": "king",
"norm": "šarru",
"pos": "N",
"epos": "N"}
}
,
{
"node": "l",
"frag": "⸢x⸣+[x",
"id": "P336786.l05c6a",
"ref": "P336786.5.3",
"inst": "u",
"f": {"lang": "akk-x-neoass",
"form": "x+x",
"pos": "u"}
}
,
{
"node": "l",
"frag": "x",
"id": "P336786.l05c6b",
"ref": "P336786.5.4",
"inst": "u",
"f": {"lang": "akk-x-neoass",
"form": "x",
"pos": "u"}
}
,
{
"node": "l",
"frag": "x]",
"id": "P336786.l05c6c",
"ref": "P336786.5.5",
"inst": "u",
"f": {"lang": "akk-x-neoass",
"form": "x",
"pos": "u"}
}
,
{
"node": "d",
"type": "line-start",
"ref": "P336786.6",
"n": "4'",
"label": "o 4'"}
,
{
"node": "l",
"frag": "[x",
"id": "P336786.l05c6d",
"ref": "P336786.6.1",
"inst": "u",
"f": {"lang": "akk-x-neoass",
"form": "x",
"pos": "u"}
}
,
{
"node": "l",
"frag": "x]",
"id": "P336786.l05c6e",
"ref": "P336786.6.2",
"inst": "u",
"f": {"lang": "akk-x-neoass",
"form": "x",
"pos": "u"}
}
,
{
"node": "l",
"frag": "⸢ṣa⸣-lam",
"id": "P336786.l05c6f",
"ref": "P336786.6.3",
"inst": "ṣalmu[effigy]N$ṣalam",
"sig": "@saao/saa16%akk-x-neoass:ṣa-lam=ṣalmu[effigy//effigy]N'N$ṣalam",
"f": {"lang": "akk-x-neoass",
"form": "ṣa-lam",
"cf": "ṣalmu",
"gw": "effigy",
"sense": "effigy",
"norm": "ṣalam",
"pos": "N",
"epos": "N"}
}
,
{
"node": "l",
"frag": "⸢x⸣+[x",
"id": "P336786.l05c70",
"ref": "P336786.6.4",
"inst": "u",
"f": {"lang": "akk-x-neoass",
"form": "x+x",
"pos": "u"}
}
,
{
"node": "l",
"frag": "x",
"id": "P336786.l05c71",
"ref": "P336786.6.5",
"inst": "u",
"f": {"lang": "akk-x-neoass",
"form": "x",
"pos": "u"}
}
,
{
"node": "l",
"frag": "x",
"id": "P336786.l05c72",
"ref": "P336786.6.6",
"inst": "u",
"f": {"lang": "akk-x-neoass",
"form": "x",
"pos": "u"}
}
,
{
"node": "l",
"frag": "x]",
"id": "P336786.l05c73",
"ref": "P336786.6.7",
"inst": "u",
"f": {"lang": "akk-x-neoass",
"form": "x",
"pos": "u"}
}
,
{
"node": "d",
"type": "nonx",
"ref": "P336786.7",
"strict": "0",
"extent": "rest",
"state": "missing"}
,
{
"node": "d",
"subtype": "reverse",
"type": "surface",
"ref": "P336786.r.8",
"type": "reverse",
"label": "r"}
,
{
"node": "d",
"type": "nonx",
"ref": "P336786.9",
"strict": "0",
"state": "missing"}
]}
]}
]}
]}
