{
"type": "cdl",
  "source": "http://oracc.org/saao/saa16",
  "license": "This data is released under the CC0 license",
  "license-url": "https://creativecommons.org/publicdomain/zero/1.0/",
  "more-info": "http://oracc.org/doc/opendata/",
  "UTC-timestamp": "2017-05-19T11:56:20",
"project": "saao/saa16",
"textid": "P336783",
"cdl": [
{
"node": "c",
"type": "text",
"id": "P336783.U0",
"cdl": [
{
"node": "d",
"type": "object",
"ref": ""}
,
{
"node": "d",
"subtype": "obverse",
"type": "surface",
"ref": "P336783.o.1",
"type": "obverse",
"label": "o"}
,
{
"node": "c",
"type": "discourse",
"subtype": "body",
"id": "P336783.U1",
"cdl": [
{
"node": "c",
"type": "sentence",
"id": "P336783.U2",
"label": "o 1 - r 5'",
"cdl": [
{
"node": "d",
"type": "line-start",
"ref": "P336783.2",
"n": "1",
"label": "o 1"}
,
{
"node": "l",
"frag": "⸢a⸣-na",
"id": "P336783.l04e84",
"ref": "P336783.2.1",
"inst": "ana[to]PRP",
"sig": "@saao/saa16%akk-x-neoass:a-na=ana[to//to]PRP'PRP$ana",
"f": {"lang": "akk-x-neoass",
"form": "a-na",
"cf": "ana",
"gw": "to",
"sense": "to",
"norm": "ana",
"pos": "PRP",
"epos": "PRP"}
}
,
{
"node": "l",
"frag": "⸢LUGAL⸣",
"id": "P336783.l04e85",
"ref": "P336783.2.2",
"inst": "šarri[king]N",
"sig": "@saao/saa16%akk-x-neoass:LUGAL=šarru[king//king]N'N$šarri",
"f": {"lang": "akk-x-neoass",
"form": "LUGAL",
"cf": "šarru",
"gw": "king",
"sense": "king",
"norm": "šarri",
"pos": "N",
"epos": "N"}
}
,
{
"node": "l",
"frag": "[be-li₂-ia]",
"id": "P336783.l04e86",
"ref": "P336783.2.3",
"inst": "bēlīya[lord]N",
"sig": "@saao/saa16%akk-x-neoass:be-li₂-ia=bēlu[lord//lord]N'N$bēlīya",
"f": {"lang": "akk-x-neoass",
"form": "be-li₂-ia",
"cf": "bēlu",
"gw": "lord",
"sense": "lord",
"norm": "bēlīya",
"pos": "N",
"epos": "N"}
}
,
{
"node": "d",
"type": "line-start",
"ref": "P336783.3",
"n": "2",
"label": "o 2"}
,
{
"node": "l",
"frag": "ARAD-ka",
"id": "P336783.l04e87",
"ref": "P336783.3.1",
"inst": "urdaka[servant]N",
"sig": "@saao/saa16%akk-x-neoass:ARAD-ka=ardu[slave//servant]N'N$urdaka",
"f": {"lang": "akk-x-neoass",
"form": "ARAD-ka",
"cf": "ardu",
"gw": "slave",
"sense": "servant",
"norm": "urdaka",
"pos": "N",
"epos": "N"}
}
,
{
"node": "l",
"frag": "{1}x",
"id": "P336783.l04e88",
"ref": "P336783.3.2",
"inst": "u",
"f": {"lang": "akk-x-neoass",
"form": "{1}x",
"pos": "u"}
}
,
{
"node": "l",
"frag": "x",
"id": "P336783.l04e89",
"ref": "P336783.3.3",
"inst": "u",
"f": {"lang": "akk-x-neoass",
"form": "x",
"pos": "u"}
}
,
{
"node": "l",
"frag": "x",
"id": "P336783.l04e8a",
"ref": "P336783.3.4",
"inst": "u",
"f": {"lang": "akk-x-neoass",
"form": "x",
"pos": "u"}
}
,
{
"node": "l",
"frag": "x]",
"id": "P336783.l04e8b",
"ref": "P336783.3.5",
"inst": "u",
"f": {"lang": "akk-x-neoass",
"form": "x",
"pos": "u"}
}
,
{
"node": "d",
"type": "line-start",
"ref": "P336783.4",
"n": "3",
"label": "o 3"}
,
{
"node": "l",
"frag": "lu",
"id": "P336783.l04e8c",
"ref": "P336783.4.1",
"inst": "lū[may]MOD",
"sig": "@saao/saa16%akk-x-neoass:lu=lū[may//may]MOD'MOD$lū",
"f": {"lang": "akk-x-neoass",
"form": "lu",
"cf": "lū",
"gw": "may",
"sense": "may",
"norm": "lū",
"pos": "MOD",
"epos": "MOD"}
}
,
{
"node": "l",
"frag": "DI-mu",
"id": "P336783.l04e8d",
"ref": "P336783.4.2",
"inst": "šulmu[health]N",
"sig": "@saao/saa16%akk-x-neoass:DI-mu=šulmu[completeness//health]N'N$šulmu",
"f": {"lang": "akk-x-neoass",
"form": "DI-mu",
"cf": "šulmu",
"gw": "completeness",
"sense": "health",
"norm": "šulmu",
"pos": "N",
"epos": "N"}
}
,
{
"node": "l",
"frag": "⸢a⸣-[na",
"id": "P336783.l04e8e",
"ref": "P336783.4.3",
"inst": "ana[to]PRP",
"sig": "@saao/saa16%akk-x-neoass:a-na=ana[to//to]PRP'PRP$ana",
"f": {"lang": "akk-x-neoass",
"form": "a-na",
"cf": "ana",
"gw": "to",
"sense": "to",
"norm": "ana",
"pos": "PRP",
"epos": "PRP"}
}
,
{
"node": "l",
"frag": "LUGAL",
"id": "P336783.l04e8f",
"ref": "P336783.4.4",
"inst": "šarri[king]N",
"sig": "@saao/saa16%akk-x-neoass:LUGAL=šarru[king//king]N'N$šarri",
"f": {"lang": "akk-x-neoass",
"form": "LUGAL",
"cf": "šarru",
"gw": "king",
"sense": "king",
"norm": "šarri",
"pos": "N",
"epos": "N"}
}
,
{
"node": "l",
"frag": "EN-ia]",
"id": "P336783.l04e90",
"ref": "P336783.4.5",
"inst": "bēlīya[lord]N",
"sig": "@saao/saa16%akk-x-neoass:EN-ia=bēlu[lord//lord]N'N$bēlīya",
"f": {"lang": "akk-x-neoass",
"form": "EN-ia",
"cf": "bēlu",
"gw": "lord",
"sense": "lord",
"norm": "bēlīya",
"pos": "N",
"epos": "N"}
}
,
{
"node": "d",
"type": "line-start",
"ref": "P336783.5",
"n": "4",
"label": "o 4"}
,
{
"node": "l",
"frag": "{d}PA",
"id": "P336783.l04e91",
"ref": "P336783.5.1",
"inst": "Nabu[1]DN",
"sig": "@saao/saa16%akk-x-neoass:{d}PA=Nabu[1//1]DN'DN$Nabu",
"f": {"lang": "akk-x-neoass",
"form": "{d}PA",
"cf": "Nabu",
"gw": "1",
"sense": "1",
"norm": "Nabu",
"pos": "DN",
"epos": "DN"}
}
,
{
"node": "l",
"frag": "{d}AMAR.[UTU",
"id": "P336783.l04e92",
"ref": "P336783.5.2",
"inst": "Marduk[1]DN",
"sig": "@saao/saa16%akk-x-neoass:{d}AMAR.UTU=Marduk[1//1]DN'DN$Marduk",
"f": {"lang": "akk-x-neoass",
"form": "{d}AMAR.UTU",
"cf": "Marduk",
"gw": "1",
"sense": "1",
"norm": "Marduk",
"pos": "DN",
"epos": "DN"}
}
,
{
"node": "l",
"frag": "a-na",
"id": "P336783.l04e93",
"ref": "P336783.5.3",
"inst": "ana[to]PRP",
"sig": "@saao/saa16%akk-x-neoass:a-na=ana[to//to]PRP'PRP$ana",
"f": {"lang": "akk-x-neoass",
"form": "a-na",
"cf": "ana",
"gw": "to",
"sense": "to",
"norm": "ana",
"pos": "PRP",
"epos": "PRP"}
}
,
{
"node": "l",
"frag": "LUGAL",
"id": "P336783.l04e94",
"ref": "P336783.5.4",
"inst": "šarri[king]N",
"sig": "@saao/saa16%akk-x-neoass:LUGAL=šarru[king//king]N'N$šarri",
"f": {"lang": "akk-x-neoass",
"form": "LUGAL",
"cf": "šarru",
"gw": "king",
"sense": "king",
"norm": "šarri",
"pos": "N",
"epos": "N"}
}
,
{
"node": "l",
"frag": "EN-ia]",
"id": "P336783.l04e95",
"ref": "P336783.5.5",
"inst": "bēlīya[lord]N",
"sig": "@saao/saa16%akk-x-neoass:EN-ia=bēlu[lord//lord]N'N$bēlīya",
"f": {"lang": "akk-x-neoass",
"form": "EN-ia",
"cf": "bēlu",
"gw": "lord",
"sense": "lord",
"norm": "bēlīya",
"pos": "N",
"epos": "N"}
}
,
{
"node": "d",
"type": "line-start",
"ref": "P336783.6",
"n": "5",
"label": "o 5"}
,
{
"node": "l",
"frag": "lik-[ru-bu]",
"id": "P336783.l04e96",
"ref": "P336783.6.1",
"inst": "likrubu[bless]V",
"sig": "@saao/saa16%akk-x-neoass:lik-ru-bu=karābu[pray//bless]V'V$likrubu",
"f": {"lang": "akk-x-neoass",
"form": "lik-ru-bu",
"cf": "karābu",
"gw": "pray",
"sense": "bless",
"norm": "likrubu",
"pos": "V",
"epos": "V"}
}
,
{
"node": "d",
"type": "line-start",
"ref": "P336783.7",
"n": "6",
"label": "o 6"}
,
{
"node": "l",
"frag": "⸢x⸣+[x",
"id": "P336783.l04e97",
"ref": "P336783.7.1",
"inst": "u",
"f": {"lang": "akk-x-neoass",
"form": "x+x",
"pos": "u"}
}
,
{
"node": "l",
"frag": "x",
"id": "P336783.l04e98",
"ref": "P336783.7.2",
"inst": "u",
"f": {"lang": "akk-x-neoass",
"form": "x",
"pos": "u"}
}
,
{
"node": "l",
"frag": "x",
"id": "P336783.l04e99",
"ref": "P336783.7.3",
"inst": "u",
"f": {"lang": "akk-x-neoass",
"form": "x",
"pos": "u"}
}
,
{
"node": "l",
"frag": "x",
"id": "P336783.l04e9a",
"ref": "P336783.7.4",
"inst": "u",
"f": {"lang": "akk-x-neoass",
"form": "x",
"pos": "u"}
}
,
{
"node": "l",
"frag": "x",
"id": "P336783.l04e9b",
"ref": "P336783.7.5",
"inst": "u",
"f": {"lang": "akk-x-neoass",
"form": "x",
"pos": "u"}
}
,
{
"node": "l",
"frag": "x",
"id": "P336783.l04e9c",
"ref": "P336783.7.6",
"inst": "u",
"f": {"lang": "akk-x-neoass",
"form": "x",
"pos": "u"}
}
,
{
"node": "l",
"frag": "x]",
"id": "P336783.l04e9d",
"ref": "P336783.7.7",
"inst": "u",
"f": {"lang": "akk-x-neoass",
"form": "x",
"pos": "u"}
}
,
{
"node": "d",
"type": "nonx",
"ref": "P336783.8",
"strict": "0",
"extent": "rest",
"state": "missing"}
,
{
"node": "d",
"subtype": "reverse",
"type": "surface",
"ref": "P336783.r.9",
"type": "reverse",
"label": "r"}
,
{
"node": "d",
"type": "nonx",
"ref": "P336783.10",
"strict": "0",
"extent": "beginning",
"state": "missing"}
,
{
"node": "d",
"type": "line-start",
"ref": "P336783.11",
"n": "1'",
"label": "r 1'"}
,
{
"node": "l",
"frag": "⸢nu⸣-[x",
"id": "P336783.l04e9e",
"ref": "P336783.11.1",
"inst": "u",
"f": {"lang": "akk-x-neoass",
"form": "nu-x",
"pos": "u"}
}
,
{
"node": "l",
"frag": "x",
"id": "P336783.l04e9f",
"ref": "P336783.11.2",
"inst": "u",
"f": {"lang": "akk-x-neoass",
"form": "x",
"pos": "u"}
}
,
{
"node": "l",
"frag": "x",
"id": "P336783.l04ea0",
"ref": "P336783.11.3",
"inst": "u",
"f": {"lang": "akk-x-neoass",
"form": "x",
"pos": "u"}
}
,
{
"node": "l",
"frag": "x",
"id": "P336783.l04ea1",
"ref": "P336783.11.4",
"inst": "u",
"f": {"lang": "akk-x-neoass",
"form": "x",
"pos": "u"}
}
,
{
"node": "l",
"frag": "x",
"id": "P336783.l04ea2",
"ref": "P336783.11.5",
"inst": "u",
"f": {"lang": "akk-x-neoass",
"form": "x",
"pos": "u"}
}
,
{
"node": "l",
"frag": "x",
"id": "P336783.l04ea3",
"ref": "P336783.11.6",
"inst": "u",
"f": {"lang": "akk-x-neoass",
"form": "x",
"pos": "u"}
}
,
{
"node": "l",
"frag": "x",
"id": "P336783.l04ea4",
"ref": "P336783.11.7",
"inst": "u",
"f": {"lang": "akk-x-neoass",
"form": "x",
"pos": "u"}
}
,
{
"node": "l",
"frag": "x]",
"id": "P336783.l04ea5",
"ref": "P336783.11.8",
"inst": "u",
"f": {"lang": "akk-x-neoass",
"form": "x",
"pos": "u"}
}
,
{
"node": "d",
"type": "line-start",
"ref": "P336783.12",
"n": "2'",
"label": "r 2'"}
,
{
"node": "l",
"frag": "lib-⸢bu",
"id": "P336783.l04ea6",
"ref": "P336783.12.1",
"inst": "libbu[mood]N",
"sig": "@saao/saa16%akk-x-neoass:lib-bu=libbu[interior//mood]N'N$libbu",
"f": {"lang": "akk-x-neoass",
"form": "lib-bu",
"cf": "libbu",
"gw": "interior",
"sense": "mood",
"norm": "libbu",
"pos": "N",
"epos": "N"}
}
,
{
"node": "l",
"frag": "ša⸣",
"id": "P336783.l04ea7",
"ref": "P336783.12.2",
"inst": "ša[of]DET",
"sig": "@saao/saa16%akk-x-neoass:ša=ša[of//of]DET'DET$ša",
"f": {"lang": "akk-x-neoass",
"form": "ša",
"cf": "ša",
"gw": "of",
"sense": "of",
"norm": "ša",
"pos": "DET",
"epos": "DET"}
}
,
{
"node": "l",
"frag": "[LUGAL",
"id": "P336783.l04ea8",
"ref": "P336783.12.3",
"inst": "šarri[king]N",
"sig": "@saao/saa16%akk-x-neoass:LUGAL=šarru[king//king]N'N$šarri",
"f": {"lang": "akk-x-neoass",
"form": "LUGAL",
"cf": "šarru",
"gw": "king",
"sense": "king",
"norm": "šarri",
"pos": "N",
"epos": "N"}
}
,
{
"node": "l",
"frag": "EN-ia",
"id": "P336783.l04ea9",
"ref": "P336783.12.4",
"inst": "bēlīya[lord]N",
"sig": "@saao/saa16%akk-x-neoass:EN-ia=bēlu[lord//lord]N'N$bēlīya",
"f": {"lang": "akk-x-neoass",
"form": "EN-ia",
"cf": "bēlu",
"gw": "lord",
"sense": "lord",
"norm": "bēlīya",
"pos": "N",
"epos": "N"}
}
,
{
"node": "l",
"frag": "lu",
"id": "P336783.l04eaa",
"ref": "P336783.12.5",
"inst": "lū[may]MOD",
"sig": "@saao/saa16%akk-x-neoass:lu=lū[may//may]MOD'MOD$lū",
"f": {"lang": "akk-x-neoass",
"form": "lu",
"cf": "lū",
"gw": "may",
"sense": "may",
"norm": "lū",
"pos": "MOD",
"epos": "MOD"}
}
,
{
"node": "l",
"frag": "x",
"id": "P336783.l04eab",
"ref": "P336783.12.6",
"inst": "u",
"f": {"lang": "akk-x-neoass",
"form": "x",
"pos": "u"}
}
,
{
"node": "l",
"frag": "x]",
"id": "P336783.l04eac",
"ref": "P336783.12.7",
"inst": "u",
"f": {"lang": "akk-x-neoass",
"form": "x",
"pos": "u"}
}
,
{
"node": "d",
"type": "line-start",
"ref": "P336783.13",
"n": "3'",
"label": "r 3'"}
,
{
"node": "l",
"frag": "mi₃-i-nu",
"id": "P336783.l04ead",
"ref": "P336783.13.1",
"inst": "mīnu[what?//whatever]QP'XP$",
"sig": "@saao/saa16%akk-x-neoass:mi₃-i-nu=mīnu[what?//whatever]QP'XP$mīnu",
"f": {"lang": "akk-x-neoass",
"form": "mi₃-i-nu",
"cf": "mīnu",
"gw": "what?",
"sense": "whatever",
"norm": "mīnu",
"pos": "QP",
"epos": "XP"}
}
,
{
"node": "l",
"frag": "⸢ša⸣",
"id": "P336783.l04eae",
"ref": "P336783.13.2",
"inst": "ša[that]REL",
"sig": "@saao/saa16%akk-x-neoass:ša=ša[that//that]REL'REL$ša",
"f": {"lang": "akk-x-neoass",
"form": "ša",
"cf": "ša",
"gw": "that",
"sense": "that",
"norm": "ša",
"pos": "REL",
"epos": "REL"}
}
,
{
"node": "l",
"frag": "[x",
"id": "P336783.l04eaf",
"ref": "P336783.13.3",
"inst": "u",
"f": {"lang": "akk-x-neoass",
"form": "x",
"pos": "u"}
}
,
{
"node": "l",
"frag": "x",
"id": "P336783.l04eb0",
"ref": "P336783.13.4",
"inst": "u",
"f": {"lang": "akk-x-neoass",
"form": "x",
"pos": "u"}
}
,
{
"node": "l",
"frag": "x",
"id": "P336783.l04eb1",
"ref": "P336783.13.5",
"inst": "u",
"f": {"lang": "akk-x-neoass",
"form": "x",
"pos": "u"}
}
,
{
"node": "l",
"frag": "x",
"id": "P336783.l04eb2",
"ref": "P336783.13.6",
"inst": "u",
"f": {"lang": "akk-x-neoass",
"form": "x",
"pos": "u"}
}
,
{
"node": "l",
"frag": "x]",
"id": "P336783.l04eb3",
"ref": "P336783.13.7",
"inst": "u",
"f": {"lang": "akk-x-neoass",
"form": "x",
"pos": "u"}
}
,
{
"node": "d",
"type": "line-start",
"ref": "P336783.14",
"n": "4'",
"label": "r 4'"}
,
{
"node": "l",
"frag": "la",
"id": "P336783.l04eb4",
"ref": "P336783.14.1",
"inst": "lā[not]MOD",
"sig": "@saao/saa16%akk-x-neoass:la=lā[not//not]MOD'MOD$lā",
"f": {"lang": "akk-x-neoass",
"form": "la",
"cf": "lā",
"gw": "not",
"sense": "not",
"norm": "lā",
"pos": "MOD",
"epos": "MOD"}
}
,
{
"node": "l",
"frag": "pa-ṭu-ru-u-⸢ni⸣",
"id": "P336783.l04eb5",
"ref": "P336783.14.2",
"inst": "puṭṭuru[released]AJ$paṭṭurūni",
"sig": "@saao/saa16%akk-x-neoass:pa-ṭu-ru-u-ni=puṭṭuru[released//dissolved]AJ'AJ$paṭṭurūni",
"f": {"lang": "akk-x-neoass",
"form": "pa-ṭu-ru-u-ni",
"cf": "puṭṭuru",
"gw": "released",
"sense": "dissolved",
"norm": "paṭṭurūni",
"pos": "AJ",
"epos": "AJ"}
}
,
{
"node": "l",
"frag": "[x",
"id": "P336783.l04eb6",
"ref": "P336783.14.3",
"inst": "u",
"f": {"lang": "akk-x-neoass",
"form": "x",
"pos": "u"}
}
,
{
"node": "l",
"frag": "x",
"id": "P336783.l04eb7",
"ref": "P336783.14.4",
"inst": "u",
"f": {"lang": "akk-x-neoass",
"form": "x",
"pos": "u"}
}
,
{
"node": "l",
"frag": "x",
"id": "P336783.l04eb8",
"ref": "P336783.14.5",
"inst": "u",
"f": {"lang": "akk-x-neoass",
"form": "x",
"pos": "u"}
}
,
{
"node": "l",
"frag": "x]",
"id": "P336783.l04eb9",
"ref": "P336783.14.6",
"inst": "u",
"f": {"lang": "akk-x-neoass",
"form": "x",
"pos": "u"}
}
,
{
"node": "d",
"type": "line-start",
"ref": "P336783.15",
"n": "5'",
"label": "r 5'"}
,
{
"node": "l",
"frag": "lu-še-⸢bil⸣-[u-ni]",
"id": "P336783.l04eba",
"ref": "P336783.15.1",
"inst": "wabālu[bring//send]V$lušēbilūni",
"sig": "@saao/saa16%akk-x-neoass:lu-še-bil-u-ni=wabālu[bring//send]V'V$lušēbilūni",
"f": {"lang": "akk-x-neoass",
"form": "lu-še-bil-u-ni",
"cf": "wabālu",
"gw": "bring",
"sense": "send",
"norm": "lušēbilūni",
"pos": "V",
"epos": "V"}
}
]}
]}
]}
]}
